<?xml version="1.0" encoding="UTF-8"?><SyncDMPACKAGEDEF xmlns="http://www.ibm.com/maximo" xmlns:xsi="http://www.w3.org/2001/XMLSchema-instance" creationDateTime="2014-09-03T10:38:54+01:00" transLanguage="EN" baseLanguage="EN" messageID="1409737134725624919" maximoVersion="7 5 20130829-1209 V7510--1"><DMPACKAGEDEFSet><DMPACKAGEDEF><ACTIVE>0</ACTIVE><BATCHSIZE>100</BATCHSIZE><CHANGEBY>TIMMINSA</CHANGEBY><CHANGEDATE>2014-08-19T11:10:12+01:00</CHANGEDATE><CONTENTID>f2fd7dc5-3a66-4fc9-8863-ff700864c8f9</CONTENTID><DESCRIPTION>BBC Domains</DESCRIPTION><DESCRIPTION_LONGDESCRIPTION></DESCRIPTION_LONGDESCRIPTION><DMPACKAGEDEFID>508</DMPACKAGEDEFID><DMROLE></DMROLE><HASLD>0</HASLD><LANGCODE>EN</LANGCODE><PKGDEFNAME>BBC_DOMAINS</PKGDEFNAME><SOURCE>BBC-SQL-D01_BBCMAXDEV_dbo</SOURCE><STATUS maxvalue="APPR">APPR</STATUS><STATUSDATE>2014-08-19T11:19:07+01:00</STATUSDATE><TYPE maxvalue="SNAPSHOT">SNAPSHOT</TYPE><XMLACTION maxvalue="ADDCHANGE">AddChange</XMLACTION><DMPKGDEFSTATUS><CHANGEBY>TIMMINSA</CHANGEBY><CONTENTID>856b72c6-fc54-4c98-b968-5952b43d5544</CONTENTID><DMPKGDEFSTATUSID>510</DMPKGDEFSTATUSID><MEMO></MEMO><STATUS maxvalue="WAPPR">WAPPR</STATUS><STATUSDATE>2014-08-19T11:10:00+01:00</STATUSDATE></DMPKGDEFSTATUS><DMPKGDEFSTATUS><CHANGEBY>TIMMINSA</CHANGEBY><CONTENTID>d299824c-89e1-49cb-9bbc-8990466a96df</CONTENTID><DMPKGDEFSTATUSID>511</DMPKGDEFSTATUSID><MEMO></MEMO><STATUS maxvalue="APPR">APPR</STATUS><STATUSDATE>2014-08-19T11:19:00+01:00</STATUSDATE></DMPKGDEFSTATUS><DMPKGCFGGRPDEF><CFGOBJGROUP>BBC_DOMAINS</CFGOBJGROUP><CONTENTID>961b192f-51b3-4b2c-9663-d4767d966cba</CONTENTID><DMPKGCFGGRPDEFID>607</DMPKGCFGGRPDEFID><DMPKGCFGOBJDEF><CFGOBJECT>DMMAXDOMAIN</CFGOBJECT><CONTENTID>5eb663f4-71a6-4246-8714-01d1beb5dd38</CONTENTID><DMPKGCFGOBJDEFID>504</DMPKGCFGOBJDEFID><WHERECLAUSE>domainid in ('IRV_NSCREG','IRV_IO25','IRV_BBCREG','IRV_IRVREG')</WHERECLAUSE></DMPKGCFGOBJDEF></DMPKGCFGGRPDEF><DMPKGDIST><CHANGEBY>TIMMINSA</CHANGEBY><CHANGEDATE>2014-08-19T11:21:18+01:00</CHANGEDATE><CONTENTID>e18a9362-eeea-4d87-ace6-92de27912727</CONTENTID><DMPKGDISTID>504</DMPKGDISTID><TARGETNAME>IRVMMFOLDER</TARGETNAME></DMPKGDIST></DMPACKAGEDEF></DMPACKAGEDEFSet></SyncDMPACKAGEDEF>