<?xml version="1.0" encoding="UTF-8"?><SyncDMMAXDOMAIN xmlns="http://www.ibm.com/maximo" xmlns:xsi="http://www.w3.org/2001/XMLSchema-instance" creationDateTime="2014-09-03T10:38:54+01:00" transLanguage="EN" baseLanguage="EN" messageID="1409737134131388190" maximoVersion="7 5 20130829-1209 V7510--1"><DMMAXDOMAINSet><MAXDOMAIN action="AddChange"><DESCRIPTION>BBC Region</DESCRIPTION><DOMAINID>IRV_BBCREG</DOMAINID><DOMAINTYPE maxvalue="ALN">ALN</DOMAINTYPE><INTERNAL>0</INTERNAL><LENGTH>50</LENGTH><MAXDOMAINID>12172</MAXDOMAINID><MAXTYPE>ALN</MAXTYPE><NEVERCACHE>0</NEVERCACHE><SCALE>0</SCALE><ALNDOMAIN><ALNDOMAINID>7776</ALNDOMAINID><DESCRIPTION>London</DESCRIPTION><ORGID></ORGID><PLUSPCUSTOMER></PLUSPCUSTOMER><SITEID></SITEID><VALUE>London</VALUE><VALUEID>IRV_BBCREG|London</VALUEID></ALNDOMAIN><ALNDOMAIN><ALNDOMAINID>7777</ALNDOMAINID><DESCRIPTION>O25</DESCRIPTION><ORGID></ORGID><PLUSPCUSTOMER></PLUSPCUSTOMER><SITEID></SITEID><VALUE>O25</VALUE><VALUEID>IRV_BBCREG|O25</VALUEID></ALNDOMAIN><ALNDOMAIN><ALNDOMAINID>7778</ALNDOMAINID><DESCRIPTION>Scotland &amp; NI</DESCRIPTION><ORGID></ORGID><PLUSPCUSTOMER></PLUSPCUSTOMER><SITEID></SITEID><VALUE>Scotland &amp; NI</VALUE><VALUEID>IRV_BBCREG|Scotland &amp; NI</VALUEID></ALNDOMAIN><ALNDOMAIN><ALNDOMAINID>7779</ALNDOMAINID><DESCRIPTION>TVC</DESCRIPTION><ORGID></ORGID><PLUSPCUSTOMER></PLUSPCUSTOMER><SITEID></SITEID><VALUE>TVC</VALUE><VALUEID>IRV_BBCREG|TVC</VALUEID></ALNDOMAIN></MAXDOMAIN><MAXDOMAIN action="AddChange"><DESCRIPTION>Inside/Outside M25</DESCRIPTION><DOMAINID>IRV_IO25</DOMAINID><DOMAINTYPE maxvalue="ALN">ALN</DOMAINTYPE><INTERNAL>0</INTERNAL><LENGTH>50</LENGTH><MAXDOMAINID>12175</MAXDOMAINID><MAXTYPE>ALN</MAXTYPE><NEVERCACHE>0</NEVERCACHE><SCALE>0</SCALE><ALNDOMAIN><ALNDOMAINID>7787</ALNDOMAINID><DESCRIPTION>Inside M25</DESCRIPTION><ORGID></ORGID><PLUSPCUSTOMER></PLUSPCUSTOMER><SITEID></SITEID><VALUE>I25</VALUE><VALUEID>IRV_IO25|I25</VALUEID></ALNDOMAIN><ALNDOMAIN><ALNDOMAINID>7788</ALNDOMAINID><DESCRIPTION>Outside M25</DESCRIPTION><ORGID></ORGID><PLUSPCUSTOMER></PLUSPCUSTOMER><SITEID></SITEID><VALUE>O25</VALUE><VALUEID>IRV_IO25|O25</VALUEID></ALNDOMAIN></MAXDOMAIN><MAXDOMAIN action="AddChange"><DESCRIPTION>Interserve Region</DESCRIPTION><DOMAINID>IRV_IRVREG</DOMAINID><DOMAINTYPE maxvalue="ALN">ALN</DOMAINTYPE><INTERNAL>0</INTERNAL><LENGTH>50</LENGTH><MAXDOMAINID>12174</MAXDOMAINID><MAXTYPE>ALN</MAXTYPE><NEVERCACHE>0</NEVERCACHE><SCALE>0</SCALE><ALNDOMAIN><ALNDOMAINID>7782</ALNDOMAINID><DESCRIPTION>London</DESCRIPTION><ORGID></ORGID><PLUSPCUSTOMER></PLUSPCUSTOMER><SITEID></SITEID><VALUE>London</VALUE><VALUEID>IRV_IRVREG|London</VALUEID></ALNDOMAIN><ALNDOMAIN><ALNDOMAINID>7783</ALNDOMAINID><DESCRIPTION>Midlands</DESCRIPTION><ORGID></ORGID><PLUSPCUSTOMER></PLUSPCUSTOMER><SITEID></SITEID><VALUE>Midlands</VALUE><VALUEID>IRV_IRVREG|Midlands</VALUEID></ALNDOMAIN><ALNDOMAIN><ALNDOMAINID>7784</ALNDOMAINID><DESCRIPTION>North</DESCRIPTION><ORGID></ORGID><PLUSPCUSTOMER></PLUSPCUSTOMER><SITEID></SITEID><VALUE>North</VALUE><VALUEID>IRV_IRVREG|North</VALUEID></ALNDOMAIN><ALNDOMAIN><ALNDOMAINID>7785</ALNDOMAINID><DESCRIPTION>Scotland &amp; NI</DESCRIPTION><ORGID></ORGID><PLUSPCUSTOMER></PLUSPCUSTOMER><SITEID></SITEID><VALUE>Scotland &amp; NI</VALUE><VALUEID>IRV_IRVREG|Scotland &amp; NI</VALUEID></ALNDOMAIN><ALNDOMAIN><ALNDOMAINID>7786</ALNDOMAINID><DESCRIPTION>South &amp; Wales</DESCRIPTION><ORGID></ORGID><PLUSPCUSTOMER></PLUSPCUSTOMER><SITEID></SITEID><VALUE>South &amp; Wales</VALUE><VALUEID>IRV_IRVREG|South &amp; Wales</VALUEID></ALNDOMAIN></MAXDOMAIN><MAXDOMAIN action="AddChange"><DESCRIPTION>NSC Region</DESCRIPTION><DOMAINID>IRV_NSCREG</DOMAINID><DOMAINTYPE maxvalue="ALN">ALN</DOMAINTYPE><INTERNAL>0</INTERNAL><LENGTH>50</LENGTH><MAXDOMAINID>12176</MAXDOMAINID><MAXTYPE>ALN</MAXTYPE><NEVERCACHE>0</NEVERCACHE><SCALE>0</SCALE><ALNDOMAIN><ALNDOMAINID>7789</ALNDOMAINID><DESCRIPTION>Cen. London / BH</DESCRIPTION><ORGID></ORGID><PLUSPCUSTOMER></PLUSPCUSTOMER><SITEID></SITEID><VALUE>Cen. London / BH</VALUE><VALUEID>IRV_NSCREG|Cen. London / BH</VALUEID></ALNDOMAIN><ALNDOMAIN><ALNDOMAINID>7790</ALNDOMAINID><DESCRIPTION>Mids/Cardiff</DESCRIPTION><ORGID></ORGID><PLUSPCUSTOMER></PLUSPCUSTOMER><SITEID></SITEID><VALUE>Mids/Cardiff</VALUE><VALUEID>IRV_NSCREG|Mids/Cardiff</VALUEID></ALNDOMAIN><ALNDOMAIN><ALNDOMAINID>7791</ALNDOMAINID><DESCRIPTION>North</DESCRIPTION><ORGID></ORGID><PLUSPCUSTOMER></PLUSPCUSTOMER><SITEID></SITEID><VALUE>North</VALUE><VALUEID>IRV_NSCREG|North</VALUEID></ALNDOMAIN><ALNDOMAIN><ALNDOMAINID>7792</ALNDOMAINID><DESCRIPTION>Scotland</DESCRIPTION><ORGID></ORGID><PLUSPCUSTOMER></PLUSPCUSTOMER><SITEID></SITEID><VALUE>Scotland</VALUE><VALUEID>IRV_NSCREG|Scotland</VALUEID></ALNDOMAIN><ALNDOMAIN><ALNDOMAINID>7793</ALNDOMAINID><DESCRIPTION>W. London</DESCRIPTION><ORGID></ORGID><PLUSPCUSTOMER></PLUSPCUSTOMER><SITEID></SITEID><VALUE>W. London</VALUE><VALUEID>IRV_NSCREG|W. London</VALUEID></ALNDOMAIN></MAXDOMAIN></DMMAXDOMAINSet></SyncDMMAXDOMAIN>