<?xml version="1.0" encoding="UTF-8"?><SyncDMPKGDSTTRGT xmlns="http://www.ibm.com/maximo" xmlns:xsi="http://www.w3.org/2001/XMLSchema-instance" creationDateTime="2014-09-22T08:42:24+01:00" transLanguage="EN" baseLanguage="EN" messageID="1411371744547335080" maximoVersion="7 5 20130829-1209 V7510--1"><DMPKGDSTTRGTSet><DMPKGDSTTRGT><CHANGEBY>REISH</CHANGEBY><CHANGEDATE>2014-03-06T16:12:18+00:00</CHANGEDATE><DESCRIPTION>Interserve Migration Manager Packages Folder</DESCRIPTION><DMPKGDSTTRGTID>2</DMPKGDSTTRGTID><DRIVERNAME></DRIVERNAME><LANGCODE>EN</LANGCODE><PASSWORD></PASSWORD><SCHEMANAME></SCHEMANAME><TARGETNAME>IRVMMFOLDER</TARGETNAME><TYPE maxvalue="FILE">FILE</TYPE><URL>D:\mm_packages\</URL><USERNAME></USERNAME></DMPKGDSTTRGT></DMPKGDSTTRGTSet></SyncDMPKGDSTTRGT>