<?xml version="1.0" encoding="UTF-8"?><SyncDMCLASSATTRIBUTE xmlns="http://www.ibm.com/maximo" xmlns:xsi="http://www.w3.org/2001/XMLSchema-instance" creationDateTime="2014-09-15T15:16:46+01:00" transLanguage="EN" baseLanguage="EN" messageID="1410790606179105920" maximoVersion="7 5 20130829-1209 V7510--1"><DMCLASSATTRIBUTESet><ASSETATTRIBUTE action="AddChange"><ASSETATTRIBUTEID>215</ASSETATTRIBUTEID><ASSETATTRID>I25/O25</ASSETATTRID><ATTRDESCPREFIX></ATTRDESCPREFIX><DATATYPE maxvalue="ALN">ALN</DATATYPE><DESCRIPTION>Inside/Outside M25</DESCRIPTION><DOMAINID>IRV_IO25</DOMAINID><MEASUREUNITID></MEASUREUNITID><ORGID></ORGID><SITEID></SITEID></ASSETATTRIBUTE><ASSETATTRIBUTE action="AddChange"><ASSETATTRIBUTEID>212</ASSETATTRIBUTEID><ASSETATTRID>IRVREG</ASSETATTRID><ATTRDESCPREFIX></ATTRDESCPREFIX><DATATYPE maxvalue="ALN">ALN</DATATYPE><DESCRIPTION>Interserve Region</DESCRIPTION><DOMAINID>IRV_IRVREG</DOMAINID><MEASUREUNITID></MEASUREUNITID><ORGID></ORGID><SITEID></SITEID></ASSETATTRIBUTE><ASSETATTRIBUTE action="AddChange"><ASSETATTRIBUTEID>214</ASSETATTRIBUTEID><ASSETATTRID>NSCREG</ASSETATTRID><ATTRDESCPREFIX></ATTRDESCPREFIX><DATATYPE maxvalue="ALN">ALN</DATATYPE><DESCRIPTION>NSC Region</DESCRIPTION><DOMAINID>IRV_NSCREG</DOMAINID><MEASUREUNITID></MEASUREUNITID><ORGID></ORGID><SITEID></SITEID></ASSETATTRIBUTE></DMCLASSATTRIBUTESet></SyncDMCLASSATTRIBUTE>