<?xml version="1.0" encoding="UTF-8"?><SyncDMPACKAGEDEF xmlns="http://www.ibm.com/maximo" xmlns:xsi="http://www.w3.org/2001/XMLSchema-instance" creationDateTime="2014-09-15T15:16:46+01:00" transLanguage="EN" baseLanguage="EN" messageID="1410790606648167848" maximoVersion="7 5 20130829-1209 V7510--1"><DMPACKAGEDEFSet><DMPACKAGEDEF><ACTIVE>0</ACTIVE><BATCHSIZE>100</BATCHSIZE><CHANGEBY>TIMMINSA</CHANGEBY><CHANGEDATE>2014-09-05T12:25:43+01:00</CHANGEDATE><CONTENTID>b7d848e0-b41f-45f1-b7c9-1449872bc295</CONTENTID><DESCRIPTION>BBC Classifications</DESCRIPTION><DESCRIPTION_LONGDESCRIPTION></DESCRIPTION_LONGDESCRIPTION><DMPACKAGEDEFID>910</DMPACKAGEDEFID><DMROLE></DMROLE><HASLD>0</HASLD><LANGCODE>EN</LANGCODE><PKGDEFNAME>BBC_CLASS</PKGDEFNAME><SOURCE>BBC-SQL-D01_BBCMAXSIT_dbo</SOURCE><STATUS maxvalue="APPR">APPR</STATUS><STATUSDATE>2014-09-05T12:26:03+01:00</STATUSDATE><TYPE maxvalue="SNAPSHOT">SNAPSHOT</TYPE><XMLACTION maxvalue="ADDCHANGE">AddChange</XMLACTION><DMPKGDEFSTATUS><CHANGEBY>TIMMINSA</CHANGEBY><CONTENTID>440bf2ab-3b64-467d-a07d-1a3e66c0137a</CONTENTID><DMPKGDEFSTATUSID>914</DMPKGDEFSTATUSID><MEMO></MEMO><STATUS maxvalue="WAPPR">WAPPR</STATUS><STATUSDATE>2014-09-02T16:07:00+01:00</STATUSDATE></DMPKGDEFSTATUS><DMPKGDEFSTATUS><CHANGEBY>TIMMINSA</CHANGEBY><CONTENTID>d3ef229f-abac-4c86-a3d5-5d8ccd8c6ee6</CONTENTID><DMPKGDEFSTATUSID>915</DMPKGDEFSTATUSID><MEMO></MEMO><STATUS maxvalue="APPR">APPR</STATUS><STATUSDATE>2014-09-05T12:26:00+01:00</STATUSDATE></DMPKGDEFSTATUS><DMPKGCFGGRPDEF><CFGOBJGROUP>BBC_CLASS</CFGOBJGROUP><CONTENTID>c8fc310e-dc3d-4a2d-9ee7-ee57681ff8b3</CONTENTID><DMPKGCFGGRPDEFID>1009</DMPKGCFGGRPDEFID><DMPKGCFGOBJDEF><CFGOBJECT>DMCLASSIFICATION</CFGOBJECT><CONTENTID>942e060c-89c6-435d-afb3-7bd23ca4b948</CONTENTID><DMPKGCFGOBJDEFID>907</DMPKGCFGOBJDEFID><WHERECLAUSE>1=2</WHERECLAUSE></DMPKGCFGOBJDEF><DMPKGCFGOBJDEF><CFGOBJECT>DMCLASSATTRIBUTE</CFGOBJECT><CONTENTID>6fd25e5c-988e-4d15-903e-245c3dc5ca20</CONTENTID><DMPKGCFGOBJDEFID>908</DMPKGCFGOBJDEFID><WHERECLAUSE>domainid is not null</WHERECLAUSE></DMPKGCFGOBJDEF></DMPKGCFGGRPDEF><DMPKGDIST><CHANGEBY>TIMMINSA</CHANGEBY><CHANGEDATE>2014-09-05T12:25:43+01:00</CHANGEDATE><CONTENTID>a8846ffb-6551-45f9-b294-71beb602aa02</CONTENTID><DMPKGDISTID>804</DMPKGDISTID><TARGETNAME>IRVMMFOLDER</TARGETNAME></DMPKGDIST></DMPACKAGEDEF></DMPACKAGEDEFSet></SyncDMPACKAGEDEF>