<?xml version="1.0" encoding="UTF-8"?><SyncDMMAXIFACEIN xmlns="http://www.ibm.com/maximo" xmlns:xsi="http://www.w3.org/2001/XMLSchema-instance" creationDateTime="2014-10-18T13:21:23+01:00" transLanguage="EN" baseLanguage="EN" messageID="1413634883579933767" maximoVersion="7 5 20130829-1209 V7510--1"><DMMAXIFACEINSet><MAXIFACEIN action="AddChange"><CHANGEBY>TIMMINSA</CHANGEBY><CHANGEDATE>2014-10-18T12:15:58+01:00</CHANGEDATE><DESCRIPTION>Database Objects Service</DESCRIPTION><DESCRIPTION_LONGDESCRIPTION></DESCRIPTION_LONGDESCRIPTION><ELEMENTNAME></ELEMENTNAME><EXTMSGIDFIELD></EXTMSGIDFIELD><HASLD>0</HASLD><IFACECONTROL></IFACECONTROL><IFACEEXITCLASS></IFACEEXITCLASS><IFACEMAPNAME></IFACEMAPNAME><IFACENAME>MXOBJECTCFGInterface</IFACENAME><IFACETBNAME></IFACETBNAME><IFACETYPE>MAXIMO</IFACETYPE><IFACEUSEREXITCLASS></IFACEUSEREXITCLASS><INTERPRETERCLASS></INTERPRETERCLASS><INTOBJECTNAME>MXOBJECTCFG</INTOBJECTNAME><LANGCODE>EN</LANGCODE><MAXIFACEINID>2867</MAXIFACEINID><MESSAGETYPE>Sync</MESSAGETYPE><REPLYELEMENTNAME></REPLYELEMENTNAME><REPLYEXITCLASS></REPLYEXITCLASS><REPLYMAPNAME></REPLYMAPNAME><REPLYREQUIRED>0</REPLYREQUIRED><REPLYSCHEMALOC></REPLYSCHEMALOC><REPLYUSEREXITCLASS></REPLYUSEREXITCLASS><SCHEMALOCATION></SCHEMALOCATION><SEARCHFIELD></SEARCHFIELD><SPLITTAG></SPLITTAG><STOREMSG>0</STOREMSG><USEEXTERNALSCHEMA>0</USEEXTERNALSCHEMA><USERDEFINED>1</USERDEFINED><USETXNTRACKING>0</USETXNTRACKING></MAXIFACEIN></DMMAXIFACEINSet></SyncDMMAXIFACEIN>