<?xml version="1.0" encoding="UTF-8"?><SyncDMMAXINTOBJECT xmlns="http://www.ibm.com/maximo" xmlns:xsi="http://www.w3.org/2001/XMLSchema-instance" creationDateTime="2014-10-18T13:21:23+01:00" transLanguage="EN" baseLanguage="EN" messageID="1413634883345343422" maximoVersion="7 5 20130829-1209 V7510--1"><DMMAXINTOBJECTSet><MAXINTOBJECT action="AddChange"><ALIASCONFLICT>0</ALIASCONFLICT><APP></APP><AUTHAPP></AUTHAPP><CHANGEBY>TIMMINSA</CHANGEBY><CHANGEDATE>2014-10-18T13:16:16+01:00</CHANGEDATE><CONFIGURABLE>1</CONFIGURABLE><DEFCLASS></DEFCLASS><DESCRIPTION>External system migration object for Migration Manager</DESCRIPTION><DESCRIPTION_LONGDESCRIPTION></DESCRIPTION_LONGDESCRIPTION><FLATSUPPORTED>0</FLATSUPPORTED><HASLD>0</HASLD><INTOBJECTNAME>DMMAXEXTSYSTEM</INTOBJECTNAME><LANGCODE>EN</LANGCODE><MAXINTOBJECTID>116</MAXINTOBJECTID><PROCCLASS>psdi.dm.procclass.DMMaxExtSystemProcess</PROCCLASS><QUERYONLY>0</QUERYONLY><SELFREFERENCING>0</SELFREFERENCING><USERDEFINED>0</USERDEFINED><USEWITH>MIGRATIONMGR</USEWITH><MAXINTOBJDETAIL><ALTKEY></ALTKEY><CHANGEBY>TIMMINSA</CHANGEBY><CHANGEDATE>2014-10-18T13:16:28+01:00</CHANGEDATE><DELETEONCREATE>1</DELETEONCREATE><DESCRIPTION></DESCRIPTION><EXCLUDEPARENTKEY>1</EXCLUDEPARENTKEY><HIERARCHYPATH>MAXEXTSYSTEM</HIERARCHYPATH><MAXINTOBJDETAILID>447</MAXINTOBJDETAILID><OBJECTID>1</OBJECTID><OBJECTNAME>MAXEXTSYSTEM</OBJECTNAME><OBJECTORDER>1</OBJECTORDER><PARENTOBJID xsi:nil="true"></PARENTOBJID><PARENTOBJNAME></PARENTOBJNAME><PROCESSORDER>1</PROCESSORDER><PROPAGATEEVENT>0</PROPAGATEEVENT><RELATION></RELATION><RELATIONCARDINALITY></RELATIONCARDINALITY><RELATIONJOINREQUIRED>0</RELATIONJOINREQUIRED><USERDEFINED>0</USERDEFINED><MAXINTOBJCOLS><CHANGEBY>MAXIMO</CHANGEBY><CHANGEDATE>2014-01-08T19:26:32+00:00</CHANGEDATE><INTOBJFLDTYPE>NONPERSISTENT</INTOBJFLDTYPE><MAXINTOBJCOLSID>2203</MAXINTOBJCOLSID><NAME>DESCRIPTION_LONGDESCRIPTION</NAME><OBJECTNAME>MAXEXTSYSTEM</OBJECTNAME></MAXINTOBJCOLS><MAXINTOBJCOLS><CHANGEBY>TIMMINSA</CHANGEBY><CHANGEDATE>2014-10-18T13:16:29+01:00</CHANGEDATE><INTOBJFLDTYPE>RESTRICTED</INTOBJFLDTYPE><MAXINTOBJCOLSID>16240</MAXINTOBJCOLSID><NAME>INCONTQUEUENAME</NAME><OBJECTNAME>MAXEXTSYSTEM</OBJECTNAME></MAXINTOBJCOLS><MAXINTOBJCOLS><CHANGEBY>TIMMINSA</CHANGEBY><CHANGEDATE>2014-10-18T13:16:29+01:00</CHANGEDATE><INTOBJFLDTYPE>RESTRICTED</INTOBJFLDTYPE><MAXINTOBJCOLSID>16239</MAXINTOBJCOLSID><NAME>INSEQQUEUENAME</NAME><OBJECTNAME>MAXEXTSYSTEM</OBJECTNAME></MAXINTOBJCOLS><MAXINTOBJCOLS><CHANGEBY>TIMMINSA</CHANGEBY><CHANGEDATE>2014-10-18T13:16:29+01:00</CHANGEDATE><INTOBJFLDTYPE>RESTRICTED</INTOBJFLDTYPE><MAXINTOBJCOLSID>16238</MAXINTOBJCOLSID><NAME>OUTSEQQUEUENAME</NAME><OBJECTNAME>MAXEXTSYSTEM</OBJECTNAME></MAXINTOBJCOLS></MAXINTOBJDETAIL><MAXINTOBJDETAIL><ALTKEY></ALTKEY><CHANGEBY>MAXIMO</CHANGEBY><CHANGEDATE>2007-04-25T10:33:56+01:00</CHANGEDATE><DELETEONCREATE>1</DELETEONCREATE><DESCRIPTION></DESCRIPTION><EXCLUDEPARENTKEY>1</EXCLUDEPARENTKEY><HIERARCHYPATH>MAXEXTSYSTEM\LONGDESCRIPTION</HIERARCHYPATH><MAXINTOBJDETAILID>448</MAXINTOBJDETAILID><OBJECTID>2</OBJECTID><OBJECTNAME>LONGDESCRIPTION</OBJECTNAME><OBJECTORDER>1</OBJECTORDER><PARENTOBJID>1</PARENTOBJID><PARENTOBJNAME>MAXEXTSYSTEM</PARENTOBJNAME><PROCESSORDER>2</PROCESSORDER><PROPAGATEEVENT>0</PROPAGATEEVENT><RELATION>DMMAXEXTSYSLONGDESC</RELATION><RELATIONCARDINALITY maxvalue="UNDEFINED">UNDEFINED</RELATIONCARDINALITY><RELATIONJOINREQUIRED>0</RELATIONJOINREQUIRED><USERDEFINED>0</USERDEFINED></MAXINTOBJDETAIL><MAXINTOBJDETAIL><ALTKEY></ALTKEY><CHANGEBY>MAXIMO</CHANGEBY><CHANGEDATE>2007-04-25T10:33:56+01:00</CHANGEDATE><DELETEONCREATE>1</DELETEONCREATE><DESCRIPTION></DESCRIPTION><EXCLUDEPARENTKEY>1</EXCLUDEPARENTKEY><HIERARCHYPATH>MAXEXTSYSTEM\MAXEXTIFACEIN</HIERARCHYPATH><MAXINTOBJDETAILID>449</MAXINTOBJDETAILID><OBJECTID>3</OBJECTID><OBJECTNAME>MAXEXTIFACEIN</OBJECTNAME><OBJECTORDER>2</OBJECTORDER><PARENTOBJID>1</PARENTOBJID><PARENTOBJNAME>MAXEXTSYSTEM</PARENTOBJNAME><PROCESSORDER>3</PROCESSORDER><PROPAGATEEVENT>0</PROPAGATEEVENT><RELATION>MAXEXTIFACEIN</RELATION><RELATIONCARDINALITY maxvalue="UNDEFINED">UNDEFINED</RELATIONCARDINALITY><RELATIONJOINREQUIRED>0</RELATIONJOINREQUIRED><USERDEFINED>0</USERDEFINED></MAXINTOBJDETAIL><MAXINTOBJDETAIL><ALTKEY></ALTKEY><CHANGEBY>MAXIMO</CHANGEBY><CHANGEDATE>2007-04-25T10:33:56+01:00</CHANGEDATE><DELETEONCREATE>1</DELETEONCREATE><DESCRIPTION></DESCRIPTION><EXCLUDEPARENTKEY>1</EXCLUDEPARENTKEY><HIERARCHYPATH>MAXEXTSYSTEM\MAXEXTIFACEOUT</HIERARCHYPATH><MAXINTOBJDETAILID>450</MAXINTOBJDETAILID><OBJECTID>4</OBJECTID><OBJECTNAME>MAXEXTIFACEOUT</OBJECTNAME><OBJECTORDER>3</OBJECTORDER><PARENTOBJID>1</PARENTOBJID><PARENTOBJNAME>MAXEXTSYSTEM</PARENTOBJNAME><PROCESSORDER>4</PROCESSORDER><PROPAGATEEVENT>0</PROPAGATEEVENT><RELATION>MAXEXTIFACEOUT</RELATION><RELATIONCARDINALITY maxvalue="UNDEFINED">UNDEFINED</RELATIONCARDINALITY><RELATIONJOINREQUIRED>0</RELATIONJOINREQUIRED><USERDEFINED>0</USERDEFINED></MAXINTOBJDETAIL><MAXINTOBJDETAIL><ALTKEY></ALTKEY><CHANGEBY>MAXIMO</CHANGEBY><CHANGEDATE>2007-04-25T10:33:56+01:00</CHANGEDATE><DELETEONCREATE>1</DELETEONCREATE><DESCRIPTION></DESCRIPTION><EXCLUDEPARENTKEY>1</EXCLUDEPARENTKEY><HIERARCHYPATH>MAXEXTSYSTEM\MAXEXTSYSCONTROL</HIERARCHYPATH><MAXINTOBJDETAILID>451</MAXINTOBJDETAILID><OBJECTID>5</OBJECTID><OBJECTNAME>MAXEXTSYSCONTROL</OBJECTNAME><OBJECTORDER>4</OBJECTORDER><PARENTOBJID>1</PARENTOBJID><PARENTOBJNAME>MAXEXTSYSTEM</PARENTOBJNAME><PROCESSORDER>5</PROCESSORDER><PROPAGATEEVENT>0</PROPAGATEEVENT><RELATION>MAXEXTSYSCONTROL</RELATION><RELATIONCARDINALITY maxvalue="UNDEFINED">UNDEFINED</RELATIONCARDINALITY><RELATIONJOINREQUIRED>0</RELATIONJOINREQUIRED><USERDEFINED>0</USERDEFINED></MAXINTOBJDETAIL><MAXINTOBJDETAIL><ALTKEY></ALTKEY><CHANGEBY>MAXIMO</CHANGEBY><CHANGEDATE>2007-04-25T10:33:56+01:00</CHANGEDATE><DELETEONCREATE>1</DELETEONCREATE><DESCRIPTION></DESCRIPTION><EXCLUDEPARENTKEY>1</EXCLUDEPARENTKEY><HIERARCHYPATH>MAXEXTSYSTEM\MAXEXTSYSCONTROL\MAXEXTBOOLVAL</HIERARCHYPATH><MAXINTOBJDETAILID>452</MAXINTOBJDETAILID><OBJECTID>6</OBJECTID><OBJECTNAME>MAXEXTBOOLVAL</OBJECTNAME><OBJECTORDER>1</OBJECTORDER><PARENTOBJID>5</PARENTOBJID><PARENTOBJNAME>MAXEXTSYSCONTROL</PARENTOBJNAME><PROCESSORDER>6</PROCESSORDER><PROPAGATEEVENT>0</PROPAGATEEVENT><RELATION>MAXEXTBOOLVAL</RELATION><RELATIONCARDINALITY maxvalue="UNDEFINED">UNDEFINED</RELATIONCARDINALITY><RELATIONJOINREQUIRED>0</RELATIONJOINREQUIRED><USERDEFINED>0</USERDEFINED></MAXINTOBJDETAIL><MAXINTOBJDETAIL><ALTKEY></ALTKEY><CHANGEBY>MAXIMO</CHANGEBY><CHANGEDATE>2007-04-25T10:33:56+01:00</CHANGEDATE><DELETEONCREATE>1</DELETEONCREATE><DESCRIPTION></DESCRIPTION><EXCLUDEPARENTKEY>1</EXCLUDEPARENTKEY><HIERARCHYPATH>MAXEXTSYSTEM\MAXEXTSYSCONTROL\MAXEXTCTLVAL</HIERARCHYPATH><MAXINTOBJDETAILID>453</MAXINTOBJDETAILID><OBJECTID>7</OBJECTID><OBJECTNAME>MAXEXTCTLVAL</OBJECTNAME><OBJECTORDER>2</OBJECTORDER><PARENTOBJID>5</PARENTOBJID><PARENTOBJNAME>MAXEXTSYSCONTROL</PARENTOBJNAME><PROCESSORDER>7</PROCESSORDER><PROPAGATEEVENT>0</PROPAGATEEVENT><RELATION>MAXEXTCTLVAL</RELATION><RELATIONCARDINALITY maxvalue="UNDEFINED">UNDEFINED</RELATIONCARDINALITY><RELATIONJOINREQUIRED>0</RELATIONJOINREQUIRED><USERDEFINED>0</USERDEFINED></MAXINTOBJDETAIL><MAXINTOBJDETAIL><ALTKEY></ALTKEY><CHANGEBY>MAXIMO</CHANGEBY><CHANGEDATE>2007-04-25T10:33:56+01:00</CHANGEDATE><DELETEONCREATE>1</DELETEONCREATE><DESCRIPTION></DESCRIPTION><EXCLUDEPARENTKEY>1</EXCLUDEPARENTKEY><HIERARCHYPATH>MAXEXTSYSTEM\MAXEXTSYSCONTROL\MAXEXTXREFVAL</HIERARCHYPATH><MAXINTOBJDETAILID>454</MAXINTOBJDETAILID><OBJECTID>8</OBJECTID><OBJECTNAME>MAXEXTXREFVAL</OBJECTNAME><OBJECTORDER>3</OBJECTORDER><PARENTOBJID>5</PARENTOBJID><PARENTOBJNAME>MAXEXTSYSCONTROL</PARENTOBJNAME><PROCESSORDER>8</PROCESSORDER><PROPAGATEEVENT>0</PROPAGATEEVENT><RELATION>MAXEXTXREFVAL</RELATION><RELATIONCARDINALITY maxvalue="UNDEFINED">UNDEFINED</RELATIONCARDINALITY><RELATIONJOINREQUIRED>0</RELATIONJOINREQUIRED><USERDEFINED>0</USERDEFINED></MAXINTOBJDETAIL><MAXINTOBJDETAIL><ALTKEY></ALTKEY><CHANGEBY>MAXIMO</CHANGEBY><CHANGEDATE>2007-04-25T10:33:56+01:00</CHANGEDATE><DELETEONCREATE>1</DELETEONCREATE><DESCRIPTION></DESCRIPTION><EXCLUDEPARENTKEY>1</EXCLUDEPARENTKEY><HIERARCHYPATH>MAXEXTSYSTEM\MAXEXTSYSCONTROL\MAXEXTLISTVAL</HIERARCHYPATH><MAXINTOBJDETAILID>455</MAXINTOBJDETAILID><OBJECTID>9</OBJECTID><OBJECTNAME>MAXEXTLISTVAL</OBJECTNAME><OBJECTORDER>4</OBJECTORDER><PARENTOBJID>5</PARENTOBJID><PARENTOBJNAME>MAXEXTSYSCONTROL</PARENTOBJNAME><PROCESSORDER>9</PROCESSORDER><PROPAGATEEVENT>0</PROPAGATEEVENT><RELATION>MAXEXTLISTVAL</RELATION><RELATIONCARDINALITY maxvalue="UNDEFINED">UNDEFINED</RELATIONCARDINALITY><RELATIONJOINREQUIRED>0</RELATIONJOINREQUIRED><USERDEFINED>0</USERDEFINED></MAXINTOBJDETAIL><MAXINTOBJDETAIL><ALTKEY></ALTKEY><CHANGEBY>MAXIMO</CHANGEBY><CHANGEDATE>2007-04-25T10:33:56+01:00</CHANGEDATE><DELETEONCREATE>1</DELETEONCREATE><DESCRIPTION></DESCRIPTION><EXCLUDEPARENTKEY>1</EXCLUDEPARENTKEY><HIERARCHYPATH>MAXEXTSYSTEM\MAXEXTSYSCONTROL\MAXEXTOVER</HIERARCHYPATH><MAXINTOBJDETAILID>456</MAXINTOBJDETAILID><OBJECTID>10</OBJECTID><OBJECTNAME>MAXEXTOVER</OBJECTNAME><OBJECTORDER>5</OBJECTORDER><PARENTOBJID>5</PARENTOBJID><PARENTOBJNAME>MAXEXTSYSCONTROL</PARENTOBJNAME><PROCESSORDER>10</PROCESSORDER><PROPAGATEEVENT>0</PROPAGATEEVENT><RELATION>MAXEXTOVER</RELATION><RELATIONCARDINALITY maxvalue="UNDEFINED">UNDEFINED</RELATIONCARDINALITY><RELATIONJOINREQUIRED>0</RELATIONJOINREQUIRED><USERDEFINED>0</USERDEFINED></MAXINTOBJDETAIL><MAXINTOBJDETAIL><ALTKEY></ALTKEY><CHANGEBY>MAXIMO</CHANGEBY><CHANGEDATE>2007-04-25T10:33:56+01:00</CHANGEDATE><DELETEONCREATE>1</DELETEONCREATE><DESCRIPTION></DESCRIPTION><EXCLUDEPARENTKEY>1</EXCLUDEPARENTKEY><HIERARCHYPATH>MAXEXTSYSTEM\MAXEXTSYSCONTROL\MAXEXTOVER\MAXLISTOVERVAL</HIERARCHYPATH><MAXINTOBJDETAILID>457</MAXINTOBJDETAILID><OBJECTID>11</OBJECTID><OBJECTNAME>MAXLISTOVERVAL</OBJECTNAME><OBJECTORDER>1</OBJECTORDER><PARENTOBJID>10</PARENTOBJID><PARENTOBJNAME>MAXEXTOVER</PARENTOBJNAME><PROCESSORDER>11</PROCESSORDER><PROPAGATEEVENT>0</PROPAGATEEVENT><RELATION>MAXLISTOVERVAL</RELATION><RELATIONCARDINALITY maxvalue="UNDEFINED">UNDEFINED</RELATIONCARDINALITY><RELATIONJOINREQUIRED>0</RELATIONJOINREQUIRED><USERDEFINED>0</USERDEFINED></MAXINTOBJDETAIL><MAXINTOBJDETAIL><ALTKEY></ALTKEY><CHANGEBY>MAXIMO</CHANGEBY><CHANGEDATE>2007-04-25T10:33:56+01:00</CHANGEDATE><DELETEONCREATE>1</DELETEONCREATE><DESCRIPTION></DESCRIPTION><EXCLUDEPARENTKEY>1</EXCLUDEPARENTKEY><HIERARCHYPATH>MAXEXTSYSTEM\MAXEXTSYSCONTROL\MAXEXTOVER\MAXXREFOVERVAL</HIERARCHYPATH><MAXINTOBJDETAILID>458</MAXINTOBJDETAILID><OBJECTID>12</OBJECTID><OBJECTNAME>MAXXREFOVERVAL</OBJECTNAME><OBJECTORDER>2</OBJECTORDER><PARENTOBJID>10</PARENTOBJID><PARENTOBJNAME>MAXEXTOVER</PARENTOBJNAME><PROCESSORDER>12</PROCESSORDER><PROPAGATEEVENT>0</PROPAGATEEVENT><RELATION>MAXXREFOVERVAL</RELATION><RELATIONCARDINALITY maxvalue="UNDEFINED">UNDEFINED</RELATIONCARDINALITY><RELATIONJOINREQUIRED>0</RELATIONJOINREQUIRED><USERDEFINED>0</USERDEFINED></MAXINTOBJDETAIL></MAXINTOBJECT></DMMAXINTOBJECTSet></SyncDMMAXINTOBJECT>