<?xml version="1.0" encoding="UTF-8"?><SyncDMSCRIPT xmlns="http://www.ibm.com/maximo" xmlns:xsi="http://www.w3.org/2001/XMLSchema-instance" creationDateTime="2014-10-23T09:55:18+01:00" transLanguage="EN" baseLanguage="EN" messageID="1414054518592162574" maximoVersion="7 5 20130829-1209 V7510--1"><DMSCRIPTSet><AUTOSCRIPT action="AddChange"><ACTION></ACTION><AUTOSCRIPT>IRV_ASSMANPM</AUTOSCRIPT><AUTOSCRIPTID>3164</AUTOSCRIPTID><BINARYSCRIPTSOURCE></BINARYSCRIPTSOURCE><CATEGORY></CATEGORY><CHANGEBY>TIMMINSA</CHANGEBY><CHANGEDATE>2014-10-22T14:50:57+01:00</CHANGEDATE><COMMENTS></COMMENTS><CREATEDBY>TIMMINSA</CREATEDBY><CREATEDBYEMAIL>Andrew.Timmins@interservefm.com</CREATEDBYEMAIL><CREATEDBYID></CREATEDBYID><CREATEDBYNAME></CREATEDBYNAME><CREATEDBYPHONE></CREATEDBYPHONE><CREATEDDATE>2014-10-22T13:49:22+01:00</CREATEDDATE><DESCRIPTION>Assignment Manager Change Records To Dispatch</DESCRIPTION><LOGLEVEL>ERROR</LOGLEVEL><ORGID></ORGID><OWNER>TIMMINSA</OWNER><OWNEREMAIL>Andrew.Timmins@interservefm.com</OWNEREMAIL><OWNERID></OWNERID><OWNERNAME></OWNERNAME><OWNERPHONE></OWNERPHONE><SCHEDULEDSTATUS></SCHEDULEDSTATUS><SCRIPTLANGUAGE>jython</SCRIPTLANGUAGE><SITEID></SITEID><SOURCE>from java.lang import String
from java.lang import Integer
from psdi.mbo import MboConstants
from psdi.server import MXServer   

maximo = MXServer.getMXServer()   
changeDate = maximo.getDate() 
changeBy = user

if mbo.getString("STATUS") == "ASSIGNED":
    asswoMboSet = mbo.getMboSet("WORKORDER")
    asswoMboSet.setWhere("status in ('WSCH','WAPPR','APPR')")
    asswoMboSet.reset()
    if asswoMboSet.count() &gt; 0:
        
        asswoMbo = asswoMboSet.getMbo(0)
        asswoMbo.setValue("STATUS","DISPATCH", MboConstants.NOACCESSCHECK)
        asswoMbo.setValue("STATUSDATE",changeDate, MboConstants.NOACCESSCHECK)
        asswoMbo.setValue("CHANGEDATE",changeDate, MboConstants.NOACCESSCHECK)
        asswoMbo.setValue("CHANGEBY",changeBy , MboConstants.NOACCESSCHECK)
        cwoMboSet =  asswoMbo.getMboSet("WOSTATUS")
        cwoMbo = cwoMboSet.add()
        cwoMbo.setValue("WONUM",asswoMbo.getString("WONUM"), MboConstants.NOACCESSCHECK)
        cwoMbo.setValue("STATUS","DISPATCH", MboConstants.NOACCESSCHECK)
        cwoMbo.setValue("CHANGEBY",changeBy , MboConstants.NOACCESSCHECK)
        cwoMbo.setValue("CHANGEDATE",changeDate , MboConstants.NOACCESSCHECK)

        parentMboSet = asswoMbo.getMboSet("PARENT")
        parentCount = parentMboSet.count()
        if parentCount &gt; 0:
            parentMbo = parentMboSet.getMbo(0)
            parentMbo.setValue("STATUS","DISPATCH", MboConstants.NOACCESSCHECK)
            parentMbo.setValue("STATUSDATE",changeDate, MboConstants.NOACCESSCHECK)
            parentMbo.setValue("CHANGEDATE",changeDate, MboConstants.NOACCESSCHECK)
            parentMbo.setValue("CHANGEBY",changeBy , MboConstants.NOACCESSCHECK)
            pwoMboSet =  parentMbo.getMboSet("WOSTATUS")
            pwoMbo = pwoMboSet.add()
            pwoMbo.setValue("WONUM",parentMbo.getString("WONUM"), MboConstants.NOACCESSCHECK)
            pwoMbo.setValue("STATUS","DISPATCH", MboConstants.NOACCESSCHECK)
            pwoMbo.setValue("CHANGEBY",changeBy , MboConstants.NOACCESSCHECK)
            pwoMbo.setValue("CHANGEDATE",changeDate , MboConstants.NOACCESSCHECK)</SOURCE><STATUS maxvalue="Production">Active</STATUS><STATUSDATE>2014-10-22T13:52:22+01:00</STATUSDATE><USERDEFINED>1</USERDEFINED><VERSION></VERSION></AUTOSCRIPT></DMSCRIPTSet></SyncDMSCRIPT>