<?xml version="1.0" encoding="UTF-8"?><SyncDMLAUNCHPOINT xmlns="http://www.ibm.com/maximo" xmlns:xsi="http://www.w3.org/2001/XMLSchema-instance" creationDateTime="2014-10-23T09:55:20+01:00" transLanguage="EN" baseLanguage="EN" messageID="1414054519874496440" maximoVersion="7 5 20130829-1209 V7510--1"><DMLAUNCHPOINTSet><SCRIPTLAUNCHPOINT action="AddChange"><ACTIONNAME></ACTIONNAME><ACTIVE>1</ACTIVE><ADD>0</ADD><ATTRIBUTENAME></ATTRIBUTENAME><AUTOSCRIPT>IRV_ASSMANPM</AUTOSCRIPT><CONDITION>:&amp;APPNAME&amp; = 'WORKMAN'</CONDITION><DELETE>0</DELETE><DESCRIPTION>Assignment Manager Change Records To Dispatch</DESCRIPTION><INIT>0</INIT><LAUNCHPOINTNAME>IRV_ASSMANPM</LAUNCHPOINTNAME><LAUNCHPOINTTYPE>OBJECT</LAUNCHPOINTTYPE><OBJECTEVENT>4</OBJECTEVENT><OBJECTNAME>ASSIGNMENT</OBJECTNAME><SCRIPTLAUNCHPOINTID>3245</SCRIPTLAUNCHPOINTID><UPDATE>1</UPDATE></SCRIPTLAUNCHPOINT></DMLAUNCHPOINTSet></SyncDMLAUNCHPOINT>