<?xml version="1.0" encoding="UTF-8"?><SyncDMPACKAGEDEF xmlns="http://www.ibm.com/maximo" xmlns:xsi="http://www.w3.org/2001/XMLSchema-instance" creationDateTime="2014-09-16T13:10:28+01:00" transLanguage="EN" baseLanguage="EN" messageID="1410869427989261436" maximoVersion="7 5 20130829-1209 V7510--1"><DMPACKAGEDEFSet><DMPACKAGEDEF><ACTIVE>0</ACTIVE><BATCHSIZE>100</BATCHSIZE><CHANGEBY>TIMMINSA</CHANGEBY><CHANGEDATE>2014-09-16T13:08:27+01:00</CHANGEDATE><CONTENTID>11f9bd4b-262c-4d00-9c4a-a92f037c396a</CONTENTID><DESCRIPTION>BBC Reporting Package</DESCRIPTION><DESCRIPTION_LONGDESCRIPTION></DESCRIPTION_LONGDESCRIPTION><DMPACKAGEDEFID>1010</DMPACKAGEDEFID><DMROLE></DMROLE><HASLD>0</HASLD><LANGCODE>EN</LANGCODE><PKGDEFNAME>BBC_REPORT</PKGDEFNAME><SOURCE>BBC-SQL-D01_BBCMAXSIT_dbo</SOURCE><STATUS maxvalue="APPR">APPR</STATUS><STATUSDATE>2014-09-16T13:09:41+01:00</STATUSDATE><TYPE maxvalue="SNAPSHOT">SNAPSHOT</TYPE><XMLACTION maxvalue="REPLACE">Replace</XMLACTION><DMPKGDEFSTATUS><CHANGEBY>TIMMINSA</CHANGEBY><CONTENTID>ea234284-33f2-41f2-bd68-a3fa3f72f55c</CONTENTID><DMPKGDEFSTATUSID>1015</DMPKGDEFSTATUSID><MEMO></MEMO><STATUS maxvalue="APPR">APPR</STATUS><STATUSDATE>2014-09-16T13:09:00+01:00</STATUSDATE></DMPKGDEFSTATUS><DMPKGDEFSTATUS><CHANGEBY>TIMMINSA</CHANGEBY><CONTENTID>e0a7281c-becb-4750-a59a-6640ed204d52</CONTENTID><DMPKGDEFSTATUSID>1014</DMPKGDEFSTATUSID><MEMO></MEMO><STATUS maxvalue="WAPPR">WAPPR</STATUS><STATUSDATE>2014-06-20T16:57:00+01:00</STATUSDATE></DMPKGDEFSTATUS><DMPKGCFGGRPDEF><CFGOBJGROUP>IRVREPORTING</CFGOBJGROUP><CONTENTID>2c7f51a3-9bf7-471c-a568-8165cc25be90</CONTENTID><DMPKGCFGGRPDEFID>1109</DMPKGCFGGRPDEFID><DMPKGCFGOBJDEF><CFGOBJECT>DMREPORT</CFGOBJECT><CONTENTID>70b72421-c409-4aa1-8b65-c4634e70c4fd</CONTENTID><DMPKGCFGOBJDEFID>1005</DMPKGCFGOBJDEFID><WHERECLAUSE>APPNAME = 'PLUSPWO' AND REPORTNAME = 'irvppmwoanalysis.rptdesign'</WHERECLAUSE></DMPKGCFGOBJDEF><DMPKGCFGOBJDEF><CFGOBJECT>DMREPORTDESIGN</CFGOBJECT><CONTENTID>4bfa8586-66f2-4491-8522-decd97ce4aa2</CONTENTID><DMPKGCFGOBJDEFID>1006</DMPKGCFGOBJDEFID><WHERECLAUSE>REPORTNAME = 'irvppmwoanalysis.rptdesign'</WHERECLAUSE></DMPKGCFGOBJDEF><DMPKGCFGOBJDEF><CFGOBJECT>DMKPIMAIN</CFGOBJECT><CONTENTID>f5a03d15-82f3-49c8-9ffa-e7fb2a2276e7</CONTENTID><DMPKGCFGOBJDEFID>1007</DMPKGCFGOBJDEFID><WHERECLAUSE>1=2</WHERECLAUSE></DMPKGCFGOBJDEF></DMPKGCFGGRPDEF><DMPKGDIST><CHANGEBY>TIMMINSA</CHANGEBY><CHANGEDATE>2014-09-16T13:08:27+01:00</CHANGEDATE><CONTENTID>d57038a9-0ffd-472f-b435-714a0869d701</CONTENTID><DMPKGDISTID>905</DMPKGDISTID><TARGETNAME>IRVMMFOLDER</TARGETNAME></DMPKGDIST></DMPACKAGEDEF></DMPACKAGEDEFSet></SyncDMPACKAGEDEF>