<?xml version="1.0" encoding="UTF-8"?><SyncDMPACKAGEDEF xmlns="http://www.ibm.com/maximo" xmlns:xsi="http://www.w3.org/2001/XMLSchema-instance" creationDateTime="2014-09-22T08:30:44+01:00" transLanguage="EN" baseLanguage="EN" messageID="1411371044770193082" maximoVersion="7 5 20130829-1209 V7510--1"><DMPACKAGEDEFSet><DMPACKAGEDEF><ACTIVE>0</ACTIVE><BATCHSIZE>100</BATCHSIZE><CHANGEBY>TIMMINSA</CHANGEBY><CHANGEDATE>2014-09-18T13:38:12+01:00</CHANGEDATE><CONTENTID>a5baad26-48aa-4d33-8e39-c2bcd773f743</CONTENTID><DESCRIPTION>BBC Queries</DESCRIPTION><DESCRIPTION_LONGDESCRIPTION></DESCRIPTION_LONGDESCRIPTION><DMPACKAGEDEFID>1111</DMPACKAGEDEFID><DMROLE></DMROLE><HASLD>0</HASLD><LANGCODE>EN</LANGCODE><PKGDEFNAME>BBC_QUERY</PKGDEFNAME><SOURCE>BBC-SQL-D01_BBCMAXDEV_dbo</SOURCE><STATUS maxvalue="APPR">APPR</STATUS><STATUSDATE>2014-09-18T13:38:48+01:00</STATUSDATE><TYPE maxvalue="SNAPSHOT">SNAPSHOT</TYPE><XMLACTION maxvalue="ADDCHANGE">AddChange</XMLACTION><DMPKGDEFSTATUS><CHANGEBY>TIMMINSA</CHANGEBY><CONTENTID>cd7230f0-db47-4f8b-967c-e5ebb2e67fc5</CONTENTID><DMPKGDEFSTATUSID>1114</DMPKGDEFSTATUSID><MEMO></MEMO><STATUS maxvalue="WAPPR">WAPPR</STATUS><STATUSDATE>2014-09-18T13:38:00+01:00</STATUSDATE></DMPKGDEFSTATUS><DMPKGDEFSTATUS><CHANGEBY>TIMMINSA</CHANGEBY><CONTENTID>6d285bf3-2e88-4661-93a0-3f3845bb35c1</CONTENTID><DMPKGDEFSTATUSID>1115</DMPKGDEFSTATUSID><MEMO></MEMO><STATUS maxvalue="APPR">APPR</STATUS><STATUSDATE>2014-09-18T13:38:00+01:00</STATUSDATE></DMPKGDEFSTATUS><DMPKGCFGGRPDEF><CFGOBJGROUP>BBC_QUERY</CFGOBJGROUP><CONTENTID>b780f84f-5e38-454d-942d-deb8bf52fcc4</CONTENTID><DMPKGCFGGRPDEFID>1210</DMPKGCFGGRPDEFID><DMPKGCFGOBJDEF><CFGOBJECT>DMQUERY</CFGOBJECT><CONTENTID>214fed32-fb6d-4a60-87c9-3e9b600d17aa</CONTENTID><DMPKGCFGOBJDEFID>1106</DMPKGCFGOBJDEFID><WHERECLAUSE>clausename in ('INVASSIGNISSUE','POASSIGNAPPR','POORIGINATOR')</WHERECLAUSE></DMPKGCFGOBJDEF></DMPKGCFGGRPDEF><DMPKGDIST><CHANGEBY>TIMMINSA</CHANGEBY><CHANGEDATE>2014-09-18T13:39:46+01:00</CHANGEDATE><CONTENTID>a3c32e77-46a2-46ac-8ceb-85501054e18a</CONTENTID><DMPKGDISTID>1105</DMPKGDISTID><TARGETNAME>IRVMMFOLDER</TARGETNAME></DMPKGDIST></DMPACKAGEDEF></DMPACKAGEDEFSet></SyncDMPACKAGEDEF>