<?xml version="1.0" encoding="UTF-8"?><SyncDMCLASSATTRIBUTE xmlns="http://www.ibm.com/maximo" xmlns:xsi="http://www.w3.org/2001/XMLSchema-instance" creationDateTime="2014-12-02T12:42:23+00:00" transLanguage="EN" baseLanguage="EN" messageID="1417524141331392539" maximoVersion="7 5 20130829-1209 V7510--1"><DMCLASSATTRIBUTESet><ASSETATTRIBUTE action="AddChange"><ASSETATTRIBUTEID>303</ASSETATTRIBUTEID><ASSETATTRID>FREQ</ASSETATTRID><ATTRDESCPREFIX></ATTRDESCPREFIX><DATATYPE maxvalue="NUMERIC">NUMERIC</DATATYPE><DESCRIPTION>Frequency</DESCRIPTION><DOMAINID></DOMAINID><MEASUREUNITID></MEASUREUNITID><ORGID></ORGID><SITEID></SITEID></ASSETATTRIBUTE></DMCLASSATTRIBUTESet></SyncDMCLASSATTRIBUTE>