<?xml version="1.0" encoding="UTF-8"?><SyncDMPACKAGEDEF xmlns="http://www.ibm.com/maximo" xmlns:xsi="http://www.w3.org/2001/XMLSchema-instance" creationDateTime="2014-12-02T12:42:23+00:00" transLanguage="EN" baseLanguage="EN" messageID="1417524141784265399" maximoVersion="7 5 20130829-1209 V7510--1"><DMPACKAGEDEFSet><DMPACKAGEDEF><ACTIVE>0</ACTIVE><BATCHSIZE>100</BATCHSIZE><CHANGEBY>TIMMINSA</CHANGEBY><CHANGEDATE>2014-12-02T12:39:47+00:00</CHANGEDATE><CONTENTID>b7d848e0-b41f-45f1-b7c9-1449872bc295</CONTENTID><DESCRIPTION>Classifications</DESCRIPTION><DESCRIPTION_LONGDESCRIPTION></DESCRIPTION_LONGDESCRIPTION><DMPACKAGEDEFID>1509</DMPACKAGEDEFID><DMROLE></DMROLE><HASLD>0</HASLD><LANGCODE>EN</LANGCODE><PKGDEFNAME>IDS_CLASS</PKGDEFNAME><SOURCE>BBC-SQL-D01_BBCMAXSIT_dbo</SOURCE><STATUS maxvalue="APPR">APPR</STATUS><STATUSDATE>2014-12-02T12:41:10+00:00</STATUSDATE><TYPE maxvalue="SNAPSHOT">SNAPSHOT</TYPE><XMLACTION maxvalue="ADDCHANGE">AddChange</XMLACTION><DMPKGDEFSTATUS><CHANGEBY>TIMMINSA</CHANGEBY><CONTENTID>bb312ca1-5618-439a-8467-3223be4016f2</CONTENTID><DMPKGDEFSTATUSID>1512</DMPKGDEFSTATUSID><MEMO></MEMO><STATUS maxvalue="WAPPR">WAPPR</STATUS><STATUSDATE>2014-09-05T12:26:00+01:00</STATUSDATE></DMPKGDEFSTATUS><DMPKGDEFSTATUS><CHANGEBY>TIMMINSA</CHANGEBY><CONTENTID>d427f1c8-e844-4dca-9d17-40b371d14705</CONTENTID><DMPKGDEFSTATUSID>1513</DMPKGDEFSTATUSID><MEMO></MEMO><STATUS maxvalue="APPR">APPR</STATUS><STATUSDATE>2014-12-02T12:41:00+00:00</STATUSDATE></DMPKGDEFSTATUS><DMPKGCFGGRPDEF><CFGOBJGROUP>BBC_CLASS</CFGOBJGROUP><CONTENTID>c8fc310e-dc3d-4a2d-9ee7-ee57681ff8b3</CONTENTID><DMPKGCFGGRPDEFID>1608</DMPKGCFGGRPDEFID><DMPKGCFGOBJDEF><CFGOBJECT>DMCLASSATTRIBUTE</CFGOBJECT><CONTENTID>6fd25e5c-988e-4d15-903e-245c3dc5ca20</CONTENTID><DMPKGCFGOBJDEFID>1505</DMPKGCFGOBJDEFID><WHERECLAUSE>assetattrid = 'FREQ'</WHERECLAUSE></DMPKGCFGOBJDEF><DMPKGCFGOBJDEF><CFGOBJECT>DMCLASSIFICATION</CFGOBJECT><CONTENTID>942e060c-89c6-435d-afb3-7bd23ca4b948</CONTENTID><DMPKGCFGOBJDEFID>1506</DMPKGCFGOBJDEFID><WHERECLAUSE>classificationid = 'JOBPLAN'</WHERECLAUSE></DMPKGCFGOBJDEF></DMPKGCFGGRPDEF><DMPKGDIST><CHANGEBY>TIMMINSA</CHANGEBY><CHANGEDATE>2014-12-02T12:39:47+00:00</CHANGEDATE><CONTENTID>26a156ef-53e6-439c-b918-d9a3551b360d</CONTENTID><DMPKGDISTID>1506</DMPKGDISTID><TARGETNAME>IRVMMFOLDER</TARGETNAME></DMPKGDIST></DMPACKAGEDEF></DMPACKAGEDEFSet></SyncDMPACKAGEDEF>