<?xml version="1.0" encoding="UTF-8"?><SyncDMCLASSIFICATION xmlns="http://www.ibm.com/maximo" xmlns:xsi="http://www.w3.org/2001/XMLSchema-instance" creationDateTime="2014-12-02T12:42:23+00:00" transLanguage="EN" baseLanguage="EN" messageID="1417524141268910370" maximoVersion="7 5 20130829-1209 V7510--1"><DMCLASSIFICATIONSet><CLASSSTRUCTURE action="AddChange"><CLASSIFICATIONID>JOBPLAN</CLASSIFICATIONID><CLASSSTRUCTUREID>22392</CLASSSTRUCTUREID><CLASSSTRUCTUREUID>23702</CLASSSTRUCTUREUID><DESCRIPTION>Job Plan Specifications</DESCRIPTION><DESCRIPTION_LONGDESCRIPTION></DESCRIPTION_LONGDESCRIPTION><GENASSETDESC>0</GENASSETDESC><HASCHILDREN>0</HASCHILDREN><HASLD>0</HASLD><HIERARCHYPATH>JOBPLAN</HIERARCHYPATH><LANGCODE>EN</LANGCODE><ORGID></ORGID><PARENT></PARENT><PLUSPINSERTCUSTOMER></PLUSPINSERTCUSTOMER><PLUSPISGLOBAL>1</PLUSPISGLOBAL><PLUSPROLLDOWN>1</PLUSPROLLDOWN><PLUSPROLLDOWNATTR>1</PLUSPROLLDOWNATTR><SHOWINASSETTOPO>0</SHOWINASSETTOPO><SITEID></SITEID><TYPE></TYPE><USECLASSINDESC>1</USECLASSINDESC><CLASSUSEWITH><CLASSUSEWITHID>11502</CLASSUSEWITHID><DESCRIPTION>Use with Job Plans</DESCRIPTION><OBJECTNAME>JOBPLAN</OBJECTNAME><OBJECTVALUE maxvalue="JOBPLAN">JOBPLAN</OBJECTVALUE><TOPLEVEL>0</TOPLEVEL></CLASSUSEWITH><CLASSSPEC><APPLYDOWNHIER>0</APPLYDOWNHIER><ASSETATTRIBUTEID>303</ASSETATTRIBUTEID><ASSETATTRID>FREQ</ASSETATTRID><ATTRDESCPREFIX></ATTRDESCPREFIX><CLASSSPECID>402</CLASSSPECID><CONTINUOUS>0</CONTINUOUS><CS01></CS01><CS02></CS02><CS03></CS03><CS04 xsi:nil="true"></CS04><CS05 xsi:nil="true"></CS05><DATATYPE maxvalue="NUMERIC">NUMERIC</DATATYPE><DOMAINID></DOMAINID><INHERITEDFROM></INHERITEDFROM><INHERITEDFROMID xsi:nil="true"></INHERITEDFROMID><LINEARTYPE></LINEARTYPE><LINKEDTOATTRIBUTE></LINKEDTOATTRIBUTE><LINKEDTOSECTION></LINKEDTOSECTION><LOOKUPNAME></LOOKUPNAME><MEASUREUNITID></MEASUREUNITID><ORGID></ORGID><PLUSPINSERTCUSTOMER></PLUSPINSERTCUSTOMER><PLUSPISGLOBAL>1</PLUSPISGLOBAL><SECTION></SECTION><SITEID></SITEID><TABLEATTRIBUTE></TABLEATTRIBUTE><CLASSSPECUSEWITH><CLASSSPECID>402</CLASSSPECID><CLASSSPECUSEWITHID>402</CLASSSPECUSEWITHID><DEFAULTALNVALUE></DEFAULTALNVALUE><DEFAULTNUMVALUE xsi:nil="true"></DEFAULTNUMVALUE><DEFAULTTABLEVALUE></DEFAULTTABLEVALUE><MANDATORY>0</MANDATORY><OBJECTNAME>JOBPLAN</OBJECTNAME><OBJECTVALUE maxvalue="JOBPLAN">JOBPLAN</OBJECTVALUE><SEQUENCE>1</SEQUENCE><USEINDESC>1</USEINDESC><USEINSPEC>1</USEINSPEC></CLASSSPECUSEWITH></CLASSSPEC></CLASSSTRUCTURE></DMCLASSIFICATIONSet></SyncDMCLASSIFICATION>