<?xml version="1.0" encoding="UTF-8"?><SyncDMQUERY xmlns="http://www.ibm.com/maximo" xmlns:xsi="http://www.w3.org/2001/XMLSchema-instance" creationDateTime="2015-02-23T11:49:59+00:00" transLanguage="EN" baseLanguage="EN" messageID="1424692199378676308" maximoVersion="7 5 20130829-1209 V7510--1"><DMQUERYSet><QUERY action="AddChange"><APP>PLUSPSR</APP><CLAUSE>(historyflag = 0) and status= 'NEW' and reportdate &lt;= dateadd(hour,1,getdate())</CLAUSE><CLAUSENAME>IRVSRNEWPLUSHOUR</CLAUSENAME><DESCRIPTION>New Service Requests Reported Over 1 Hour Ago</DESCRIPTION><ISPUBLIC>1</ISPUBLIC><OWNER>TIMMINSA</OWNER><QUERYID>8704</QUERYID></QUERY><QUERY action="AddChange"><APP>PLUSPWO</APP><CLAUSE>(status = 'RETURN' and (woclass = 'WORKORDER' or woclass = 'ACTIVITY') and historyflag = 0 and istask = 0 and siteid = 'GB')</CLAUSE><CLAUSENAME>IRVWORETURN</CLAUSENAME><DESCRIPTION>Mobile Return Work Orders</DESCRIPTION><ISPUBLIC>1</ISPUBLIC><OWNER>TIMMINSA</OWNER><QUERYID>8705</QUERYID></QUERY></DMQUERYSet></SyncDMQUERY>