<?xml version="1.0" encoding="UTF-8"?><SyncDMCFGGROUP xmlns="http://www.ibm.com/maximo" xmlns:xsi="http://www.w3.org/2001/XMLSchema-instance" creationDateTime="2015-02-23T11:50:00+00:00" transLanguage="EN" baseLanguage="EN" messageID="1424692200315352905" maximoVersion="7 5 20130829-1209 V7510--1"><DMCFGGROUPSet><DMCFGGROUP><CFGGROUPORDER>38</CFGGROUPORDER><CFGOBJGROUP>BBC_QUERY</CFGOBJGROUP><CHANGEBY>TIMMINSA</CHANGEBY><CHANGEDATE>2014-09-18T13:37:40+01:00</CHANGEDATE><DESCRIPTION>BBC Queries</DESCRIPTION><DMCFGGROUPID>93133</DMCFGGROUPID><GROUPTYPE maxvalue="CFGDATA">CFGDATA</GROUPTYPE><INTERNAL>0</INTERNAL><DMCFGOBJECT><CFGOBJECT>DMQUERY</CFGOBJECT><CFGOBJORDER>1</CFGOBJORDER><CHANGEBY>TIMMINSA</CHANGEBY><CHANGEDATE>2014-09-18T13:37:53+01:00</CHANGEDATE><DESCRIPTION>Query migration object for Migration Manager</DESCRIPTION><DMCFGOBJECTID>2600</DMCFGOBJECTID><INTERNAL>0</INTERNAL></DMCFGOBJECT></DMCFGGROUP></DMCFGGROUPSet></SyncDMCFGGROUP>