<?xml version="1.0" encoding="UTF-8"?><SyncDMSCRIPT xmlns="http://www.ibm.com/maximo" xmlns:xsi="http://www.w3.org/2001/XMLSchema-instance" creationDateTime="2014-08-21T10:56:46+01:00" transLanguage="EN" baseLanguage="EN" messageID="1408615006341473288" maximoVersion="7 5 20130829-1209 V7510--1"><DMSCRIPTSet><AUTOSCRIPT action="AddChange"><ACTION></ACTION><AUTOSCRIPT>IRVWODELASSIGNNSCSD</AUTOSCRIPT><AUTOSCRIPTID>663</AUTOSCRIPTID><BINARYSCRIPTSOURCE></BINARYSCRIPTSOURCE><CATEGORY></CATEGORY><CHANGEBY>TIMMINSA</CHANGEBY><CHANGEDATE>2014-08-21T10:40:41+01:00</CHANGEDATE><COMMENTS></COMMENTS><CREATEDBY>TYLERP</CREATEDBY><CREATEDBYEMAIL>Paul.Tyler@interservefm.com</CREATEDBYEMAIL><CREATEDBYID>TYLERP</CREATEDBYID><CREATEDBYNAME>Paul Tyler</CREATEDBYNAME><CREATEDBYPHONE></CREATEDBYPHONE><CREATEDDATE>2014-02-06T11:56:37+00:00</CREATEDDATE><DESCRIPTION>Workorder Delete Assignment and add log note (NSCSD group)</DESCRIPTION><LOGLEVEL>ERROR</LOGLEVEL><ORGID></ORGID><OWNER>REISH</OWNER><OWNEREMAIL>helio.reis@interservefm.com</OWNEREMAIL><OWNERID></OWNERID><OWNERNAME></OWNERNAME><OWNERPHONE></OWNERPHONE><SCHEDULEDSTATUS></SCHEDULEDSTATUS><SCRIPTLANGUAGE>jython</SCRIPTLANGUAGE><SITEID></SITEID><SOURCE>from psdi.mbo import MboConstants 
from java.lang import Integer 

print '### TEST - SCRIPT RUNNING' 

assignmentSet = mbo.getMboSet("ASSIGNMENT"); #This gets the set of all the assignments for this work order 

assignmentCount=assignmentSet.count() 

print'### assignment count is ' + Integer(assignmentCount).toString() 

#Loop through all the assignments and delete them 
for i in range(assignmentCount): 

  #Get the next Assignment 
  taskMbo=assignmentSet.getMbo(i) 

  taskMbo.setValue("STATUS","COMPLETE" ,MboConstants.NOACCESSCHECK)
  print ### 'Changed assignment ' + Integer(i).toString() 

#Add Assignment To Set

assignmentSet.add()

# Set owner group to be NSCSD 

mbo.setValue("OWNERGROUP", "NSCSD" ,MboConstants.NOACCESSCHECK); 
print '### Owner Group set to be NSCSD' 

worklogset = mbo.getMboSet ("WORKLOG") 
worklogentry = worklogset.add() 
worklogentry.setValue("clientviewable",1) 
worklogentry.setValue("logtype","WORK") 
worklogentry.setValue("description","Work Order awaiting reassignment") 


# Change the status to WAPPR 

mbo.setValue("Status", "WAPPR" ,MboConstants.NOACCESSCHECK);</SOURCE><STATUS maxvalue="Production">Active</STATUS><STATUSDATE>2014-07-25T17:21:13+01:00</STATUSDATE><USERDEFINED>1</USERDEFINED><VERSION></VERSION></AUTOSCRIPT></DMSCRIPTSet></SyncDMSCRIPT>