<?xml version="1.0" encoding="UTF-8"?><SyncDMLAUNCHPOINT xmlns="http://www.ibm.com/maximo" xmlns:xsi="http://www.w3.org/2001/XMLSchema-instance" creationDateTime="2014-08-04T17:04:09+01:00" transLanguage="EN" baseLanguage="EN" messageID="1407168249046859125" maximoVersion="7 5 20130829-1209 V7510--1"><DMLAUNCHPOINTSet><SCRIPTLAUNCHPOINT action="AddChange"><ACTIONNAME></ACTIONNAME><ACTIVE>1</ACTIVE><ADD>0</ADD><ATTRIBUTENAME></ATTRIBUTENAME><AUTOSCRIPT>CREATERETURNWO</AUTOSCRIPT><CONDITION></CONDITION><DELETE>0</DELETE><DESCRIPTION>Create Return Work Order</DESCRIPTION><INIT>0</INIT><LAUNCHPOINTNAME>CREATERETURNWO</LAUNCHPOINTNAME><LAUNCHPOINTTYPE>ACTION</LAUNCHPOINTTYPE><OBJECTEVENT xsi:nil="true"></OBJECTEVENT><OBJECTNAME>WORKORDER</OBJECTNAME><SCRIPTLAUNCHPOINTID>2444</SCRIPTLAUNCHPOINTID><UPDATE>0</UPDATE></SCRIPTLAUNCHPOINT></DMLAUNCHPOINTSet></SyncDMLAUNCHPOINT>