<?xml version="1.0" encoding="UTF-8"?><SyncDMPACKAGEDEF xmlns="http://www.ibm.com/maximo" xmlns:xsi="http://www.w3.org/2001/XMLSchema-instance" creationDateTime="2014-08-04T17:04:09+01:00" transLanguage="EN" baseLanguage="EN" messageID="1407168249999240765" maximoVersion="7 5 20130829-1209 V7510--1"><DMPACKAGEDEFSet><DMPACKAGEDEF><ACTIVE>0</ACTIVE><BATCHSIZE>100</BATCHSIZE><CHANGEBY>TIMMINSA</CHANGEBY><CHANGEDATE>2014-08-03T21:13:20+01:00</CHANGEDATE><CONTENTID>bfb65e4b-25ee-4729-a3af-05eca89594b9</CONTENTID><DESCRIPTION>BBC Scripts</DESCRIPTION><DESCRIPTION_LONGDESCRIPTION></DESCRIPTION_LONGDESCRIPTION><DMPACKAGEDEFID>410</DMPACKAGEDEFID><DMROLE></DMROLE><HASLD>0</HASLD><LANGCODE>EN</LANGCODE><PKGDEFNAME>BBC_SCRIPT</PKGDEFNAME><SOURCE>BBC-SQL-D01_BBCMAXDEV_dbo</SOURCE><STATUS maxvalue="APPR">APPR</STATUS><STATUSDATE>2014-08-03T21:14:43+01:00</STATUSDATE><TYPE maxvalue="SNAPSHOT">SNAPSHOT</TYPE><XMLACTION maxvalue="ADDCHANGE">AddChange</XMLACTION><DMPKGDEFSTATUS><CHANGEBY>TIMMINSA</CHANGEBY><CONTENTID>3f4c6023-16be-4420-b35a-15d18b642c11</CONTENTID><DMPKGDEFSTATUSID>414</DMPKGDEFSTATUSID><MEMO></MEMO><STATUS maxvalue="WAPPR">WAPPR</STATUS><STATUSDATE>2014-07-08T13:02:00+01:00</STATUSDATE></DMPKGDEFSTATUS><DMPKGDEFSTATUS><CHANGEBY>TIMMINSA</CHANGEBY><CONTENTID>645c8683-672e-4924-a8bd-4e92fce630d7</CONTENTID><DMPKGDEFSTATUSID>415</DMPKGDEFSTATUSID><MEMO></MEMO><STATUS maxvalue="APPR">APPR</STATUS><STATUSDATE>2014-08-03T21:14:00+01:00</STATUSDATE></DMPKGDEFSTATUS><DMPKGCFGGRPDEF><CFGOBJGROUP>SCRIPTCFG</CFGOBJGROUP><CONTENTID>799acc47-5608-42e2-abc9-db08c941011b</CONTENTID><DMPKGCFGGRPDEFID>509</DMPKGCFGGRPDEFID><DMPKGCFGOBJDEF><CFGOBJECT>DMSCRIPT</CFGOBJECT><CONTENTID>e6da6f5c-7070-44a9-8281-ddd8eb132b63</CONTENTID><DMPKGCFGOBJDEFID>407</DMPKGCFGOBJDEFID><WHERECLAUSE>autoscript  = 'CREATERETURNWO'</WHERECLAUSE></DMPKGCFGOBJDEF><DMPKGCFGOBJDEF><CFGOBJECT>DMLAUNCHPOINT</CFGOBJECT><CONTENTID>9ac85002-520d-4681-850d-9a9bc0936bcc</CONTENTID><DMPKGCFGOBJDEFID>408</DMPKGCFGOBJDEFID><WHERECLAUSE>autoscript  = 'CREATERETURNWO'</WHERECLAUSE></DMPKGCFGOBJDEF></DMPKGCFGGRPDEF><DMPKGDIST><CHANGEBY>TIMMINSA</CHANGEBY><CHANGEDATE>2014-08-03T21:13:20+01:00</CHANGEDATE><CONTENTID>247a7f0d-d914-4188-904e-52ad04fafb43</CONTENTID><DMPKGDISTID>405</DMPKGDISTID><TARGETNAME>IRVMMFOLDER</TARGETNAME></DMPKGDIST></DMPACKAGEDEF></DMPACKAGEDEFSet></SyncDMPACKAGEDEF>