<?xml version="1.0" encoding="UTF-8"?><SyncDMSCRIPT xmlns="http://www.ibm.com/maximo" xmlns:xsi="http://www.w3.org/2001/XMLSchema-instance" creationDateTime="2014-08-04T17:04:08+01:00" transLanguage="EN" baseLanguage="EN" messageID="1407168248968990170" maximoVersion="7 5 20130829-1209 V7510--1"><DMSCRIPTSet><AUTOSCRIPT action="AddChange"><ACTION></ACTION><AUTOSCRIPT>CREATERETURNWO</AUTOSCRIPT><AUTOSCRIPTID>2363</AUTOSCRIPTID><BINARYSCRIPTSOURCE></BINARYSCRIPTSOURCE><CATEGORY></CATEGORY><CHANGEBY>TIMMINSA</CHANGEBY><CHANGEDATE>2014-07-30T16:27:07+01:00</CHANGEDATE><COMMENTS></COMMENTS><CREATEDBY>TIMMINSA</CREATEDBY><CREATEDBYEMAIL>Andrew.Timmins@interservefm.com</CREATEDBYEMAIL><CREATEDBYID></CREATEDBYID><CREATEDBYNAME></CREATEDBYNAME><CREATEDBYPHONE></CREATEDBYPHONE><CREATEDDATE>2014-07-30T16:27:07+01:00</CREATEDDATE><DESCRIPTION>Create Return Work Order</DESCRIPTION><LOGLEVEL>ERROR</LOGLEVEL><ORGID></ORGID><OWNER>TIMMINSA</OWNER><OWNEREMAIL>Andrew.Timmins@interservefm.com</OWNEREMAIL><OWNERID></OWNERID><OWNERNAME></OWNERNAME><OWNERPHONE></OWNERPHONE><SCHEDULEDSTATUS></SCHEDULEDSTATUS><SCRIPTLANGUAGE>jython</SCRIPTLANGUAGE><SITEID></SITEID><SOURCE>from psdi.server import MXServer
from psdi.mbo import SqlFormat

srMbo = mbo.getMboSet("ORIGTICKET").getMbo(0)

try:
    actionSet = MXServer.getMXServer().getMboSet("action", mbo.getUserInfo());
    sqf = SqlFormat("action = :1")
    sqf.setObject(1, "action", "action", "SR CREATEWO")
 
    actionSet.setWhere(sqf.format())
    actionSet.reset()
    actionSet.getMbo(0).executeAction(srMbo)
except:
    print "Exception: ", sys.exc_info()</SOURCE><STATUS maxvalue="Draft">Draft</STATUS><STATUSDATE>2014-07-30T16:27:07+01:00</STATUSDATE><USERDEFINED>1</USERDEFINED><VERSION></VERSION></AUTOSCRIPT></DMSCRIPTSet></SyncDMSCRIPT>