<?xml version="1.0" encoding="UTF-8"?><SyncDMPACKAGE xmlns="http://www.ibm.com/maximo" xmlns:xsi="http://www.w3.org/2001/XMLSchema-instance" creationDateTime="2014-08-04T16:55:39+01:00" transLanguage="EN" baseLanguage="EN" messageID="1407167739771818928" maximoVersion="7 5 20130829-1209 V7510--1"><DMPACKAGESet><DMPACKAGE><CHANGEBY>TIMMINSA</CHANGEBY><CONTENTID>bfbbe6db-630a-4a18-9216-b15ee4f31c7a</CONTENTID><CREATEBY>TIMMINSA</CREATEBY><CREATEDATE>2014-08-04T16:54:55+01:00</CREATEDATE><DMPACKAGEID>413</DMPACKAGEID><FILENAME></FILENAME><PACKAGE>BBC_WF_BBC-SQL-D01_BBCMAXDEV_dbo_20140804165455</PACKAGE><PKGDEFNAME>BBC_WF</PKGDEFNAME><PROGRESSSTATUS maxvalue="CREATED">CREATED</PROGRESSSTATUS><README></README><REDISTRIBUTESRC></REDISTRIBUTESRC><SOURCE>BBC-SQL-D01_BBCMAXDEV_dbo</SOURCE><STATUS maxvalue="CREATED">CREATED</STATUS><STATUSDATE>2014-08-04T16:55:39+01:00</STATUSDATE><DMPKGSTATUS><CHANGEBY>TIMMINSA</CHANGEBY><CHANGEDATE>2014-08-04T16:55:38+01:00</CHANGEDATE><CONTENTID>28108053-1995-4e2f-a27a-be4ea6716fa8</CONTENTID><DMPKGSTATUSID>457</DMPKGSTATUSID><MEMO>Progress status changed in product environment BBC-SQL-D01_BBCMAXDEV_dbo from CREATE_NEW while creating package</MEMO><PROGRESSSTATUS maxvalue="CREATED_CFGDATA">CREATED_CFGDATA</PROGRESSSTATUS><REDISTRIBUTESRC></REDISTRIBUTESRC><STATUS maxvalue="CREATE_INPROGRESS">CREATE_INPROGRESS</STATUS></DMPKGSTATUS><DMPKGSTATUS><CHANGEBY>TIMMINSA</CHANGEBY><CHANGEDATE>2014-08-04T16:55:39+01:00</CHANGEDATE><CONTENTID>e0b58152-894f-4834-8e12-6def857ea3b1</CONTENTID><DMPKGSTATUSID>459</DMPKGSTATUSID><MEMO>Progress status changed in product environment BBC-SQL-D01_BBCMAXDEV_dbo from CREATED_PKGMETADATA while creating package</MEMO><PROGRESSSTATUS maxvalue="CREATED_MANIFEST">CREATED_MANIFEST</PROGRESSSTATUS><REDISTRIBUTESRC></REDISTRIBUTESRC><STATUS maxvalue="CREATE_INPROGRESS">CREATE_INPROGRESS</STATUS></DMPKGSTATUS><DMPKGSTATUS><CHANGEBY>TIMMINSA</CHANGEBY><CHANGEDATE>2014-08-04T16:55:39+01:00</CHANGEDATE><CONTENTID>89c9726d-55fa-47e1-a6bc-e32e03c52aed</CONTENTID><DMPKGSTATUSID>458</DMPKGSTATUSID><MEMO>Progress status changed in product environment BBC-SQL-D01_BBCMAXDEV_dbo from CREATED_CFGDATA while creating package</MEMO><PROGRESSSTATUS maxvalue="CREATED_PKGMETADATA">CREATED_PKGMETADATA</PROGRESSSTATUS><REDISTRIBUTESRC></REDISTRIBUTESRC><STATUS maxvalue="CREATE_INPROGRESS">CREATE_INPROGRESS</STATUS></DMPKGSTATUS><DMPKGSTATUS><CHANGEBY>TIMMINSA</CHANGEBY><CHANGEDATE>2014-08-04T16:54:55+01:00</CHANGEDATE><CONTENTID>e17a4bac-c73c-4740-a4c1-b9b1eae7387d</CONTENTID><DMPKGSTATUSID>456</DMPKGSTATUSID><MEMO>Progress status changed in product environment BBC-SQL-D01_BBCMAXDEV_dbo while creating package.</MEMO><PROGRESSSTATUS maxvalue="CREATE_NEW">CREATE_NEW</PROGRESSSTATUS><REDISTRIBUTESRC></REDISTRIBUTESRC><STATUS maxvalue="CREATE_NEW">CREATE_NEW</STATUS></DMPKGSTATUS><DMPKGSTATUS><CHANGEBY>TIMMINSA</CHANGEBY><CHANGEDATE>2014-08-04T16:55:39+01:00</CHANGEDATE><CONTENTID>72d4f656-c0fd-4357-b017-33d935a03d9f</CONTENTID><DMPKGSTATUSID>460</DMPKGSTATUSID><MEMO>Progress status changed in product environment BBC-SQL-D01_BBCMAXDEV_dbo from CREATED_MANIFEST while creating package</MEMO><PROGRESSSTATUS maxvalue="CREATED">CREATED</PROGRESSSTATUS><REDISTRIBUTESRC></REDISTRIBUTESRC><STATUS maxvalue="CREATED">CREATED</STATUS></DMPKGSTATUS></DMPACKAGE></DMPACKAGESet></SyncDMPACKAGE>