<?xml version="1.0" encoding="UTF-8"?><SyncDMWFPROCESS xmlns="http://www.ibm.com/maximo" xmlns:xsi="http://www.w3.org/2001/XMLSchema-instance" creationDateTime="2014-08-04T16:55:37+01:00" transLanguage="EN" baseLanguage="EN" messageID="1407167737412901675" maximoVersion="7 5 20130829-1209 V7510--1"><DMWFPROCESSSet><WFPROCESS action="AddChange"><ACTIVE>0</ACTIVE><AUTOINITIATE>0</AUTOINITIATE><CHANGEBY>TIMMINSA</CHANGEBY><CHANGEDATE>2014-07-30T17:06:34+01:00</CHANGEDATE><DELETABLE>0</DELETABLE><DESCRIPTION>Sub Workflow for Workorder - Return</DESCRIPTION><DESCRIPTION_LONGDESCRIPTION></DESCRIPTION_LONGDESCRIPTION><ENABLED>1</ENABLED><EXTERNALREFID></EXTERNALREFID><HASLD>0</HASLD><LANGCODE>EN</LANGCODE><MIGRATED>0</MIGRATED><OBJECTNAME>WORKORDER</OBJECTNAME><OWNERSYSID></OWNERSYSID><PROCESSNAME>SUBWORETUR</PROCESSNAME><PROCESSREV>12</PROCESSREV><SENDERSYSID>MX</SENDERSYSID><SOURCESYSID></SOURCESYSID><WFPROCESSID>5558</WFPROCESSID><WFNODE><DESCRIPTION>START 1</DESCRIPTION><DESCRIPTION_LONGDESCRIPTION></DESCRIPTION_LONGDESCRIPTION><HASLD>0</HASLD><IMAGEFILE></IMAGEFILE><LANGCODE>EN</LANGCODE><NODEID>1</NODEID><NODETYPE maxvalue="WFSTART">START</NODETYPE><TITLE>START 1</TITLE><WFNODEID>15578</WFNODEID><XCOORDINATE>1</XCOORDINATE><YCOORDINATE>1</YCOORDINATE><WFSTART><WFSTARTID>5598</WFSTARTID></WFSTART><WFACTION><ACTION></ACTION><ACTIONID>3</ACTIONID><CONDITION></CONDITION><CONDITIONCLASS></CONDITIONCLASS><INSTRUCTION>Work Order assigned to mobile engineer?</INSTRUCTION><ISPOSITIVE>1</ISPOSITIVE><MEMBERNODEID>3</MEMBERNODEID><OWNERNODEID>1</OWNERNODEID><SEQUENCE xsi:nil="true"></SEQUENCE><WFACTIONID>18527</WFACTIONID></WFACTION></WFNODE><WFNODE><DESCRIPTION>Work Order assigned to mobile engineer?</DESCRIPTION><DESCRIPTION_LONGDESCRIPTION></DESCRIPTION_LONGDESCRIPTION><HASLD>0</HASLD><IMAGEFILE></IMAGEFILE><LANGCODE>EN</LANGCODE><NODEID>3</NODEID><NODETYPE maxvalue="WFCONDITION">CONDITION</NODETYPE><TITLE>ASSMOBILE</TITLE><WFNODEID>15579</WFNODEID><XCOORDINATE>4</XCOORDINATE><YCOORDINATE>1</YCOORDINATE><WFACTION><ACTION></ACTION><ACTIONID>31</ACTIONID><CONDITION></CONDITION><CONDITIONCLASS></CONDITIONCLASS><INSTRUCTION>Assigned to mobile engineer message</INSTRUCTION><ISPOSITIVE>1</ISPOSITIVE><MEMBERNODEID>4</MEMBERNODEID><OWNERNODEID>3</OWNERNODEID><SEQUENCE xsi:nil="true"></SEQUENCE><WFACTIONID>18528</WFACTIONID></WFACTION><WFACTION><ACTION></ACTION><ACTIONID>32</ACTIONID><CONDITION></CONDITION><CONDITIONCLASS></CONDITIONCLASS><INSTRUCTION>Return reason = ABANDON?</INSTRUCTION><ISPOSITIVE>0</ISPOSITIVE><MEMBERNODEID>7</MEMBERNODEID><OWNERNODEID>3</OWNERNODEID><SEQUENCE xsi:nil="true"></SEQUENCE><WFACTIONID>18529</WFACTIONID></WFACTION><WFCONDITION><CONDITION>ASSIGNMENT.LABOR.IRV_CONTMETHOD &lt;&gt; 'MOBILE'</CONDITION><CUSTOMCLASS></CUSTOMCLASS><WFCONDITIONID>9665</WFCONDITIONID></WFCONDITION></WFNODE><WFNODE><DESCRIPTION>Assigned to mobile engineer message</DESCRIPTION><DESCRIPTION_LONGDESCRIPTION></DESCRIPTION_LONGDESCRIPTION><HASLD>0</HASLD><IMAGEFILE></IMAGEFILE><LANGCODE>EN</LANGCODE><NODEID>4</NODEID><NODETYPE maxvalue="WFINTERACTION">INTERACTION</NODETYPE><TITLE>MOBILEMESSAGE</TITLE><WFNODEID>15580</WFNODEID><XCOORDINATE>7</XCOORDINATE><YCOORDINATE>1</YCOORDINATE><WFACTION><ACTION></ACTION><ACTIONID>92</ACTIONID><CONDITION></CONDITION><CONDITIONCLASS></CONDITIONCLASS><INSTRUCTION>INPUT 42</INSTRUCTION><ISPOSITIVE>1</ISPOSITIVE><MEMBERNODEID>42</MEMBERNODEID><OWNERNODEID>4</OWNERNODEID><SEQUENCE xsi:nil="true"></SEQUENCE><WFACTIONID>18530</WFACTIONID></WFACTION><WFINTERACTION><ACTION>ROUTEWF</ACTION><APP>PLUSPWO</APP><DIRECTIONS>Message</DIRECTIONS><DIRECTIONS_LONGDESCRIPTION>Warning -  This workorder is currently not assigned to a mobile engineer, continue will reset the status to WAPPR</DIRECTIONS_LONGDESCRIPTION><HASLD>1</HASLD><LANGCODE>EN</LANGCODE><LAUNCHPROCESS></LAUNCHPROCESS><PAGE></PAGE><RELATION></RELATION><TABNAME></TABNAME><WFINTERACTIONID>5774</WFINTERACTIONID><LONGDESCRIPTION><CONTENTUID>413,699</CONTENTUID><LANGCODE>EN</LANGCODE><LDKEY>5774</LDKEY><LDOWNERCOL>DIRECTIONS</LDOWNERCOL><LDOWNERTABLE>WFINTERACTION</LDOWNERTABLE><LDTEXT>Warning -  This workorder is currently not assigned to a mobile engineer, continue will reset the status to WAPPR</LDTEXT><LONGDESCRIPTIONID>413699</LONGDESCRIPTIONID></LONGDESCRIPTION></WFINTERACTION></WFNODE><WFNODE><DESCRIPTION>STOP 6</DESCRIPTION><DESCRIPTION_LONGDESCRIPTION></DESCRIPTION_LONGDESCRIPTION><HASLD>0</HASLD><IMAGEFILE></IMAGEFILE><LANGCODE>EN</LANGCODE><NODEID>6</NODEID><NODETYPE maxvalue="WFSTOP">STOP</NODETYPE><TITLE>STOP 6</TITLE><WFNODEID>15581</WFNODEID><XCOORDINATE>13</XCOORDINATE><YCOORDINATE>1</YCOORDINATE><WFSTOP><WFSTOPID>7107</WFSTOPID></WFSTOP></WFNODE><WFNODE><DESCRIPTION>Return reason = ABANDON?</DESCRIPTION><DESCRIPTION_LONGDESCRIPTION></DESCRIPTION_LONGDESCRIPTION><HASLD>0</HASLD><IMAGEFILE></IMAGEFILE><LANGCODE>EN</LANGCODE><NODEID>7</NODEID><NODETYPE maxvalue="WFCONDITION">CONDITION</NODETYPE><TITLE>RETURNABAND</TITLE><WFNODEID>15582</WFNODEID><XCOORDINATE>4</XCOORDINATE><YCOORDINATE>2</YCOORDINATE><WFACTION><ACTION></ACTION><ACTIONID>7</ACTIONID><CONDITION></CONDITION><CONDITIONCLASS></CONDITIONCLASS><INSTRUCTION>Return reason = LANDLORD?</INSTRUCTION><ISPOSITIVE>0</ISPOSITIVE><MEMBERNODEID>8</MEMBERNODEID><OWNERNODEID>7</OWNERNODEID><SEQUENCE xsi:nil="true"></SEQUENCE><WFACTIONID>18531</WFACTIONID></WFACTION><WFACTION><ACTION>IRVWODELASSIGNNSCSD</ACTION><ACTIONID>35</ACTIONID><CONDITION></CONDITION><CONDITIONCLASS></CONDITIONCLASS><INSTRUCTION>STOP 25</INSTRUCTION><ISPOSITIVE>1</ISPOSITIVE><MEMBERNODEID>25</MEMBERNODEID><OWNERNODEID>7</OWNERNODEID><SEQUENCE xsi:nil="true"></SEQUENCE><WFACTIONID>18532</WFACTIONID></WFACTION><WFCONDITION><CONDITION>:IRV_RETURNSTATUSCODE = 'Abandon'</CONDITION><CUSTOMCLASS></CUSTOMCLASS><WFCONDITIONID>9666</WFCONDITIONID></WFCONDITION></WFNODE><WFNODE><DESCRIPTION>Return reason = LANDLORD?</DESCRIPTION><DESCRIPTION_LONGDESCRIPTION></DESCRIPTION_LONGDESCRIPTION><HASLD>0</HASLD><IMAGEFILE></IMAGEFILE><LANGCODE>EN</LANGCODE><NODEID>8</NODEID><NODETYPE maxvalue="WFCONDITION">CONDITION</NODETYPE><TITLE>RETURNLANDLORD</TITLE><WFNODEID>15583</WFNODEID><XCOORDINATE>4</XCOORDINATE><YCOORDINATE>3</YCOORDINATE><WFACTION><ACTION></ACTION><ACTIONID>8</ACTIONID><CONDITION></CONDITION><CONDITIONCLASS></CONDITIONCLASS><INSTRUCTION>Return Reason = RECALL</INSTRUCTION><ISPOSITIVE>0</ISPOSITIVE><MEMBERNODEID>9</MEMBERNODEID><OWNERNODEID>8</OWNERNODEID><SEQUENCE xsi:nil="true"></SEQUENCE><WFACTIONID>18533</WFACTIONID></WFACTION><WFACTION><ACTION></ACTION><ACTIONID>13</ACTIONID><CONDITION></CONDITION><CONDITIONCLASS></CONDITIONCLASS><INSTRUCTION>Actual start populated?</INSTRUCTION><ISPOSITIVE>1</ISPOSITIVE><MEMBERNODEID>13</MEMBERNODEID><OWNERNODEID>8</OWNERNODEID><SEQUENCE xsi:nil="true"></SEQUENCE><WFACTIONID>18534</WFACTIONID></WFACTION><WFCONDITION><CONDITION>:IRV_RETURNSTATUSCODE = 'Landlord'</CONDITION><CUSTOMCLASS></CUSTOMCLASS><WFCONDITIONID>9667</WFCONDITIONID></WFCONDITION></WFNODE><WFNODE><DESCRIPTION>Return Reason = RECALL</DESCRIPTION><DESCRIPTION_LONGDESCRIPTION></DESCRIPTION_LONGDESCRIPTION><HASLD>0</HASLD><IMAGEFILE></IMAGEFILE><LANGCODE>EN</LANGCODE><NODEID>9</NODEID><NODETYPE maxvalue="WFCONDITION">CONDITION</NODETYPE><TITLE>RETURNRECALL</TITLE><WFNODEID>15584</WFNODEID><XCOORDINATE>4</XCOORDINATE><YCOORDINATE>4</YCOORDINATE><WFACTION><ACTION></ACTION><ACTIONID>9</ACTIONID><CONDITION></CONDITION><CONDITIONCLASS></CONDITIONCLASS><INSTRUCTION>Return Reason = SUBREQ</INSTRUCTION><ISPOSITIVE>0</ISPOSITIVE><MEMBERNODEID>10</MEMBERNODEID><OWNERNODEID>9</OWNERNODEID><SEQUENCE xsi:nil="true"></SEQUENCE><WFACTIONID>18535</WFACTIONID></WFACTION><WFACTION><ACTION></ACTION><ACTIONID>17</ACTIONID><CONDITION></CONDITION><CONDITIONCLASS></CONDITIONCLASS><INSTRUCTION>Actual start populated?</INSTRUCTION><ISPOSITIVE>1</ISPOSITIVE><MEMBERNODEID>17</MEMBERNODEID><OWNERNODEID>9</OWNERNODEID><SEQUENCE xsi:nil="true"></SEQUENCE><WFACTIONID>18536</WFACTIONID></WFACTION><WFCONDITION><CONDITION>:IRV_RETURNSTATUSCODE = 'Recall'</CONDITION><CUSTOMCLASS></CUSTOMCLASS><WFCONDITIONID>9668</WFCONDITIONID></WFCONDITION></WFNODE><WFNODE><DESCRIPTION>Return Reason = SUBREQ</DESCRIPTION><DESCRIPTION_LONGDESCRIPTION></DESCRIPTION_LONGDESCRIPTION><HASLD>0</HASLD><IMAGEFILE></IMAGEFILE><LANGCODE>EN</LANGCODE><NODEID>10</NODEID><NODETYPE maxvalue="WFCONDITION">CONDITION</NODETYPE><TITLE>RETURNSUBCREQ</TITLE><WFNODEID>15585</WFNODEID><XCOORDINATE>4</XCOORDINATE><YCOORDINATE>5</YCOORDINATE><WFACTION><ACTION></ACTION><ACTIONID>10</ACTIONID><CONDITION></CONDITION><CONDITIONCLASS></CONDITIONCLASS><INSTRUCTION>Return Reason = ASSMISS</INSTRUCTION><ISPOSITIVE>0</ISPOSITIVE><MEMBERNODEID>11</MEMBERNODEID><OWNERNODEID>10</OWNERNODEID><SEQUENCE xsi:nil="true"></SEQUENCE><WFACTIONID>18537</WFACTIONID></WFACTION><WFACTION><ACTION></ACTION><ACTIONID>20</ACTIONID><CONDITION></CONDITION><CONDITIONCLASS></CONDITIONCLASS><INSTRUCTION>Actual start populated?</INSTRUCTION><ISPOSITIVE>1</ISPOSITIVE><MEMBERNODEID>19</MEMBERNODEID><OWNERNODEID>10</OWNERNODEID><SEQUENCE xsi:nil="true"></SEQUENCE><WFACTIONID>18538</WFACTIONID></WFACTION><WFCONDITION><CONDITION>:IRV_RETURNSTATUSCODE = 'Subcontractor Required'</CONDITION><CUSTOMCLASS></CUSTOMCLASS><WFCONDITIONID>9669</WFCONDITIONID></WFCONDITION></WFNODE><WFNODE><DESCRIPTION>Return Reason = ASSMISS</DESCRIPTION><DESCRIPTION_LONGDESCRIPTION></DESCRIPTION_LONGDESCRIPTION><HASLD>0</HASLD><IMAGEFILE></IMAGEFILE><LANGCODE>EN</LANGCODE><NODEID>11</NODEID><NODETYPE maxvalue="WFCONDITION">CONDITION</NODETYPE><TITLE>RETURNASSMISS</TITLE><WFNODEID>15586</WFNODEID><XCOORDINATE>4</XCOORDINATE><YCOORDINATE>6</YCOORDINATE><WFACTION><ACTION></ACTION><ACTIONID>11</ACTIONID><CONDITION></CONDITION><CONDITIONCLASS></CONDITIONCLASS><INSTRUCTION>Return reason = No Access, reassign, require assistance, Wrong skill,</INSTRUCTION><ISPOSITIVE>0</ISPOSITIVE><MEMBERNODEID>12</MEMBERNODEID><OWNERNODEID>11</OWNERNODEID><SEQUENCE xsi:nil="true"></SEQUENCE><WFACTIONID>18539</WFACTIONID></WFACTION><WFACTION><ACTION></ACTION><ACTIONID>46</ACTIONID><CONDITION></CONDITION><CONDITIONCLASS></CONDITIONCLASS><INSTRUCTION>Actual start is populated?</INSTRUCTION><ISPOSITIVE>1</ISPOSITIVE><MEMBERNODEID>39</MEMBERNODEID><OWNERNODEID>11</OWNERNODEID><SEQUENCE xsi:nil="true"></SEQUENCE><WFACTIONID>18540</WFACTIONID></WFACTION><WFCONDITION><CONDITION>:IRV_RETURNSTATUSCODE = 'Asset Missing'</CONDITION><CUSTOMCLASS></CUSTOMCLASS><WFCONDITIONID>9670</WFCONDITIONID></WFCONDITION></WFNODE><WFNODE><DESCRIPTION>Return reason = No Access, reassign, require assistance, Wrong skill,</DESCRIPTION><DESCRIPTION_LONGDESCRIPTION></DESCRIPTION_LONGDESCRIPTION><HASLD>0</HASLD><IMAGEFILE></IMAGEFILE><LANGCODE>EN</LANGCODE><NODEID>12</NODEID><NODETYPE maxvalue="WFCONDITION">CONDITION</NODETYPE><TITLE>RETURNOTHER</TITLE><WFNODEID>15587</WFNODEID><XCOORDINATE>4</XCOORDINATE><YCOORDINATE>7</YCOORDINATE><WFACTION><ACTION></ACTION><ACTIONID>25</ACTIONID><CONDITION></CONDITION><CONDITIONCLASS></CONDITIONCLASS><INSTRUCTION>Actual start populated?</INSTRUCTION><ISPOSITIVE>1</ISPOSITIVE><MEMBERNODEID>21</MEMBERNODEID><OWNERNODEID>12</OWNERNODEID><SEQUENCE xsi:nil="true"></SEQUENCE><WFACTIONID>18541</WFACTIONID></WFACTION><WFACTION><ACTION></ACTION><ACTIONID>69</ACTIONID><CONDITION></CONDITION><CONDITIONCLASS></CONDITIONCLASS><INSTRUCTION>INTERACTION 41</INSTRUCTION><ISPOSITIVE>0</ISPOSITIVE><MEMBERNODEID>41</MEMBERNODEID><OWNERNODEID>12</OWNERNODEID><SEQUENCE xsi:nil="true"></SEQUENCE><WFACTIONID>18542</WFACTIONID></WFACTION><WFCONDITION><CONDITION>:IRV_RETURNSTATUSCODE in (&#xD;
'No access',&#xD;
'Reassign to Me',&#xD;
'Require Assistance',&#xD;
'Wrong Skill',&#xD;
'Awaiting Materials',&#xD;
'No Access')</CONDITION><CUSTOMCLASS></CUSTOMCLASS><WFCONDITIONID>9671</WFCONDITIONID></WFCONDITION></WFNODE><WFNODE><DESCRIPTION>Actual start populated?</DESCRIPTION><DESCRIPTION_LONGDESCRIPTION></DESCRIPTION_LONGDESCRIPTION><HASLD>0</HASLD><IMAGEFILE></IMAGEFILE><LANGCODE>EN</LANGCODE><NODEID>13</NODEID><NODETYPE maxvalue="WFCONDITION">CONDITION</NODETYPE><TITLE>ACTSTART</TITLE><WFNODEID>15588</WFNODEID><XCOORDINATE>7</XCOORDINATE><YCOORDINATE>3</YCOORDINATE><WFACTION><ACTION></ACTION><ACTIONID>15</ACTIONID><CONDITION></CONDITION><CONDITIONCLASS></CONDITIONCLASS><INSTRUCTION>Actual start is not populaed</INSTRUCTION><ISPOSITIVE>0</ISPOSITIVE><MEMBERNODEID>15</MEMBERNODEID><OWNERNODEID>13</OWNERNODEID><SEQUENCE xsi:nil="true"></SEQUENCE><WFACTIONID>18543</WFACTIONID></WFACTION><WFACTION><ACTION>IRVWOACTFINCOMP</ACTION><ACTIONID>39</ACTIONID><CONDITION></CONDITION><CONDITIONCLASS></CONDITIONCLASS><INSTRUCTION>INTERACTION 31</INSTRUCTION><ISPOSITIVE>1</ISPOSITIVE><MEMBERNODEID>31</MEMBERNODEID><OWNERNODEID>13</OWNERNODEID><SEQUENCE xsi:nil="true"></SEQUENCE><WFACTIONID>18544</WFACTIONID></WFACTION><WFCONDITION><CONDITION>:actstart is not null</CONDITION><CUSTOMCLASS></CUSTOMCLASS><WFCONDITIONID>9673</WFCONDITIONID></WFCONDITION></WFNODE><WFNODE><DESCRIPTION>Actual start is not populaed</DESCRIPTION><DESCRIPTION_LONGDESCRIPTION></DESCRIPTION_LONGDESCRIPTION><HASLD>0</HASLD><IMAGEFILE></IMAGEFILE><LANGCODE>EN</LANGCODE><NODEID>15</NODEID><NODETYPE maxvalue="WFINTERACTION">INTERACTION</NODETYPE><TITLE>ACTSTARTNULL</TITLE><WFNODEID>15590</WFNODEID><XCOORDINATE>9</XCOORDINATE><YCOORDINATE>3</YCOORDINATE><WFACTION><ACTION></ACTION><ACTIONID>14</ACTIONID><CONDITION></CONDITION><CONDITIONCLASS></CONDITIONCLASS><INSTRUCTION>Actual start populated?</INSTRUCTION><ISPOSITIVE>1</ISPOSITIVE><MEMBERNODEID>13</MEMBERNODEID><OWNERNODEID>15</OWNERNODEID><SEQUENCE xsi:nil="true"></SEQUENCE><WFACTIONID>18545</WFACTIONID></WFACTION><WFINTERACTION><ACTION>ROUTEWF</ACTION><APP>PLUSPWO</APP><DIRECTIONS>Actual start is not populated</DIRECTIONS><DIRECTIONS_LONGDESCRIPTION>Please ensure that the actual start date is populated.</DIRECTIONS_LONGDESCRIPTION><HASLD>1</HASLD><LANGCODE>EN</LANGCODE><LAUNCHPROCESS></LAUNCHPROCESS><PAGE></PAGE><RELATION></RELATION><TABNAME></TABNAME><WFINTERACTIONID>5775</WFINTERACTIONID><LONGDESCRIPTION><CONTENTUID>413,700</CONTENTUID><LANGCODE>EN</LANGCODE><LDKEY>5775</LDKEY><LDOWNERCOL>DIRECTIONS</LDOWNERCOL><LDOWNERTABLE>WFINTERACTION</LDOWNERTABLE><LDTEXT>Please ensure that the actual start date is populated.</LDTEXT><LONGDESCRIPTIONID>413700</LONGDESCRIPTIONID></LONGDESCRIPTION></WFINTERACTION></WFNODE><WFNODE><DESCRIPTION>Actual start populated?</DESCRIPTION><DESCRIPTION_LONGDESCRIPTION></DESCRIPTION_LONGDESCRIPTION><HASLD>0</HASLD><IMAGEFILE></IMAGEFILE><LANGCODE>EN</LANGCODE><NODEID>17</NODEID><NODETYPE maxvalue="WFCONDITION">CONDITION</NODETYPE><TITLE>ACTSTART</TITLE><WFNODEID>15591</WFNODEID><XCOORDINATE>7</XCOORDINATE><YCOORDINATE>4</YCOORDINATE><WFACTION><ACTION></ACTION><ACTIONID>18</ACTIONID><CONDITION></CONDITION><CONDITIONCLASS></CONDITIONCLASS><INSTRUCTION>INTERACTION 18</INSTRUCTION><ISPOSITIVE>0</ISPOSITIVE><MEMBERNODEID>18</MEMBERNODEID><OWNERNODEID>17</OWNERNODEID><SEQUENCE xsi:nil="true"></SEQUENCE><WFACTIONID>18546</WFACTIONID></WFACTION><WFACTION><ACTION>IRVWOACTFINCOMP</ACTION><ACTIONID>37</ACTIONID><CONDITION></CONDITION><CONDITIONCLASS></CONDITIONCLASS><INSTRUCTION>INTERACTION 28</INSTRUCTION><ISPOSITIVE>1</ISPOSITIVE><MEMBERNODEID>28</MEMBERNODEID><OWNERNODEID>17</OWNERNODEID><SEQUENCE xsi:nil="true"></SEQUENCE><WFACTIONID>18547</WFACTIONID></WFACTION><WFCONDITION><CONDITION>:actstart is not null</CONDITION><CUSTOMCLASS></CUSTOMCLASS><WFCONDITIONID>9674</WFCONDITIONID></WFCONDITION></WFNODE><WFNODE><DESCRIPTION>Actual start is not populated</DESCRIPTION><DESCRIPTION_LONGDESCRIPTION></DESCRIPTION_LONGDESCRIPTION><HASLD>0</HASLD><IMAGEFILE></IMAGEFILE><LANGCODE>EN</LANGCODE><NODEID>18</NODEID><NODETYPE maxvalue="WFINTERACTION">INTERACTION</NODETYPE><TITLE>ACTSTARTNULL</TITLE><WFNODEID>15592</WFNODEID><XCOORDINATE>9</XCOORDINATE><YCOORDINATE>4</YCOORDINATE><WFACTION><ACTION></ACTION><ACTIONID>19</ACTIONID><CONDITION></CONDITION><CONDITIONCLASS></CONDITIONCLASS><INSTRUCTION>Actual start populated?</INSTRUCTION><ISPOSITIVE>1</ISPOSITIVE><MEMBERNODEID>17</MEMBERNODEID><OWNERNODEID>18</OWNERNODEID><SEQUENCE xsi:nil="true"></SEQUENCE><WFACTIONID>18548</WFACTIONID></WFACTION><WFINTERACTION><ACTION>ROUTEWF</ACTION><APP>PLUSPWO</APP><DIRECTIONS>Actual start is not populated</DIRECTIONS><DIRECTIONS_LONGDESCRIPTION>Please ensure that the actual start date is populated.</DIRECTIONS_LONGDESCRIPTION><HASLD>1</HASLD><LANGCODE>EN</LANGCODE><LAUNCHPROCESS></LAUNCHPROCESS><PAGE></PAGE><RELATION></RELATION><TABNAME></TABNAME><WFINTERACTIONID>5776</WFINTERACTIONID><LONGDESCRIPTION><CONTENTUID>413,701</CONTENTUID><LANGCODE>EN</LANGCODE><LDKEY>5776</LDKEY><LDOWNERCOL>DIRECTIONS</LDOWNERCOL><LDOWNERTABLE>WFINTERACTION</LDOWNERTABLE><LDTEXT>Please ensure that the actual start date is populated.</LDTEXT><LONGDESCRIPTIONID>413701</LONGDESCRIPTIONID></LONGDESCRIPTION></WFINTERACTION></WFNODE><WFNODE><DESCRIPTION>Actual start populated?</DESCRIPTION><DESCRIPTION_LONGDESCRIPTION></DESCRIPTION_LONGDESCRIPTION><HASLD>0</HASLD><IMAGEFILE></IMAGEFILE><LANGCODE>EN</LANGCODE><NODEID>19</NODEID><NODETYPE maxvalue="WFCONDITION">CONDITION</NODETYPE><TITLE>ACTSTART</TITLE><WFNODEID>15593</WFNODEID><XCOORDINATE>7</XCOORDINATE><YCOORDINATE>5</YCOORDINATE><WFACTION><ACTION></ACTION><ACTIONID>21</ACTIONID><CONDITION></CONDITION><CONDITIONCLASS></CONDITIONCLASS><INSTRUCTION>Actual Start is not populated</INSTRUCTION><ISPOSITIVE>0</ISPOSITIVE><MEMBERNODEID>20</MEMBERNODEID><OWNERNODEID>19</OWNERNODEID><SEQUENCE xsi:nil="true"></SEQUENCE><WFACTIONID>18549</WFACTIONID></WFACTION><WFACTION><ACTION>IRVWOACTFINCOMP</ACTION><ACTIONID>41</ACTIONID><CONDITION></CONDITION><CONDITIONCLASS></CONDITIONCLASS><INSTRUCTION>INTERACTION 33</INSTRUCTION><ISPOSITIVE>1</ISPOSITIVE><MEMBERNODEID>33</MEMBERNODEID><OWNERNODEID>19</OWNERNODEID><SEQUENCE xsi:nil="true"></SEQUENCE><WFACTIONID>18550</WFACTIONID></WFACTION><WFCONDITION><CONDITION>:actstart is not null</CONDITION><CUSTOMCLASS></CUSTOMCLASS><WFCONDITIONID>9675</WFCONDITIONID></WFCONDITION></WFNODE><WFNODE><DESCRIPTION>Actual Start is not populated</DESCRIPTION><DESCRIPTION_LONGDESCRIPTION></DESCRIPTION_LONGDESCRIPTION><HASLD>0</HASLD><IMAGEFILE></IMAGEFILE><LANGCODE>EN</LANGCODE><NODEID>20</NODEID><NODETYPE maxvalue="WFINTERACTION">INTERACTION</NODETYPE><TITLE>ACTSTARTNULL</TITLE><WFNODEID>15594</WFNODEID><XCOORDINATE>9</XCOORDINATE><YCOORDINATE>5</YCOORDINATE><WFACTION><ACTION></ACTION><ACTIONID>22</ACTIONID><CONDITION></CONDITION><CONDITIONCLASS></CONDITIONCLASS><INSTRUCTION>Actual start populated?</INSTRUCTION><ISPOSITIVE>1</ISPOSITIVE><MEMBERNODEID>19</MEMBERNODEID><OWNERNODEID>20</OWNERNODEID><SEQUENCE xsi:nil="true"></SEQUENCE><WFACTIONID>18551</WFACTIONID></WFACTION><WFINTERACTION><ACTION>ROUTEWF</ACTION><APP>PLUSPWO</APP><DIRECTIONS>Actual Start is not populated</DIRECTIONS><DIRECTIONS_LONGDESCRIPTION>Please ensure that the actual start date is populated.</DIRECTIONS_LONGDESCRIPTION><HASLD>1</HASLD><LANGCODE>EN</LANGCODE><LAUNCHPROCESS></LAUNCHPROCESS><PAGE></PAGE><RELATION></RELATION><TABNAME></TABNAME><WFINTERACTIONID>5777</WFINTERACTIONID><LONGDESCRIPTION><CONTENTUID>413,702</CONTENTUID><LANGCODE>EN</LANGCODE><LDKEY>5777</LDKEY><LDOWNERCOL>DIRECTIONS</LDOWNERCOL><LDOWNERTABLE>WFINTERACTION</LDOWNERTABLE><LDTEXT>Please ensure that the actual start date is populated.</LDTEXT><LONGDESCRIPTIONID>413702</LONGDESCRIPTIONID></LONGDESCRIPTION></WFINTERACTION></WFNODE><WFNODE><DESCRIPTION>Actual start populated?</DESCRIPTION><DESCRIPTION_LONGDESCRIPTION></DESCRIPTION_LONGDESCRIPTION><HASLD>0</HASLD><IMAGEFILE></IMAGEFILE><LANGCODE>EN</LANGCODE><NODEID>21</NODEID><NODETYPE maxvalue="WFCONDITION">CONDITION</NODETYPE><TITLE>ACTSTART</TITLE><WFNODEID>15595</WFNODEID><XCOORDINATE>7</XCOORDINATE><YCOORDINATE>7</YCOORDINATE><WFACTION><ACTION></ACTION><ACTIONID>23</ACTIONID><CONDITION></CONDITION><CONDITIONCLASS></CONDITIONCLASS><INSTRUCTION>Actual start is not populated</INSTRUCTION><ISPOSITIVE>0</ISPOSITIVE><MEMBERNODEID>22</MEMBERNODEID><OWNERNODEID>21</OWNERNODEID><SEQUENCE xsi:nil="true"></SEQUENCE><WFACTIONID>18552</WFACTIONID></WFACTION><WFACTION><ACTION>IRVWOACTFINCOMP</ACTION><ACTIONID>43</ACTIONID><CONDITION></CONDITION><CONDITIONCLASS></CONDITIONCLASS><INSTRUCTION>INTERACTION 36</INSTRUCTION><ISPOSITIVE>1</ISPOSITIVE><MEMBERNODEID>36</MEMBERNODEID><OWNERNODEID>21</OWNERNODEID><SEQUENCE xsi:nil="true"></SEQUENCE><WFACTIONID>18553</WFACTIONID></WFACTION><WFCONDITION><CONDITION>:actstart is not null</CONDITION><CUSTOMCLASS></CUSTOMCLASS><WFCONDITIONID>9676</WFCONDITIONID></WFCONDITION></WFNODE><WFNODE><DESCRIPTION>Actual start is not populated</DESCRIPTION><DESCRIPTION_LONGDESCRIPTION></DESCRIPTION_LONGDESCRIPTION><HASLD>0</HASLD><IMAGEFILE></IMAGEFILE><LANGCODE>EN</LANGCODE><NODEID>22</NODEID><NODETYPE maxvalue="WFINTERACTION">INTERACTION</NODETYPE><TITLE>ACTSTARTNULL</TITLE><WFNODEID>15596</WFNODEID><XCOORDINATE>9</XCOORDINATE><YCOORDINATE>7</YCOORDINATE><WFACTION><ACTION></ACTION><ACTIONID>26</ACTIONID><CONDITION></CONDITION><CONDITIONCLASS></CONDITIONCLASS><INSTRUCTION>Actual start populated?</INSTRUCTION><ISPOSITIVE>1</ISPOSITIVE><MEMBERNODEID>21</MEMBERNODEID><OWNERNODEID>22</OWNERNODEID><SEQUENCE xsi:nil="true"></SEQUENCE><WFACTIONID>18554</WFACTIONID></WFACTION><WFINTERACTION><ACTION>ROUTEWF</ACTION><APP>PLUSPWO</APP><DIRECTIONS>The actual start is not populated</DIRECTIONS><DIRECTIONS_LONGDESCRIPTION>Please ensure that the actual start date is populated.</DIRECTIONS_LONGDESCRIPTION><HASLD>1</HASLD><LANGCODE>EN</LANGCODE><LAUNCHPROCESS></LAUNCHPROCESS><PAGE></PAGE><RELATION></RELATION><TABNAME></TABNAME><WFINTERACTIONID>5778</WFINTERACTIONID><LONGDESCRIPTION><CONTENTUID>415,004</CONTENTUID><LANGCODE>EN</LANGCODE><LDKEY>5778</LDKEY><LDOWNERCOL>DIRECTIONS</LDOWNERCOL><LDOWNERTABLE>WFINTERACTION</LDOWNERTABLE><LDTEXT>Please ensure that the actual start date is populated.</LDTEXT><LONGDESCRIPTIONID>415004</LONGDESCRIPTIONID></LONGDESCRIPTION></WFINTERACTION></WFNODE><WFNODE><DESCRIPTION>Asset is missing</DESCRIPTION><DESCRIPTION_LONGDESCRIPTION></DESCRIPTION_LONGDESCRIPTION><HASLD>0</HASLD><IMAGEFILE></IMAGEFILE><LANGCODE>EN</LANGCODE><NODEID>23</NODEID><NODETYPE maxvalue="WFINTERACTION">INTERACTION</NODETYPE><TITLE>ASSMISSING</TITLE><WFNODEID>15597</WFNODEID><XCOORDINATE>13</XCOORDINATE><YCOORDINATE>6</YCOORDINATE><WFACTION><ACTION>CREATERETURNWO</ACTION><ACTIONID>28</ACTIONID><CONDITION></CONDITION><CONDITIONCLASS></CONDITIONCLASS><INSTRUCTION>STOP 24</INSTRUCTION><ISPOSITIVE>1</ISPOSITIVE><MEMBERNODEID>24</MEMBERNODEID><OWNERNODEID>23</OWNERNODEID><SEQUENCE xsi:nil="true"></SEQUENCE><WFACTIONID>18555</WFACTIONID></WFACTION><WFINTERACTION><ACTION>ROUTEWF</ACTION><APP>PLUSPWO</APP><DIRECTIONS>Missing Asset</DIRECTIONS><DIRECTIONS_LONGDESCRIPTION>This wo was returned for a reason of asset missing, the work order will be completed and the asset manager informed.</DIRECTIONS_LONGDESCRIPTION><HASLD>1</HASLD><LANGCODE>EN</LANGCODE><LAUNCHPROCESS></LAUNCHPROCESS><PAGE></PAGE><RELATION></RELATION><TABNAME></TABNAME><WFINTERACTIONID>5779</WFINTERACTIONID><LONGDESCRIPTION><CONTENTUID>415,005</CONTENTUID><LANGCODE>EN</LANGCODE><LDKEY>5779</LDKEY><LDOWNERCOL>DIRECTIONS</LDOWNERCOL><LDOWNERTABLE>WFINTERACTION</LDOWNERTABLE><LDTEXT>This wo was returned for a reason of asset missing, the work order will be completed and the asset manager informed.</LDTEXT><LONGDESCRIPTIONID>415005</LONGDESCRIPTIONID></LONGDESCRIPTION></WFINTERACTION></WFNODE><WFNODE><DESCRIPTION>STOP 24</DESCRIPTION><DESCRIPTION_LONGDESCRIPTION></DESCRIPTION_LONGDESCRIPTION><HASLD>0</HASLD><IMAGEFILE></IMAGEFILE><LANGCODE>EN</LANGCODE><NODEID>24</NODEID><NODETYPE maxvalue="WFSTOP">STOP</NODETYPE><TITLE>STOP 24</TITLE><WFNODEID>15598</WFNODEID><XCOORDINATE>14</XCOORDINATE><YCOORDINATE>6</YCOORDINATE><WFSTOP><WFSTOPID>7108</WFSTOPID></WFSTOP></WFNODE><WFNODE><DESCRIPTION>STOP 25</DESCRIPTION><DESCRIPTION_LONGDESCRIPTION></DESCRIPTION_LONGDESCRIPTION><HASLD>0</HASLD><IMAGEFILE></IMAGEFILE><LANGCODE>EN</LANGCODE><NODEID>25</NODEID><NODETYPE maxvalue="WFSTOP">STOP</NODETYPE><TITLE>STOP 25</TITLE><WFNODEID>15599</WFNODEID><XCOORDINATE>7</XCOORDINATE><YCOORDINATE>2</YCOORDINATE><WFSTOP><WFSTOPID>7109</WFSTOPID></WFSTOP></WFNODE><WFNODE><DESCRIPTION>Workorder set to COMP</DESCRIPTION><DESCRIPTION_LONGDESCRIPTION></DESCRIPTION_LONGDESCRIPTION><HASLD>0</HASLD><IMAGEFILE></IMAGEFILE><LANGCODE>EN</LANGCODE><NODEID>28</NODEID><NODETYPE maxvalue="WFINTERACTION">INTERACTION</NODETYPE><TITLE>WORKCOMP</TITLE><WFNODEID>15600</WFNODEID><XCOORDINATE>13</XCOORDINATE><YCOORDINATE>4</YCOORDINATE><WFACTION><ACTION>CREATERETURNWO</ACTION><ACTIONID>38</ACTIONID><CONDITION></CONDITION><CONDITIONCLASS></CONDITIONCLASS><INSTRUCTION>STOP 29</INSTRUCTION><ISPOSITIVE>1</ISPOSITIVE><MEMBERNODEID>29</MEMBERNODEID><OWNERNODEID>28</OWNERNODEID><SEQUENCE xsi:nil="true"></SEQUENCE><WFACTIONID>18556</WFACTIONID></WFACTION><WFINTERACTION><ACTION>ROUTEWF</ACTION><APP>PLUSPWO</APP><DIRECTIONS>The work order has been set to COMP</DIRECTIONS><DIRECTIONS_LONGDESCRIPTION>This work order has been set to COMP, a duplicate work order will now be created.</DIRECTIONS_LONGDESCRIPTION><HASLD>1</HASLD><LANGCODE>EN</LANGCODE><LAUNCHPROCESS></LAUNCHPROCESS><PAGE></PAGE><RELATION></RELATION><TABNAME></TABNAME><WFINTERACTIONID>5780</WFINTERACTIONID><LONGDESCRIPTION><CONTENTUID>415,006</CONTENTUID><LANGCODE>EN</LANGCODE><LDKEY>5780</LDKEY><LDOWNERCOL>DIRECTIONS</LDOWNERCOL><LDOWNERTABLE>WFINTERACTION</LDOWNERTABLE><LDTEXT>This work order has been set to COMP, a duplicate work order will now be created.</LDTEXT><LONGDESCRIPTIONID>415006</LONGDESCRIPTIONID></LONGDESCRIPTION></WFINTERACTION></WFNODE><WFNODE><DESCRIPTION>STOP 29</DESCRIPTION><DESCRIPTION_LONGDESCRIPTION></DESCRIPTION_LONGDESCRIPTION><HASLD>0</HASLD><IMAGEFILE></IMAGEFILE><LANGCODE>EN</LANGCODE><NODEID>29</NODEID><NODETYPE maxvalue="WFSTOP">STOP</NODETYPE><TITLE>STOP 29</TITLE><WFNODEID>15601</WFNODEID><XCOORDINATE>14</XCOORDINATE><YCOORDINATE>4</YCOORDINATE><WFSTOP><WFSTOPID>7110</WFSTOPID></WFSTOP></WFNODE><WFNODE><DESCRIPTION>INTERACTION 31</DESCRIPTION><DESCRIPTION_LONGDESCRIPTION></DESCRIPTION_LONGDESCRIPTION><HASLD>0</HASLD><IMAGEFILE></IMAGEFILE><LANGCODE>EN</LANGCODE><NODEID>31</NODEID><NODETYPE maxvalue="WFINTERACTION">INTERACTION</NODETYPE><TITLE>WORKCOMP</TITLE><WFNODEID>15602</WFNODEID><XCOORDINATE>13</XCOORDINATE><YCOORDINATE>3</YCOORDINATE><WFACTION><ACTION>CREATERETURNWO</ACTION><ACTIONID>40</ACTIONID><CONDITION></CONDITION><CONDITIONCLASS></CONDITIONCLASS><INSTRUCTION>STOP 32</INSTRUCTION><ISPOSITIVE>1</ISPOSITIVE><MEMBERNODEID>32</MEMBERNODEID><OWNERNODEID>31</OWNERNODEID><SEQUENCE xsi:nil="true"></SEQUENCE><WFACTIONID>18557</WFACTIONID></WFACTION><WFINTERACTION><ACTION>ROUTEWF</ACTION><APP>PLUSPWO</APP><DIRECTIONS>The work order has been set to COMP</DIRECTIONS><DIRECTIONS_LONGDESCRIPTION>This work order has been set to COMP, a new Activity will now be created. The new Activity can be seen in the Plans Tab of this Work Order as a task.</DIRECTIONS_LONGDESCRIPTION><HASLD>1</HASLD><LANGCODE>EN</LANGCODE><LAUNCHPROCESS></LAUNCHPROCESS><PAGE></PAGE><RELATION></RELATION><TABNAME></TABNAME><WFINTERACTIONID>5781</WFINTERACTIONID><LONGDESCRIPTION><CONTENTUID>415,007</CONTENTUID><LANGCODE>EN</LANGCODE><LDKEY>5781</LDKEY><LDOWNERCOL>DIRECTIONS</LDOWNERCOL><LDOWNERTABLE>WFINTERACTION</LDOWNERTABLE><LDTEXT>This work order has been set to COMP, a new Activity will now be created. The new Activity can be seen in the Plans Tab of this Work Order as a task.</LDTEXT><LONGDESCRIPTIONID>415007</LONGDESCRIPTIONID></LONGDESCRIPTION></WFINTERACTION></WFNODE><WFNODE><DESCRIPTION>STOP 32</DESCRIPTION><DESCRIPTION_LONGDESCRIPTION></DESCRIPTION_LONGDESCRIPTION><HASLD>0</HASLD><IMAGEFILE></IMAGEFILE><LANGCODE>EN</LANGCODE><NODEID>32</NODEID><NODETYPE maxvalue="WFSTOP">STOP</NODETYPE><TITLE>STOP 32</TITLE><WFNODEID>15603</WFNODEID><XCOORDINATE>14</XCOORDINATE><YCOORDINATE>3</YCOORDINATE><WFSTOP><WFSTOPID>7111</WFSTOPID></WFSTOP></WFNODE><WFNODE><DESCRIPTION>INTERACTION 33</DESCRIPTION><DESCRIPTION_LONGDESCRIPTION></DESCRIPTION_LONGDESCRIPTION><HASLD>0</HASLD><IMAGEFILE></IMAGEFILE><LANGCODE>EN</LANGCODE><NODEID>33</NODEID><NODETYPE maxvalue="WFINTERACTION">INTERACTION</NODETYPE><TITLE>WORKCOMP</TITLE><WFNODEID>15604</WFNODEID><XCOORDINATE>13</XCOORDINATE><YCOORDINATE>5</YCOORDINATE><WFACTION><ACTION>CREATERETURNWO</ACTION><ACTIONID>42</ACTIONID><CONDITION></CONDITION><CONDITIONCLASS></CONDITIONCLASS><INSTRUCTION>STOP 34</INSTRUCTION><ISPOSITIVE>1</ISPOSITIVE><MEMBERNODEID>34</MEMBERNODEID><OWNERNODEID>33</OWNERNODEID><SEQUENCE xsi:nil="true"></SEQUENCE><WFACTIONID>18558</WFACTIONID></WFACTION><WFINTERACTION><ACTION>ROUTEWF</ACTION><APP>PLUSPWO</APP><DIRECTIONS>The work order has been set to COMP</DIRECTIONS><DIRECTIONS_LONGDESCRIPTION>This work order has been set to COMP, a new Activity will now be created. The new Activity can be seen in the Plans Tab of this Work Order as a task.</DIRECTIONS_LONGDESCRIPTION><HASLD>1</HASLD><LANGCODE>EN</LANGCODE><LAUNCHPROCESS></LAUNCHPROCESS><PAGE></PAGE><RELATION></RELATION><TABNAME></TABNAME><WFINTERACTIONID>5782</WFINTERACTIONID><LONGDESCRIPTION><CONTENTUID>415,008</CONTENTUID><LANGCODE>EN</LANGCODE><LDKEY>5782</LDKEY><LDOWNERCOL>DIRECTIONS</LDOWNERCOL><LDOWNERTABLE>WFINTERACTION</LDOWNERTABLE><LDTEXT>This work order has been set to COMP, a new Activity will now be created. The new Activity can be seen in the Plans Tab of this Work Order as a task.</LDTEXT><LONGDESCRIPTIONID>415008</LONGDESCRIPTIONID></LONGDESCRIPTION></WFINTERACTION></WFNODE><WFNODE><DESCRIPTION>STOP 34</DESCRIPTION><DESCRIPTION_LONGDESCRIPTION></DESCRIPTION_LONGDESCRIPTION><HASLD>0</HASLD><IMAGEFILE></IMAGEFILE><LANGCODE>EN</LANGCODE><NODEID>34</NODEID><NODETYPE maxvalue="WFSTOP">STOP</NODETYPE><TITLE>STOP 34</TITLE><WFNODEID>15605</WFNODEID><XCOORDINATE>14</XCOORDINATE><YCOORDINATE>5</YCOORDINATE><WFSTOP><WFSTOPID>7112</WFSTOPID></WFSTOP></WFNODE><WFNODE><DESCRIPTION>INTERACTION 36</DESCRIPTION><DESCRIPTION_LONGDESCRIPTION></DESCRIPTION_LONGDESCRIPTION><HASLD>0</HASLD><IMAGEFILE></IMAGEFILE><LANGCODE>EN</LANGCODE><NODEID>36</NODEID><NODETYPE maxvalue="WFINTERACTION">INTERACTION</NODETYPE><TITLE>WORKCOMP</TITLE><WFNODEID>15606</WFNODEID><XCOORDINATE>13</XCOORDINATE><YCOORDINATE>7</YCOORDINATE><WFACTION><ACTION>CREATERETURNWO</ACTION><ACTIONID>44</ACTIONID><CONDITION></CONDITION><CONDITIONCLASS></CONDITIONCLASS><INSTRUCTION>STOP 37</INSTRUCTION><ISPOSITIVE>1</ISPOSITIVE><MEMBERNODEID>37</MEMBERNODEID><OWNERNODEID>36</OWNERNODEID><SEQUENCE xsi:nil="true"></SEQUENCE><WFACTIONID>18559</WFACTIONID></WFACTION><WFINTERACTION><ACTION>ROUTEWF</ACTION><APP>PLUSPWO</APP><DIRECTIONS>The work order has been set to COMP</DIRECTIONS><DIRECTIONS_LONGDESCRIPTION>This work order has been set to COMP, a new Work Order will now be created.</DIRECTIONS_LONGDESCRIPTION><HASLD>1</HASLD><LANGCODE>EN</LANGCODE><LAUNCHPROCESS></LAUNCHPROCESS><PAGE></PAGE><RELATION></RELATION><TABNAME></TABNAME><WFINTERACTIONID>5783</WFINTERACTIONID><LONGDESCRIPTION><CONTENTUID>415,009</CONTENTUID><LANGCODE>EN</LANGCODE><LDKEY>5783</LDKEY><LDOWNERCOL>DIRECTIONS</LDOWNERCOL><LDOWNERTABLE>WFINTERACTION</LDOWNERTABLE><LDTEXT>This work order has been set to COMP, a new Work Order will now be created.</LDTEXT><LONGDESCRIPTIONID>415009</LONGDESCRIPTIONID></LONGDESCRIPTION></WFINTERACTION></WFNODE><WFNODE><DESCRIPTION>STOP 37</DESCRIPTION><DESCRIPTION_LONGDESCRIPTION></DESCRIPTION_LONGDESCRIPTION><HASLD>0</HASLD><IMAGEFILE></IMAGEFILE><LANGCODE>EN</LANGCODE><NODEID>37</NODEID><NODETYPE maxvalue="WFSTOP">STOP</NODETYPE><TITLE>STOP 37</TITLE><WFNODEID>15607</WFNODEID><XCOORDINATE>14</XCOORDINATE><YCOORDINATE>7</YCOORDINATE><WFSTOP><WFSTOPID>7113</WFSTOPID></WFSTOP></WFNODE><WFNODE><DESCRIPTION>STOP 38</DESCRIPTION><DESCRIPTION_LONGDESCRIPTION></DESCRIPTION_LONGDESCRIPTION><HASLD>0</HASLD><IMAGEFILE></IMAGEFILE><LANGCODE>EN</LANGCODE><NODEID>38</NODEID><NODETYPE maxvalue="WFSTOP">STOP</NODETYPE><TITLE>STOP 38</TITLE><WFNODEID>15608</WFNODEID><XCOORDINATE>4</XCOORDINATE><YCOORDINATE>8</YCOORDINATE><WFSTOP><WFSTOPID>7114</WFSTOPID></WFSTOP></WFNODE><WFNODE><DESCRIPTION>Actual start is populated?</DESCRIPTION><DESCRIPTION_LONGDESCRIPTION></DESCRIPTION_LONGDESCRIPTION><HASLD>0</HASLD><IMAGEFILE></IMAGEFILE><LANGCODE>EN</LANGCODE><NODEID>39</NODEID><NODETYPE maxvalue="WFCONDITION">CONDITION</NODETYPE><TITLE>ACTSTART</TITLE><WFNODEID>15609</WFNODEID><XCOORDINATE>7</XCOORDINATE><YCOORDINATE>6</YCOORDINATE><WFACTION><ACTION></ACTION><ACTIONID>47</ACTIONID><CONDITION></CONDITION><CONDITIONCLASS></CONDITIONCLASS><INSTRUCTION>INTERACTION 40</INSTRUCTION><ISPOSITIVE>0</ISPOSITIVE><MEMBERNODEID>40</MEMBERNODEID><OWNERNODEID>39</OWNERNODEID><SEQUENCE xsi:nil="true"></SEQUENCE><WFACTIONID>18560</WFACTIONID></WFACTION><WFACTION><ACTION></ACTION><ACTIONID>48</ACTIONID><CONDITION></CONDITION><CONDITIONCLASS></CONDITIONCLASS><INSTRUCTION>Asset is missing</INSTRUCTION><ISPOSITIVE>1</ISPOSITIVE><MEMBERNODEID>23</MEMBERNODEID><OWNERNODEID>39</OWNERNODEID><SEQUENCE xsi:nil="true"></SEQUENCE><WFACTIONID>18561</WFACTIONID></WFACTION><WFCONDITION><CONDITION>:actstart is not null</CONDITION><CUSTOMCLASS></CUSTOMCLASS><WFCONDITIONID>9677</WFCONDITIONID></WFCONDITION></WFNODE><WFNODE><DESCRIPTION>INTERACTION 40</DESCRIPTION><DESCRIPTION_LONGDESCRIPTION></DESCRIPTION_LONGDESCRIPTION><HASLD>0</HASLD><IMAGEFILE></IMAGEFILE><LANGCODE>EN</LANGCODE><NODEID>40</NODEID><NODETYPE maxvalue="WFINTERACTION">INTERACTION</NODETYPE><TITLE>ACTSTARTNULL</TITLE><WFNODEID>15610</WFNODEID><XCOORDINATE>9</XCOORDINATE><YCOORDINATE>6</YCOORDINATE><WFACTION><ACTION></ACTION><ACTIONID>49</ACTIONID><CONDITION></CONDITION><CONDITIONCLASS></CONDITIONCLASS><INSTRUCTION>Actual start is populated?</INSTRUCTION><ISPOSITIVE>1</ISPOSITIVE><MEMBERNODEID>39</MEMBERNODEID><OWNERNODEID>40</OWNERNODEID><SEQUENCE xsi:nil="true"></SEQUENCE><WFACTIONID>18562</WFACTIONID></WFACTION><WFINTERACTION><ACTION>ROUTEWF</ACTION><APP>PLUSPWO</APP><DIRECTIONS>Actual start is not populated</DIRECTIONS><DIRECTIONS_LONGDESCRIPTION>Please ensure that the actual start date is populated.</DIRECTIONS_LONGDESCRIPTION><HASLD>1</HASLD><LANGCODE>EN</LANGCODE><LAUNCHPROCESS></LAUNCHPROCESS><PAGE></PAGE><RELATION></RELATION><TABNAME></TABNAME><WFINTERACTIONID>5784</WFINTERACTIONID><LONGDESCRIPTION><CONTENTUID>415,010</CONTENTUID><LANGCODE>EN</LANGCODE><LDKEY>5784</LDKEY><LDOWNERCOL>DIRECTIONS</LDOWNERCOL><LDOWNERTABLE>WFINTERACTION</LDOWNERTABLE><LDTEXT>Please ensure that the actual start date is populated.</LDTEXT><LONGDESCRIPTIONID>415010</LONGDESCRIPTIONID></LONGDESCRIPTION></WFINTERACTION></WFNODE><WFNODE><DESCRIPTION>INTERACTION 41</DESCRIPTION><DESCRIPTION_LONGDESCRIPTION></DESCRIPTION_LONGDESCRIPTION><HASLD>0</HASLD><IMAGEFILE></IMAGEFILE><LANGCODE>EN</LANGCODE><NODEID>41</NODEID><NODETYPE maxvalue="WFINTERACTION">INTERACTION</NODETYPE><TITLE>INTERACTION 41</TITLE><WFNODEID>15611</WFNODEID><XCOORDINATE>5</XCOORDINATE><YCOORDINATE>8</YCOORDINATE><WFACTION><ACTION></ACTION><ACTIONID>70</ACTIONID><CONDITION></CONDITION><CONDITIONCLASS></CONDITIONCLASS><INSTRUCTION>STOP 38</INSTRUCTION><ISPOSITIVE>1</ISPOSITIVE><MEMBERNODEID>38</MEMBERNODEID><OWNERNODEID>41</OWNERNODEID><SEQUENCE xsi:nil="true"></SEQUENCE><WFACTIONID>18563</WFACTIONID></WFACTION><WFINTERACTION><ACTION>ROUTEWF</ACTION><APP>PLUSPWO</APP><DIRECTIONS>Return reason not recognised</DIRECTIONS><DIRECTIONS_LONGDESCRIPTION>The Return Reason has not been recognised.</DIRECTIONS_LONGDESCRIPTION><HASLD>1</HASLD><LANGCODE>EN</LANGCODE><LAUNCHPROCESS></LAUNCHPROCESS><PAGE></PAGE><RELATION></RELATION><TABNAME></TABNAME><WFINTERACTIONID>5785</WFINTERACTIONID><LONGDESCRIPTION><CONTENTUID>415,011</CONTENTUID><LANGCODE>EN</LANGCODE><LDKEY>5785</LDKEY><LDOWNERCOL>DIRECTIONS</LDOWNERCOL><LDOWNERTABLE>WFINTERACTION</LDOWNERTABLE><LDTEXT>The Return Reason has not been recognised.</LDTEXT><LONGDESCRIPTIONID>415011</LONGDESCRIPTIONID></LONGDESCRIPTION></WFINTERACTION></WFNODE><WFNODE><DESCRIPTION>INPUT 42</DESCRIPTION><DESCRIPTION_LONGDESCRIPTION></DESCRIPTION_LONGDESCRIPTION><HASLD>0</HASLD><IMAGEFILE></IMAGEFILE><LANGCODE>EN</LANGCODE><NODEID>42</NODEID><NODETYPE maxvalue="WFINPUT">INPUT</NODETYPE><TITLE>CONTEXIT</TITLE><WFNODEID>15612</WFNODEID><XCOORDINATE>9</XCOORDINATE><YCOORDINATE>1</YCOORDINATE><WFINPUT><DISPLAYONE>0</DISPLAYONE><WFINPUTID>4025</WFINPUTID></WFINPUT><WFACTION><ACTION>IRVWODELASSIGN2</ACTION><ACTIONID>93</ACTIONID><CONDITION></CONDITION><CONDITIONCLASS></CONDITIONCLASS><INSTRUCTION>Continue</INSTRUCTION><ISPOSITIVE>1</ISPOSITIVE><MEMBERNODEID>6</MEMBERNODEID><OWNERNODEID>42</OWNERNODEID><SEQUENCE>1</SEQUENCE><WFACTIONID>18564</WFACTIONID></WFACTION><WFACTION><ACTION></ACTION><ACTIONID>94</ACTIONID><CONDITION></CONDITION><CONDITIONCLASS></CONDITIONCLASS><INSTRUCTION>Exit</INSTRUCTION><ISPOSITIVE>1</ISPOSITIVE><MEMBERNODEID>43</MEMBERNODEID><OWNERNODEID>42</OWNERNODEID><SEQUENCE>2</SEQUENCE><WFACTIONID>18565</WFACTIONID></WFACTION></WFNODE><WFNODE><DESCRIPTION>STOP 43</DESCRIPTION><DESCRIPTION_LONGDESCRIPTION></DESCRIPTION_LONGDESCRIPTION><HASLD>0</HASLD><IMAGEFILE></IMAGEFILE><LANGCODE>EN</LANGCODE><NODEID>43</NODEID><NODETYPE maxvalue="WFSTOP">STOP</NODETYPE><TITLE>STOP 43</TITLE><WFNODEID>15613</WFNODEID><XCOORDINATE>9</XCOORDINATE><YCOORDINATE>2</YCOORDINATE><WFSTOP><WFSTOPID>7115</WFSTOPID></WFSTOP></WFNODE><WFNOTIFICATION><ACTIONID>28</ACTIONID><NODEID>23</NODEID><NOTIFICATIONID>4612</NOTIFICATIONID><TEMPLATEID>IRVASSMAN</TEMPLATEID><UNIQUEID>1</UNIQUEID></WFNOTIFICATION></WFPROCESS></DMWFPROCESSSet></SyncDMWFPROCESS>