<?xml version="1.0" encoding="UTF-8"?><SyncDMPACKAGEDEF xmlns="http://www.ibm.com/maximo" xmlns:xsi="http://www.w3.org/2001/XMLSchema-instance" creationDateTime="2014-08-28T11:35:27+01:00" transLanguage="EN" baseLanguage="EN" messageID="14092221277471268" maximoVersion="7 5 20130829-1209 V7510--1"><DMPACKAGEDEFSet><DMPACKAGEDEF><ACTIVE>0</ACTIVE><BATCHSIZE>100</BATCHSIZE><CHANGEBY>TIMMINSA</CHANGEBY><CHANGEDATE>2014-08-28T11:34:00+01:00</CHANGEDATE><CONTENTID>6fc498fe-643f-4a5f-b53c-12ca4afd418e</CONTENTID><DESCRIPTION>BBC Database Configuration</DESCRIPTION><DESCRIPTION_LONGDESCRIPTION></DESCRIPTION_LONGDESCRIPTION><DMPACKAGEDEFID>807</DMPACKAGEDEFID><DMROLE></DMROLE><HASLD>0</HASLD><LANGCODE>EN</LANGCODE><PKGDEFNAME>BBC_DATACONF</PKGDEFNAME><SOURCE>BBC-SQL-D01_BBCMAXDEV_dbo</SOURCE><STATUS maxvalue="APPR">APPR</STATUS><STATUSDATE>2014-08-28T11:34:33+01:00</STATUSDATE><TYPE maxvalue="SNAPSHOT">SNAPSHOT</TYPE><XMLACTION maxvalue="ADDCHANGE">AddChange</XMLACTION><DMPKGDEFSTATUS><CHANGEBY>TIMMINSA</CHANGEBY><CONTENTID>acdfdd42-07bf-43c2-b206-e313fe98957d</CONTENTID><DMPKGDEFSTATUSID>808</DMPKGDEFSTATUSID><MEMO></MEMO><STATUS maxvalue="WAPPR">WAPPR</STATUS><STATUSDATE>2014-08-28T11:34:00+01:00</STATUSDATE></DMPKGDEFSTATUS><DMPKGDEFSTATUS><CHANGEBY>TIMMINSA</CHANGEBY><CONTENTID>1a977cdb-b39e-474c-9d68-50dd4c929503</CONTENTID><DMPKGDEFSTATUSID>809</DMPKGDEFSTATUSID><MEMO></MEMO><STATUS maxvalue="APPR">APPR</STATUS><STATUSDATE>2014-08-28T11:34:00+01:00</STATUSDATE></DMPKGDEFSTATUS><DMPKGCFGGRPDEF><CFGOBJGROUP>BBC_DATACONF</CFGOBJGROUP><CONTENTID>9ea8a701-11e8-45da-84b8-20f503695b60</CONTENTID><DMPKGCFGGRPDEFID>906</DMPKGCFGGRPDEFID><DMPKGCFGOBJDEF><CFGOBJECT>DMMAXOBJECTCFG</CFGOBJECT><CONTENTID>efee3a19-93e6-4afb-948a-1f3a886a3537</CONTENTID><DMPKGCFGOBJDEFID>802</DMPKGCFGOBJDEFID><WHERECLAUSE>objectname = 'INVOICE'</WHERECLAUSE></DMPKGCFGOBJDEF></DMPKGCFGGRPDEF></DMPACKAGEDEF></DMPACKAGEDEFSet></SyncDMPACKAGEDEF>