<?xml version="1.0" encoding="UTF-8"?><SyncDMPACKAGEDEF xmlns="http://www.ibm.com/maximo" xmlns:xsi="http://www.w3.org/2001/XMLSchema-instance" creationDateTime="2014-08-05T13:15:44+01:00" transLanguage="EN" baseLanguage="EN" messageID="1407240944162610755" maximoVersion="7 5 20130829-1209 V7510--1"><DMPACKAGEDEFSet><DMPACKAGEDEF><ACTIVE>0</ACTIVE><BATCHSIZE>100</BATCHSIZE><CHANGEBY>TIMMINSA</CHANGEBY><CHANGEDATE>2014-07-28T15:11:17+01:00</CHANGEDATE><CONTENTID>0ea16c9d-3f37-47b7-90d8-e193d0c01c93</CONTENTID><DESCRIPTION>BB Work Flow</DESCRIPTION><DESCRIPTION_LONGDESCRIPTION></DESCRIPTION_LONGDESCRIPTION><DMPACKAGEDEFID>408</DMPACKAGEDEFID><DMROLE></DMROLE><HASLD>0</HASLD><LANGCODE>EN</LANGCODE><PKGDEFNAME>BBC_WF</PKGDEFNAME><SOURCE>BBC-SQL-D01_BBCMAXDEV_dbo</SOURCE><STATUS maxvalue="APPR">APPR</STATUS><STATUSDATE>2014-07-28T15:11:55+01:00</STATUSDATE><TYPE maxvalue="SNAPSHOT">SNAPSHOT</TYPE><XMLACTION maxvalue="ADDCHANGE">AddChange</XMLACTION><DMPKGDEFSTATUS><CHANGEBY>TIMMINSA</CHANGEBY><CONTENTID>9f3eacfa-b959-4b7b-890e-2f9dc6b1662f</CONTENTID><DMPKGDEFSTATUSID>410</DMPKGDEFSTATUSID><MEMO></MEMO><STATUS maxvalue="WAPPR">WAPPR</STATUS><STATUSDATE>2014-07-07T14:01:00+01:00</STATUSDATE></DMPKGDEFSTATUS><DMPKGDEFSTATUS><CHANGEBY>TIMMINSA</CHANGEBY><CONTENTID>5e9b458f-e6bc-42ae-b749-03a61e5468cf</CONTENTID><DMPKGDEFSTATUSID>411</DMPKGDEFSTATUSID><MEMO></MEMO><STATUS maxvalue="APPR">APPR</STATUS><STATUSDATE>2014-07-28T15:11:00+01:00</STATUSDATE></DMPKGDEFSTATUS><DMPKGCFGGRPDEF><CFGOBJGROUP>WORKFLOW</CFGOBJGROUP><CONTENTID>98b87c9d-52ff-4d94-adf5-c8623d040dcb</CONTENTID><DMPKGCFGGRPDEFID>507</DMPKGCFGGRPDEFID><DMPKGCFGOBJDEF><CFGOBJECT>DMWFPROCESS</CFGOBJECT><CONTENTID>ba680deb-34cf-4f85-b6c0-c47693049f7a</CONTENTID><DMPKGCFGOBJDEFID>403</DMPKGCFGOBJDEFID><WHERECLAUSE>processname in ('SUBWORETUR') and processrev = (select max(processrev) from wfprocess wfp1 where wfprocess.processname = wfp1.processname)</WHERECLAUSE></DMPKGCFGOBJDEF></DMPKGCFGGRPDEF><DMPKGDIST><CHANGEBY>TIMMINSA</CHANGEBY><CHANGEDATE>2014-07-28T15:11:17+01:00</CHANGEDATE><CONTENTID>b369395d-0315-4a0a-bd67-918e015f5cb9</CONTENTID><DMPKGDISTID>403</DMPKGDISTID><TARGETNAME>IRVMMFOLDER</TARGETNAME></DMPKGDIST></DMPACKAGEDEF></DMPACKAGEDEFSet></SyncDMPACKAGEDEF>