<?xml version="1.0" encoding="UTF-8"?><SyncDMWFPROCESS xmlns="http://www.ibm.com/maximo" xmlns:xsi="http://www.w3.org/2001/XMLSchema-instance" creationDateTime="2014-08-05T13:15:42+01:00" transLanguage="EN" baseLanguage="EN" messageID="1407240942193636158" maximoVersion="7 5 20130829-1209 V7510--1"><DMWFPROCESSSet><WFPROCESS action="AddChange"><ACTIVE>0</ACTIVE><AUTOINITIATE>0</AUTOINITIATE><CHANGEBY>TIMMINSA</CHANGEBY><CHANGEDATE>2014-08-05T13:14:36+01:00</CHANGEDATE><DELETABLE>0</DELETABLE><DESCRIPTION>Sub Workflow for Workorder - Return</DESCRIPTION><DESCRIPTION_LONGDESCRIPTION></DESCRIPTION_LONGDESCRIPTION><ENABLED>1</ENABLED><EXTERNALREFID></EXTERNALREFID><HASLD>0</HASLD><LANGCODE>EN</LANGCODE><MIGRATED>0</MIGRATED><OBJECTNAME>WORKORDER</OBJECTNAME><OWNERSYSID></OWNERSYSID><PROCESSNAME>SUBWORETUR</PROCESSNAME><PROCESSREV>13</PROCESSREV><SENDERSYSID>MX</SENDERSYSID><SOURCESYSID></SOURCESYSID><WFPROCESSID>5559</WFPROCESSID><WFNODE><DESCRIPTION>START 1</DESCRIPTION><DESCRIPTION_LONGDESCRIPTION></DESCRIPTION_LONGDESCRIPTION><HASLD>0</HASLD><IMAGEFILE></IMAGEFILE><LANGCODE>EN</LANGCODE><NODEID>1</NODEID><NODETYPE maxvalue="WFSTART">START</NODETYPE><TITLE>START 1</TITLE><WFNODEID>15616</WFNODEID><XCOORDINATE>1</XCOORDINATE><YCOORDINATE>1</YCOORDINATE><WFSTART><WFSTARTID>5600</WFSTARTID></WFSTART><WFACTION><ACTION></ACTION><ACTIONID>3</ACTIONID><CONDITION></CONDITION><CONDITIONCLASS></CONDITIONCLASS><INSTRUCTION>Work Order assigned to mobile engineer?</INSTRUCTION><ISPOSITIVE>1</ISPOSITIVE><MEMBERNODEID>3</MEMBERNODEID><OWNERNODEID>1</OWNERNODEID><SEQUENCE xsi:nil="true"></SEQUENCE><WFACTIONID>18566</WFACTIONID></WFACTION></WFNODE><WFNODE><DESCRIPTION>Work Order assigned to mobile engineer?</DESCRIPTION><DESCRIPTION_LONGDESCRIPTION></DESCRIPTION_LONGDESCRIPTION><HASLD>0</HASLD><IMAGEFILE></IMAGEFILE><LANGCODE>EN</LANGCODE><NODEID>3</NODEID><NODETYPE maxvalue="WFCONDITION">CONDITION</NODETYPE><TITLE>ASSMOBILE</TITLE><WFNODEID>15617</WFNODEID><XCOORDINATE>4</XCOORDINATE><YCOORDINATE>1</YCOORDINATE><WFACTION><ACTION></ACTION><ACTIONID>31</ACTIONID><CONDITION></CONDITION><CONDITIONCLASS></CONDITIONCLASS><INSTRUCTION>Assigned to mobile engineer message</INSTRUCTION><ISPOSITIVE>1</ISPOSITIVE><MEMBERNODEID>4</MEMBERNODEID><OWNERNODEID>3</OWNERNODEID><SEQUENCE xsi:nil="true"></SEQUENCE><WFACTIONID>18567</WFACTIONID></WFACTION><WFACTION><ACTION></ACTION><ACTIONID>32</ACTIONID><CONDITION></CONDITION><CONDITIONCLASS></CONDITIONCLASS><INSTRUCTION>Return reason = ABANDON?</INSTRUCTION><ISPOSITIVE>0</ISPOSITIVE><MEMBERNODEID>7</MEMBERNODEID><OWNERNODEID>3</OWNERNODEID><SEQUENCE xsi:nil="true"></SEQUENCE><WFACTIONID>18568</WFACTIONID></WFACTION><WFCONDITION><CONDITION>ASSIGNMENT.LABOR.IRV_CONTMETHOD &lt;&gt; 'MOBILE'</CONDITION><CUSTOMCLASS></CUSTOMCLASS><WFCONDITIONID>9678</WFCONDITIONID></WFCONDITION></WFNODE><WFNODE><DESCRIPTION>Assigned to mobile engineer message</DESCRIPTION><DESCRIPTION_LONGDESCRIPTION></DESCRIPTION_LONGDESCRIPTION><HASLD>0</HASLD><IMAGEFILE></IMAGEFILE><LANGCODE>EN</LANGCODE><NODEID>4</NODEID><NODETYPE maxvalue="WFINTERACTION">INTERACTION</NODETYPE><TITLE>MOBILEMESSAGE</TITLE><WFNODEID>15618</WFNODEID><XCOORDINATE>7</XCOORDINATE><YCOORDINATE>1</YCOORDINATE><WFACTION><ACTION></ACTION><ACTIONID>92</ACTIONID><CONDITION></CONDITION><CONDITIONCLASS></CONDITIONCLASS><INSTRUCTION>INPUT 42</INSTRUCTION><ISPOSITIVE>1</ISPOSITIVE><MEMBERNODEID>42</MEMBERNODEID><OWNERNODEID>4</OWNERNODEID><SEQUENCE xsi:nil="true"></SEQUENCE><WFACTIONID>18569</WFACTIONID></WFACTION><WFINTERACTION><ACTION>ROUTEWF</ACTION><APP>PLUSPWO</APP><DIRECTIONS>Message</DIRECTIONS><DIRECTIONS_LONGDESCRIPTION>Warning -  This workorder is currently not assigned to a mobile engineer, continue will reset the status to WAPPR</DIRECTIONS_LONGDESCRIPTION><HASLD>1</HASLD><LANGCODE>EN</LANGCODE><LAUNCHPROCESS></LAUNCHPROCESS><PAGE></PAGE><RELATION></RELATION><TABNAME></TABNAME><WFINTERACTIONID>5786</WFINTERACTIONID><LONGDESCRIPTION><CONTENTUID>469,275</CONTENTUID><LANGCODE>EN</LANGCODE><LDKEY>5786</LDKEY><LDOWNERCOL>DIRECTIONS</LDOWNERCOL><LDOWNERTABLE>WFINTERACTION</LDOWNERTABLE><LDTEXT>Warning -  This workorder is currently not assigned to a mobile engineer, continue will reset the status to WAPPR</LDTEXT><LONGDESCRIPTIONID>469275</LONGDESCRIPTIONID></LONGDESCRIPTION></WFINTERACTION></WFNODE><WFNODE><DESCRIPTION>STOP 6</DESCRIPTION><DESCRIPTION_LONGDESCRIPTION></DESCRIPTION_LONGDESCRIPTION><HASLD>0</HASLD><IMAGEFILE></IMAGEFILE><LANGCODE>EN</LANGCODE><NODEID>6</NODEID><NODETYPE maxvalue="WFSTOP">STOP</NODETYPE><TITLE>STOP 6</TITLE><WFNODEID>15619</WFNODEID><XCOORDINATE>13</XCOORDINATE><YCOORDINATE>1</YCOORDINATE><WFSTOP><WFSTOPID>7117</WFSTOPID></WFSTOP></WFNODE><WFNODE><DESCRIPTION>Return reason = ABANDON?</DESCRIPTION><DESCRIPTION_LONGDESCRIPTION></DESCRIPTION_LONGDESCRIPTION><HASLD>0</HASLD><IMAGEFILE></IMAGEFILE><LANGCODE>EN</LANGCODE><NODEID>7</NODEID><NODETYPE maxvalue="WFCONDITION">CONDITION</NODETYPE><TITLE>RETURNABAND</TITLE><WFNODEID>15620</WFNODEID><XCOORDINATE>4</XCOORDINATE><YCOORDINATE>2</YCOORDINATE><WFACTION><ACTION></ACTION><ACTIONID>7</ACTIONID><CONDITION></CONDITION><CONDITIONCLASS></CONDITIONCLASS><INSTRUCTION>Return reason = LANDLORD?</INSTRUCTION><ISPOSITIVE>0</ISPOSITIVE><MEMBERNODEID>8</MEMBERNODEID><OWNERNODEID>7</OWNERNODEID><SEQUENCE xsi:nil="true"></SEQUENCE><WFACTIONID>18570</WFACTIONID></WFACTION><WFACTION><ACTION>IRVWODELASSIGNNSCSD</ACTION><ACTIONID>35</ACTIONID><CONDITION></CONDITION><CONDITIONCLASS></CONDITIONCLASS><INSTRUCTION>STOP 25</INSTRUCTION><ISPOSITIVE>1</ISPOSITIVE><MEMBERNODEID>25</MEMBERNODEID><OWNERNODEID>7</OWNERNODEID><SEQUENCE xsi:nil="true"></SEQUENCE><WFACTIONID>18571</WFACTIONID></WFACTION><WFCONDITION><CONDITION>:IRV_RETURNSTATUSCODE = 'Abandon'</CONDITION><CUSTOMCLASS></CUSTOMCLASS><WFCONDITIONID>9679</WFCONDITIONID></WFCONDITION></WFNODE><WFNODE><DESCRIPTION>Return reason = LANDLORD?</DESCRIPTION><DESCRIPTION_LONGDESCRIPTION></DESCRIPTION_LONGDESCRIPTION><HASLD>0</HASLD><IMAGEFILE></IMAGEFILE><LANGCODE>EN</LANGCODE><NODEID>8</NODEID><NODETYPE maxvalue="WFCONDITION">CONDITION</NODETYPE><TITLE>RETURNLANDLORD</TITLE><WFNODEID>15621</WFNODEID><XCOORDINATE>4</XCOORDINATE><YCOORDINATE>3</YCOORDINATE><WFACTION><ACTION></ACTION><ACTIONID>8</ACTIONID><CONDITION></CONDITION><CONDITIONCLASS></CONDITIONCLASS><INSTRUCTION>Return Reason = RECALL</INSTRUCTION><ISPOSITIVE>0</ISPOSITIVE><MEMBERNODEID>9</MEMBERNODEID><OWNERNODEID>8</OWNERNODEID><SEQUENCE xsi:nil="true"></SEQUENCE><WFACTIONID>18572</WFACTIONID></WFACTION><WFACTION><ACTION></ACTION><ACTIONID>13</ACTIONID><CONDITION></CONDITION><CONDITIONCLASS></CONDITIONCLASS><INSTRUCTION>Actual start populated?</INSTRUCTION><ISPOSITIVE>1</ISPOSITIVE><MEMBERNODEID>13</MEMBERNODEID><OWNERNODEID>8</OWNERNODEID><SEQUENCE xsi:nil="true"></SEQUENCE><WFACTIONID>18574</WFACTIONID></WFACTION><WFCONDITION><CONDITION>:IRV_RETURNSTATUSCODE = 'Landlord'</CONDITION><CUSTOMCLASS></CUSTOMCLASS><WFCONDITIONID>9680</WFCONDITIONID></WFCONDITION></WFNODE><WFNODE><DESCRIPTION>Return Reason = RECALL</DESCRIPTION><DESCRIPTION_LONGDESCRIPTION></DESCRIPTION_LONGDESCRIPTION><HASLD>0</HASLD><IMAGEFILE></IMAGEFILE><LANGCODE>EN</LANGCODE><NODEID>9</NODEID><NODETYPE maxvalue="WFCONDITION">CONDITION</NODETYPE><TITLE>RETURNRECALL</TITLE><WFNODEID>15622</WFNODEID><XCOORDINATE>4</XCOORDINATE><YCOORDINATE>4</YCOORDINATE><WFACTION><ACTION></ACTION><ACTIONID>9</ACTIONID><CONDITION></CONDITION><CONDITIONCLASS></CONDITIONCLASS><INSTRUCTION>Return Reason = SUBREQ</INSTRUCTION><ISPOSITIVE>0</ISPOSITIVE><MEMBERNODEID>10</MEMBERNODEID><OWNERNODEID>9</OWNERNODEID><SEQUENCE xsi:nil="true"></SEQUENCE><WFACTIONID>18575</WFACTIONID></WFACTION><WFACTION><ACTION></ACTION><ACTIONID>17</ACTIONID><CONDITION></CONDITION><CONDITIONCLASS></CONDITIONCLASS><INSTRUCTION>Actual start populated?</INSTRUCTION><ISPOSITIVE>1</ISPOSITIVE><MEMBERNODEID>17</MEMBERNODEID><OWNERNODEID>9</OWNERNODEID><SEQUENCE xsi:nil="true"></SEQUENCE><WFACTIONID>18576</WFACTIONID></WFACTION><WFCONDITION><CONDITION>:IRV_RETURNSTATUSCODE = 'Recall'</CONDITION><CUSTOMCLASS></CUSTOMCLASS><WFCONDITIONID>9681</WFCONDITIONID></WFCONDITION></WFNODE><WFNODE><DESCRIPTION>Return Reason = SUBREQ</DESCRIPTION><DESCRIPTION_LONGDESCRIPTION></DESCRIPTION_LONGDESCRIPTION><HASLD>0</HASLD><IMAGEFILE></IMAGEFILE><LANGCODE>EN</LANGCODE><NODEID>10</NODEID><NODETYPE maxvalue="WFCONDITION">CONDITION</NODETYPE><TITLE>RETURNSUBCREQ</TITLE><WFNODEID>15623</WFNODEID><XCOORDINATE>4</XCOORDINATE><YCOORDINATE>5</YCOORDINATE><WFACTION><ACTION></ACTION><ACTIONID>10</ACTIONID><CONDITION></CONDITION><CONDITIONCLASS></CONDITIONCLASS><INSTRUCTION>Return Reason = ASSMISS</INSTRUCTION><ISPOSITIVE>0</ISPOSITIVE><MEMBERNODEID>11</MEMBERNODEID><OWNERNODEID>10</OWNERNODEID><SEQUENCE xsi:nil="true"></SEQUENCE><WFACTIONID>18577</WFACTIONID></WFACTION><WFACTION><ACTION></ACTION><ACTIONID>20</ACTIONID><CONDITION></CONDITION><CONDITIONCLASS></CONDITIONCLASS><INSTRUCTION>Actual start populated?</INSTRUCTION><ISPOSITIVE>1</ISPOSITIVE><MEMBERNODEID>19</MEMBERNODEID><OWNERNODEID>10</OWNERNODEID><SEQUENCE xsi:nil="true"></SEQUENCE><WFACTIONID>18578</WFACTIONID></WFACTION><WFCONDITION><CONDITION>:IRV_RETURNSTATUSCODE = 'Subcontractor Required'</CONDITION><CUSTOMCLASS></CUSTOMCLASS><WFCONDITIONID>9682</WFCONDITIONID></WFCONDITION></WFNODE><WFNODE><DESCRIPTION>Return Reason = ASSMISS</DESCRIPTION><DESCRIPTION_LONGDESCRIPTION></DESCRIPTION_LONGDESCRIPTION><HASLD>0</HASLD><IMAGEFILE></IMAGEFILE><LANGCODE>EN</LANGCODE><NODEID>11</NODEID><NODETYPE maxvalue="WFCONDITION">CONDITION</NODETYPE><TITLE>RETURNASSMISS</TITLE><WFNODEID>15624</WFNODEID><XCOORDINATE>4</XCOORDINATE><YCOORDINATE>6</YCOORDINATE><WFACTION><ACTION></ACTION><ACTIONID>46</ACTIONID><CONDITION></CONDITION><CONDITIONCLASS></CONDITIONCLASS><INSTRUCTION>Actual start is populated?</INSTRUCTION><ISPOSITIVE>1</ISPOSITIVE><MEMBERNODEID>39</MEMBERNODEID><OWNERNODEID>11</OWNERNODEID><SEQUENCE xsi:nil="true"></SEQUENCE><WFACTIONID>18580</WFACTIONID></WFACTION><WFACTION><ACTION></ACTION><ACTIONID>129</ACTIONID><CONDITION></CONDITION><CONDITIONCLASS></CONDITIONCLASS><INSTRUCTION>Actual start populated?</INSTRUCTION><ISPOSITIVE>0</ISPOSITIVE><MEMBERNODEID>21</MEMBERNODEID><OWNERNODEID>11</OWNERNODEID><SEQUENCE xsi:nil="true"></SEQUENCE><WFACTIONID>18607</WFACTIONID></WFACTION><WFCONDITION><CONDITION>:IRV_RETURNSTATUSCODE = 'Asset Missing'</CONDITION><CUSTOMCLASS></CUSTOMCLASS><WFCONDITIONID>9683</WFCONDITIONID></WFCONDITION></WFNODE><WFNODE><DESCRIPTION>Actual start populated?</DESCRIPTION><DESCRIPTION_LONGDESCRIPTION></DESCRIPTION_LONGDESCRIPTION><HASLD>0</HASLD><IMAGEFILE></IMAGEFILE><LANGCODE>EN</LANGCODE><NODEID>13</NODEID><NODETYPE maxvalue="WFCONDITION">CONDITION</NODETYPE><TITLE>ACTSTART</TITLE><WFNODEID>15626</WFNODEID><XCOORDINATE>7</XCOORDINATE><YCOORDINATE>3</YCOORDINATE><WFACTION><ACTION></ACTION><ACTIONID>15</ACTIONID><CONDITION></CONDITION><CONDITIONCLASS></CONDITIONCLASS><INSTRUCTION>Actual start is not populaed</INSTRUCTION><ISPOSITIVE>0</ISPOSITIVE><MEMBERNODEID>15</MEMBERNODEID><OWNERNODEID>13</OWNERNODEID><SEQUENCE xsi:nil="true"></SEQUENCE><WFACTIONID>18583</WFACTIONID></WFACTION><WFACTION><ACTION>IRVWOACTFINCOMP</ACTION><ACTIONID>39</ACTIONID><CONDITION></CONDITION><CONDITIONCLASS></CONDITIONCLASS><INSTRUCTION>INTERACTION 31</INSTRUCTION><ISPOSITIVE>1</ISPOSITIVE><MEMBERNODEID>31</MEMBERNODEID><OWNERNODEID>13</OWNERNODEID><SEQUENCE xsi:nil="true"></SEQUENCE><WFACTIONID>18584</WFACTIONID></WFACTION><WFCONDITION><CONDITION>:actstart is not null</CONDITION><CUSTOMCLASS></CUSTOMCLASS><WFCONDITIONID>9685</WFCONDITIONID></WFCONDITION></WFNODE><WFNODE><DESCRIPTION>Actual start is not populaed</DESCRIPTION><DESCRIPTION_LONGDESCRIPTION></DESCRIPTION_LONGDESCRIPTION><HASLD>0</HASLD><IMAGEFILE></IMAGEFILE><LANGCODE>EN</LANGCODE><NODEID>15</NODEID><NODETYPE maxvalue="WFINTERACTION">INTERACTION</NODETYPE><TITLE>ACTSTARTNULL</TITLE><WFNODEID>15627</WFNODEID><XCOORDINATE>9</XCOORDINATE><YCOORDINATE>3</YCOORDINATE><WFACTION><ACTION></ACTION><ACTIONID>14</ACTIONID><CONDITION></CONDITION><CONDITIONCLASS></CONDITIONCLASS><INSTRUCTION>Actual start populated?</INSTRUCTION><ISPOSITIVE>1</ISPOSITIVE><MEMBERNODEID>13</MEMBERNODEID><OWNERNODEID>15</OWNERNODEID><SEQUENCE xsi:nil="true"></SEQUENCE><WFACTIONID>18585</WFACTIONID></WFACTION><WFINTERACTION><ACTION>ROUTEWF</ACTION><APP>PLUSPWO</APP><DIRECTIONS>Actual start is not populated</DIRECTIONS><DIRECTIONS_LONGDESCRIPTION>Please ensure that the actual start date is populated.</DIRECTIONS_LONGDESCRIPTION><HASLD>1</HASLD><LANGCODE>EN</LANGCODE><LAUNCHPROCESS></LAUNCHPROCESS><PAGE></PAGE><RELATION></RELATION><TABNAME></TABNAME><WFINTERACTIONID>5787</WFINTERACTIONID><LONGDESCRIPTION><CONTENTUID>469,276</CONTENTUID><LANGCODE>EN</LANGCODE><LDKEY>5787</LDKEY><LDOWNERCOL>DIRECTIONS</LDOWNERCOL><LDOWNERTABLE>WFINTERACTION</LDOWNERTABLE><LDTEXT>Please ensure that the actual start date is populated.</LDTEXT><LONGDESCRIPTIONID>469276</LONGDESCRIPTIONID></LONGDESCRIPTION></WFINTERACTION></WFNODE><WFNODE><DESCRIPTION>Actual start populated?</DESCRIPTION><DESCRIPTION_LONGDESCRIPTION></DESCRIPTION_LONGDESCRIPTION><HASLD>0</HASLD><IMAGEFILE></IMAGEFILE><LANGCODE>EN</LANGCODE><NODEID>17</NODEID><NODETYPE maxvalue="WFCONDITION">CONDITION</NODETYPE><TITLE>ACTSTART</TITLE><WFNODEID>15628</WFNODEID><XCOORDINATE>7</XCOORDINATE><YCOORDINATE>4</YCOORDINATE><WFACTION><ACTION></ACTION><ACTIONID>18</ACTIONID><CONDITION></CONDITION><CONDITIONCLASS></CONDITIONCLASS><INSTRUCTION>INTERACTION 18</INSTRUCTION><ISPOSITIVE>0</ISPOSITIVE><MEMBERNODEID>18</MEMBERNODEID><OWNERNODEID>17</OWNERNODEID><SEQUENCE xsi:nil="true"></SEQUENCE><WFACTIONID>18586</WFACTIONID></WFACTION><WFACTION><ACTION>IRVWOACTFINCOMP</ACTION><ACTIONID>37</ACTIONID><CONDITION></CONDITION><CONDITIONCLASS></CONDITIONCLASS><INSTRUCTION>INTERACTION 28</INSTRUCTION><ISPOSITIVE>1</ISPOSITIVE><MEMBERNODEID>28</MEMBERNODEID><OWNERNODEID>17</OWNERNODEID><SEQUENCE xsi:nil="true"></SEQUENCE><WFACTIONID>18587</WFACTIONID></WFACTION><WFCONDITION><CONDITION>:actstart is not null</CONDITION><CUSTOMCLASS></CUSTOMCLASS><WFCONDITIONID>9686</WFCONDITIONID></WFCONDITION></WFNODE><WFNODE><DESCRIPTION>Actual start is not populated</DESCRIPTION><DESCRIPTION_LONGDESCRIPTION></DESCRIPTION_LONGDESCRIPTION><HASLD>0</HASLD><IMAGEFILE></IMAGEFILE><LANGCODE>EN</LANGCODE><NODEID>18</NODEID><NODETYPE maxvalue="WFINTERACTION">INTERACTION</NODETYPE><TITLE>ACTSTARTNULL</TITLE><WFNODEID>15629</WFNODEID><XCOORDINATE>9</XCOORDINATE><YCOORDINATE>4</YCOORDINATE><WFACTION><ACTION></ACTION><ACTIONID>19</ACTIONID><CONDITION></CONDITION><CONDITIONCLASS></CONDITIONCLASS><INSTRUCTION>Actual start populated?</INSTRUCTION><ISPOSITIVE>1</ISPOSITIVE><MEMBERNODEID>17</MEMBERNODEID><OWNERNODEID>18</OWNERNODEID><SEQUENCE xsi:nil="true"></SEQUENCE><WFACTIONID>18588</WFACTIONID></WFACTION><WFINTERACTION><ACTION>ROUTEWF</ACTION><APP>PLUSPWO</APP><DIRECTIONS>Actual start is not populated</DIRECTIONS><DIRECTIONS_LONGDESCRIPTION>Please ensure that the actual start date is populated.</DIRECTIONS_LONGDESCRIPTION><HASLD>1</HASLD><LANGCODE>EN</LANGCODE><LAUNCHPROCESS></LAUNCHPROCESS><PAGE></PAGE><RELATION></RELATION><TABNAME></TABNAME><WFINTERACTIONID>5788</WFINTERACTIONID><LONGDESCRIPTION><CONTENTUID>469,277</CONTENTUID><LANGCODE>EN</LANGCODE><LDKEY>5788</LDKEY><LDOWNERCOL>DIRECTIONS</LDOWNERCOL><LDOWNERTABLE>WFINTERACTION</LDOWNERTABLE><LDTEXT>Please ensure that the actual start date is populated.</LDTEXT><LONGDESCRIPTIONID>469277</LONGDESCRIPTIONID></LONGDESCRIPTION></WFINTERACTION></WFNODE><WFNODE><DESCRIPTION>Actual start populated?</DESCRIPTION><DESCRIPTION_LONGDESCRIPTION></DESCRIPTION_LONGDESCRIPTION><HASLD>0</HASLD><IMAGEFILE></IMAGEFILE><LANGCODE>EN</LANGCODE><NODEID>19</NODEID><NODETYPE maxvalue="WFCONDITION">CONDITION</NODETYPE><TITLE>ACTSTART</TITLE><WFNODEID>15630</WFNODEID><XCOORDINATE>7</XCOORDINATE><YCOORDINATE>5</YCOORDINATE><WFACTION><ACTION></ACTION><ACTIONID>21</ACTIONID><CONDITION></CONDITION><CONDITIONCLASS></CONDITIONCLASS><INSTRUCTION>Actual Start is not populated</INSTRUCTION><ISPOSITIVE>0</ISPOSITIVE><MEMBERNODEID>20</MEMBERNODEID><OWNERNODEID>19</OWNERNODEID><SEQUENCE xsi:nil="true"></SEQUENCE><WFACTIONID>18589</WFACTIONID></WFACTION><WFACTION><ACTION>IRVWOACTFINCOMP</ACTION><ACTIONID>41</ACTIONID><CONDITION></CONDITION><CONDITIONCLASS></CONDITIONCLASS><INSTRUCTION>INTERACTION 33</INSTRUCTION><ISPOSITIVE>1</ISPOSITIVE><MEMBERNODEID>33</MEMBERNODEID><OWNERNODEID>19</OWNERNODEID><SEQUENCE xsi:nil="true"></SEQUENCE><WFACTIONID>18590</WFACTIONID></WFACTION><WFCONDITION><CONDITION>:actstart is not null</CONDITION><CUSTOMCLASS></CUSTOMCLASS><WFCONDITIONID>9687</WFCONDITIONID></WFCONDITION></WFNODE><WFNODE><DESCRIPTION>Actual Start is not populated</DESCRIPTION><DESCRIPTION_LONGDESCRIPTION></DESCRIPTION_LONGDESCRIPTION><HASLD>0</HASLD><IMAGEFILE></IMAGEFILE><LANGCODE>EN</LANGCODE><NODEID>20</NODEID><NODETYPE maxvalue="WFINTERACTION">INTERACTION</NODETYPE><TITLE>ACTSTARTNULL</TITLE><WFNODEID>15631</WFNODEID><XCOORDINATE>9</XCOORDINATE><YCOORDINATE>5</YCOORDINATE><WFACTION><ACTION></ACTION><ACTIONID>22</ACTIONID><CONDITION></CONDITION><CONDITIONCLASS></CONDITIONCLASS><INSTRUCTION>Actual start populated?</INSTRUCTION><ISPOSITIVE>1</ISPOSITIVE><MEMBERNODEID>19</MEMBERNODEID><OWNERNODEID>20</OWNERNODEID><SEQUENCE xsi:nil="true"></SEQUENCE><WFACTIONID>18591</WFACTIONID></WFACTION><WFINTERACTION><ACTION>ROUTEWF</ACTION><APP>PLUSPWO</APP><DIRECTIONS>Actual Start is not populated</DIRECTIONS><DIRECTIONS_LONGDESCRIPTION>Please ensure that the actual start date is populated.</DIRECTIONS_LONGDESCRIPTION><HASLD>1</HASLD><LANGCODE>EN</LANGCODE><LAUNCHPROCESS></LAUNCHPROCESS><PAGE></PAGE><RELATION></RELATION><TABNAME></TABNAME><WFINTERACTIONID>5789</WFINTERACTIONID><LONGDESCRIPTION><CONTENTUID>469,278</CONTENTUID><LANGCODE>EN</LANGCODE><LDKEY>5789</LDKEY><LDOWNERCOL>DIRECTIONS</LDOWNERCOL><LDOWNERTABLE>WFINTERACTION</LDOWNERTABLE><LDTEXT>Please ensure that the actual start date is populated.</LDTEXT><LONGDESCRIPTIONID>469278</LONGDESCRIPTIONID></LONGDESCRIPTION></WFINTERACTION></WFNODE><WFNODE><DESCRIPTION>Actual start populated?</DESCRIPTION><DESCRIPTION_LONGDESCRIPTION></DESCRIPTION_LONGDESCRIPTION><HASLD>0</HASLD><IMAGEFILE></IMAGEFILE><LANGCODE>EN</LANGCODE><NODEID>21</NODEID><NODETYPE maxvalue="WFCONDITION">CONDITION</NODETYPE><TITLE>ACTSTART</TITLE><WFNODEID>15632</WFNODEID><XCOORDINATE>7</XCOORDINATE><YCOORDINATE>7</YCOORDINATE><WFACTION><ACTION></ACTION><ACTIONID>23</ACTIONID><CONDITION></CONDITION><CONDITIONCLASS></CONDITIONCLASS><INSTRUCTION>Actual start is not populated</INSTRUCTION><ISPOSITIVE>0</ISPOSITIVE><MEMBERNODEID>22</MEMBERNODEID><OWNERNODEID>21</OWNERNODEID><SEQUENCE xsi:nil="true"></SEQUENCE><WFACTIONID>18592</WFACTIONID></WFACTION><WFACTION><ACTION>IRVWOACTFINCOMP</ACTION><ACTIONID>43</ACTIONID><CONDITION></CONDITION><CONDITIONCLASS></CONDITIONCLASS><INSTRUCTION>INTERACTION 36</INSTRUCTION><ISPOSITIVE>1</ISPOSITIVE><MEMBERNODEID>36</MEMBERNODEID><OWNERNODEID>21</OWNERNODEID><SEQUENCE xsi:nil="true"></SEQUENCE><WFACTIONID>18593</WFACTIONID></WFACTION><WFCONDITION><CONDITION>:actstart is not null</CONDITION><CUSTOMCLASS></CUSTOMCLASS><WFCONDITIONID>9688</WFCONDITIONID></WFCONDITION></WFNODE><WFNODE><DESCRIPTION>Actual start is not populated</DESCRIPTION><DESCRIPTION_LONGDESCRIPTION></DESCRIPTION_LONGDESCRIPTION><HASLD>0</HASLD><IMAGEFILE></IMAGEFILE><LANGCODE>EN</LANGCODE><NODEID>22</NODEID><NODETYPE maxvalue="WFINTERACTION">INTERACTION</NODETYPE><TITLE>ACTSTARTNULL</TITLE><WFNODEID>15633</WFNODEID><XCOORDINATE>9</XCOORDINATE><YCOORDINATE>7</YCOORDINATE><WFACTION><ACTION></ACTION><ACTIONID>26</ACTIONID><CONDITION></CONDITION><CONDITIONCLASS></CONDITIONCLASS><INSTRUCTION>Actual start populated?</INSTRUCTION><ISPOSITIVE>1</ISPOSITIVE><MEMBERNODEID>21</MEMBERNODEID><OWNERNODEID>22</OWNERNODEID><SEQUENCE xsi:nil="true"></SEQUENCE><WFACTIONID>18594</WFACTIONID></WFACTION><WFINTERACTION><ACTION>ROUTEWF</ACTION><APP>PLUSPWO</APP><DIRECTIONS>The actual start is not populated</DIRECTIONS><DIRECTIONS_LONGDESCRIPTION>Please ensure that the actual start date is populated.</DIRECTIONS_LONGDESCRIPTION><HASLD>1</HASLD><LANGCODE>EN</LANGCODE><LAUNCHPROCESS></LAUNCHPROCESS><PAGE></PAGE><RELATION></RELATION><TABNAME></TABNAME><WFINTERACTIONID>5790</WFINTERACTIONID><LONGDESCRIPTION><CONTENTUID>469,279</CONTENTUID><LANGCODE>EN</LANGCODE><LDKEY>5790</LDKEY><LDOWNERCOL>DIRECTIONS</LDOWNERCOL><LDOWNERTABLE>WFINTERACTION</LDOWNERTABLE><LDTEXT>Please ensure that the actual start date is populated.</LDTEXT><LONGDESCRIPTIONID>469279</LONGDESCRIPTIONID></LONGDESCRIPTION></WFINTERACTION></WFNODE><WFNODE><DESCRIPTION>Asset is missing</DESCRIPTION><DESCRIPTION_LONGDESCRIPTION></DESCRIPTION_LONGDESCRIPTION><HASLD>0</HASLD><IMAGEFILE></IMAGEFILE><LANGCODE>EN</LANGCODE><NODEID>23</NODEID><NODETYPE maxvalue="WFINTERACTION">INTERACTION</NODETYPE><TITLE>ASSMISSING</TITLE><WFNODEID>15634</WFNODEID><XCOORDINATE>13</XCOORDINATE><YCOORDINATE>6</YCOORDINATE><WFACTION><ACTION>CREATERETURNWO</ACTION><ACTIONID>28</ACTIONID><CONDITION></CONDITION><CONDITIONCLASS></CONDITIONCLASS><INSTRUCTION>STOP 24</INSTRUCTION><ISPOSITIVE>1</ISPOSITIVE><MEMBERNODEID>24</MEMBERNODEID><OWNERNODEID>23</OWNERNODEID><SEQUENCE xsi:nil="true"></SEQUENCE><WFACTIONID>18595</WFACTIONID></WFACTION><WFINTERACTION><ACTION>ROUTEWF</ACTION><APP>PLUSPWO</APP><DIRECTIONS>Missing Asset</DIRECTIONS><DIRECTIONS_LONGDESCRIPTION>This wo was returned for a reason of asset missing, the work order will be completed and the asset manager informed.</DIRECTIONS_LONGDESCRIPTION><HASLD>1</HASLD><LANGCODE>EN</LANGCODE><LAUNCHPROCESS></LAUNCHPROCESS><PAGE></PAGE><RELATION></RELATION><TABNAME></TABNAME><WFINTERACTIONID>5791</WFINTERACTIONID><LONGDESCRIPTION><CONTENTUID>469,280</CONTENTUID><LANGCODE>EN</LANGCODE><LDKEY>5791</LDKEY><LDOWNERCOL>DIRECTIONS</LDOWNERCOL><LDOWNERTABLE>WFINTERACTION</LDOWNERTABLE><LDTEXT>This wo was returned for a reason of asset missing, the work order will be completed and the asset manager informed.</LDTEXT><LONGDESCRIPTIONID>469280</LONGDESCRIPTIONID></LONGDESCRIPTION></WFINTERACTION></WFNODE><WFNODE><DESCRIPTION>STOP 24</DESCRIPTION><DESCRIPTION_LONGDESCRIPTION></DESCRIPTION_LONGDESCRIPTION><HASLD>0</HASLD><IMAGEFILE></IMAGEFILE><LANGCODE>EN</LANGCODE><NODEID>24</NODEID><NODETYPE maxvalue="WFSTOP">STOP</NODETYPE><TITLE>STOP 24</TITLE><WFNODEID>15635</WFNODEID><XCOORDINATE>14</XCOORDINATE><YCOORDINATE>6</YCOORDINATE><WFSTOP><WFSTOPID>7118</WFSTOPID></WFSTOP></WFNODE><WFNODE><DESCRIPTION>STOP 25</DESCRIPTION><DESCRIPTION_LONGDESCRIPTION></DESCRIPTION_LONGDESCRIPTION><HASLD>0</HASLD><IMAGEFILE></IMAGEFILE><LANGCODE>EN</LANGCODE><NODEID>25</NODEID><NODETYPE maxvalue="WFSTOP">STOP</NODETYPE><TITLE>STOP 25</TITLE><WFNODEID>15636</WFNODEID><XCOORDINATE>7</XCOORDINATE><YCOORDINATE>2</YCOORDINATE><WFSTOP><WFSTOPID>7119</WFSTOPID></WFSTOP></WFNODE><WFNODE><DESCRIPTION>Workorder set to COMP</DESCRIPTION><DESCRIPTION_LONGDESCRIPTION></DESCRIPTION_LONGDESCRIPTION><HASLD>0</HASLD><IMAGEFILE></IMAGEFILE><LANGCODE>EN</LANGCODE><NODEID>28</NODEID><NODETYPE maxvalue="WFINTERACTION">INTERACTION</NODETYPE><TITLE>WORKCOMP</TITLE><WFNODEID>15637</WFNODEID><XCOORDINATE>13</XCOORDINATE><YCOORDINATE>4</YCOORDINATE><WFACTION><ACTION>CREATERETURNWO</ACTION><ACTIONID>38</ACTIONID><CONDITION></CONDITION><CONDITIONCLASS></CONDITIONCLASS><INSTRUCTION>STOP 29</INSTRUCTION><ISPOSITIVE>1</ISPOSITIVE><MEMBERNODEID>29</MEMBERNODEID><OWNERNODEID>28</OWNERNODEID><SEQUENCE xsi:nil="true"></SEQUENCE><WFACTIONID>18596</WFACTIONID></WFACTION><WFINTERACTION><ACTION>ROUTEWF</ACTION><APP>PLUSPWO</APP><DIRECTIONS>The work order has been set to COMP</DIRECTIONS><DIRECTIONS_LONGDESCRIPTION>This work order has been set to COMP, a duplicate work order will now be created.</DIRECTIONS_LONGDESCRIPTION><HASLD>1</HASLD><LANGCODE>EN</LANGCODE><LAUNCHPROCESS></LAUNCHPROCESS><PAGE></PAGE><RELATION></RELATION><TABNAME></TABNAME><WFINTERACTIONID>5792</WFINTERACTIONID><LONGDESCRIPTION><CONTENTUID>469,281</CONTENTUID><LANGCODE>EN</LANGCODE><LDKEY>5792</LDKEY><LDOWNERCOL>DIRECTIONS</LDOWNERCOL><LDOWNERTABLE>WFINTERACTION</LDOWNERTABLE><LDTEXT>This work order has been set to COMP, a duplicate work order will now be created.</LDTEXT><LONGDESCRIPTIONID>469281</LONGDESCRIPTIONID></LONGDESCRIPTION></WFINTERACTION></WFNODE><WFNODE><DESCRIPTION>STOP 29</DESCRIPTION><DESCRIPTION_LONGDESCRIPTION></DESCRIPTION_LONGDESCRIPTION><HASLD>0</HASLD><IMAGEFILE></IMAGEFILE><LANGCODE>EN</LANGCODE><NODEID>29</NODEID><NODETYPE maxvalue="WFSTOP">STOP</NODETYPE><TITLE>STOP 29</TITLE><WFNODEID>15638</WFNODEID><XCOORDINATE>14</XCOORDINATE><YCOORDINATE>4</YCOORDINATE><WFSTOP><WFSTOPID>7120</WFSTOPID></WFSTOP></WFNODE><WFNODE><DESCRIPTION>INTERACTION 31</DESCRIPTION><DESCRIPTION_LONGDESCRIPTION></DESCRIPTION_LONGDESCRIPTION><HASLD>0</HASLD><IMAGEFILE></IMAGEFILE><LANGCODE>EN</LANGCODE><NODEID>31</NODEID><NODETYPE maxvalue="WFINTERACTION">INTERACTION</NODETYPE><TITLE>WORKCOMP</TITLE><WFNODEID>15639</WFNODEID><XCOORDINATE>13</XCOORDINATE><YCOORDINATE>3</YCOORDINATE><WFACTION><ACTION>CREATERETURNWO</ACTION><ACTIONID>40</ACTIONID><CONDITION></CONDITION><CONDITIONCLASS></CONDITIONCLASS><INSTRUCTION>STOP 32</INSTRUCTION><ISPOSITIVE>1</ISPOSITIVE><MEMBERNODEID>32</MEMBERNODEID><OWNERNODEID>31</OWNERNODEID><SEQUENCE xsi:nil="true"></SEQUENCE><WFACTIONID>18597</WFACTIONID></WFACTION><WFINTERACTION><ACTION>ROUTEWF</ACTION><APP>PLUSPWO</APP><DIRECTIONS>The work order has been set to COMP</DIRECTIONS><DIRECTIONS_LONGDESCRIPTION>This work order has been set to COMP, a new Activity will now be created. The new Activity can be seen in the Plans Tab of this Work Order as a task.</DIRECTIONS_LONGDESCRIPTION><HASLD>1</HASLD><LANGCODE>EN</LANGCODE><LAUNCHPROCESS></LAUNCHPROCESS><PAGE></PAGE><RELATION></RELATION><TABNAME></TABNAME><WFINTERACTIONID>5793</WFINTERACTIONID><LONGDESCRIPTION><CONTENTUID>469,282</CONTENTUID><LANGCODE>EN</LANGCODE><LDKEY>5793</LDKEY><LDOWNERCOL>DIRECTIONS</LDOWNERCOL><LDOWNERTABLE>WFINTERACTION</LDOWNERTABLE><LDTEXT>This work order has been set to COMP, a new Activity will now be created. The new Activity can be seen in the Plans Tab of this Work Order as a task.</LDTEXT><LONGDESCRIPTIONID>469282</LONGDESCRIPTIONID></LONGDESCRIPTION></WFINTERACTION></WFNODE><WFNODE><DESCRIPTION>STOP 32</DESCRIPTION><DESCRIPTION_LONGDESCRIPTION></DESCRIPTION_LONGDESCRIPTION><HASLD>0</HASLD><IMAGEFILE></IMAGEFILE><LANGCODE>EN</LANGCODE><NODEID>32</NODEID><NODETYPE maxvalue="WFSTOP">STOP</NODETYPE><TITLE>STOP 32</TITLE><WFNODEID>15640</WFNODEID><XCOORDINATE>14</XCOORDINATE><YCOORDINATE>3</YCOORDINATE><WFSTOP><WFSTOPID>7121</WFSTOPID></WFSTOP></WFNODE><WFNODE><DESCRIPTION>INTERACTION 33</DESCRIPTION><DESCRIPTION_LONGDESCRIPTION></DESCRIPTION_LONGDESCRIPTION><HASLD>0</HASLD><IMAGEFILE></IMAGEFILE><LANGCODE>EN</LANGCODE><NODEID>33</NODEID><NODETYPE maxvalue="WFINTERACTION">INTERACTION</NODETYPE><TITLE>WORKCOMP</TITLE><WFNODEID>15641</WFNODEID><XCOORDINATE>13</XCOORDINATE><YCOORDINATE>5</YCOORDINATE><WFACTION><ACTION>CREATERETURNWO</ACTION><ACTIONID>42</ACTIONID><CONDITION></CONDITION><CONDITIONCLASS></CONDITIONCLASS><INSTRUCTION>STOP 34</INSTRUCTION><ISPOSITIVE>1</ISPOSITIVE><MEMBERNODEID>34</MEMBERNODEID><OWNERNODEID>33</OWNERNODEID><SEQUENCE xsi:nil="true"></SEQUENCE><WFACTIONID>18598</WFACTIONID></WFACTION><WFINTERACTION><ACTION>ROUTEWF</ACTION><APP>PLUSPWO</APP><DIRECTIONS>The work order has been set to COMP</DIRECTIONS><DIRECTIONS_LONGDESCRIPTION>This work order has been set to COMP, a new Activity will now be created. The new Activity can be seen in the Plans Tab of this Work Order as a task.</DIRECTIONS_LONGDESCRIPTION><HASLD>1</HASLD><LANGCODE>EN</LANGCODE><LAUNCHPROCESS></LAUNCHPROCESS><PAGE></PAGE><RELATION></RELATION><TABNAME></TABNAME><WFINTERACTIONID>5794</WFINTERACTIONID><LONGDESCRIPTION><CONTENTUID>469,283</CONTENTUID><LANGCODE>EN</LANGCODE><LDKEY>5794</LDKEY><LDOWNERCOL>DIRECTIONS</LDOWNERCOL><LDOWNERTABLE>WFINTERACTION</LDOWNERTABLE><LDTEXT>This work order has been set to COMP, a new Activity will now be created. The new Activity can be seen in the Plans Tab of this Work Order as a task.</LDTEXT><LONGDESCRIPTIONID>469283</LONGDESCRIPTIONID></LONGDESCRIPTION></WFINTERACTION></WFNODE><WFNODE><DESCRIPTION>STOP 34</DESCRIPTION><DESCRIPTION_LONGDESCRIPTION></DESCRIPTION_LONGDESCRIPTION><HASLD>0</HASLD><IMAGEFILE></IMAGEFILE><LANGCODE>EN</LANGCODE><NODEID>34</NODEID><NODETYPE maxvalue="WFSTOP">STOP</NODETYPE><TITLE>STOP 34</TITLE><WFNODEID>15642</WFNODEID><XCOORDINATE>14</XCOORDINATE><YCOORDINATE>5</YCOORDINATE><WFSTOP><WFSTOPID>7122</WFSTOPID></WFSTOP></WFNODE><WFNODE><DESCRIPTION>INTERACTION 36</DESCRIPTION><DESCRIPTION_LONGDESCRIPTION></DESCRIPTION_LONGDESCRIPTION><HASLD>0</HASLD><IMAGEFILE></IMAGEFILE><LANGCODE>EN</LANGCODE><NODEID>36</NODEID><NODETYPE maxvalue="WFINTERACTION">INTERACTION</NODETYPE><TITLE>WORKCOMP</TITLE><WFNODEID>15643</WFNODEID><XCOORDINATE>13</XCOORDINATE><YCOORDINATE>7</YCOORDINATE><WFACTION><ACTION>CREATERETURNWO</ACTION><ACTIONID>44</ACTIONID><CONDITION></CONDITION><CONDITIONCLASS></CONDITIONCLASS><INSTRUCTION>STOP 37</INSTRUCTION><ISPOSITIVE>1</ISPOSITIVE><MEMBERNODEID>37</MEMBERNODEID><OWNERNODEID>36</OWNERNODEID><SEQUENCE xsi:nil="true"></SEQUENCE><WFACTIONID>18599</WFACTIONID></WFACTION><WFINTERACTION><ACTION>ROUTEWF</ACTION><APP>PLUSPWO</APP><DIRECTIONS>The work order has been set to COMP</DIRECTIONS><DIRECTIONS_LONGDESCRIPTION>This work order has been set to COMP, a new Work Order will now be created.</DIRECTIONS_LONGDESCRIPTION><HASLD>1</HASLD><LANGCODE>EN</LANGCODE><LAUNCHPROCESS></LAUNCHPROCESS><PAGE></PAGE><RELATION></RELATION><TABNAME></TABNAME><WFINTERACTIONID>5795</WFINTERACTIONID><LONGDESCRIPTION><CONTENTUID>469,284</CONTENTUID><LANGCODE>EN</LANGCODE><LDKEY>5795</LDKEY><LDOWNERCOL>DIRECTIONS</LDOWNERCOL><LDOWNERTABLE>WFINTERACTION</LDOWNERTABLE><LDTEXT>This work order has been set to COMP, a new Work Order will now be created.</LDTEXT><LONGDESCRIPTIONID>469284</LONGDESCRIPTIONID></LONGDESCRIPTION></WFINTERACTION></WFNODE><WFNODE><DESCRIPTION>STOP 37</DESCRIPTION><DESCRIPTION_LONGDESCRIPTION></DESCRIPTION_LONGDESCRIPTION><HASLD>0</HASLD><IMAGEFILE></IMAGEFILE><LANGCODE>EN</LANGCODE><NODEID>37</NODEID><NODETYPE maxvalue="WFSTOP">STOP</NODETYPE><TITLE>STOP 37</TITLE><WFNODEID>15644</WFNODEID><XCOORDINATE>14</XCOORDINATE><YCOORDINATE>7</YCOORDINATE><WFSTOP><WFSTOPID>7123</WFSTOPID></WFSTOP></WFNODE><WFNODE><DESCRIPTION>Actual start is populated?</DESCRIPTION><DESCRIPTION_LONGDESCRIPTION></DESCRIPTION_LONGDESCRIPTION><HASLD>0</HASLD><IMAGEFILE></IMAGEFILE><LANGCODE>EN</LANGCODE><NODEID>39</NODEID><NODETYPE maxvalue="WFCONDITION">CONDITION</NODETYPE><TITLE>ACTSTART</TITLE><WFNODEID>15646</WFNODEID><XCOORDINATE>7</XCOORDINATE><YCOORDINATE>6</YCOORDINATE><WFACTION><ACTION></ACTION><ACTIONID>47</ACTIONID><CONDITION></CONDITION><CONDITIONCLASS></CONDITIONCLASS><INSTRUCTION>INTERACTION 40</INSTRUCTION><ISPOSITIVE>0</ISPOSITIVE><MEMBERNODEID>40</MEMBERNODEID><OWNERNODEID>39</OWNERNODEID><SEQUENCE xsi:nil="true"></SEQUENCE><WFACTIONID>18600</WFACTIONID></WFACTION><WFACTION><ACTION></ACTION><ACTIONID>48</ACTIONID><CONDITION></CONDITION><CONDITIONCLASS></CONDITIONCLASS><INSTRUCTION>Asset is missing</INSTRUCTION><ISPOSITIVE>1</ISPOSITIVE><MEMBERNODEID>23</MEMBERNODEID><OWNERNODEID>39</OWNERNODEID><SEQUENCE xsi:nil="true"></SEQUENCE><WFACTIONID>18601</WFACTIONID></WFACTION><WFCONDITION><CONDITION>:actstart is not null</CONDITION><CUSTOMCLASS></CUSTOMCLASS><WFCONDITIONID>9689</WFCONDITIONID></WFCONDITION></WFNODE><WFNODE><DESCRIPTION>INTERACTION 40</DESCRIPTION><DESCRIPTION_LONGDESCRIPTION></DESCRIPTION_LONGDESCRIPTION><HASLD>0</HASLD><IMAGEFILE></IMAGEFILE><LANGCODE>EN</LANGCODE><NODEID>40</NODEID><NODETYPE maxvalue="WFINTERACTION">INTERACTION</NODETYPE><TITLE>ACTSTARTNULL</TITLE><WFNODEID>15647</WFNODEID><XCOORDINATE>9</XCOORDINATE><YCOORDINATE>6</YCOORDINATE><WFACTION><ACTION></ACTION><ACTIONID>49</ACTIONID><CONDITION></CONDITION><CONDITIONCLASS></CONDITIONCLASS><INSTRUCTION>Actual start is populated?</INSTRUCTION><ISPOSITIVE>1</ISPOSITIVE><MEMBERNODEID>39</MEMBERNODEID><OWNERNODEID>40</OWNERNODEID><SEQUENCE xsi:nil="true"></SEQUENCE><WFACTIONID>18602</WFACTIONID></WFACTION><WFINTERACTION><ACTION>ROUTEWF</ACTION><APP>PLUSPWO</APP><DIRECTIONS>Actual start is not populated</DIRECTIONS><DIRECTIONS_LONGDESCRIPTION>Please ensure that the actual start date is populated.</DIRECTIONS_LONGDESCRIPTION><HASLD>1</HASLD><LANGCODE>EN</LANGCODE><LAUNCHPROCESS></LAUNCHPROCESS><PAGE></PAGE><RELATION></RELATION><TABNAME></TABNAME><WFINTERACTIONID>5796</WFINTERACTIONID><LONGDESCRIPTION><CONTENTUID>469,285</CONTENTUID><LANGCODE>EN</LANGCODE><LDKEY>5796</LDKEY><LDOWNERCOL>DIRECTIONS</LDOWNERCOL><LDOWNERTABLE>WFINTERACTION</LDOWNERTABLE><LDTEXT>Please ensure that the actual start date is populated.</LDTEXT><LONGDESCRIPTIONID>469285</LONGDESCRIPTIONID></LONGDESCRIPTION></WFINTERACTION></WFNODE><WFNODE><DESCRIPTION>INPUT 42</DESCRIPTION><DESCRIPTION_LONGDESCRIPTION></DESCRIPTION_LONGDESCRIPTION><HASLD>0</HASLD><IMAGEFILE></IMAGEFILE><LANGCODE>EN</LANGCODE><NODEID>42</NODEID><NODETYPE maxvalue="WFINPUT">INPUT</NODETYPE><TITLE>CONTEXIT</TITLE><WFNODEID>15649</WFNODEID><XCOORDINATE>9</XCOORDINATE><YCOORDINATE>1</YCOORDINATE><WFINPUT><DISPLAYONE>0</DISPLAYONE><WFINPUTID>4026</WFINPUTID></WFINPUT><WFACTION><ACTION>IRVWODELASSIGN2</ACTION><ACTIONID>93</ACTIONID><CONDITION></CONDITION><CONDITIONCLASS></CONDITIONCLASS><INSTRUCTION>Continue</INSTRUCTION><ISPOSITIVE>1</ISPOSITIVE><MEMBERNODEID>6</MEMBERNODEID><OWNERNODEID>42</OWNERNODEID><SEQUENCE>1</SEQUENCE><WFACTIONID>18604</WFACTIONID></WFACTION><WFACTION><ACTION></ACTION><ACTIONID>94</ACTIONID><CONDITION></CONDITION><CONDITIONCLASS></CONDITIONCLASS><INSTRUCTION>Exit</INSTRUCTION><ISPOSITIVE>1</ISPOSITIVE><MEMBERNODEID>43</MEMBERNODEID><OWNERNODEID>42</OWNERNODEID><SEQUENCE>2</SEQUENCE><WFACTIONID>18605</WFACTIONID></WFACTION></WFNODE><WFNODE><DESCRIPTION>STOP 43</DESCRIPTION><DESCRIPTION_LONGDESCRIPTION></DESCRIPTION_LONGDESCRIPTION><HASLD>0</HASLD><IMAGEFILE></IMAGEFILE><LANGCODE>EN</LANGCODE><NODEID>43</NODEID><NODETYPE maxvalue="WFSTOP">STOP</NODETYPE><TITLE>STOP 43</TITLE><WFNODEID>15650</WFNODEID><XCOORDINATE>9</XCOORDINATE><YCOORDINATE>2</YCOORDINATE><WFSTOP><WFSTOPID>7125</WFSTOPID></WFSTOP></WFNODE><WFNOTIFICATION><ACTIONID>28</ACTIONID><NODEID>23</NODEID><NOTIFICATIONID>4614</NOTIFICATIONID><TEMPLATEID>IRVASSMAN</TEMPLATEID><UNIQUEID>1</UNIQUEID></WFNOTIFICATION></WFPROCESS></DMWFPROCESSSet></SyncDMWFPROCESS>