<?xml version="1.0" encoding="UTF-8"?><SyncDMPACKAGEDEF xmlns="http://www.ibm.com/maximo" xmlns:xsi="http://www.w3.org/2001/XMLSchema-instance" creationDateTime="2014-08-21T10:58:27+01:00" transLanguage="EN" baseLanguage="EN" messageID="1408615107420140977" maximoVersion="7 5 20130829-1209 V7510--1"><DMPACKAGEDEFSet><DMPACKAGEDEF><ACTIVE>0</ACTIVE><BATCHSIZE>100</BATCHSIZE><CHANGEBY>TIMMINSA</CHANGEBY><CHANGEDATE>2014-07-28T15:15:05+01:00</CHANGEDATE><CONTENTID>b3b89708-aa7b-435c-8e23-14ae1f6d4ff8</CONTENTID><DESCRIPTION>Actions &amp; Action Groups</DESCRIPTION><DESCRIPTION_LONGDESCRIPTION></DESCRIPTION_LONGDESCRIPTION><DMPACKAGEDEFID>409</DMPACKAGEDEFID><DMROLE></DMROLE><HASLD>0</HASLD><LANGCODE>EN</LANGCODE><PKGDEFNAME>BBC_ACTIONS</PKGDEFNAME><SOURCE>BBC-SQL-D01_BBCMAXDEV_dbo</SOURCE><STATUS maxvalue="APPR">APPR</STATUS><STATUSDATE>2014-07-28T15:16:32+01:00</STATUSDATE><TYPE maxvalue="SNAPSHOT">SNAPSHOT</TYPE><XMLACTION maxvalue="ADDCHANGE">AddChange</XMLACTION><DMPKGDEFSTATUS><CHANGEBY>TIMMINSA</CHANGEBY><CONTENTID>89be4f39-6ba7-4de4-897c-35af5ea73e17</CONTENTID><DMPKGDEFSTATUSID>412</DMPKGDEFSTATUSID><MEMO></MEMO><STATUS maxvalue="WAPPR">WAPPR</STATUS><STATUSDATE>2014-07-02T16:14:00+01:00</STATUSDATE></DMPKGDEFSTATUS><DMPKGDEFSTATUS><CHANGEBY>TIMMINSA</CHANGEBY><CONTENTID>5eeaca80-848c-49a3-894b-69551d01c4c5</CONTENTID><DMPKGDEFSTATUSID>413</DMPKGDEFSTATUSID><MEMO></MEMO><STATUS maxvalue="APPR">APPR</STATUS><STATUSDATE>2014-07-28T15:16:00+01:00</STATUSDATE></DMPKGDEFSTATUS><DMPKGCFGGRPDEF><CFGOBJGROUP>BBC_ACTIONS_ESCALATIONS</CFGOBJGROUP><CONTENTID>5e1612b6-0902-40c7-be3c-3adaa72a192b</CONTENTID><DMPKGCFGGRPDEFID>508</DMPKGCFGGRPDEFID><DMPKGCFGOBJDEF><CFGOBJECT>DMACTION</CFGOBJECT><CONTENTID>58461af3-dd4f-4275-bb96-3b79c6731b68</CONTENTID><DMPKGCFGOBJDEFID>404</DMPKGCFGOBJDEFID><WHERECLAUSE>action in (select distinct(action) from wfaction where action is not null and processname in ('SUBWORETUR'))</WHERECLAUSE></DMPKGCFGOBJDEF><DMPKGCFGOBJDEF><CFGOBJECT>DMESCALATION</CFGOBJECT><CONTENTID>280ee052-e4c8-4882-857a-165e2198852d</CONTENTID><DMPKGCFGOBJDEFID>405</DMPKGCFGOBJDEFID><WHERECLAUSE>1=2</WHERECLAUSE></DMPKGCFGOBJDEF><DMPKGCFGOBJDEF><CFGOBJECT>DMACTIONGROUP</CFGOBJECT><CONTENTID>b2981780-91be-43bd-8db1-0a7629f860ab</CONTENTID><DMPKGCFGOBJDEFID>406</DMPKGCFGOBJDEFID><WHERECLAUSE>member in (select distinct(action) from wfaction where action is not null and processname in ('SUBWOPO')) or action in (select distinct(action) from wfaction where action is not null and processname in ('SUBWORETUR'))</WHERECLAUSE></DMPKGCFGOBJDEF></DMPKGCFGGRPDEF><DMPKGDIST><CHANGEBY>TIMMINSA</CHANGEBY><CHANGEDATE>2014-07-28T15:15:05+01:00</CHANGEDATE><CONTENTID>b43210fa-695c-4d35-a8d8-015fe22d0380</CONTENTID><DMPKGDISTID>404</DMPKGDISTID><TARGETNAME>IRVMMFOLDER</TARGETNAME></DMPKGDIST></DMPACKAGEDEF></DMPACKAGEDEFSet></SyncDMPACKAGEDEF>