<?xml version="1.0" encoding="UTF-8"?><SyncDMPACKAGEDEF xmlns="http://www.ibm.com/maximo" xmlns:xsi="http://www.w3.org/2001/XMLSchema-instance" creationDateTime="2015-02-23T11:25:15+00:00" transLanguage="EN" baseLanguage="EN" messageID="1424690715609508323" maximoVersion="7 5 20130829-1209 V7510--1"><DMPACKAGEDEFSet><DMPACKAGEDEF><ACTIVE>0</ACTIVE><BATCHSIZE>100</BATCHSIZE><CHANGEBY>TIMMINSA</CHANGEBY><CHANGEDATE>2014-12-02T12:18:05+00:00</CHANGEDATE><CONTENTID>cd95e031-029d-4599-b997-d96aca92a084</CONTENTID><DESCRIPTION>Automation Scripts</DESCRIPTION><DESCRIPTION_LONGDESCRIPTION></DESCRIPTION_LONGDESCRIPTION><DMPACKAGEDEFID>1210</DMPACKAGEDEFID><DMROLE></DMROLE><HASLD>0</HASLD><LANGCODE>EN</LANGCODE><PKGDEFNAME>IDS_AUTOSCRIPT</PKGDEFNAME><SOURCE>BBC-SQL-D01_BBCMAXSIT_dbo</SOURCE><STATUS maxvalue="APPR">APPR</STATUS><STATUSDATE>2014-12-02T12:18:22+00:00</STATUSDATE><TYPE maxvalue="SNAPSHOT">SNAPSHOT</TYPE><XMLACTION maxvalue="ADDCHANGE">AddChange</XMLACTION><DMPKGDEFSTATUS><CHANGEBY>TIMMINSA</CHANGEBY><CONTENTID>96c85615-5d25-41d0-8075-55237d380a6a</CONTENTID><DMPKGDEFSTATUSID>1215</DMPKGDEFSTATUSID><MEMO></MEMO><STATUS maxvalue="APPR">APPR</STATUS><STATUSDATE>2014-12-02T12:18:00+00:00</STATUSDATE></DMPKGDEFSTATUS><DMPKGDEFSTATUS><CHANGEBY>TIMMINSA</CHANGEBY><CONTENTID>c0de3360-efc9-4c24-846d-95683aa07ef9</CONTENTID><DMPKGDEFSTATUSID>1214</DMPKGDEFSTATUSID><MEMO></MEMO><STATUS maxvalue="WAPPR">WAPPR</STATUS><STATUSDATE>2014-11-11T12:03:00+00:00</STATUSDATE></DMPKGDEFSTATUS><DMPKGCFGGRPDEF><CFGOBJGROUP>SCRIPTCFG</CFGOBJGROUP><CONTENTID>fa0903d2-4e20-482c-ba2e-d065253b2ee2</CONTENTID><DMPKGCFGGRPDEFID>1309</DMPKGCFGGRPDEFID><DMPKGCFGOBJDEF><CFGOBJECT>DMLAUNCHPOINT</CFGOBJECT><CONTENTID>5d0327e1-772a-473b-8787-55adb5c8beff</CONTENTID><DMPKGCFGOBJDEFID>1209</DMPKGCFGOBJDEFID><WHERECLAUSE>autoscript in ('IRV_INVVAL','INV_CREDVAL')</WHERECLAUSE></DMPKGCFGOBJDEF><DMPKGCFGOBJDEF><CFGOBJECT>DMSCRIPT</CFGOBJECT><CONTENTID>87a47e09-9d7c-492a-a7d9-ce344bbdc7ab</CONTENTID><DMPKGCFGOBJDEFID>1208</DMPKGCFGOBJDEFID><WHERECLAUSE>autoscript in ('IRV_INVVAL','INV_CREDVAL')</WHERECLAUSE></DMPKGCFGOBJDEF></DMPKGCFGGRPDEF><DMPKGDIST><CHANGEBY>TIMMINSA</CHANGEBY><CHANGEDATE>2014-12-02T12:18:06+00:00</CHANGEDATE><CONTENTID>f5d5e8d0-fdce-4854-8c83-92dcc8c9b261</CONTENTID><DMPKGDISTID>1306</DMPKGDISTID><TARGETNAME>BBC_DEP</TARGETNAME></DMPKGDIST><DMPKGDIST><CHANGEBY>TIMMINSA</CHANGEBY><CHANGEDATE>2014-12-02T12:18:06+00:00</CHANGEDATE><CONTENTID>dd74f37a-689d-47ba-975e-eb9d0c1ba66b</CONTENTID><DMPKGDISTID>1305</DMPKGDISTID><TARGETNAME>IRVMMFOLDER</TARGETNAME></DMPKGDIST></DMPACKAGEDEF></DMPACKAGEDEFSet></SyncDMPACKAGEDEF>