<?xml version="1.0" encoding="UTF-8"?><SyncDMQUERY xmlns="http://www.ibm.com/maximo" xmlns:xsi="http://www.w3.org/2001/XMLSchema-instance" creationDateTime="2014-09-18T13:39:37+01:00" transLanguage="EN" baseLanguage="EN" messageID="1411043977514122096" maximoVersion="7 5 20130829-1209 V7510--1"><DMQUERYSet><QUERY action="AddChange"><APP>PO</APP><CLAUSE>(historyflag = 0 and siteid = 'GB') and exists (select * from wfassignment where po.poid = wfassignment.ownerid and ownertable = 'PO' and  processname = 'POAPPR' and assignstatus = 'ACTIVE' and roleid &lt;&gt; 'ORIGINATOR' and assigncode = :&amp;personid&amp;)</CLAUSE><CLAUSENAME>POASSIGNAPPR</CLAUSENAME><DESCRIPTION>PO's for my approval.</DESCRIPTION><ISPUBLIC>1</ISPUBLIC><OWNER>TIMMINSA</OWNER><QUERYID>4804</QUERYID></QUERY><QUERY action="AddChange"><APP>INVOICE</APP><CLAUSE>(historyflag = 0 and siteid = 'GB') and exists (select * from wfassignment where invoice.invoiceid = wfassignment.ownerid and ownertable = 'INVOICE' and  processname = 'SUBINVWF' and assignstatus = 'ACTIVE' and roleid &lt;&gt; 'ORIGINATOR' and assigncode = :&amp;personid&amp; )</CLAUSE><CLAUSENAME>INVASSIGNISSUE</CLAUSENAME><DESCRIPTION>Invoice issue for my attention.</DESCRIPTION><ISPUBLIC>1</ISPUBLIC><OWNER>TIMMINSA</OWNER><QUERYID>4904</QUERYID></QUERY></DMQUERYSet></SyncDMQUERY>