<?xml version="1.0" encoding="UTF-8"?><SyncDMWFPROCESS xmlns="http://www.ibm.com/maximo" xmlns:xsi="http://www.w3.org/2001/XMLSchema-instance" creationDateTime="2014-10-15T13:13:08+01:00" transLanguage="EN" baseLanguage="EN" messageID="1413375188602211035" maximoVersion="7 5 20130829-1209 V7510--1"><DMWFPROCESSSet><WFPROCESS action="AddChange"><ACTIVE>0</ACTIVE><AUTOINITIATE>0</AUTOINITIATE><CHANGEBY>TIMMINSA</CHANGEBY><CHANGEDATE>2014-10-06T14:59:57+01:00</CHANGEDATE><DELETABLE>1</DELETABLE><DESCRIPTION>P2P - Approval process</DESCRIPTION><DESCRIPTION_LONGDESCRIPTION></DESCRIPTION_LONGDESCRIPTION><ENABLED>1</ENABLED><EXTERNALREFID></EXTERNALREFID><HASLD>0</HASLD><LANGCODE>EN</LANGCODE><MIGRATED>0</MIGRATED><OBJECTNAME>PO</OBJECTNAME><OWNERSYSID></OWNERSYSID><PROCESSNAME>POAPPR</PROCESSNAME><PROCESSREV>19</PROCESSREV><SENDERSYSID>MX</SENDERSYSID><SOURCESYSID></SOURCESYSID><WFPROCESSID>6422</WFPROCESSID><WFNODE><DESCRIPTION>START 1</DESCRIPTION><DESCRIPTION_LONGDESCRIPTION></DESCRIPTION_LONGDESCRIPTION><HASLD>0</HASLD><IMAGEFILE></IMAGEFILE><LANGCODE>EN</LANGCODE><NODEID>1</NODEID><NODETYPE maxvalue="WFSTART">START</NODETYPE><TITLE>START 1</TITLE><WFNODEID>16866</WFNODEID><XCOORDINATE>1</XCOORDINATE><YCOORDINATE>1</YCOORDINATE><WFSTART><WFSTARTID>6426</WFSTARTID></WFSTART><WFACTION><ACTION></ACTION><ACTIONID>0</ACTIONID><CONDITION></CONDITION><CONDITIONCLASS></CONDITIONCLASS><INSTRUCTION>CONDITION 3</INSTRUCTION><ISPOSITIVE>1</ISPOSITIVE><MEMBERNODEID>3</MEMBERNODEID><OWNERNODEID>1</OWNERNODEID><SEQUENCE xsi:nil="true"></SEQUENCE><WFACTIONID>19460</WFACTIONID></WFACTION></WFNODE><WFNODE><DESCRIPTION>STOP 2</DESCRIPTION><DESCRIPTION_LONGDESCRIPTION></DESCRIPTION_LONGDESCRIPTION><HASLD>0</HASLD><IMAGEFILE></IMAGEFILE><LANGCODE>EN</LANGCODE><NODEID>2</NODEID><NODETYPE maxvalue="WFSTOP">STOP</NODETYPE><TITLE>STOP 2</TITLE><WFNODEID>16867</WFNODEID><XCOORDINATE>20</XCOORDINATE><YCOORDINATE>1</YCOORDINATE><WFSTOP><WFSTOPID>7788</WFSTOPID></WFSTOP></WFNODE><WFNODE><DESCRIPTION>Check PO is valid</DESCRIPTION><DESCRIPTION_LONGDESCRIPTION></DESCRIPTION_LONGDESCRIPTION><HASLD>0</HASLD><IMAGEFILE></IMAGEFILE><LANGCODE>EN</LANGCODE><NODEID>3</NODEID><NODETYPE maxvalue="WFCONDITION">CONDITION</NODETYPE><TITLE>POCHK1</TITLE><WFNODEID>16868</WFNODEID><XCOORDINATE>3</XCOORDINATE><YCOORDINATE>1</YCOORDINATE><WFACTION><ACTION></ACTION><ACTIONID>1</ACTIONID><CONDITION></CONDITION><CONDITIONCLASS></CONDITIONCLASS><INSTRUCTION>Check PO cost &gt; 0, poline delivery date and gl account</INSTRUCTION><ISPOSITIVE>0</ISPOSITIVE><MEMBERNODEID>6</MEMBERNODEID><OWNERNODEID>3</OWNERNODEID><SEQUENCE xsi:nil="true"></SEQUENCE><WFACTIONID>19461</WFACTIONID></WFACTION><WFACTION><ACTION></ACTION><ACTIONID>240</ACTIONID><CONDITION></CONDITION><CONDITIONCLASS></CONDITIONCLASS><INSTRUCTION>POTYPE?</INSTRUCTION><ISPOSITIVE>1</ISPOSITIVE><MEMBERNODEID>98</MEMBERNODEID><OWNERNODEID>3</OWNERNODEID><SEQUENCE xsi:nil="true"></SEQUENCE><WFACTIONID>19462</WFACTIONID></WFACTION><WFCONDITION><CONDITION>:totalcost &gt; 0 
and not exists (select 1 from poline where poline.ponum = po.ponum and poline.siteid = po.siteid and (gldebitacct is null OR gldebitacct  like '%?%' OR (len(gldebitacct) - len(replace(gldebitacct,'-',''))) &lt;&gt; 2 OR reqdeliverydate is  null or linecost = 0))
and not exists (select 1 from companies where companies.company = po.vendor and companies.orgid = po.orgid and irv_tobedisabled = 1)</CONDITION><CUSTOMCLASS></CUSTOMCLASS><WFCONDITIONID>10288</WFCONDITIONID></WFCONDITION></WFNODE><WFNODE><DESCRIPTION>Check PO cost &gt; 0, poline delivery date and gl account</DESCRIPTION><DESCRIPTION_LONGDESCRIPTION></DESCRIPTION_LONGDESCRIPTION><HASLD>0</HASLD><IMAGEFILE></IMAGEFILE><LANGCODE>EN</LANGCODE><NODEID>6</NODEID><NODETYPE maxvalue="WFINTERACTION">INTERACTION</NODETYPE><TITLE>CHK1</TITLE><WFNODEID>16869</WFNODEID><XCOORDINATE>5</XCOORDINATE><YCOORDINATE>1</YCOORDINATE><WFACTION><ACTION></ACTION><ACTIONID>2</ACTIONID><CONDITION></CONDITION><CONDITIONCLASS></CONDITIONCLASS><INSTRUCTION>STOP 2</INSTRUCTION><ISPOSITIVE>1</ISPOSITIVE><MEMBERNODEID>2</MEMBERNODEID><OWNERNODEID>6</OWNERNODEID><SEQUENCE xsi:nil="true"></SEQUENCE><WFACTIONID>19463</WFACTIONID></WFACTION><WFINTERACTION><ACTION></ACTION><APP></APP><DIRECTIONS>ERROR PO NOT COMPLETE</DIRECTIONS><DIRECTIONS_LONGDESCRIPTION>Please check GL Account, Delivery Date, Line Cost and Vendor.</DIRECTIONS_LONGDESCRIPTION><HASLD>1</HASLD><LANGCODE>EN</LANGCODE><LAUNCHPROCESS></LAUNCHPROCESS><PAGE></PAGE><RELATION></RELATION><TABNAME></TABNAME><WFINTERACTIONID>6624</WFINTERACTIONID><LONGDESCRIPTION><CONTENTUID>542,626</CONTENTUID><LANGCODE>EN</LANGCODE><LDKEY>6624</LDKEY><LDOWNERCOL>DIRECTIONS</LDOWNERCOL><LDOWNERTABLE>WFINTERACTION</LDOWNERTABLE><LDTEXT>Please check GL Account, Delivery Date, Line Cost and Vendor.</LDTEXT><LONGDESCRIPTIONID>542626</LONGDESCRIPTIONID></LONGDESCRIPTION></WFINTERACTION></WFNODE><WFNODE><DESCRIPTION>Approve or Query PO</DESCRIPTION><DESCRIPTION_LONGDESCRIPTION></DESCRIPTION_LONGDESCRIPTION><HASLD>0</HASLD><IMAGEFILE></IMAGEFILE><LANGCODE>EN</LANGCODE><NODEID>28</NODEID><NODETYPE maxvalue="WFINPUT">INPUT</NODETYPE><TITLE>POACT1</TITLE><WFNODEID>16870</WFNODEID><XCOORDINATE>16</XCOORDINATE><YCOORDINATE>3</YCOORDINATE><WFINPUT><DISPLAYONE>0</DISPLAYONE><WFINPUTID>4924</WFINPUTID></WFINPUT><WFACTION><ACTION></ACTION><ACTIONID>33</ACTIONID><CONDITION></CONDITION><CONDITIONCLASS></CONDITIONCLASS><INSTRUCTION>Query PO</INSTRUCTION><ISPOSITIVE>1</ISPOSITIVE><MEMBERNODEID>29</MEMBERNODEID><OWNERNODEID>28</OWNERNODEID><SEQUENCE>1</SEQUENCE><WFACTIONID>19464</WFACTIONID></WFACTION><WFACTION><ACTION></ACTION><ACTIONID>107</ACTIONID><CONDITION></CONDITION><CONDITIONCLASS></CONDITIONCLASS><INSTRUCTION>Approve PO</INSTRUCTION><ISPOSITIVE>1</ISPOSITIVE><MEMBERNODEID>71</MEMBERNODEID><OWNERNODEID>28</OWNERNODEID><SEQUENCE>2</SEQUENCE><WFACTIONID>19465</WFACTIONID></WFACTION><WFACTION><ACTION></ACTION><ACTIONID>235</ACTIONID><CONDITION></CONDITION><CONDITIONCLASS></CONDITIONCLASS><INSTRUCTION>Stop Workflow (PO will stay at WAPPR till workflow re-started)</INSTRUCTION><ISPOSITIVE>1</ISPOSITIVE><MEMBERNODEID>97</MEMBERNODEID><OWNERNODEID>28</OWNERNODEID><SEQUENCE>3</SEQUENCE><WFACTIONID>19466</WFACTIONID></WFACTION></WFNODE><WFNODE><DESCRIPTION>Query PO</DESCRIPTION><DESCRIPTION_LONGDESCRIPTION></DESCRIPTION_LONGDESCRIPTION><HASLD>0</HASLD><IMAGEFILE></IMAGEFILE><LANGCODE>EN</LANGCODE><NODEID>29</NODEID><NODETYPE maxvalue="WFTASK">TASK</NODETYPE><TITLE>QUERY1</TITLE><WFNODEID>16871</WFNODEID><XCOORDINATE>17</XCOORDINATE><YCOORDINATE>4</YCOORDINATE><WFTASK><APP>PO</APP><CALENDARBASED>0</CALENDARBASED><DISPLAYONE>0</DISPLAYONE><FIRSTCOMPLETE>1</FIRSTCOMPLETE><READONLY>0</READONLY><TIMELIMIT>0.0</TIMELIMIT><WFTASKID>4917</WFTASKID><WFTASKTYPE></WFTASKTYPE></WFTASK><WFASSIGNMENT><ACCEPTEXPR></ACCEPTEXPR><APP>PO</APP><ASSIGNCODE></ASSIGNCODE><ASSIGNID>1</ASSIGNID><ASSIGNSTATUS maxvalue="DEFAULT">DEFAULT</ASSIGNSTATUS><ASSIGN_01></ASSIGN_01><ASSIGN_02></ASSIGN_02><ASSIGN_03></ASSIGN_03><ASSIGN_04></ASSIGN_04><ASSIGN_05></ASSIGN_05><CALENDARBASED>0</CALENDARBASED><CONDITION></CONDITION><CONDITIONCLASS></CONDITIONCLASS><DESCRIPTION>Please Amend PO :ponum as per instructions</DESCRIPTION><DESCRIPTION_LONGDESCRIPTION></DESCRIPTION_LONGDESCRIPTION><DUEDATE xsi:nil="true"></DUEDATE><EMAILNOTIFICATION>0</EMAILNOTIFICATION><ESCROLE></ESCROLE><GROUPNUM xsi:nil="true"></GROUPNUM><HASLD>0</HASLD><LANGCODE>EN</LANGCODE><NONACCEPTMSG></NONACCEPTMSG><ORIGPERSON></ORIGPERSON><OWNERID xsi:nil="true"></OWNERID><OWNERTABLE>PO</OWNERTABLE><PRIORITY xsi:nil="true"></PRIORITY><RELATIONSHIP></RELATIONSHIP><ROLEID>ORIGINATOR</ROLEID><SEPARATEGROUPS>1</SEPARATEGROUPS><STARTDATE xsi:nil="true"></STARTDATE><TEMPLATEID>WFASSIGN</TEMPLATEID><TIMELIMIT>0.0</TIMELIMIT><WFASSIGNMENTID>275981</WFASSIGNMENTID><WFID>0</WFID></WFASSIGNMENT><WFACTION><ACTION></ACTION><ACTIONID>178</ACTIONID><CONDITION></CONDITION><CONDITIONCLASS></CONDITIONCLASS><INSTRUCTION>re-submit or stop workflow</INSTRUCTION><ISPOSITIVE>1</ISPOSITIVE><MEMBERNODEID>74</MEMBERNODEID><OWNERNODEID>29</OWNERNODEID><SEQUENCE xsi:nil="true"></SEQUENCE><WFACTIONID>19467</WFACTIONID></WFACTION></WFNODE><WFNODE><DESCRIPTION>Is Approver the PO originator</DESCRIPTION><DESCRIPTION_LONGDESCRIPTION></DESCRIPTION_LONGDESCRIPTION><HASLD>0</HASLD><IMAGEFILE></IMAGEFILE><LANGCODE>EN</LANGCODE><NODEID>71</NODEID><NODETYPE maxvalue="WFCONDITION">CONDITION</NODETYPE><TITLE>USERCHK1</TITLE><WFNODEID>16872</WFNODEID><XCOORDINATE>17</XCOORDINATE><YCOORDINATE>3</YCOORDINATE><WFACTION><ACTION></ACTION><ACTIONID>109</ACTIONID><CONDITION></CONDITION><CONDITIONCLASS></CONDITIONCLASS><INSTRUCTION>User is also PO originator</INSTRUCTION><ISPOSITIVE>1</ISPOSITIVE><MEMBERNODEID>72</MEMBERNODEID><OWNERNODEID>71</OWNERNODEID><SEQUENCE xsi:nil="true"></SEQUENCE><WFACTIONID>19468</WFACTIONID></WFACTION><WFACTION><ACTION>PO APPR</ACTION><ACTIONID>237</ACTIONID><CONDITION></CONDITION><CONDITIONCLASS></CONDITIONCLASS><INSTRUCTION>STOP 75</INSTRUCTION><ISPOSITIVE>0</ISPOSITIVE><MEMBERNODEID>75</MEMBERNODEID><OWNERNODEID>71</OWNERNODEID><SEQUENCE xsi:nil="true"></SEQUENCE><WFACTIONID>19469</WFACTIONID></WFACTION><WFCONDITION><CONDITION>:user = :changeby</CONDITION><CUSTOMCLASS></CUSTOMCLASS><WFCONDITIONID>10289</WFCONDITIONID></WFCONDITION></WFNODE><WFNODE><DESCRIPTION>User is also PO originator</DESCRIPTION><DESCRIPTION_LONGDESCRIPTION></DESCRIPTION_LONGDESCRIPTION><HASLD>0</HASLD><IMAGEFILE></IMAGEFILE><LANGCODE>EN</LANGCODE><NODEID>72</NODEID><NODETYPE maxvalue="WFINTERACTION">INTERACTION</NODETYPE><TITLE>OWNER PO</TITLE><WFNODEID>16873</WFNODEID><XCOORDINATE>18</XCOORDINATE><YCOORDINATE>2</YCOORDINATE><WFACTION><ACTION></ACTION><ACTIONID>233</ACTIONID><CONDITION></CONDITION><CONDITIONCLASS></CONDITIONCLASS><INSTRUCTION>Check PO is valid</INSTRUCTION><ISPOSITIVE>1</ISPOSITIVE><MEMBERNODEID>3</MEMBERNODEID><OWNERNODEID>72</OWNERNODEID><SEQUENCE xsi:nil="true"></SEQUENCE><WFACTIONID>19470</WFACTIONID></WFACTION><WFINTERACTION><ACTION></ACTION><APP></APP><DIRECTIONS>Error</DIRECTIONS><DIRECTIONS_LONGDESCRIPTION>You cannot approve a PO you have raised.</DIRECTIONS_LONGDESCRIPTION><HASLD>1</HASLD><LANGCODE>EN</LANGCODE><LAUNCHPROCESS></LAUNCHPROCESS><PAGE></PAGE><RELATION></RELATION><TABNAME></TABNAME><WFINTERACTIONID>6625</WFINTERACTIONID><LONGDESCRIPTION><CONTENTUID>542,627</CONTENTUID><LANGCODE>EN</LANGCODE><LDKEY>6625</LDKEY><LDOWNERCOL>DIRECTIONS</LDOWNERCOL><LDOWNERTABLE>WFINTERACTION</LDOWNERTABLE><LDTEXT>You cannot approve a PO you have raised.</LDTEXT><LONGDESCRIPTIONID>542627</LONGDESCRIPTIONID></LONGDESCRIPTION></WFINTERACTION></WFNODE><WFNODE><DESCRIPTION>re-submit or stop workflow</DESCRIPTION><DESCRIPTION_LONGDESCRIPTION></DESCRIPTION_LONGDESCRIPTION><HASLD>0</HASLD><IMAGEFILE></IMAGEFILE><LANGCODE>EN</LANGCODE><NODEID>74</NODEID><NODETYPE maxvalue="WFINPUT">INPUT</NODETYPE><TITLE>CHK1</TITLE><WFNODEID>16874</WFNODEID><XCOORDINATE>19</XCOORDINATE><YCOORDINATE>4</YCOORDINATE><WFINPUT><DISPLAYONE>0</DISPLAYONE><WFINPUTID>4925</WFINPUTID></WFINPUT><WFACTION><ACTION></ACTION><ACTIONID>180</ACTIONID><CONDITION></CONDITION><CONDITIONCLASS></CONDITIONCLASS><INSTRUCTION>Resubmit PO</INSTRUCTION><ISPOSITIVE>1</ISPOSITIVE><MEMBERNODEID>3</MEMBERNODEID><OWNERNODEID>74</OWNERNODEID><SEQUENCE>1</SEQUENCE><WFACTIONID>19471</WFACTIONID></WFACTION><WFACTION><ACTION></ACTION><ACTIONID>179</ACTIONID><CONDITION></CONDITION><CONDITIONCLASS></CONDITIONCLASS><INSTRUCTION>Stop Workflow (PO will stay at WAPPR till workflow re-started)</INSTRUCTION><ISPOSITIVE>1</ISPOSITIVE><MEMBERNODEID>2</MEMBERNODEID><OWNERNODEID>74</OWNERNODEID><SEQUENCE>2</SEQUENCE><WFACTIONID>19472</WFACTIONID></WFACTION><WFACTION><ACTION>PO CAN</ACTION><ACTIONID>182</ACTIONID><CONDITION></CONDITION><CONDITIONCLASS></CONDITIONCLASS><INSTRUCTION>Cancel PO</INSTRUCTION><ISPOSITIVE>1</ISPOSITIVE><MEMBERNODEID>75</MEMBERNODEID><OWNERNODEID>74</OWNERNODEID><SEQUENCE>3</SEQUENCE><WFACTIONID>19574</WFACTIONID></WFACTION></WFNODE><WFNODE><DESCRIPTION>STOP 75</DESCRIPTION><DESCRIPTION_LONGDESCRIPTION></DESCRIPTION_LONGDESCRIPTION><HASLD>0</HASLD><IMAGEFILE></IMAGEFILE><LANGCODE>EN</LANGCODE><NODEID>75</NODEID><NODETYPE maxvalue="WFSTOP">STOP</NODETYPE><TITLE>STOP 75</TITLE><WFNODEID>16875</WFNODEID><XCOORDINATE>20</XCOORDINATE><YCOORDINATE>3</YCOORDINATE><WFSTOP><WFSTOPID>7789</WFSTOPID></WFSTOP></WFNODE><WFNODE><DESCRIPTION>ASSIGNED?</DESCRIPTION><DESCRIPTION_LONGDESCRIPTION></DESCRIPTION_LONGDESCRIPTION><HASLD>0</HASLD><IMAGEFILE></IMAGEFILE><LANGCODE>EN</LANGCODE><NODEID>88</NODEID><NODETYPE maxvalue="WFCONDITION">CONDITION</NODETYPE><TITLE>ASSIGNED?</TITLE><WFNODEID>16876</WFNODEID><XCOORDINATE>8</XCOORDINATE><YCOORDINATE>3</YCOORDINATE><WFACTION><ACTION></ACTION><ACTIONID>206</ACTIONID><CONDITION></CONDITION><CONDITIONCLASS></CONDITIONCLASS><INSTRUCTION>TASK 95</INSTRUCTION><ISPOSITIVE>1</ISPOSITIVE><MEMBERNODEID>95</MEMBERNODEID><OWNERNODEID>88</OWNERNODEID><SEQUENCE xsi:nil="true"></SEQUENCE><WFACTIONID>19575</WFACTIONID></WFACTION><WFACTION><ACTION></ACTION><ACTIONID>215</ACTIONID><CONDITION></CONDITION><CONDITIONCLASS></CONDITIONCLASS><INSTRUCTION>TASK 96</INSTRUCTION><ISPOSITIVE>0</ISPOSITIVE><MEMBERNODEID>96</MEMBERNODEID><OWNERNODEID>88</OWNERNODEID><SEQUENCE xsi:nil="true"></SEQUENCE><WFACTIONID>19576</WFACTIONID></WFACTION><WFCONDITION><CONDITION>IRV_APPRGRP is not null</CONDITION><CUSTOMCLASS></CUSTOMCLASS><WFCONDITIONID>10290</WFCONDITIONID></WFCONDITION></WFNODE><WFNODE><DESCRIPTION>ASSIGN GROUP</DESCRIPTION><DESCRIPTION_LONGDESCRIPTION></DESCRIPTION_LONGDESCRIPTION><HASLD>0</HASLD><IMAGEFILE></IMAGEFILE><LANGCODE>EN</LANGCODE><NODEID>95</NODEID><NODETYPE maxvalue="WFTASK">TASK</NODETYPE><TITLE>ASSIGN GROUP</TITLE><WFNODEID>16877</WFNODEID><XCOORDINATE>13</XCOORDINATE><YCOORDINATE>3</YCOORDINATE><WFTASK><APP>PO</APP><CALENDARBASED>0</CALENDARBASED><DISPLAYONE>0</DISPLAYONE><FIRSTCOMPLETE>1</FIRSTCOMPLETE><READONLY>0</READONLY><TIMELIMIT>0.0</TIMELIMIT><WFTASKID>4918</WFTASKID><WFTASKTYPE></WFTASKTYPE></WFTASK><WFASSIGNMENT><ACCEPTEXPR></ACCEPTEXPR><APP>PO</APP><ASSIGNCODE></ASSIGNCODE><ASSIGNID>1</ASSIGNID><ASSIGNSTATUS maxvalue="DEFAULT">DEFAULT</ASSIGNSTATUS><ASSIGN_01></ASSIGN_01><ASSIGN_02></ASSIGN_02><ASSIGN_03></ASSIGN_03><ASSIGN_04></ASSIGN_04><ASSIGN_05></ASSIGN_05><CALENDARBASED>0</CALENDARBASED><CONDITION></CONDITION><CONDITIONCLASS></CONDITIONCLASS><DESCRIPTION>PO :ponum assigned for your approval.</DESCRIPTION><DESCRIPTION_LONGDESCRIPTION></DESCRIPTION_LONGDESCRIPTION><DUEDATE xsi:nil="true"></DUEDATE><EMAILNOTIFICATION>0</EMAILNOTIFICATION><ESCROLE>AUTOACCEPT</ESCROLE><GROUPNUM xsi:nil="true"></GROUPNUM><HASLD>0</HASLD><LANGCODE>EN</LANGCODE><NONACCEPTMSG></NONACCEPTMSG><ORIGPERSON></ORIGPERSON><OWNERID xsi:nil="true"></OWNERID><OWNERTABLE>PO</OWNERTABLE><PRIORITY xsi:nil="true"></PRIORITY><RELATIONSHIP></RELATIONSHIP><ROLEID>POAPPR</ROLEID><SEPARATEGROUPS>1</SEPARATEGROUPS><STARTDATE xsi:nil="true"></STARTDATE><TEMPLATEID>WFASSIGN</TEMPLATEID><TIMELIMIT>0.0</TIMELIMIT><WFASSIGNMENTID>275982</WFASSIGNMENTID><WFID>0</WFID></WFASSIGNMENT><WFACTION><ACTION></ACTION><ACTIONID>221</ACTIONID><CONDITION></CONDITION><CONDITIONCLASS></CONDITIONCLASS><INSTRUCTION>Continue processing PO.</INSTRUCTION><ISPOSITIVE>1</ISPOSITIVE><MEMBERNODEID>28</MEMBERNODEID><OWNERNODEID>95</OWNERNODEID><SEQUENCE xsi:nil="true"></SEQUENCE><WFACTIONID>19577</WFACTIONID></WFACTION></WFNODE><WFNODE><DESCRIPTION>ASSIGN DEFAULT</DESCRIPTION><DESCRIPTION_LONGDESCRIPTION></DESCRIPTION_LONGDESCRIPTION><HASLD>0</HASLD><IMAGEFILE></IMAGEFILE><LANGCODE>EN</LANGCODE><NODEID>96</NODEID><NODETYPE maxvalue="WFTASK">TASK</NODETYPE><TITLE>ASSIGN DEFAULT</TITLE><WFNODEID>16878</WFNODEID><XCOORDINATE>13</XCOORDINATE><YCOORDINATE>4</YCOORDINATE><WFTASK><APP>PO</APP><CALENDARBASED>0</CALENDARBASED><DISPLAYONE>0</DISPLAYONE><FIRSTCOMPLETE>1</FIRSTCOMPLETE><READONLY>0</READONLY><TIMELIMIT>0.0</TIMELIMIT><WFTASKID>4919</WFTASKID><WFTASKTYPE></WFTASKTYPE></WFTASK><WFASSIGNMENT><ACCEPTEXPR></ACCEPTEXPR><APP>PO</APP><ASSIGNCODE></ASSIGNCODE><ASSIGNID>1</ASSIGNID><ASSIGNSTATUS maxvalue="DEFAULT">DEFAULT</ASSIGNSTATUS><ASSIGN_01></ASSIGN_01><ASSIGN_02></ASSIGN_02><ASSIGN_03></ASSIGN_03><ASSIGN_04></ASSIGN_04><ASSIGN_05></ASSIGN_05><CALENDARBASED>0</CALENDARBASED><CONDITION></CONDITION><CONDITIONCLASS></CONDITIONCLASS><DESCRIPTION>ASSIGN DEFAULT</DESCRIPTION><DESCRIPTION_LONGDESCRIPTION></DESCRIPTION_LONGDESCRIPTION><DUEDATE xsi:nil="true"></DUEDATE><EMAILNOTIFICATION>0</EMAILNOTIFICATION><ESCROLE>AUTOACCEPT</ESCROLE><GROUPNUM xsi:nil="true"></GROUPNUM><HASLD>0</HASLD><LANGCODE>EN</LANGCODE><NONACCEPTMSG></NONACCEPTMSG><ORIGPERSON></ORIGPERSON><OWNERID xsi:nil="true"></OWNERID><OWNERTABLE>PO</OWNERTABLE><PRIORITY xsi:nil="true"></PRIORITY><RELATIONSHIP></RELATIONSHIP><ROLEID>HAAGY100</ROLEID><SEPARATEGROUPS>1</SEPARATEGROUPS><STARTDATE xsi:nil="true"></STARTDATE><TEMPLATEID>WFASSIGN</TEMPLATEID><TIMELIMIT>0.0</TIMELIMIT><WFASSIGNMENTID>275983</WFASSIGNMENTID><WFID>0</WFID></WFASSIGNMENT><WFACTION><ACTION></ACTION><ACTIONID>220</ACTIONID><CONDITION></CONDITION><CONDITIONCLASS></CONDITIONCLASS><INSTRUCTION>Continue processing PO.</INSTRUCTION><ISPOSITIVE>1</ISPOSITIVE><MEMBERNODEID>28</MEMBERNODEID><OWNERNODEID>96</OWNERNODEID><SEQUENCE xsi:nil="true"></SEQUENCE><WFACTIONID>19578</WFACTIONID></WFACTION></WFNODE><WFNODE><DESCRIPTION>STOP 97</DESCRIPTION><DESCRIPTION_LONGDESCRIPTION></DESCRIPTION_LONGDESCRIPTION><HASLD>0</HASLD><IMAGEFILE></IMAGEFILE><LANGCODE>EN</LANGCODE><NODEID>97</NODEID><NODETYPE maxvalue="WFSTOP">STOP</NODETYPE><TITLE>STOP 97</TITLE><WFNODEID>16879</WFNODEID><XCOORDINATE>16</XCOORDINATE><YCOORDINATE>2</YCOORDINATE><WFSTOP><WFSTOPID>7790</WFSTOPID></WFSTOP></WFNODE><WFNODE><DESCRIPTION>POTYPE?</DESCRIPTION><DESCRIPTION_LONGDESCRIPTION></DESCRIPTION_LONGDESCRIPTION><HASLD>0</HASLD><IMAGEFILE></IMAGEFILE><LANGCODE>EN</LANGCODE><NODEID>98</NODEID><NODETYPE maxvalue="WFCONDITION">CONDITION</NODETYPE><TITLE>POTYPE?</TITLE><WFNODEID>16880</WFNODEID><XCOORDINATE>4</XCOORDINATE><YCOORDINATE>3</YCOORDINATE><WFACTION><ACTION>IRV_SETAPPRGRP</ACTION><ACTIONID>238</ACTIONID><CONDITION></CONDITION><CONDITIONCLASS></CONDITIONCLASS><INSTRUCTION>ASSIGNED?</INSTRUCTION><ISPOSITIVE>1</ISPOSITIVE><MEMBERNODEID>88</MEMBERNODEID><OWNERNODEID>98</OWNERNODEID><SEQUENCE xsi:nil="true"></SEQUENCE><WFACTIONID>19579</WFACTIONID></WFACTION><WFACTION><ACTION></ACTION><ACTIONID>241</ACTIONID><CONDITION></CONDITION><CONDITIONCLASS></CONDITIONCLASS><INSTRUCTION>INTERACTION 99</INSTRUCTION><ISPOSITIVE>0</ISPOSITIVE><MEMBERNODEID>99</MEMBERNODEID><OWNERNODEID>98</OWNERNODEID><SEQUENCE xsi:nil="true"></SEQUENCE><WFACTIONID>19580</WFACTIONID></WFACTION><WFCONDITION><CONDITION>IRV_POTYPE  is not null</CONDITION><CUSTOMCLASS></CUSTOMCLASS><WFCONDITIONID>10291</WFCONDITIONID></WFCONDITION></WFNODE><WFNODE><DESCRIPTION>PO Type</DESCRIPTION><DESCRIPTION_LONGDESCRIPTION></DESCRIPTION_LONGDESCRIPTION><HASLD>0</HASLD><IMAGEFILE></IMAGEFILE><LANGCODE>EN</LANGCODE><NODEID>99</NODEID><NODETYPE maxvalue="WFINTERACTION">INTERACTION</NODETYPE><TITLE>POTYPE</TITLE><WFNODEID>16881</WFNODEID><XCOORDINATE>8</XCOORDINATE><YCOORDINATE>2</YCOORDINATE><WFACTION><ACTION></ACTION><ACTIONID>242</ACTIONID><CONDITION></CONDITION><CONDITIONCLASS></CONDITIONCLASS><INSTRUCTION>STOP 97</INSTRUCTION><ISPOSITIVE>1</ISPOSITIVE><MEMBERNODEID>97</MEMBERNODEID><OWNERNODEID>99</OWNERNODEID><SEQUENCE xsi:nil="true"></SEQUENCE><WFACTIONID>19581</WFACTIONID></WFACTION><WFINTERACTION><ACTION></ACTION><APP></APP><DIRECTIONS>PO Type</DIRECTIONS><DIRECTIONS_LONGDESCRIPTION>Please populate the PO type.</DIRECTIONS_LONGDESCRIPTION><HASLD>1</HASLD><LANGCODE>EN</LANGCODE><LAUNCHPROCESS></LAUNCHPROCESS><PAGE></PAGE><RELATION></RELATION><TABNAME></TABNAME><WFINTERACTIONID>6626</WFINTERACTIONID><LONGDESCRIPTION><CONTENTUID>542,628</CONTENTUID><LANGCODE>EN</LANGCODE><LDKEY>6626</LDKEY><LDOWNERCOL>DIRECTIONS</LDOWNERCOL><LDOWNERTABLE>WFINTERACTION</LDOWNERTABLE><LDTEXT>Please populate the PO type.</LDTEXT><LONGDESCRIPTIONID>542628</LONGDESCRIPTIONID></LONGDESCRIPTION></WFINTERACTION></WFNODE></WFPROCESS></DMWFPROCESSSet></SyncDMWFPROCESS>