<?xml version="1.0" encoding="UTF-8"?><SyncDMLAUNCHPOINT xmlns="http://www.ibm.com/maximo" xmlns:xsi="http://www.w3.org/2001/XMLSchema-instance" creationDateTime="2014-11-11T12:14:51+00:00" transLanguage="EN" baseLanguage="EN" messageID="1415708091164899035" maximoVersion="7 5 20130829-1209 V7510--1"><DMLAUNCHPOINTSet><SCRIPTLAUNCHPOINT action="AddChange"><ACTIONNAME></ACTIONNAME><ACTIVE>1</ACTIVE><ADD>0</ADD><ATTRIBUTENAME>LOCATION</ATTRIBUTENAME><AUTOSCRIPT>IDS_WO_LOCATION</AUTOSCRIPT><CONDITION></CONDITION><DELETE>0</DELETE><DESCRIPTION>Work Order Location - Override Automatic Asset Population</DESCRIPTION><INIT>0</INIT><LAUNCHPOINTNAME>IDS_WO_LOCATION</LAUNCHPOINTNAME><LAUNCHPOINTTYPE>ATTRIBUTE</LAUNCHPOINTTYPE><OBJECTEVENT xsi:nil="true"></OBJECTEVENT><OBJECTNAME>WORKORDER</OBJECTNAME><SCRIPTLAUNCHPOINTID>2644</SCRIPTLAUNCHPOINTID><UPDATE>0</UPDATE><LAUNCHPOINTVARS><LAUNCHPOINTVARSID>821</LAUNCHPOINTVARSID><OVERRIDDEN>1</OVERRIDDEN><VARBINDINGVALUE>ASSETNUM</VARBINDINGVALUE><VARNAME>V_ASSETNUM</VARNAME></LAUNCHPOINTVARS></SCRIPTLAUNCHPOINT><SCRIPTLAUNCHPOINT action="AddChange"><ACTIONNAME></ACTIONNAME><ACTIVE>1</ACTIVE><ADD>0</ADD><ATTRIBUTENAME>LOCATION</ATTRIBUTENAME><AUTOSCRIPT>IDS_SR_LOCATION</AUTOSCRIPT><CONDITION></CONDITION><DELETE>0</DELETE><DESCRIPTION>Service Request Location - Override automatic asset population</DESCRIPTION><INIT>0</INIT><LAUNCHPOINTNAME>IDS_SR_LOCATION</LAUNCHPOINTNAME><LAUNCHPOINTTYPE>ATTRIBUTE</LAUNCHPOINTTYPE><OBJECTEVENT xsi:nil="true"></OBJECTEVENT><OBJECTNAME>SR</OBJECTNAME><SCRIPTLAUNCHPOINTID>2645</SCRIPTLAUNCHPOINTID><UPDATE>0</UPDATE><LAUNCHPOINTVARS><LAUNCHPOINTVARSID>822</LAUNCHPOINTVARSID><OVERRIDDEN>1</OVERRIDDEN><VARBINDINGVALUE>ASSETNUM</VARBINDINGVALUE><VARNAME>V_ASSETNUM</VARNAME></LAUNCHPOINTVARS></SCRIPTLAUNCHPOINT></DMLAUNCHPOINTSet></SyncDMLAUNCHPOINT>