<?xml version="1.0" encoding="UTF-8"?><SyncDMSCRIPT xmlns="http://www.ibm.com/maximo" xmlns:xsi="http://www.w3.org/2001/XMLSchema-instance" creationDateTime="2014-11-11T12:14:51+00:00" transLanguage="EN" baseLanguage="EN" messageID="1415708091133667283" maximoVersion="7 5 20130829-1209 V7510--1"><DMSCRIPTSet><AUTOSCRIPT action="AddChange"><ACTION></ACTION><AUTOSCRIPT>IDS_WO_LOCATION</AUTOSCRIPT><AUTOSCRIPTID>2563</AUTOSCRIPTID><BINARYSCRIPTSOURCE></BINARYSCRIPTSOURCE><CATEGORY></CATEGORY><CHANGEBY>TIMMINSA</CHANGEBY><CHANGEDATE>2014-11-11T12:12:55+00:00</CHANGEDATE><COMMENTS></COMMENTS><CREATEDBY>TIMMINSA</CREATEDBY><CREATEDBYEMAIL>Andrew.Timmins@interservefm.com</CREATEDBYEMAIL><CREATEDBYID></CREATEDBYID><CREATEDBYNAME></CREATEDBYNAME><CREATEDBYPHONE></CREATEDBYPHONE><CREATEDDATE>2014-11-11T11:54:36+00:00</CREATEDDATE><DESCRIPTION>Work Order Location - Override Automatic Asset Population</DESCRIPTION><LOGLEVEL>ERROR</LOGLEVEL><ORGID></ORGID><OWNER>TIMMINSA</OWNER><OWNEREMAIL>Andrew.Timmins@interservefm.com</OWNEREMAIL><OWNERID></OWNERID><OWNERNAME></OWNERNAME><OWNERPHONE></OWNERPHONE><SCHEDULEDSTATUS></SCHEDULEDSTATUS><SCRIPTLANGUAGE>jython</SCRIPTLANGUAGE><SITEID></SITEID><SOURCE>if V_ASSETNUM is not None:
    V_ASSETNUM = None</SOURCE><STATUS maxvalue="Production">Active</STATUS><STATUSDATE>2014-11-11T11:56:31+00:00</STATUSDATE><USERDEFINED>1</USERDEFINED><VERSION></VERSION><AUTOSCRIPTVARS><ACCESSFLAG>1</ACCESSFLAG><ALLOWOVERRIDE>1</ALLOWOVERRIDE><AUTOSCRIPTVARSID>731</AUTOSCRIPTVARSID><DESCRIPTION>Asset Identifier</DESCRIPTION><LITERALDATATYPE></LITERALDATATYPE><VARBINDINGTYPE>ATTRIBUTE</VARBINDINGTYPE><VARBINDINGVALUE></VARBINDINGVALUE><VARNAME>V_ASSETNUM</VARNAME><VARTYPE>INOUT</VARTYPE></AUTOSCRIPTVARS></AUTOSCRIPT><AUTOSCRIPT action="AddChange"><ACTION></ACTION><AUTOSCRIPT>IDS_SR_LOCATION</AUTOSCRIPT><AUTOSCRIPTID>2564</AUTOSCRIPTID><BINARYSCRIPTSOURCE></BINARYSCRIPTSOURCE><CATEGORY></CATEGORY><CHANGEBY>TIMMINSA</CHANGEBY><CHANGEDATE>2014-11-11T12:12:51+00:00</CHANGEDATE><COMMENTS></COMMENTS><CREATEDBY>TIMMINSA</CREATEDBY><CREATEDBYEMAIL>Andrew.Timmins@interservefm.com</CREATEDBYEMAIL><CREATEDBYID></CREATEDBYID><CREATEDBYNAME></CREATEDBYNAME><CREATEDBYPHONE></CREATEDBYPHONE><CREATEDDATE>2014-11-11T12:08:44+00:00</CREATEDDATE><DESCRIPTION>Service Request Location - Override automatic asset population</DESCRIPTION><LOGLEVEL>ERROR</LOGLEVEL><ORGID></ORGID><OWNER>TIMMINSA</OWNER><OWNEREMAIL>Andrew.Timmins@interservefm.com</OWNEREMAIL><OWNERID></OWNERID><OWNERNAME></OWNERNAME><OWNERPHONE></OWNERPHONE><SCHEDULEDSTATUS></SCHEDULEDSTATUS><SCRIPTLANGUAGE>jython</SCRIPTLANGUAGE><SITEID></SITEID><SOURCE>if V_ASSETNUM is not None:
    V_ASSETNUM = None</SOURCE><STATUS maxvalue="Draft">Draft</STATUS><STATUSDATE>2014-11-11T12:08:44+00:00</STATUSDATE><USERDEFINED>1</USERDEFINED><VERSION></VERSION><AUTOSCRIPTVARS><ACCESSFLAG>1</ACCESSFLAG><ALLOWOVERRIDE>1</ALLOWOVERRIDE><AUTOSCRIPTVARSID>732</AUTOSCRIPTVARSID><DESCRIPTION>Asset Number</DESCRIPTION><LITERALDATATYPE></LITERALDATATYPE><VARBINDINGTYPE>ATTRIBUTE</VARBINDINGTYPE><VARBINDINGVALUE></VARBINDINGVALUE><VARNAME>V_ASSETNUM</VARNAME><VARTYPE>INOUT</VARTYPE></AUTOSCRIPTVARS></AUTOSCRIPT></DMSCRIPTSet></SyncDMSCRIPT>