<?xml version="1.0" encoding="UTF-8"?><SyncDMPACKAGE xmlns="http://www.ibm.com/maximo" xmlns:xsi="http://www.w3.org/2001/XMLSchema-instance" creationDateTime="2014-11-11T12:14:52+00:00" transLanguage="EN" baseLanguage="EN" messageID="1415708091945817500" maximoVersion="7 5 20130829-1209 V7510--1"><DMPACKAGESet><DMPACKAGE><CHANGEBY>TIMMINSA</CHANGEBY><CONTENTID>9138936b-e18b-4b15-9ace-8588e3ca2c7b</CONTENTID><CREATEBY>TIMMINSA</CREATEBY><CREATEDATE>2014-11-11T12:13:57+00:00</CREATEDATE><DMPACKAGEID>1505</DMPACKAGEID><FILENAME></FILENAME><PACKAGE>IDS_AUTOSCRIPT_BBC-SQL-D01_BBCMAXDEV_dbo_20141111121357</PACKAGE><PKGDEFNAME>IDS_AUTOSCRIPT</PKGDEFNAME><PROGRESSSTATUS maxvalue="CREATED">CREATED</PROGRESSSTATUS><README>============================================
Automation Scripts
============================================

Added:

Script: 

IDS_WO_LOCATION
IDS_SR_LOCATION</README><REDISTRIBUTESRC></REDISTRIBUTESRC><SOURCE>BBC-SQL-D01_BBCMAXDEV_dbo</SOURCE><STATUS maxvalue="CREATED">CREATED</STATUS><STATUSDATE>2014-11-11T12:14:51+00:00</STATUSDATE><DMPKGSTATUS><CHANGEBY>TIMMINSA</CHANGEBY><CHANGEDATE>2014-11-11T12:14:51+00:00</CHANGEDATE><CONTENTID>f067767b-837a-4532-ab5a-bbba21e34edf</CONTENTID><DMPKGSTATUSID>1618</DMPKGSTATUSID><MEMO>Progress status changed in product environment BBC-SQL-D01_BBCMAXDEV_dbo from CREATE_NEW while creating package</MEMO><PROGRESSSTATUS maxvalue="CREATED_CFGDATA">CREATED_CFGDATA</PROGRESSSTATUS><REDISTRIBUTESRC></REDISTRIBUTESRC><STATUS maxvalue="CREATE_INPROGRESS">CREATE_INPROGRESS</STATUS></DMPKGSTATUS><DMPKGSTATUS><CHANGEBY>TIMMINSA</CHANGEBY><CHANGEDATE>2014-11-11T12:14:51+00:00</CHANGEDATE><CONTENTID>66fc7203-09e8-4d5d-93a9-1e8c6140c476</CONTENTID><DMPKGSTATUSID>1620</DMPKGSTATUSID><MEMO>Progress status changed in product environment BBC-SQL-D01_BBCMAXDEV_dbo from CREATED_PKGMETADATA while creating package</MEMO><PROGRESSSTATUS maxvalue="CREATED_MANIFEST">CREATED_MANIFEST</PROGRESSSTATUS><REDISTRIBUTESRC></REDISTRIBUTESRC><STATUS maxvalue="CREATE_INPROGRESS">CREATE_INPROGRESS</STATUS></DMPKGSTATUS><DMPKGSTATUS><CHANGEBY>TIMMINSA</CHANGEBY><CHANGEDATE>2014-11-11T12:14:51+00:00</CHANGEDATE><CONTENTID>959d8a4c-e1f3-42b3-951c-53e4a18639d5</CONTENTID><DMPKGSTATUSID>1619</DMPKGSTATUSID><MEMO>Progress status changed in product environment BBC-SQL-D01_BBCMAXDEV_dbo from CREATED_CFGDATA while creating package</MEMO><PROGRESSSTATUS maxvalue="CREATED_PKGMETADATA">CREATED_PKGMETADATA</PROGRESSSTATUS><REDISTRIBUTESRC></REDISTRIBUTESRC><STATUS maxvalue="CREATE_INPROGRESS">CREATE_INPROGRESS</STATUS></DMPKGSTATUS><DMPKGSTATUS><CHANGEBY>TIMMINSA</CHANGEBY><CHANGEDATE>2014-11-11T12:13:57+00:00</CHANGEDATE><CONTENTID>2578ed52-2e33-410a-a7cb-3304619ef66f</CONTENTID><DMPKGSTATUSID>1617</DMPKGSTATUSID><MEMO>Progress status changed in product environment BBC-SQL-D01_BBCMAXDEV_dbo while creating package.</MEMO><PROGRESSSTATUS maxvalue="CREATE_NEW">CREATE_NEW</PROGRESSSTATUS><REDISTRIBUTESRC></REDISTRIBUTESRC><STATUS maxvalue="CREATE_NEW">CREATE_NEW</STATUS></DMPKGSTATUS><DMPKGSTATUS><CHANGEBY>TIMMINSA</CHANGEBY><CHANGEDATE>2014-11-11T12:14:51+00:00</CHANGEDATE><CONTENTID>77f79a4b-fdcc-4ab3-9119-18d9623a5102</CONTENTID><DMPKGSTATUSID>1621</DMPKGSTATUSID><MEMO>Progress status changed in product environment BBC-SQL-D01_BBCMAXDEV_dbo from CREATED_MANIFEST while creating package</MEMO><PROGRESSSTATUS maxvalue="CREATED">CREATED</PROGRESSSTATUS><REDISTRIBUTESRC></REDISTRIBUTESRC><STATUS maxvalue="CREATED">CREATED</STATUS></DMPKGSTATUS></DMPACKAGE></DMPACKAGESet></SyncDMPACKAGE>