<?xml version="1.0" encoding="UTF-8"?><SyncDMPACKAGEDEF xmlns="http://www.ibm.com/maximo" xmlns:xsi="http://www.w3.org/2001/XMLSchema-instance" creationDateTime="2014-11-11T12:14:52+00:00" transLanguage="EN" baseLanguage="EN" messageID="1415708091929285104" maximoVersion="7 5 20130829-1209 V7510--1"><DMPACKAGEDEFSet><DMPACKAGEDEF><ACTIVE>0</ACTIVE><BATCHSIZE>100</BATCHSIZE><CHANGEBY>TIMMINSA</CHANGEBY><CHANGEDATE>2014-11-11T12:00:52+00:00</CHANGEDATE><CONTENTID>cd95e031-029d-4599-b997-d96aca92a084</CONTENTID><DESCRIPTION>Automation Script Migration Package</DESCRIPTION><DESCRIPTION_LONGDESCRIPTION></DESCRIPTION_LONGDESCRIPTION><DMPACKAGEDEFID>1207</DMPACKAGEDEFID><DMROLE></DMROLE><HASLD>0</HASLD><LANGCODE>EN</LANGCODE><PKGDEFNAME>IDS_AUTOSCRIPT</PKGDEFNAME><SOURCE>BBC-SQL-D01_BBCMAXDEV_dbo</SOURCE><STATUS maxvalue="APPR">APPR</STATUS><STATUSDATE>2014-11-11T12:03:19+00:00</STATUSDATE><TYPE maxvalue="SNAPSHOT">SNAPSHOT</TYPE><XMLACTION maxvalue="ADDCHANGE">AddChange</XMLACTION><DMPKGDEFSTATUS><CHANGEBY>TIMMINSA</CHANGEBY><CONTENTID>d74cff79-60d5-4222-8c78-c81711e817fc</CONTENTID><DMPKGDEFSTATUSID>1208</DMPKGDEFSTATUSID><MEMO></MEMO><STATUS maxvalue="WAPPR">WAPPR</STATUS><STATUSDATE>2014-11-11T12:00:00+00:00</STATUSDATE></DMPKGDEFSTATUS><DMPKGDEFSTATUS><CHANGEBY>TIMMINSA</CHANGEBY><CONTENTID>f0f63f86-9901-4a0a-85f4-0e2c6b72053f</CONTENTID><DMPKGDEFSTATUSID>1209</DMPKGDEFSTATUSID><MEMO></MEMO><STATUS maxvalue="APPR">APPR</STATUS><STATUSDATE>2014-11-11T12:01:00+00:00</STATUSDATE></DMPKGDEFSTATUS><DMPKGDEFSTATUS><CHANGEBY>TIMMINSA</CHANGEBY><CONTENTID>6366a813-bda0-4066-b420-7d973dc9c43b</CONTENTID><DMPKGDEFSTATUSID>1210</DMPKGDEFSTATUSID><MEMO></MEMO><STATUS maxvalue="WAPPR">WAPPR</STATUS><STATUSDATE>2014-11-11T12:01:00+00:00</STATUSDATE></DMPKGDEFSTATUS><DMPKGDEFSTATUS><CHANGEBY>TIMMINSA</CHANGEBY><CONTENTID>d083d0ac-c2ea-40a9-a065-84e51293dd8a</CONTENTID><DMPKGDEFSTATUSID>1211</DMPKGDEFSTATUSID><MEMO></MEMO><STATUS maxvalue="APPR">APPR</STATUS><STATUSDATE>2014-11-11T12:03:00+00:00</STATUSDATE></DMPKGDEFSTATUS><DMPKGCFGGRPDEF><CFGOBJGROUP>SCRIPTCFG</CFGOBJGROUP><CONTENTID>fa0903d2-4e20-482c-ba2e-d065253b2ee2</CONTENTID><DMPKGCFGGRPDEFID>1306</DMPKGCFGGRPDEFID><DMPKGCFGOBJDEF><CFGOBJECT>DMLAUNCHPOINT</CFGOBJECT><CONTENTID>5d0327e1-772a-473b-8787-55adb5c8beff</CONTENTID><DMPKGCFGOBJDEFID>1203</DMPKGCFGOBJDEFID><WHERECLAUSE>autoscript in ('IDS_WO_LOCATION','IDS_SR_LOCATION')</WHERECLAUSE></DMPKGCFGOBJDEF><DMPKGCFGOBJDEF><CFGOBJECT>DMSCRIPT</CFGOBJECT><CONTENTID>87a47e09-9d7c-492a-a7d9-ce344bbdc7ab</CONTENTID><DMPKGCFGOBJDEFID>1202</DMPKGCFGOBJDEFID><WHERECLAUSE>autoscript in ('IDS_WO_LOCATION','IDS_SR_LOCATION')</WHERECLAUSE></DMPKGCFGOBJDEF></DMPKGCFGGRPDEF><DMPKGDIST><CHANGEBY>TIMMINSA</CHANGEBY><CHANGEDATE>2014-11-11T12:04:38+00:00</CHANGEDATE><CONTENTID>0a496752-7892-43fb-828f-eb8f569f8496</CONTENTID><DMPKGDISTID>1205</DMPKGDISTID><TARGETNAME>BBC_DEP</TARGETNAME></DMPKGDIST><DMPKGDIST><CHANGEBY>TIMMINSA</CHANGEBY><CHANGEDATE>2014-11-11T12:04:38+00:00</CHANGEDATE><CONTENTID>f6968356-f12d-43c4-86e9-5bf03f0ba7bc</CONTENTID><DMPKGDISTID>1204</DMPKGDISTID><TARGETNAME>IRVMMFOLDER</TARGETNAME></DMPKGDIST></DMPACKAGEDEF></DMPACKAGEDEFSet></SyncDMPACKAGEDEF>