<?xml version="1.0" encoding="UTF-8"?><SyncDMCFGGROUP xmlns="http://www.ibm.com/maximo" xmlns:xsi="http://www.w3.org/2001/XMLSchema-instance" creationDateTime="2014-12-02T12:38:39+00:00" transLanguage="EN" baseLanguage="EN" messageID="1417523917799531826" maximoVersion="7 5 20130829-1209 V7510--1"><DMCFGGROUPSet><DMCFGGROUP><CFGGROUPORDER>40</CFGGROUPORDER><CFGOBJGROUP>IDS_UOM</CFGOBJGROUP><CHANGEBY>TIMMINSA</CHANGEBY><CHANGEDATE>2014-12-02T12:35:43+00:00</CHANGEDATE><DESCRIPTION>Unit of Measure</DESCRIPTION><DMCFGGROUPID>93230</DMCFGGROUPID><GROUPTYPE maxvalue="CFGDATA">CFGDATA</GROUPTYPE><INTERNAL>0</INTERNAL><DMCFGOBJECT><CFGOBJECT>IDS_UOM</CFGOBJECT><CFGOBJORDER>1</CFGOBJORDER><CHANGEBY>TIMMINSA</CHANGEBY><CHANGEDATE>2014-12-02T12:36:53+00:00</CHANGEDATE><DESCRIPTION>Unit of Measure</DESCRIPTION><DMCFGOBJECTID>2896</DMCFGOBJECTID><INTERNAL>0</INTERNAL></DMCFGOBJECT></DMCFGGROUP></DMCFGGROUPSet></SyncDMCFGGROUP>