<?xml version="1.0" encoding="UTF-8"?><SyncIDS_UOM xmlns="http://www.ibm.com/maximo" xmlns:xsi="http://www.w3.org/2001/XMLSchema-instance" creationDateTime="2014-12-02T12:38:39+00:00" transLanguage="EN" baseLanguage="EN" messageID="141752391744030034" maximoVersion="7 5 20130829-1209 V7510--1"><IDS_UOMSet><MEASUREUNIT action="AddChange"><ABBREVIATION></ABBREVIATION><CONTENTUID>205</CONTENTUID><DESCRIPTION>Daily</DESCRIPTION><MEASUREUNITID>DAILY</MEASUREUNITID><MEASUREUNITUID>205</MEASUREUNITUID><ORGID></ORGID><SITEID></SITEID></MEASUREUNIT><MEASUREUNIT action="AddChange"><ABBREVIATION></ABBREVIATION><CONTENTUID>203</CONTENTUID><DESCRIPTION>Monthly</DESCRIPTION><MEASUREUNITID>MONTHLY</MEASUREUNITID><MEASUREUNITUID>203</MEASUREUNITUID><ORGID></ORGID><SITEID></SITEID></MEASUREUNIT><MEASUREUNIT action="AddChange"><ABBREVIATION></ABBREVIATION><CONTENTUID>204</CONTENTUID><DESCRIPTION>Weekly</DESCRIPTION><MEASUREUNITID>WEEKLY</MEASUREUNITID><MEASUREUNITUID>204</MEASUREUNITUID><ORGID></ORGID><SITEID></SITEID></MEASUREUNIT><MEASUREUNIT action="AddChange"><ABBREVIATION></ABBREVIATION><CONTENTUID>206</CONTENTUID><DESCRIPTION>Yearly</DESCRIPTION><MEASUREUNITID>YEARLY</MEASUREUNITID><MEASUREUNITUID>206</MEASUREUNITUID><ORGID></ORGID><SITEID></SITEID></MEASUREUNIT></IDS_UOMSet></SyncIDS_UOM>