<?xml version="1.0" encoding="UTF-8"?><SyncDMPACKAGEDEF xmlns="http://www.ibm.com/maximo" xmlns:xsi="http://www.w3.org/2001/XMLSchema-instance" creationDateTime="2014-12-02T12:38:39+00:00" transLanguage="EN" baseLanguage="EN" messageID="141752391781524021" maximoVersion="7 5 20130829-1209 V7510--1"><DMPACKAGEDEFSet><DMPACKAGEDEF><ACTIVE>0</ACTIVE><BATCHSIZE>100</BATCHSIZE><CHANGEBY>TIMMINSA</CHANGEBY><CHANGEDATE>2014-12-02T12:37:08+00:00</CHANGEDATE><CONTENTID>3db53312-f823-4863-98c9-9495bb12c3b6</CONTENTID><DESCRIPTION>Unit of Measure</DESCRIPTION><DESCRIPTION_LONGDESCRIPTION></DESCRIPTION_LONGDESCRIPTION><DMPACKAGEDEFID>1508</DMPACKAGEDEFID><DMROLE></DMROLE><HASLD>0</HASLD><LANGCODE>EN</LANGCODE><PKGDEFNAME>IDS_UOM</PKGDEFNAME><SOURCE>BBC-SQL-D01_BBCMAXSIT_dbo</SOURCE><STATUS maxvalue="APPR">APPR</STATUS><STATUSDATE>2014-12-02T12:37:32+00:00</STATUSDATE><TYPE maxvalue="SNAPSHOT">SNAPSHOT</TYPE><XMLACTION maxvalue="ADDCHANGE">AddChange</XMLACTION><DMPKGDEFSTATUS><CHANGEBY>TIMMINSA</CHANGEBY><CONTENTID>a1407f12-2971-4071-ac39-30fef6c01429</CONTENTID><DMPKGDEFSTATUSID>1510</DMPKGDEFSTATUSID><MEMO></MEMO><STATUS maxvalue="WAPPR">WAPPR</STATUS><STATUSDATE>2014-12-02T12:37:00+00:00</STATUSDATE></DMPKGDEFSTATUS><DMPKGDEFSTATUS><CHANGEBY>TIMMINSA</CHANGEBY><CONTENTID>11899118-d746-431f-abf4-af7dbefd369d</CONTENTID><DMPKGDEFSTATUSID>1511</DMPKGDEFSTATUSID><MEMO></MEMO><STATUS maxvalue="APPR">APPR</STATUS><STATUSDATE>2014-12-02T12:37:00+00:00</STATUSDATE></DMPKGDEFSTATUS><DMPKGCFGGRPDEF><CFGOBJGROUP>IDS_UOM</CFGOBJGROUP><CONTENTID>08e7a8be-87da-4b04-9e44-fb785a30cf51</CONTENTID><DMPKGCFGGRPDEFID>1607</DMPKGCFGGRPDEFID><DMPKGCFGOBJDEF><CFGOBJECT>IDS_UOM</CFGOBJECT><CONTENTID>4e5139d8-6e72-48a3-997f-bd8b8265e988</CONTENTID><DMPKGCFGOBJDEFID>1504</DMPKGCFGOBJDEFID><WHERECLAUSE>measureunitid in ('DAILY','WEEKLY','MONTHLY','YEARLY')</WHERECLAUSE></DMPKGCFGOBJDEF></DMPKGCFGGRPDEF></DMPACKAGEDEF></DMPACKAGEDEFSet></SyncDMPACKAGEDEF>