<?xml version="1.0" encoding="UTF-8"?><SyncDMPACKAGEDEF xmlns="http://www.ibm.com/maximo" xmlns:xsi="http://www.w3.org/2001/XMLSchema-instance" creationDateTime="2014-09-22T08:33:30+01:00" transLanguage="EN" baseLanguage="EN" messageID="1411371210833835877" maximoVersion="7 5 20130829-1209 V7510--1"><DMPACKAGEDEFSet><DMPACKAGEDEF><ACTIVE>0</ACTIVE><BATCHSIZE>100</BATCHSIZE><CHANGEBY>TIMMINSA</CHANGEBY><CHANGEDATE>2014-09-18T13:42:16+01:00</CHANGEDATE><CONTENTID>053f521d-1719-4c22-a336-9a5db2f278b8</CONTENTID><DESCRIPTION>BBC Start Centers</DESCRIPTION><DESCRIPTION_LONGDESCRIPTION></DESCRIPTION_LONGDESCRIPTION><DMPACKAGEDEFID>1112</DMPACKAGEDEFID><DMROLE></DMROLE><HASLD>0</HASLD><LANGCODE>EN</LANGCODE><PKGDEFNAME>BBC_STARTC</PKGDEFNAME><SOURCE>BBC-SQL-D01_BBCMAXDEV_dbo</SOURCE><STATUS maxvalue="APPR">APPR</STATUS><STATUSDATE>2014-09-18T13:43:09+01:00</STATUSDATE><TYPE maxvalue="SNAPSHOT">SNAPSHOT</TYPE><XMLACTION maxvalue="ADDCHANGE">AddChange</XMLACTION><DMPKGDEFSTATUS><CHANGEBY>TIMMINSA</CHANGEBY><CONTENTID>d815f05c-7a25-4f88-9575-0086cede7881</CONTENTID><DMPKGDEFSTATUSID>1116</DMPKGDEFSTATUSID><MEMO></MEMO><STATUS maxvalue="WAPPR">WAPPR</STATUS><STATUSDATE>2014-09-18T13:42:00+01:00</STATUSDATE></DMPKGDEFSTATUS><DMPKGDEFSTATUS><CHANGEBY>TIMMINSA</CHANGEBY><CONTENTID>d62d9083-8385-4571-a8c1-d2815ad0e2ef</CONTENTID><DMPKGDEFSTATUSID>1117</DMPKGDEFSTATUSID><MEMO></MEMO><STATUS maxvalue="APPR">APPR</STATUS><STATUSDATE>2014-09-18T13:43:00+01:00</STATUSDATE></DMPKGDEFSTATUS><DMPKGCFGGRPDEF><CFGOBJGROUP>BBC_STARTC</CFGOBJGROUP><CONTENTID>a506b54d-461e-4536-a309-0b6168599ff9</CONTENTID><DMPKGCFGGRPDEFID>1212</DMPKGCFGGRPDEFID><DMPKGCFGOBJDEF><CFGOBJECT>DMSCTEMPLATE</CFGOBJECT><CONTENTID>db837a14-a0c0-44e9-a1c5-6505bf728cbe</CONTENTID><DMPKGCFGOBJDEFID>1107</DMPKGCFGOBJDEFID><WHERECLAUSE>description = 'Purchasing'</WHERECLAUSE></DMPKGCFGOBJDEF></DMPKGCFGGRPDEF><DMPKGDIST><CHANGEBY>TIMMINSA</CHANGEBY><CHANGEDATE>2014-09-18T13:44:06+01:00</CHANGEDATE><CONTENTID>6970caf7-865f-4d8c-a618-4c2ecea4b4fd</CONTENTID><DMPKGDISTID>1106</DMPKGDISTID><TARGETNAME>IRVMMFOLDER</TARGETNAME></DMPKGDIST></DMPACKAGEDEF></DMPACKAGEDEFSet></SyncDMPACKAGEDEF>