<?xml version="1.0" encoding="UTF-8"?><SyncDMCFGGROUP xmlns="http://www.ibm.com/maximo" xmlns:xsi="http://www.w3.org/2001/XMLSchema-instance" creationDateTime="2014-09-22T08:33:30+01:00" transLanguage="EN" baseLanguage="EN" messageID="1411371210802547076" maximoVersion="7 5 20130829-1209 V7510--1"><DMCFGGROUPSet><DMCFGGROUP><CFGGROUPORDER>39</CFGGROUPORDER><CFGOBJGROUP>BBC_STARTC</CFGOBJGROUP><CHANGEBY>TIMMINSA</CHANGEBY><CHANGEDATE>2014-09-18T13:42:33+01:00</CHANGEDATE><DESCRIPTION>BBC Start Centers</DESCRIPTION><DMCFGGROUPID>93033</DMCFGGROUPID><GROUPTYPE maxvalue="CFGDATA">CFGDATA</GROUPTYPE><INTERNAL>0</INTERNAL><DMCFGOBJECT><CFGOBJECT>DMSCTEMPLATE</CFGOBJECT><CFGOBJORDER>1</CFGOBJORDER><CHANGEBY>TIMMINSA</CHANGEBY><CHANGEDATE>2014-09-18T13:42:44+01:00</CHANGEDATE><DESCRIPTION>Start Center template migration object for Migration Manager</DESCRIPTION><DMCFGOBJECTID>2500</DMCFGOBJECTID><INTERNAL>0</INTERNAL></DMCFGOBJECT></DMCFGGROUP></DMCFGGROUPSet></SyncDMCFGGROUP>