<?xml version="1.0" encoding="UTF-8"?><SyncDMPACKAGEDEF xmlns="http://www.ibm.com/maximo" xmlns:xsi="http://www.w3.org/2001/XMLSchema-instance" creationDateTime="2014-07-28T14:52:22+01:00" transLanguage="EN" baseLanguage="EN" messageID="1406555542329703858" maximoVersion="7 5 20130829-1209 V7510--1"><DMPACKAGEDEFSet><DMPACKAGEDEF><ACTIVE>0</ACTIVE><BATCHSIZE>100</BATCHSIZE><CHANGEBY>TIMMINSA</CHANGEBY><CHANGEDATE>2014-07-28T14:49:49+01:00</CHANGEDATE><CONTENTID>7828ff76-b1a5-4885-96a8-b149f2ad8c0a</CONTENTID><DESCRIPTION>Maximo Messages</DESCRIPTION><DESCRIPTION_LONGDESCRIPTION></DESCRIPTION_LONGDESCRIPTION><DMPACKAGEDEFID>407</DMPACKAGEDEFID><DMROLE></DMROLE><HASLD>0</HASLD><LANGCODE>EN</LANGCODE><PKGDEFNAME>BBC_MAXMES</PKGDEFNAME><SOURCE>BBC-SQL-D01_BBCMAXDEV_dbo</SOURCE><STATUS maxvalue="APPR">APPR</STATUS><STATUSDATE>2014-07-28T14:51:25+01:00</STATUSDATE><TYPE maxvalue="SNAPSHOT">SNAPSHOT</TYPE><XMLACTION maxvalue="ADDCHANGE">AddChange</XMLACTION><DMPKGDEFSTATUS><CHANGEBY>TIMMINSA</CHANGEBY><CONTENTID>cd1f66e8-7301-4f9e-b850-73ea8dbae02c</CONTENTID><DMPKGDEFSTATUSID>408</DMPKGDEFSTATUSID><MEMO></MEMO><STATUS maxvalue="WAPPR">WAPPR</STATUS><STATUSDATE>2014-07-28T14:49:00+01:00</STATUSDATE></DMPKGDEFSTATUS><DMPKGDEFSTATUS><CHANGEBY>TIMMINSA</CHANGEBY><CONTENTID>fb03ba43-135e-42a6-a230-a65a5e1bf7f5</CONTENTID><DMPKGDEFSTATUSID>409</DMPKGDEFSTATUSID><MEMO></MEMO><STATUS maxvalue="APPR">APPR</STATUS><STATUSDATE>2014-07-28T14:51:00+01:00</STATUSDATE></DMPKGDEFSTATUS><DMPKGCFGGRPDEF><CFGOBJGROUP>BBC_MAXMES</CFGOBJGROUP><CONTENTID>e9799e87-c8e7-41ca-907f-863c8ac8ab52</CONTENTID><DMPKGCFGGRPDEFID>506</DMPKGCFGGRPDEFID><DMPKGCFGOBJDEF><CFGOBJECT>DMMAXMESSAGES</CFGOBJECT><CONTENTID>ed5cb807-b6ac-4125-8670-8ce423f54130</CONTENTID><DMPKGCFGOBJDEFID>402</DMPKGCFGOBJDEFID><WHERECLAUSE>MSGGROUP = 'IRVSR'</WHERECLAUSE></DMPKGCFGOBJDEF></DMPKGCFGGRPDEF><DMPKGDIST><CHANGEBY>TIMMINSA</CHANGEBY><CHANGEDATE>2014-07-28T14:51:33+01:00</CHANGEDATE><CONTENTID>255f514f-600e-443e-8ceb-f754f92e75fc</CONTENTID><DMPKGDISTID>402</DMPKGDISTID><TARGETNAME>IRVMMFOLDER</TARGETNAME></DMPKGDIST></DMPACKAGEDEF></DMPACKAGEDEFSet></SyncDMPACKAGEDEF>