<?xml version="1.0" encoding="UTF-8"?><SyncDMMAXMESSAGES xmlns="http://www.ibm.com/maximo" xmlns:xsi="http://www.w3.org/2001/XMLSchema-instance" creationDateTime="2014-07-28T14:52:22+01:00" transLanguage="EN" baseLanguage="EN" messageID="1406555541579957801" maximoVersion="7 5 20130829-1209 V7510--1"><DMMAXMESSAGESSet><MAXMESSAGES action="AddChange"><ADMINRESPONSE></ADMINRESPONSE><BUTTONTEXT></BUTTONTEXT><DISPLAYMETHOD>MSGBOX</DISPLAYMETHOD><EXPLANATION></EXPLANATION><MAXMESSAGESID>754034</MAXMESSAGESID><MSGGROUP>irvsr</MSGGROUP><MSGID>BMXZZ0010E</MSGID><MSGKEY>irvsrvendordisqualified</MSGKEY><OPERATORRESPONSE></OPERATORRESPONSE><OPTIONS>2</OPTIONS><PREFIX>1</PREFIX><SYSTEMACTION></SYSTEMACTION><TITLE></TITLE><VALUE>The Vendor is disqualified for work item {0}.  Please amend the response plan.</VALUE></MAXMESSAGES><MAXMESSAGES action="AddChange"><ADMINRESPONSE></ADMINRESPONSE><BUTTONTEXT></BUTTONTEXT><DISPLAYMETHOD>MSGBOX</DISPLAYMETHOD><EXPLANATION></EXPLANATION><MAXMESSAGESID>754035</MAXMESSAGESID><MSGGROUP>irvsr</MSGGROUP><MSGID>BMXZZ0011E</MSGID><MSGKEY>irvsrvendordiscontactnoemail</MSGKEY><OPERATORRESPONSE></OPERATORRESPONSE><OPTIONS>2</OPTIONS><PREFIX>1</PREFIX><SYSTEMACTION></SYSTEMACTION><TITLE></TITLE><VALUE>Vendor has no email address for work item {0}.  Please amend the Vendor details.</VALUE></MAXMESSAGES><MAXMESSAGES action="AddChange"><ADMINRESPONSE></ADMINRESPONSE><BUTTONTEXT></BUTTONTEXT><DISPLAYMETHOD>MSGBOX</DISPLAYMETHOD><EXPLANATION></EXPLANATION><MAXMESSAGESID>754036</MAXMESSAGESID><MSGGROUP>irvsr</MSGGROUP><MSGID>BMXZZ0012E</MSGID><MSGKEY>irvsrnovendorpovalue</MSGKEY><OPERATORRESPONSE></OPERATORRESPONSE><OPTIONS>2</OPTIONS><PREFIX>1</PREFIX><SYSTEMACTION></SYSTEMACTION><TITLE></TITLE><VALUE>There is no Financial Mandate value on the Response plan for work item {0}.  Please amend response plan.</VALUE></MAXMESSAGES><MAXMESSAGES action="AddChange"><ADMINRESPONSE></ADMINRESPONSE><BUTTONTEXT></BUTTONTEXT><DISPLAYMETHOD>MSGBOX</DISPLAYMETHOD><EXPLANATION></EXPLANATION><MAXMESSAGESID>765233</MAXMESSAGESID><MSGGROUP>irvsr</MSGGROUP><MSGID>BMXZZ0105W</MSGID><MSGKEY>irvsrworkorderwfexception</MSGKEY><OPERATORRESPONSE></OPERATORRESPONSE><OPTIONS>2</OPTIONS><PREFIX>1</PREFIX><SYSTEMACTION></SYSTEMACTION><TITLE></TITLE><VALUE>There are no workflow actions available. Please initiate the workflow from the Work Order application.</VALUE></MAXMESSAGES><MAXMESSAGES action="AddChange"><ADMINRESPONSE></ADMINRESPONSE><BUTTONTEXT></BUTTONTEXT><DISPLAYMETHOD>MSGBOX</DISPLAYMETHOD><EXPLANATION></EXPLANATION><MAXMESSAGESID>765234</MAXMESSAGESID><MSGGROUP>irvsr</MSGGROUP><MSGID>BMXZZ0106E</MSGID><MSGKEY>irvsrvendordifferstorp</MSGKEY><OPERATORRESPONSE></OPERATORRESPONSE><OPTIONS>2</OPTIONS><PREFIX>1</PREFIX><SYSTEMACTION></SYSTEMACTION><TITLE></TITLE><VALUE>The vendor on work order {0} is different to the vendor on the response plan.  Please create a PO manually.</VALUE></MAXMESSAGES><MAXMESSAGES action="AddChange"><ADMINRESPONSE></ADMINRESPONSE><BUTTONTEXT></BUTTONTEXT><DISPLAYMETHOD>MSGBOX</DISPLAYMETHOD><EXPLANATION></EXPLANATION><MAXMESSAGESID>767433</MAXMESSAGESID><MSGGROUP>irvsr</MSGGROUP><MSGID>BMXZZ0107E</MSGID><MSGKEY>irvbbcinvalidlocation</MSGKEY><OPERATORRESPONSE></OPERATORRESPONSE><OPTIONS>2</OPTIONS><PREFIX>1</PREFIX><SYSTEMACTION></SYSTEMACTION><TITLE></TITLE><VALUE>You have selected a Site - Please select a building or specific area as the location.</VALUE></MAXMESSAGES><MAXMESSAGES action="AddChange"><ADMINRESPONSE></ADMINRESPONSE><BUTTONTEXT></BUTTONTEXT><DISPLAYMETHOD>MSGBOX</DISPLAYMETHOD><EXPLANATION></EXPLANATION><MAXMESSAGESID>767533</MAXMESSAGESID><MSGGROUP>irvsr</MSGGROUP><MSGID>BMXZZ0108E</MSGID><MSGKEY>irvbbcinvalidclass</MSGKEY><OPERATORRESPONSE></OPERATORRESPONSE><OPTIONS>2</OPTIONS><PREFIX>1</PREFIX><SYSTEMACTION></SYSTEMACTION><TITLE></TITLE><VALUE>You cannot use this classification. Please select a more specific classification.</VALUE></MAXMESSAGES><MAXMESSAGES action="AddChange"><ADMINRESPONSE></ADMINRESPONSE><BUTTONTEXT></BUTTONTEXT><DISPLAYMETHOD>MSGBOX</DISPLAYMETHOD><EXPLANATION></EXPLANATION><MAXMESSAGESID>768933</MAXMESSAGESID><MSGGROUP>irvsr</MSGGROUP><MSGID>BMXZZ0109E</MSGID><MSGKEY>irvbbcinvalidclassrp</MSGKEY><OPERATORRESPONSE></OPERATORRESPONSE><OPTIONS>2</OPTIONS><PREFIX>1</PREFIX><SYSTEMACTION></SYSTEMACTION><TITLE></TITLE><VALUE>Could not apply a response plan.</VALUE></MAXMESSAGES></DMMAXMESSAGESSet></SyncDMMAXMESSAGES>