<?xml version="1.0" encoding="UTF-8"?><SyncDMQUERY xmlns="http://www.ibm.com/maximo" xmlns:xsi="http://www.w3.org/2001/XMLSchema-instance" creationDateTime="2015-01-26T13:51:21+00:00" transLanguage="EN" baseLanguage="EN" messageID="1422280280961893524" maximoVersion="7 5 20130829-1209 V7510--1"><DMQUERYSet><QUERY action="AddChange"><APP>INVOICE</APP><CLAUSE>(historyflag = 0 and siteid = 'GB') and  irv_issuetype in (select persongroup from persongroupteam where respparty = :&amp;personid&amp;) and status = 'ENTERED'</CLAUSE><CLAUSENAME>INVASSIGNISSUE</CLAUSENAME><DESCRIPTION>Invoice issue for my attention.</DESCRIPTION><ISPUBLIC>1</ISPUBLIC><OWNER>TIMMINSA</OWNER><QUERYID>7005</QUERYID></QUERY></DMQUERYSet></SyncDMQUERY>