<?xml version="1.0" encoding="UTF-8"?><SyncDMPACKAGEDEF xmlns="http://www.ibm.com/maximo" xmlns:xsi="http://www.w3.org/2001/XMLSchema-instance" creationDateTime="2015-01-26T13:51:21+00:00" transLanguage="EN" baseLanguage="EN" messageID="1422280281445756895" maximoVersion="7 5 20130829-1209 V7510--1"><DMPACKAGEDEFSet><DMPACKAGEDEF><ACTIVE>0</ACTIVE><BATCHSIZE>100</BATCHSIZE><CHANGEBY>TIMMINSA</CHANGEBY><CHANGEDATE>2014-10-09T16:35:46+01:00</CHANGEDATE><CONTENTID>a5baad26-48aa-4d33-8e39-c2bcd773f743</CONTENTID><DESCRIPTION></DESCRIPTION><DESCRIPTION_LONGDESCRIPTION></DESCRIPTION_LONGDESCRIPTION><DMPACKAGEDEFID>1010</DMPACKAGEDEFID><DMROLE></DMROLE><HASLD>0</HASLD><LANGCODE>EN</LANGCODE><PKGDEFNAME>BBC_QUERY</PKGDEFNAME><SOURCE>BBC-SQL-D01_BBCMAXSIT_dbo</SOURCE><STATUS maxvalue="APPR">APPR</STATUS><STATUSDATE>2014-10-09T18:02:18+01:00</STATUSDATE><TYPE maxvalue="SNAPSHOT">SNAPSHOT</TYPE><XMLACTION maxvalue="ADDCHANGE">AddChange</XMLACTION><DMPKGDEFSTATUS><CHANGEBY>TIMMINSA</CHANGEBY><CONTENTID>b4fad287-072b-4789-baa3-4e96089d8cd9</CONTENTID><DMPKGDEFSTATUSID>1015</DMPKGDEFSTATUSID><MEMO></MEMO><STATUS maxvalue="APPR">APPR</STATUS><STATUSDATE>2014-10-09T18:02:00+01:00</STATUSDATE></DMPKGDEFSTATUS><DMPKGDEFSTATUS><CHANGEBY>TIMMINSA</CHANGEBY><CONTENTID>f6f6a7f8-aaf3-499a-9cce-491bb5c22846</CONTENTID><DMPKGDEFSTATUSID>1014</DMPKGDEFSTATUSID><MEMO></MEMO><STATUS maxvalue="WAPPR">WAPPR</STATUS><STATUSDATE>2014-09-18T13:38:00+01:00</STATUSDATE></DMPKGDEFSTATUS><DMPKGCFGGRPDEF><CFGOBJGROUP>BBC_QUERY</CFGOBJGROUP><CONTENTID>b780f84f-5e38-454d-942d-deb8bf52fcc4</CONTENTID><DMPKGCFGGRPDEFID>1109</DMPKGCFGGRPDEFID><DMPKGCFGOBJDEF><CFGOBJECT>DMQUERY</CFGOBJECT><CONTENTID>214fed32-fb6d-4a60-87c9-3e9b600d17aa</CONTENTID><DMPKGCFGOBJDEFID>1006</DMPKGCFGOBJDEFID><WHERECLAUSE>clausename= 'INVASSIGNISSUE'</WHERECLAUSE></DMPKGCFGOBJDEF></DMPKGCFGGRPDEF><DMPKGDIST><CHANGEBY>TIMMINSA</CHANGEBY><CHANGEDATE>2014-10-09T16:35:46+01:00</CHANGEDATE><CONTENTID>e8425cee-bc0d-46c9-8ce9-15f2620d40ee</CONTENTID><DMPKGDISTID>1005</DMPKGDISTID><TARGETNAME>IRVMMFOLDER</TARGETNAME></DMPKGDIST><DMPKGDIST><CHANGEBY>TIMMINSA</CHANGEBY><CHANGEDATE>2014-10-09T18:03:24+01:00</CHANGEDATE><CONTENTID>2ec112ca-f7c9-43f1-8b16-7ef03a077453</CONTENTID><DMPKGDISTID>1102</DMPKGDISTID><TARGETNAME>BBC_DEP</TARGETNAME></DMPKGDIST></DMPACKAGEDEF></DMPACKAGEDEFSet></SyncDMPACKAGEDEF>