<?xml version="1.0" encoding="UTF-8"?><SyncDMPERSONGROUP xmlns="http://www.ibm.com/maximo" xmlns:xsi="http://www.w3.org/2001/XMLSchema-instance" creationDateTime="2014-10-15T13:18:10+01:00" transLanguage="EN" baseLanguage="EN" messageID="141337549027547939" maximoVersion="7 5 20130829-1209 V7510--1"><DMPERSONGROUPSet><PERSONGROUP action="AddChange"><DESCRIPTION>Credit Review Team</DESCRIPTION><DESCRIPTION_LONGDESCRIPTION></DESCRIPTION_LONGDESCRIPTION><HASLD>0</HASLD><IRV_APPRLIMIT xsi:nil="true"></IRV_APPRLIMIT><IRV_OUTOFHOURS>1</IRV_OUTOFHOURS><IRV_POTYPE></IRV_POTYPE><ISCREWWORKGROUP>0</ISCREWWORKGROUP><LANGCODE>EN</LANGCODE><PERSONGROUP>CREDIT</PERSONGROUP><PERSONGROUPID>1402</PERSONGROUPID><PERSONGROUPTEAM><GROUPDEFAULT>0</GROUPDEFAULT><ORGDEFAULT>0</ORGDEFAULT><PERSONGROUPTEAMID>5113</PERSONGROUPTEAMID><RESPPARTY>BEWLEYK</RESPPARTY><RESPPARTYGROUP>BEWLEYK</RESPPARTYGROUP><RESPPARTYGROUPSEQ>4</RESPPARTYGROUPSEQ><RESPPARTYSEQ>4</RESPPARTYSEQ><SITEDEFAULT>0</SITEDEFAULT><USEFORORG></USEFORORG><USEFORSITE></USEFORSITE></PERSONGROUPTEAM><PERSONGROUPTEAM><GROUPDEFAULT>0</GROUPDEFAULT><ORGDEFAULT>0</ORGDEFAULT><PERSONGROUPTEAMID>5111</PERSONGROUPTEAMID><RESPPARTY>COLBOURNES</RESPPARTY><RESPPARTYGROUP>COLBOURNES</RESPPARTYGROUP><RESPPARTYGROUPSEQ>2</RESPPARTYGROUPSEQ><RESPPARTYSEQ>2</RESPPARTYSEQ><SITEDEFAULT>0</SITEDEFAULT><USEFORORG></USEFORORG><USEFORSITE></USEFORSITE></PERSONGROUPTEAM><PERSONGROUPTEAM><GROUPDEFAULT>1</GROUPDEFAULT><ORGDEFAULT>0</ORGDEFAULT><PERSONGROUPTEAMID>5110</PERSONGROUPTEAMID><RESPPARTY>CREDITS</RESPPARTY><RESPPARTYGROUP>CREDITS</RESPPARTYGROUP><RESPPARTYGROUPSEQ>1</RESPPARTYGROUPSEQ><RESPPARTYSEQ>1</RESPPARTYSEQ><SITEDEFAULT>0</SITEDEFAULT><USEFORORG></USEFORORG><USEFORSITE></USEFORSITE></PERSONGROUPTEAM><PERSONGROUPTEAM><GROUPDEFAULT>0</GROUPDEFAULT><ORGDEFAULT>0</ORGDEFAULT><PERSONGROUPTEAMID>5114</PERSONGROUPTEAMID><RESPPARTY>DAROCHR</RESPPARTY><RESPPARTYGROUP>DAROCHR</RESPPARTYGROUP><RESPPARTYGROUPSEQ>5</RESPPARTYGROUPSEQ><RESPPARTYSEQ>5</RESPPARTYSEQ><SITEDEFAULT>0</SITEDEFAULT><USEFORORG></USEFORORG><USEFORSITE></USEFORSITE></PERSONGROUPTEAM><PERSONGROUPTEAM><GROUPDEFAULT>0</GROUPDEFAULT><ORGDEFAULT>0</ORGDEFAULT><PERSONGROUPTEAMID>5112</PERSONGROUPTEAMID><RESPPARTY>JOHNSOND</RESPPARTY><RESPPARTYGROUP>JOHNSOND</RESPPARTYGROUP><RESPPARTYGROUPSEQ>3</RESPPARTYGROUPSEQ><RESPPARTYSEQ>3</RESPPARTYSEQ><SITEDEFAULT>0</SITEDEFAULT><USEFORORG></USEFORORG><USEFORSITE></USEFORSITE></PERSONGROUPTEAM><PERSONGROUPTEAM><GROUPDEFAULT>0</GROUPDEFAULT><ORGDEFAULT>0</ORGDEFAULT><PERSONGROUPTEAMID>5202</PERSONGROUPTEAMID><RESPPARTY>KEMPK</RESPPARTY><RESPPARTYGROUP>KEMPK</RESPPARTYGROUP><RESPPARTYGROUPSEQ>8</RESPPARTYGROUPSEQ><RESPPARTYSEQ>8</RESPPARTYSEQ><SITEDEFAULT>0</SITEDEFAULT><USEFORORG></USEFORORG><USEFORSITE></USEFORSITE></PERSONGROUPTEAM><PERSONGROUPTEAM><GROUPDEFAULT>0</GROUPDEFAULT><ORGDEFAULT>0</ORGDEFAULT><PERSONGROUPTEAMID>5117</PERSONGROUPTEAMID><RESPPARTY>SHAHREZA</RESPPARTY><RESPPARTYGROUP>SHAHREZA</RESPPARTYGROUP><RESPPARTYGROUPSEQ>7</RESPPARTYGROUPSEQ><RESPPARTYSEQ>7</RESPPARTYSEQ><SITEDEFAULT>0</SITEDEFAULT><USEFORORG></USEFORORG><USEFORSITE></USEFORSITE></PERSONGROUPTEAM><PERSONGROUPTEAM><GROUPDEFAULT>0</GROUPDEFAULT><ORGDEFAULT>0</ORGDEFAULT><PERSONGROUPTEAMID>5115</PERSONGROUPTEAMID><RESPPARTY>TIMMINSA</RESPPARTY><RESPPARTYGROUP>TIMMINSA</RESPPARTYGROUP><RESPPARTYGROUPSEQ>6</RESPPARTYGROUPSEQ><RESPPARTYSEQ>6</RESPPARTYSEQ><SITEDEFAULT>0</SITEDEFAULT><USEFORORG></USEFORORG><USEFORSITE></USEFORSITE></PERSONGROUPTEAM></PERSONGROUP><PERSONGROUP action="AddChange"><DESCRIPTION>AP Clerk</DESCRIPTION><DESCRIPTION_LONGDESCRIPTION></DESCRIPTION_LONGDESCRIPTION><HASLD>0</HASLD><IRV_APPRLIMIT xsi:nil="true"></IRV_APPRLIMIT><IRV_OUTOFHOURS>1</IRV_OUTOFHOURS><IRV_POTYPE></IRV_POTYPE><ISCREWWORKGROUP>0</ISCREWWORKGROUP><LANGCODE>EN</LANGCODE><PERSONGROUP>INVOICE</PERSONGROUP><PERSONGROUPID>1302</PERSONGROUPID><PERSONGROUPTEAM><GROUPDEFAULT>0</GROUPDEFAULT><ORGDEFAULT>0</ORGDEFAULT><PERSONGROUPTEAMID>4703</PERSONGROUPTEAMID><RESPPARTY>APCLERK</RESPPARTY><RESPPARTYGROUP>APCLERK</RESPPARTYGROUP><RESPPARTYGROUPSEQ>2</RESPPARTYGROUPSEQ><RESPPARTYSEQ>2</RESPPARTYSEQ><SITEDEFAULT>0</SITEDEFAULT><USEFORORG></USEFORORG><USEFORSITE></USEFORSITE></PERSONGROUPTEAM><PERSONGROUPTEAM><GROUPDEFAULT>1</GROUPDEFAULT><ORGDEFAULT>0</ORGDEFAULT><PERSONGROUPTEAMID>4704</PERSONGROUPTEAMID><RESPPARTY>DUDLEYM</RESPPARTY><RESPPARTYGROUP>DUDLEYM</RESPPARTYGROUP><RESPPARTYGROUPSEQ>3</RESPPARTYGROUPSEQ><RESPPARTYSEQ>3</RESPPARTYSEQ><SITEDEFAULT>0</SITEDEFAULT><USEFORORG></USEFORORG><USEFORSITE></USEFORSITE></PERSONGROUPTEAM><PERSONGROUPTEAM><GROUPDEFAULT>0</GROUPDEFAULT><ORGDEFAULT>0</ORGDEFAULT><PERSONGROUPTEAMID>4705</PERSONGROUPTEAMID><RESPPARTY>KEMPK</RESPPARTY><RESPPARTYGROUP>KEMPK</RESPPARTYGROUP><RESPPARTYGROUPSEQ>4</RESPPARTYGROUPSEQ><RESPPARTYSEQ>4</RESPPARTYSEQ><SITEDEFAULT>0</SITEDEFAULT><USEFORORG></USEFORORG><USEFORSITE></USEFORSITE></PERSONGROUPTEAM><PERSONGROUPTEAM><GROUPDEFAULT>0</GROUPDEFAULT><ORGDEFAULT>0</ORGDEFAULT><PERSONGROUPTEAMID>5109</PERSONGROUPTEAMID><RESPPARTY>MEASONC</RESPPARTY><RESPPARTYGROUP>MEASONC</RESPPARTYGROUP><RESPPARTYGROUPSEQ>8</RESPPARTYGROUPSEQ><RESPPARTYSEQ>8</RESPPARTYSEQ><SITEDEFAULT>0</SITEDEFAULT><USEFORORG></USEFORORG><USEFORSITE></USEFORSITE></PERSONGROUPTEAM><PERSONGROUPTEAM><GROUPDEFAULT>0</GROUPDEFAULT><ORGDEFAULT>0</ORGDEFAULT><PERSONGROUPTEAMID>4706</PERSONGROUPTEAMID><RESPPARTY>POAPPR1</RESPPARTY><RESPPARTYGROUP>POAPPR1</RESPPARTYGROUP><RESPPARTYGROUPSEQ>1</RESPPARTYGROUPSEQ><RESPPARTYSEQ>1</RESPPARTYSEQ><SITEDEFAULT>0</SITEDEFAULT><USEFORORG></USEFORORG><USEFORSITE></USEFORSITE></PERSONGROUPTEAM><PERSONGROUPTEAM><GROUPDEFAULT>0</GROUPDEFAULT><ORGDEFAULT>0</ORGDEFAULT><PERSONGROUPTEAMID>4902</PERSONGROUPTEAMID><RESPPARTY>SHAHREZA</RESPPARTY><RESPPARTYGROUP>SHAHREZA</RESPPARTYGROUP><RESPPARTYGROUPSEQ>6</RESPPARTYGROUPSEQ><RESPPARTYSEQ>6</RESPPARTYSEQ><SITEDEFAULT>0</SITEDEFAULT><USEFORORG></USEFORORG><USEFORSITE></USEFORSITE></PERSONGROUPTEAM><PERSONGROUPTEAM><GROUPDEFAULT>0</GROUPDEFAULT><ORGDEFAULT>0</ORGDEFAULT><PERSONGROUPTEAMID>4707</PERSONGROUPTEAMID><RESPPARTY>TIMMINSA</RESPPARTY><RESPPARTYGROUP>TIMMINSA</RESPPARTYGROUP><RESPPARTYGROUPSEQ>5</RESPPARTYGROUPSEQ><RESPPARTYSEQ>5</RESPPARTYSEQ><SITEDEFAULT>0</SITEDEFAULT><USEFORORG></USEFORORG><USEFORSITE></USEFORSITE></PERSONGROUPTEAM></PERSONGROUP><PERSONGROUP action="AddChange"><DESCRIPTION>Procurement Group.</DESCRIPTION><DESCRIPTION_LONGDESCRIPTION></DESCRIPTION_LONGDESCRIPTION><HASLD>0</HASLD><IRV_APPRLIMIT xsi:nil="true"></IRV_APPRLIMIT><IRV_OUTOFHOURS>1</IRV_OUTOFHOURS><IRV_POTYPE></IRV_POTYPE><ISCREWWORKGROUP>0</ISCREWWORKGROUP><LANGCODE>EN</LANGCODE><PERSONGROUP>PO</PERSONGROUP><PERSONGROUPID>1303</PERSONGROUPID><PERSONGROUPTEAM><GROUPDEFAULT>0</GROUPDEFAULT><ORGDEFAULT>0</ORGDEFAULT><PERSONGROUPTEAMID>4708</PERSONGROUPTEAMID><RESPPARTY>DAROCHR</RESPPARTY><RESPPARTYGROUP>DAROCHR</RESPPARTYGROUP><RESPPARTYGROUPSEQ>5</RESPPARTYGROUPSEQ><RESPPARTYSEQ>5</RESPPARTYSEQ><SITEDEFAULT>0</SITEDEFAULT><USEFORORG></USEFORORG><USEFORSITE></USEFORSITE></PERSONGROUPTEAM><PERSONGROUPTEAM><GROUPDEFAULT>0</GROUPDEFAULT><ORGDEFAULT>0</ORGDEFAULT><PERSONGROUPTEAMID>4709</PERSONGROUPTEAMID><RESPPARTY>HAWKETTSH</RESPPARTY><RESPPARTYGROUP>HAWKETTSH</RESPPARTYGROUP><RESPPARTYGROUPSEQ>2</RESPPARTYGROUPSEQ><RESPPARTYSEQ>2</RESPPARTYSEQ><SITEDEFAULT>0</SITEDEFAULT><USEFORORG></USEFORORG><USEFORSITE></USEFORSITE></PERSONGROUPTEAM><PERSONGROUPTEAM><GROUPDEFAULT>0</GROUPDEFAULT><ORGDEFAULT>0</ORGDEFAULT><PERSONGROUPTEAMID>4710</PERSONGROUPTEAMID><RESPPARTY>JOHNSOND</RESPPARTY><RESPPARTYGROUP>JOHNSOND</RESPPARTYGROUP><RESPPARTYGROUPSEQ>4</RESPPARTYGROUPSEQ><RESPPARTYSEQ>4</RESPPARTYSEQ><SITEDEFAULT>0</SITEDEFAULT><USEFORORG></USEFORORG><USEFORSITE></USEFORSITE></PERSONGROUPTEAM><PERSONGROUPTEAM><GROUPDEFAULT>0</GROUPDEFAULT><ORGDEFAULT>0</ORGDEFAULT><PERSONGROUPTEAMID>4711</PERSONGROUPTEAMID><RESPPARTY>KEMPK</RESPPARTY><RESPPARTYGROUP>KEMPK</RESPPARTYGROUP><RESPPARTYGROUPSEQ>3</RESPPARTYGROUPSEQ><RESPPARTYSEQ>3</RESPPARTYSEQ><SITEDEFAULT>0</SITEDEFAULT><USEFORORG></USEFORORG><USEFORSITE></USEFORSITE></PERSONGROUPTEAM><PERSONGROUPTEAM><GROUPDEFAULT>1</GROUPDEFAULT><ORGDEFAULT>0</ORGDEFAULT><PERSONGROUPTEAMID>4712</PERSONGROUPTEAMID><RESPPARTY>PROCUREMENT</RESPPARTY><RESPPARTYGROUP>PROCUREMENT</RESPPARTYGROUP><RESPPARTYGROUPSEQ>1</RESPPARTYGROUPSEQ><RESPPARTYSEQ>1</RESPPARTYSEQ><SITEDEFAULT>0</SITEDEFAULT><USEFORORG></USEFORORG><USEFORSITE></USEFORSITE></PERSONGROUPTEAM><PERSONGROUPTEAM><GROUPDEFAULT>0</GROUPDEFAULT><ORGDEFAULT>0</ORGDEFAULT><PERSONGROUPTEAMID>4903</PERSONGROUPTEAMID><RESPPARTY>SHAHREZA</RESPPARTY><RESPPARTYGROUP>SHAHREZA</RESPPARTYGROUP><RESPPARTYGROUPSEQ>7</RESPPARTYGROUPSEQ><RESPPARTYSEQ>7</RESPPARTYSEQ><SITEDEFAULT>0</SITEDEFAULT><USEFORORG></USEFORORG><USEFORSITE></USEFORSITE></PERSONGROUPTEAM><PERSONGROUPTEAM><GROUPDEFAULT>0</GROUPDEFAULT><ORGDEFAULT>0</ORGDEFAULT><PERSONGROUPTEAMID>4713</PERSONGROUPTEAMID><RESPPARTY>TIMMINSA</RESPPARTY><RESPPARTYGROUP>TIMMINSA</RESPPARTYGROUP><RESPPARTYGROUPSEQ>6</RESPPARTYGROUPSEQ><RESPPARTYSEQ>6</RESPPARTYSEQ><SITEDEFAULT>0</SITEDEFAULT><USEFORORG></USEFORORG><USEFORSITE></USEFORSITE></PERSONGROUPTEAM></PERSONGROUP><PERSONGROUP action="AddChange"><DESCRIPTION>Receipting Clerk Group</DESCRIPTION><DESCRIPTION_LONGDESCRIPTION></DESCRIPTION_LONGDESCRIPTION><HASLD>0</HASLD><IRV_APPRLIMIT xsi:nil="true"></IRV_APPRLIMIT><IRV_OUTOFHOURS>1</IRV_OUTOFHOURS><IRV_POTYPE></IRV_POTYPE><ISCREWWORKGROUP>0</ISCREWWORKGROUP><LANGCODE>EN</LANGCODE><PERSONGROUP>RECEIPT</PERSONGROUP><PERSONGROUPID>1304</PERSONGROUPID><PERSONGROUPTEAM><GROUPDEFAULT>0</GROUPDEFAULT><ORGDEFAULT>0</ORGDEFAULT><PERSONGROUPTEAMID>4714</PERSONGROUPTEAMID><RESPPARTY>DAROCHR</RESPPARTY><RESPPARTYGROUP>DAROCHR</RESPPARTYGROUP><RESPPARTYGROUPSEQ>6</RESPPARTYGROUPSEQ><RESPPARTYSEQ>6</RESPPARTYSEQ><SITEDEFAULT>0</SITEDEFAULT><USEFORORG></USEFORORG><USEFORSITE></USEFORSITE></PERSONGROUPTEAM><PERSONGROUPTEAM><GROUPDEFAULT>0</GROUPDEFAULT><ORGDEFAULT>0</ORGDEFAULT><PERSONGROUPTEAMID>4715</PERSONGROUPTEAMID><RESPPARTY>JOHNSOND</RESPPARTY><RESPPARTYGROUP>JOHNSOND</RESPPARTYGROUP><RESPPARTYGROUPSEQ>2</RESPPARTYGROUPSEQ><RESPPARTYSEQ>2</RESPPARTYSEQ><SITEDEFAULT>0</SITEDEFAULT><USEFORORG></USEFORORG><USEFORSITE></USEFORSITE></PERSONGROUPTEAM><PERSONGROUPTEAM><GROUPDEFAULT>0</GROUPDEFAULT><ORGDEFAULT>0</ORGDEFAULT><PERSONGROUPTEAMID>4716</PERSONGROUPTEAMID><RESPPARTY>KEMPK</RESPPARTY><RESPPARTYGROUP>KEMPK</RESPPARTYGROUP><RESPPARTYGROUPSEQ>4</RESPPARTYGROUPSEQ><RESPPARTYSEQ>4</RESPPARTYSEQ><SITEDEFAULT>0</SITEDEFAULT><USEFORORG></USEFORORG><USEFORSITE></USEFORSITE></PERSONGROUPTEAM><PERSONGROUPTEAM><GROUPDEFAULT>0</GROUPDEFAULT><ORGDEFAULT>0</ORGDEFAULT><PERSONGROUPTEAMID>4717</PERSONGROUPTEAMID><RESPPARTY>NGWATUNGC</RESPPARTY><RESPPARTYGROUP>NGWATUNGC</RESPPARTYGROUP><RESPPARTYGROUPSEQ>3</RESPPARTYGROUPSEQ><RESPPARTYSEQ>3</RESPPARTYSEQ><SITEDEFAULT>0</SITEDEFAULT><USEFORORG></USEFORORG><USEFORSITE></USEFORSITE></PERSONGROUPTEAM><PERSONGROUPTEAM><GROUPDEFAULT>1</GROUPDEFAULT><ORGDEFAULT>0</ORGDEFAULT><PERSONGROUPTEAMID>4718</PERSONGROUPTEAMID><RESPPARTY>RECEIPTS</RESPPARTY><RESPPARTYGROUP>RECEIPTS</RESPPARTYGROUP><RESPPARTYGROUPSEQ>1</RESPPARTYGROUPSEQ><RESPPARTYSEQ>1</RESPPARTYSEQ><SITEDEFAULT>0</SITEDEFAULT><USEFORORG></USEFORORG><USEFORSITE></USEFORSITE></PERSONGROUPTEAM><PERSONGROUPTEAM><GROUPDEFAULT>0</GROUPDEFAULT><ORGDEFAULT>0</ORGDEFAULT><PERSONGROUPTEAMID>4904</PERSONGROUPTEAMID><RESPPARTY>SHAHREZA</RESPPARTY><RESPPARTYGROUP>SHAHREZA</RESPPARTYGROUP><RESPPARTYGROUPSEQ>8</RESPPARTYGROUPSEQ><RESPPARTYSEQ>8</RESPPARTYSEQ><SITEDEFAULT>0</SITEDEFAULT><USEFORORG></USEFORORG><USEFORSITE></USEFORSITE></PERSONGROUPTEAM><PERSONGROUPTEAM><GROUPDEFAULT>0</GROUPDEFAULT><ORGDEFAULT>0</ORGDEFAULT><PERSONGROUPTEAMID>4719</PERSONGROUPTEAMID><RESPPARTY>TIMMINSA</RESPPARTY><RESPPARTYGROUP>TIMMINSA</RESPPARTYGROUP><RESPPARTYGROUPSEQ>7</RESPPARTYGROUPSEQ><RESPPARTYSEQ>7</RESPPARTYSEQ><SITEDEFAULT>0</SITEDEFAULT><USEFORORG></USEFORORG><USEFORSITE></USEFORSITE></PERSONGROUPTEAM></PERSONGROUP></DMPERSONGROUPSet></SyncDMPERSONGROUP>