<?xml version="1.0" encoding="UTF-8"?><SyncDMPACKAGEDEF xmlns="http://www.ibm.com/maximo" xmlns:xsi="http://www.w3.org/2001/XMLSchema-instance" creationDateTime="2014-10-15T13:18:10+01:00" transLanguage="EN" baseLanguage="EN" messageID="1413375490775276449" maximoVersion="7 5 20130829-1209 V7510--1"><DMPACKAGEDEFSet><DMPACKAGEDEF><ACTIVE>0</ACTIVE><BATCHSIZE>100</BATCHSIZE><CHANGEBY>TIMMINSA</CHANGEBY><CHANGEDATE>2014-10-15T13:16:52+01:00</CHANGEDATE><CONTENTID>cb7294db-fb22-4104-a390-50f59a3fabe0</CONTENTID><DESCRIPTION>Person Groups</DESCRIPTION><DESCRIPTION_LONGDESCRIPTION></DESCRIPTION_LONGDESCRIPTION><DMPACKAGEDEFID>1414</DMPACKAGEDEFID><DMROLE></DMROLE><HASLD>0</HASLD><LANGCODE>EN</LANGCODE><PKGDEFNAME>BBC_PERSON</PKGDEFNAME><SOURCE>BBC-SQL-D01_BBCMAXSIT_dbo</SOURCE><STATUS maxvalue="APPR">APPR</STATUS><STATUSDATE>2014-10-15T13:17:21+01:00</STATUSDATE><TYPE maxvalue="SNAPSHOT">SNAPSHOT</TYPE><XMLACTION maxvalue="ADDCHANGE">AddChange</XMLACTION><DMPKGDEFSTATUS><CHANGEBY>TIMMINSA</CHANGEBY><CONTENTID>943bbb23-27de-4012-8764-c7f618215c2f</CONTENTID><DMPKGDEFSTATUSID>1420</DMPKGDEFSTATUSID><MEMO></MEMO><STATUS maxvalue="WAPPR">WAPPR</STATUS><STATUSDATE>2014-09-18T11:33:00+01:00</STATUSDATE></DMPKGDEFSTATUS><DMPKGDEFSTATUS><CHANGEBY>TIMMINSA</CHANGEBY><CONTENTID>59f54686-7a5e-48e4-9c00-f325ebf5763d</CONTENTID><DMPKGDEFSTATUSID>1421</DMPKGDEFSTATUSID><MEMO></MEMO><STATUS maxvalue="APPR">APPR</STATUS><STATUSDATE>2014-10-15T13:17:00+01:00</STATUSDATE></DMPKGDEFSTATUS><DMPKGCFGGRPDEF><CFGOBJGROUP>BBC_PERSON</CFGOBJGROUP><CONTENTID>0e39d632-6a44-43d9-bd60-71fa00047a73</CONTENTID><DMPKGCFGGRPDEFID>1530</DMPKGCFGGRPDEFID><DMPKGCFGOBJDEF><CFGOBJECT>DMPERSON</CFGOBJECT><CONTENTID>cbd153a3-6a77-4c33-839d-8a7339b06011</CONTENTID><DMPKGCFGOBJDEFID>1406</DMPKGCFGOBJDEFID><WHERECLAUSE>1=2</WHERECLAUSE></DMPKGCFGOBJDEF><DMPKGCFGOBJDEF><CFGOBJECT>DMPERSONGROUP</CFGOBJECT><CONTENTID>a9a51afd-a7f3-4fa8-a3db-a4182df7a150</CONTENTID><DMPKGCFGOBJDEFID>1407</DMPKGCFGOBJDEFID><WHERECLAUSE>persongroup in ('PO','RECEIPT','INVOICE','CREDIT')</WHERECLAUSE></DMPKGCFGOBJDEF></DMPKGCFGGRPDEF></DMPACKAGEDEF></DMPACKAGEDEFSet></SyncDMPACKAGEDEF>