<?xml version="1.0" encoding="UTF-8"?><SyncDMSCTEMPLATE xmlns="http://www.ibm.com/maximo" xmlns:xsi="http://www.w3.org/2001/XMLSchema-instance" creationDateTime="2014-10-09T18:05:12+01:00" transLanguage="EN" baseLanguage="EN" messageID="1412874312607525798" maximoVersion="7 5 20130829-1209 V7510--1"><DMSCTEMPLATESet><SCTEMPLATE action="AddChange"><CONTENTUID>SCTMPLT694c89a3</CONTENTUID><CREATEDON>2014-09-08T00:00:00+01:00</CREATEDON><DESCRIPTION>Purchasing</DESCRIPTION><NAME>Template-20140908174115</NAME><PRESENTATION>&lt;?xml version="1.0" encoding="UTF-8"?&gt;&lt;startcenter contentuid="SCTMPLT694c89a3" description="Purchasing" layout="NW"&gt;&#xD;
  &#xD;
  &lt;resultset charttype="BAR" columnnum="1" contentuid="SCTMPLT694c89a3P6" description="Invoices To Be Processed" legendattributetitle="" legendvaluetitle="" minormax="1" ordernum="4" portletid="RSCONFIG" queryapp="INVOICE" queryclausename="INVREQPROCESSING" queryowner="TIMMINSA" rowstodisplay="10" showchart="0"&gt;&#xD;
    &lt;attribute columnorder="0" contentuid="SCTMPLT694c89a3P6APCONTROLACCT" description="AP Control Account" display="0" isconditionset="0" isgraphon="0" querycolumn="APCONTROLACCT"/&gt;&#xD;
    &lt;attribute columnorder="0" contentuid="SCTMPLT694c89a3P6APPROVALNUM" description="Approval #" display="0" isconditionset="0" isgraphon="0" querycolumn="APPROVALNUM"/&gt;&#xD;
    &lt;attribute columnorder="0" contentuid="SCTMPLT694c89a3P6APSUSPENSEACCT" description="AP Suspense Account" display="0" isconditionset="0" isgraphon="0" querycolumn="APSUSPENSEACCT"/&gt;&#xD;
    &lt;attribute columnorder="0" contentuid="SCTMPLT694c89a3P6BANKACCOUNT" description="Bank" display="0" isconditionset="0" isgraphon="0" querycolumn="BANKACCOUNT"/&gt;&#xD;
    &lt;attribute columnorder="0" contentuid="SCTMPLT694c89a3P6BANKNUM" description="Bank Reference #" display="0" isconditionset="0" isgraphon="0" querycolumn="BANKNUM"/&gt;&#xD;
    &lt;attribute columnorder="0" contentuid="SCTMPLT694c89a3P6BASETOTALCOST" description="Total Base Cost" display="0" isconditionset="0" isgraphon="0" querycolumn="BASETOTALCOST"/&gt;&#xD;
    &lt;attribute columnorder="0" contentuid="SCTMPLT694c89a3P6BATCHNUM" description="Batchnum" display="0" isconditionset="0" isgraphon="0" querycolumn="BATCHNUM"/&gt;&#xD;
    &lt;attribute columnorder="0" contentuid="SCTMPLT694c89a3P6CHANGEBY" description="Changed By" display="0" isconditionset="0" isgraphon="0" querycolumn="CHANGEBY"/&gt;&#xD;
    &lt;attribute columnorder="0" contentuid="SCTMPLT694c89a3P6CHANGEDATE" description="Changed Date" display="0" isconditionset="0" isgraphon="0" querycolumn="CHANGEDATE"/&gt;&#xD;
    &lt;attribute columnorder="0" contentuid="SCTMPLT694c89a3P6CHECKCODE" description="Check Code" display="0" isconditionset="0" isgraphon="0" querycolumn="CHECKCODE"/&gt;&#xD;
    &lt;attribute columnorder="0" contentuid="SCTMPLT694c89a3P6CHECKNUM" description="Check #" display="0" isconditionset="0" isgraphon="0" querycolumn="CHECKNUM"/&gt;&#xD;
    &lt;attribute columnorder="0" contentuid="SCTMPLT694c89a3P6CONTACT" description="Contact" display="0" isconditionset="0" isgraphon="0" querycolumn="CONTACT"/&gt;&#xD;
    &lt;attribute columnorder="0" contentuid="SCTMPLT694c89a3P6CONTRACTREFID" description="CONTRACTREFID." display="0" isconditionset="0" isgraphon="0" querycolumn="CONTRACTREFID"/&gt;&#xD;
    &lt;attribute columnorder="0" contentuid="SCTMPLT694c89a3P6CONTRACTREFNUM" description="Contract Reference" display="0" isconditionset="0" isgraphon="0" querycolumn="CONTRACTREFNUM"/&gt;&#xD;
    &lt;attribute columnorder="0" contentuid="SCTMPLT694c89a3P6CONTRACTREFREV" description="Contract Reference Revision" display="0" isconditionset="0" isgraphon="0" querycolumn="CONTRACTREFREV"/&gt;&#xD;
    &lt;attribute columnorder="0" contentuid="SCTMPLT694c89a3P6CURRENCYCODE" description="Currency" display="0" isconditionset="0" isgraphon="0" querycolumn="CURRENCYCODE"/&gt;&#xD;
    &lt;attribute columnorder="2" contentuid="SCTMPLT694c89a3P6DESCRIPTION" description="Description" display="1" isconditionset="0" isgraphon="0" querycolumn="DESCRIPTION"/&gt;&#xD;
    &lt;attribute columnorder="0" contentuid="SCTMPLT694c89a3P6DISCOUNT" description="Discount" display="0" isconditionset="0" isgraphon="0" querycolumn="DISCOUNT"/&gt;&#xD;
    &lt;attribute columnorder="0" contentuid="SCTMPLT694c89a3P6DISCOUNTDATE" description="Discount Date" display="0" isconditionset="0" isgraphon="0" querycolumn="DISCOUNTDATE"/&gt;&#xD;
    &lt;attribute columnorder="0" contentuid="SCTMPLT694c89a3P6DOCUMENTTYPE" description="Type" display="0" isconditionset="0" isgraphon="0" querycolumn="DOCUMENTTYPE"/&gt;&#xD;
    &lt;attribute columnorder="0" contentuid="SCTMPLT694c89a3P6DUEDATE" description="Due Date" display="0" isconditionset="0" isgraphon="0" querycolumn="DUEDATE"/&gt;&#xD;
    &lt;attribute columnorder="0" contentuid="SCTMPLT694c89a3P6EINVOICE" description="E-invoice" display="0" isconditionset="0" isgraphon="0" querycolumn="EINVOICE"/&gt;&#xD;
    &lt;attribute columnorder="0" contentuid="SCTMPLT694c89a3P6ENTERBY" description="Entered By" display="0" isconditionset="0" isgraphon="0" querycolumn="ENTERBY"/&gt;&#xD;
    &lt;attribute columnorder="0" contentuid="SCTMPLT694c89a3P6ENTERDATE" description="Entered Date" display="0" isconditionset="0" isgraphon="0" querycolumn="ENTERDATE"/&gt;&#xD;
    &lt;attribute columnorder="0" contentuid="SCTMPLT694c89a3P6EXCHANGEDATE" description="Exchange Date" display="0" isconditionset="0" isgraphon="0" querycolumn="EXCHANGEDATE"/&gt;&#xD;
    &lt;attribute columnorder="0" contentuid="SCTMPLT694c89a3P6EXCHANGERATE" description="Exchange Rate" display="0" isconditionset="0" isgraphon="0" querycolumn="EXCHANGERATE"/&gt;&#xD;
    &lt;attribute columnorder="0" contentuid="SCTMPLT694c89a3P6EXCHANGERATE2" description="EXCHANGERATE" display="0" isconditionset="0" isgraphon="0" querycolumn="EXCHANGERATE2"/&gt;&#xD;
    &lt;attribute columnorder="0" contentuid="SCTMPLT694c89a3P6EXTERNALREFID" description="External Reference ID" display="0" isconditionset="0" isgraphon="0" querycolumn="EXTERNALREFID"/&gt;&#xD;
    &lt;attribute columnorder="0" contentuid="SCTMPLT694c89a3P6FINANCIALPERIOD" description="Financial Period" display="0" isconditionset="0" isgraphon="0" querycolumn="FINANCIALPERIOD"/&gt;&#xD;
    &lt;attribute columnorder="0" contentuid="SCTMPLT694c89a3P6GLPOSTDATE" description="G/L Posting Date" display="0" isconditionset="0" isgraphon="0" querycolumn="GLPOSTDATE"/&gt;&#xD;
    &lt;attribute columnorder="0" contentuid="SCTMPLT694c89a3P6HASLD" description="Has Long Description" display="0" isconditionset="0" isgraphon="0" querycolumn="HASLD"/&gt;&#xD;
    &lt;attribute columnorder="0" contentuid="SCTMPLT694c89a3P6HISTORYFLAG" description="History" display="0" isconditionset="0" isgraphon="0" querycolumn="HISTORYFLAG"/&gt;&#xD;
    &lt;attribute columnorder="0" contentuid="SCTMPLT694c89a3P6INCLUSIVE1" description="Pay Tax to Vendor" display="0" isconditionset="0" isgraphon="0" querycolumn="INCLUSIVE1"/&gt;&#xD;
    &lt;attribute columnorder="0" contentuid="SCTMPLT694c89a3P6INCLUSIVE2" description="Include Tax 2" display="0" isconditionset="0" isgraphon="0" querycolumn="INCLUSIVE2"/&gt;&#xD;
    &lt;attribute columnorder="0" contentuid="SCTMPLT694c89a3P6INCLUSIVE3" description="Include Tax 3" display="0" isconditionset="0" isgraphon="0" querycolumn="INCLUSIVE3"/&gt;&#xD;
    &lt;attribute columnorder="0" contentuid="SCTMPLT694c89a3P6INCLUSIVE4" description="Include Tax 4" display="0" isconditionset="0" isgraphon="0" querycolumn="INCLUSIVE4"/&gt;&#xD;
    &lt;attribute columnorder="0" contentuid="SCTMPLT694c89a3P6INCLUSIVE5" description="Include Tax 5" display="0" isconditionset="0" isgraphon="0" querycolumn="INCLUSIVE5"/&gt;&#xD;
    &lt;attribute columnorder="6" contentuid="SCTMPLT694c89a3P6INVOICEDATE" description="Invoice Date" display="1" isconditionset="0" isgraphon="0" querycolumn="INVOICEDATE"/&gt;&#xD;
    &lt;attribute columnorder="0" contentuid="SCTMPLT694c89a3P6INVOICEID" description="INVOICEID" display="0" isconditionset="0" isgraphon="0" querycolumn="INVOICEID"/&gt;&#xD;
    &lt;attribute columnorder="1" contentuid="SCTMPLT694c89a3P6INVOICENUM" description="Invoice" display="1" isconditionset="0" isgraphon="0" querycolumn="INVOICENUM"/&gt;&#xD;
    &lt;attribute columnorder="0" contentuid="SCTMPLT694c89a3P6IRV_ISSUETYPE" description="Issue Type" display="0" isconditionset="0" isgraphon="0" querycolumn="IRV_ISSUETYPE"/&gt;&#xD;
    &lt;attribute columnorder="0" contentuid="SCTMPLT694c89a3P6IRV_POISSCODE" description="PO Issue Code" display="0" isconditionset="0" isgraphon="0" querycolumn="IRV_POISSCODE"/&gt;&#xD;
    &lt;attribute columnorder="0" contentuid="SCTMPLT694c89a3P6IRV_REASONCODE" description="Reason Code" display="0" isconditionset="0" isgraphon="0" querycolumn="IRV_REASONCODE"/&gt;&#xD;
    &lt;attribute columnorder="0" contentuid="SCTMPLT694c89a3P6IRV_TOLAPPRGRP" description="Tolerance Approval Group" display="0" isconditionset="0" isgraphon="0" querycolumn="IRV_TOLAPPRGRP"/&gt;&#xD;
    &lt;attribute columnorder="0" contentuid="SCTMPLT694c89a3P6LANGCODE" description="Language Code" display="0" isconditionset="0" isgraphon="0" querycolumn="LANGCODE"/&gt;&#xD;
    &lt;attribute columnorder="0" contentuid="SCTMPLT694c89a3P6ORGID" description="Organization" display="0" isconditionset="0" isgraphon="0" querycolumn="ORGID"/&gt;&#xD;
    &lt;attribute columnorder="0" contentuid="SCTMPLT694c89a3P6ORIGINVOICENUM" description="Original Invoice" display="0" isconditionset="0" isgraphon="0" querycolumn="ORIGINVOICENUM"/&gt;&#xD;
    &lt;attribute columnorder="0" contentuid="SCTMPLT694c89a3P6OWNERSYSID" description="Owner System ID" display="0" isconditionset="0" isgraphon="0" querycolumn="OWNERSYSID"/&gt;&#xD;
    &lt;attribute columnorder="0" contentuid="SCTMPLT694c89a3P6PAID" description="Paid" display="0" isconditionset="0" isgraphon="0" querycolumn="PAID"/&gt;&#xD;
    &lt;attribute columnorder="0" contentuid="SCTMPLT694c89a3P6PAIDDATE" description="Paid Date" display="0" isconditionset="0" isgraphon="0" querycolumn="PAIDDATE"/&gt;&#xD;
    &lt;attribute columnorder="0" contentuid="SCTMPLT694c89a3P6PAYMENTTERMS" description="Payment Terms" display="0" isconditionset="0" isgraphon="0" querycolumn="PAYMENTTERMS"/&gt;&#xD;
    &lt;attribute columnorder="4" contentuid="SCTMPLT694c89a3P6PONUM" description="PO" display="1" isconditionset="0" isgraphon="0" querycolumn="PONUM"/&gt;&#xD;
    &lt;attribute columnorder="0" contentuid="SCTMPLT694c89a3P6POSITEID" description="PO Site" display="0" isconditionset="0" isgraphon="0" querycolumn="POSITEID"/&gt;&#xD;
    &lt;attribute columnorder="0" contentuid="SCTMPLT694c89a3P6REVINVOICENUM" description="Reverse Invoice" display="0" isconditionset="0" isgraphon="0" querycolumn="REVINVOICENUM"/&gt;&#xD;
    &lt;attribute columnorder="0" contentuid="SCTMPLT694c89a3P6REVREASON" description="Reversal Reason" display="0" isconditionset="0" isgraphon="0" querycolumn="REVREASON"/&gt;&#xD;
    &lt;attribute columnorder="0" contentuid="SCTMPLT694c89a3P6SCHEDULEID" description="Payment Schedule" display="0" isconditionset="0" isgraphon="0" querycolumn="SCHEDULEID"/&gt;&#xD;
    &lt;attribute columnorder="0" contentuid="SCTMPLT694c89a3P6SCHEDULENUM" description="Payment Schedule" display="0" isconditionset="0" isgraphon="0" querycolumn="SCHEDULENUM"/&gt;&#xD;
    &lt;attribute columnorder="0" contentuid="SCTMPLT694c89a3P6SCHEDULEREV" description="Schedule Revision" display="0" isconditionset="0" isgraphon="0" querycolumn="SCHEDULEREV"/&gt;&#xD;
    &lt;attribute columnorder="0" contentuid="SCTMPLT694c89a3P6SENDERSYSID" description="Sender System ID" display="0" isconditionset="0" isgraphon="0" querycolumn="SENDERSYSID"/&gt;&#xD;
    &lt;attribute columnorder="0" contentuid="SCTMPLT694c89a3P6SITEID" description="Site" display="0" isconditionset="0" isgraphon="0" querycolumn="SITEID"/&gt;&#xD;
    &lt;attribute columnorder="0" contentuid="SCTMPLT694c89a3P6SOURCESYSID" description="Source System ID" display="0" isconditionset="0" isgraphon="0" querycolumn="SOURCESYSID"/&gt;&#xD;
    &lt;attribute columnorder="7" contentuid="SCTMPLT694c89a3P6STATUS" description="Status" display="1" isconditionset="0" isgraphon="0" querycolumn="STATUS"/&gt;&#xD;
    &lt;attribute columnorder="0" contentuid="SCTMPLT694c89a3P6STATUSDATE" description="Status Date" display="0" isconditionset="0" isgraphon="0" querycolumn="STATUSDATE"/&gt;&#xD;
    &lt;attribute columnorder="0" contentuid="SCTMPLT694c89a3P6SYSCODE" description="System Flag" display="0" isconditionset="0" isgraphon="0" querycolumn="SYSCODE"/&gt;&#xD;
    &lt;attribute columnorder="0" contentuid="SCTMPLT694c89a3P6TARGINVSTATUS" description="Target Invoice Status" display="0" isconditionset="0" isgraphon="0" querycolumn="TARGINVSTATUS"/&gt;&#xD;
    &lt;attribute columnorder="0" contentuid="SCTMPLT694c89a3P6TAX1GL" description="GL Tax 1" display="0" isconditionset="0" isgraphon="0" querycolumn="TAX1GL"/&gt;&#xD;
    &lt;attribute columnorder="0" contentuid="SCTMPLT694c89a3P6TAX2GL" description="GL Tax 2" display="0" isconditionset="0" isgraphon="0" querycolumn="TAX2GL"/&gt;&#xD;
    &lt;attribute columnorder="0" contentuid="SCTMPLT694c89a3P6TAX3GL" description="GL Tax 3" display="0" isconditionset="0" isgraphon="0" querycolumn="TAX3GL"/&gt;&#xD;
    &lt;attribute columnorder="0" contentuid="SCTMPLT694c89a3P6TAX4GL" description="GL Tax 4" display="0" isconditionset="0" isgraphon="0" querycolumn="TAX4GL"/&gt;&#xD;
    &lt;attribute columnorder="0" contentuid="SCTMPLT694c89a3P6TAX5GL" description="GL Tax 5" display="0" isconditionset="0" isgraphon="0" querycolumn="TAX5GL"/&gt;&#xD;
    &lt;attribute columnorder="5" contentuid="SCTMPLT694c89a3P6TOTALCOST" description="Invoice Total" display="0" isconditionset="0" isgraphon="0" querycolumn="TOTALCOST"/&gt;&#xD;
    &lt;attribute columnorder="0" contentuid="SCTMPLT694c89a3P6TOTALTAX1" description="Total Tax" display="0" isconditionset="0" isgraphon="0" querycolumn="TOTALTAX1"/&gt;&#xD;
    &lt;attribute columnorder="0" contentuid="SCTMPLT694c89a3P6TOTALTAX2" description="Total Tax 2" display="0" isconditionset="0" isgraphon="0" querycolumn="TOTALTAX2"/&gt;&#xD;
    &lt;attribute columnorder="0" contentuid="SCTMPLT694c89a3P6TOTALTAX3" description="Total Tax 3" display="0" isconditionset="0" isgraphon="0" querycolumn="TOTALTAX3"/&gt;&#xD;
    &lt;attribute columnorder="0" contentuid="SCTMPLT694c89a3P6TOTALTAX4" description="Total Tax 4" display="0" isconditionset="0" isgraphon="0" querycolumn="TOTALTAX4"/&gt;&#xD;
    &lt;attribute columnorder="0" contentuid="SCTMPLT694c89a3P6TOTALTAX5" description="Total Tax 5" display="0" isconditionset="0" isgraphon="0" querycolumn="TOTALTAX5"/&gt;&#xD;
    &lt;attribute columnorder="3" contentuid="SCTMPLT694c89a3P6VENDOR" description="Company" display="1" isconditionset="0" isgraphon="0" querycolumn="VENDOR"/&gt;&#xD;
    &lt;attribute columnorder="0" contentuid="SCTMPLT694c89a3P6VENDORINVOICENUM" description="Vendor Invoice" display="0" isconditionset="0" isgraphon="0" querycolumn="VENDORINVOICENUM"/&gt;&#xD;
    &lt;attribute columnorder="0" contentuid="SCTMPLT694c89a3P6WFLASTMEMO.MEMO" description="WFLASTMEMO.MEMO" display="0" isconditionset="0" isgraphon="0" querycolumn="WFLASTMEMO.MEMO"/&gt;&#xD;
  &#xD;
  &lt;/resultset&gt;&#xD;
  &#xD;
  &lt;resultset charttype="BAR" columnnum="1" contentuid="SCTMPLT694c89a3P4" description="Invoice Issues Requiring Your Attention" legendattributetitle="" legendvaluetitle="" minormax="1" ordernum="2" portletid="RSCONFIG" queryapp="INVOICE" queryclausename="INVASSIGNISSUE" queryowner="TIMMINSA" rowstodisplay="10" showchart="0"&gt;&#xD;
    &lt;attribute columnorder="0" contentuid="SCTMPLT694c89a3P4SOURCESYSID" description="Source System ID" display="0" isconditionset="0" isgraphon="0" querycolumn="SOURCESYSID"/&gt;&#xD;
    &lt;attribute columnorder="0" contentuid="SCTMPLT694c89a3P4SITEID" description="Site" display="0" isconditionset="0" isgraphon="0" querycolumn="SITEID"/&gt;&#xD;
    &lt;attribute columnorder="0" contentuid="SCTMPLT694c89a3P4SENDERSYSID" description="Sender System ID" display="0" isconditionset="0" isgraphon="0" querycolumn="SENDERSYSID"/&gt;&#xD;
    &lt;attribute columnorder="0" contentuid="SCTMPLT694c89a3P4SCHEDULEREV" description="Schedule Revision" display="0" isconditionset="0" isgraphon="0" querycolumn="SCHEDULEREV"/&gt;&#xD;
    &lt;attribute columnorder="0" contentuid="SCTMPLT694c89a3P4SCHEDULENUM" description="Payment Schedule" display="0" isconditionset="0" isgraphon="0" querycolumn="SCHEDULENUM"/&gt;&#xD;
    &lt;attribute columnorder="0" contentuid="SCTMPLT694c89a3P4SCHEDULEID" description="Payment Schedule" display="0" isconditionset="0" isgraphon="0" querycolumn="SCHEDULEID"/&gt;&#xD;
    &lt;attribute columnorder="0" contentuid="SCTMPLT694c89a3P4REVREASON" description="Reversal Reason" display="0" isconditionset="0" isgraphon="0" querycolumn="REVREASON"/&gt;&#xD;
    &lt;attribute columnorder="0" contentuid="SCTMPLT694c89a3P4REVINVOICENUM" description="Reverse Invoice" display="0" isconditionset="0" isgraphon="0" querycolumn="REVINVOICENUM"/&gt;&#xD;
    &lt;attribute columnorder="0" contentuid="SCTMPLT694c89a3P4POSITEID" description="PO Site" display="0" isconditionset="0" isgraphon="0" querycolumn="POSITEID"/&gt;&#xD;
    &lt;attribute columnorder="3" contentuid="SCTMPLT694c89a3P4PONUM" description="PO" display="1" isconditionset="0" isgraphon="0" querycolumn="PONUM"/&gt;&#xD;
    &lt;attribute columnorder="0" contentuid="SCTMPLT694c89a3P4PAYMENTTERMS" description="Payment Terms" display="0" isconditionset="0" isgraphon="0" querycolumn="PAYMENTTERMS"/&gt;&#xD;
    &lt;attribute columnorder="0" contentuid="SCTMPLT694c89a3P4PAIDDATE" description="Paid Date" display="0" isconditionset="0" isgraphon="0" querycolumn="PAIDDATE"/&gt;&#xD;
    &lt;attribute columnorder="0" contentuid="SCTMPLT694c89a3P4PAID" description="Paid" display="0" isconditionset="0" isgraphon="0" querycolumn="PAID"/&gt;&#xD;
    &lt;attribute columnorder="0" contentuid="SCTMPLT694c89a3P4OWNERSYSID" description="Owner System ID" display="0" isconditionset="0" isgraphon="0" querycolumn="OWNERSYSID"/&gt;&#xD;
    &lt;attribute columnorder="0" contentuid="SCTMPLT694c89a3P4ORIGINVOICENUM" description="Original Invoice" display="0" isconditionset="0" isgraphon="0" querycolumn="ORIGINVOICENUM"/&gt;&#xD;
    &lt;attribute columnorder="0" contentuid="SCTMPLT694c89a3P4ORGID" description="Organization" display="0" isconditionset="0" isgraphon="0" querycolumn="ORGID"/&gt;&#xD;
    &lt;attribute columnorder="0" contentuid="SCTMPLT694c89a3P4LANGCODE" description="Language Code" display="0" isconditionset="0" isgraphon="0" querycolumn="LANGCODE"/&gt;&#xD;
    &lt;attribute columnorder="6" contentuid="SCTMPLT694c89a3P4IRV_REASONCODE" description="Reason Code" display="1" isconditionset="0" isgraphon="0" querycolumn="IRV_REASONCODE"/&gt;&#xD;
    &lt;attribute columnorder="0" contentuid="SCTMPLT694c89a3P4IRV_POISSCODE" description="PO Issue Code" display="0" isconditionset="0" isgraphon="0" querycolumn="IRV_POISSCODE"/&gt;&#xD;
    &lt;attribute columnorder="5" contentuid="SCTMPLT694c89a3P4IRV_ISSUETYPE" description="Issue Type" display="1" isconditionset="0" isgraphon="0" querycolumn="IRV_ISSUETYPE"/&gt;&#xD;
    &lt;attribute columnorder="1" contentuid="SCTMPLT694c89a3P4INVOICENUM" description="Invoice" display="1" isconditionset="0" isgraphon="0" querycolumn="INVOICENUM"/&gt;&#xD;
    &lt;attribute columnorder="0" contentuid="SCTMPLT694c89a3P4INVOICEID" description="INVOICEID" display="0" isconditionset="0" isgraphon="0" querycolumn="INVOICEID"/&gt;&#xD;
    &lt;attribute columnorder="4" contentuid="SCTMPLT694c89a3P4INVOICEDATE" description="Invoice Date" display="1" isconditionset="0" isgraphon="0" querycolumn="INVOICEDATE"/&gt;&#xD;
    &lt;attribute columnorder="0" contentuid="SCTMPLT694c89a3P4INCLUSIVE5" description="Include Tax 5" display="0" isconditionset="0" isgraphon="0" querycolumn="INCLUSIVE5"/&gt;&#xD;
    &lt;attribute columnorder="0" contentuid="SCTMPLT694c89a3P4INCLUSIVE4" description="Include Tax 4" display="0" isconditionset="0" isgraphon="0" querycolumn="INCLUSIVE4"/&gt;&#xD;
    &lt;attribute columnorder="0" contentuid="SCTMPLT694c89a3P4INCLUSIVE3" description="Include Tax 3" display="0" isconditionset="0" isgraphon="0" querycolumn="INCLUSIVE3"/&gt;&#xD;
    &lt;attribute columnorder="0" contentuid="SCTMPLT694c89a3P4INCLUSIVE2" description="Include Tax 2" display="0" isconditionset="0" isgraphon="0" querycolumn="INCLUSIVE2"/&gt;&#xD;
    &lt;attribute columnorder="0" contentuid="SCTMPLT694c89a3P4INCLUSIVE1" description="Pay Tax to Vendor" display="0" isconditionset="0" isgraphon="0" querycolumn="INCLUSIVE1"/&gt;&#xD;
    &lt;attribute columnorder="0" contentuid="SCTMPLT694c89a3P4HISTORYFLAG" description="History" display="0" isconditionset="0" isgraphon="0" querycolumn="HISTORYFLAG"/&gt;&#xD;
    &lt;attribute columnorder="0" contentuid="SCTMPLT694c89a3P4HASLD" description="Has Long Description" display="0" isconditionset="0" isgraphon="0" querycolumn="HASLD"/&gt;&#xD;
    &lt;attribute columnorder="0" contentuid="SCTMPLT694c89a3P4GLPOSTDATE" description="G/L Posting Date" display="0" isconditionset="0" isgraphon="0" querycolumn="GLPOSTDATE"/&gt;&#xD;
    &lt;attribute columnorder="0" contentuid="SCTMPLT694c89a3P4FINANCIALPERIOD" description="Financial Period" display="0" isconditionset="0" isgraphon="0" querycolumn="FINANCIALPERIOD"/&gt;&#xD;
    &lt;attribute columnorder="0" contentuid="SCTMPLT694c89a3P4EXTERNALREFID" description="External Reference ID" display="0" isconditionset="0" isgraphon="0" querycolumn="EXTERNALREFID"/&gt;&#xD;
    &lt;attribute columnorder="0" contentuid="SCTMPLT694c89a3P4EXCHANGERATE2" description="EXCHANGERATE" display="0" isconditionset="0" isgraphon="0" querycolumn="EXCHANGERATE2"/&gt;&#xD;
    &lt;attribute columnorder="0" contentuid="SCTMPLT694c89a3P4EXCHANGERATE" description="Exchange Rate" display="0" isconditionset="0" isgraphon="0" querycolumn="EXCHANGERATE"/&gt;&#xD;
    &lt;attribute columnorder="0" contentuid="SCTMPLT694c89a3P4EXCHANGEDATE" description="Exchange Date" display="0" isconditionset="0" isgraphon="0" querycolumn="EXCHANGEDATE"/&gt;&#xD;
    &lt;attribute columnorder="0" contentuid="SCTMPLT694c89a3P4ENTERDATE" description="Entered Date" display="0" isconditionset="0" isgraphon="0" querycolumn="ENTERDATE"/&gt;&#xD;
    &lt;attribute columnorder="0" contentuid="SCTMPLT694c89a3P4ENTERBY" description="Entered By" display="0" isconditionset="0" isgraphon="0" querycolumn="ENTERBY"/&gt;&#xD;
    &lt;attribute columnorder="0" contentuid="SCTMPLT694c89a3P4EINVOICE" description="E-invoice" display="0" isconditionset="0" isgraphon="0" querycolumn="EINVOICE"/&gt;&#xD;
    &lt;attribute columnorder="0" contentuid="SCTMPLT694c89a3P4DUEDATE" description="Due Date" display="0" isconditionset="0" isgraphon="0" querycolumn="DUEDATE"/&gt;&#xD;
    &lt;attribute columnorder="0" contentuid="SCTMPLT694c89a3P4DOCUMENTTYPE" description="Type" display="0" isconditionset="0" isgraphon="0" querycolumn="DOCUMENTTYPE"/&gt;&#xD;
    &lt;attribute columnorder="0" contentuid="SCTMPLT694c89a3P4DISCOUNTDATE" description="Discount Date" display="0" isconditionset="0" isgraphon="0" querycolumn="DISCOUNTDATE"/&gt;&#xD;
    &lt;attribute columnorder="0" contentuid="SCTMPLT694c89a3P4DISCOUNT" description="Discount" display="0" isconditionset="0" isgraphon="0" querycolumn="DISCOUNT"/&gt;&#xD;
    &lt;attribute columnorder="2" contentuid="SCTMPLT694c89a3P4DESCRIPTION" description="Description" display="1" isconditionset="0" isgraphon="0" querycolumn="DESCRIPTION"/&gt;&#xD;
    &lt;attribute columnorder="0" contentuid="SCTMPLT694c89a3P4CURRENCYCODE" description="Currency" display="0" isconditionset="0" isgraphon="0" querycolumn="CURRENCYCODE"/&gt;&#xD;
    &lt;attribute columnorder="0" contentuid="SCTMPLT694c89a3P4CONTRACTREFREV" description="Contract Reference Revision" display="0" isconditionset="0" isgraphon="0" querycolumn="CONTRACTREFREV"/&gt;&#xD;
    &lt;attribute columnorder="0" contentuid="SCTMPLT694c89a3P4CONTRACTREFNUM" description="Contract Reference" display="0" isconditionset="0" isgraphon="0" querycolumn="CONTRACTREFNUM"/&gt;&#xD;
    &lt;attribute columnorder="0" contentuid="SCTMPLT694c89a3P4CONTRACTREFID" description="CONTRACTREFID." display="0" isconditionset="0" isgraphon="0" querycolumn="CONTRACTREFID"/&gt;&#xD;
    &lt;attribute columnorder="0" contentuid="SCTMPLT694c89a3P4CONTACT" description="Contact" display="0" isconditionset="0" isgraphon="0" querycolumn="CONTACT"/&gt;&#xD;
    &lt;attribute columnorder="0" contentuid="SCTMPLT694c89a3P4CHECKNUM" description="Check #" display="0" isconditionset="0" isgraphon="0" querycolumn="CHECKNUM"/&gt;&#xD;
    &lt;attribute columnorder="0" contentuid="SCTMPLT694c89a3P4CHECKCODE" description="Check Code" display="0" isconditionset="0" isgraphon="0" querycolumn="CHECKCODE"/&gt;&#xD;
    &lt;attribute columnorder="0" contentuid="SCTMPLT694c89a3P4CHANGEDATE" description="Changed Date" display="0" isconditionset="0" isgraphon="0" querycolumn="CHANGEDATE"/&gt;&#xD;
    &lt;attribute columnorder="0" contentuid="SCTMPLT694c89a3P4CHANGEBY" description="Changed By" display="0" isconditionset="0" isgraphon="0" querycolumn="CHANGEBY"/&gt;&#xD;
    &lt;attribute columnorder="0" contentuid="SCTMPLT694c89a3P4BATCHNUM" description="Batchnum" display="0" isconditionset="0" isgraphon="0" querycolumn="BATCHNUM"/&gt;&#xD;
    &lt;attribute columnorder="0" contentuid="SCTMPLT694c89a3P4BASETOTALCOST" description="Total Base Cost" display="0" isconditionset="0" isgraphon="0" querycolumn="BASETOTALCOST"/&gt;&#xD;
    &lt;attribute columnorder="0" contentuid="SCTMPLT694c89a3P4BANKNUM" description="Bank Reference #" display="0" isconditionset="0" isgraphon="0" querycolumn="BANKNUM"/&gt;&#xD;
    &lt;attribute columnorder="0" contentuid="SCTMPLT694c89a3P4BANKACCOUNT" description="Bank" display="0" isconditionset="0" isgraphon="0" querycolumn="BANKACCOUNT"/&gt;&#xD;
    &lt;attribute columnorder="0" contentuid="SCTMPLT694c89a3P4APSUSPENSEACCT" description="AP Suspense Account" display="0" isconditionset="0" isgraphon="0" querycolumn="APSUSPENSEACCT"/&gt;&#xD;
    &lt;attribute columnorder="0" contentuid="SCTMPLT694c89a3P4APPROVALNUM" description="Approval #" display="0" isconditionset="0" isgraphon="0" querycolumn="APPROVALNUM"/&gt;&#xD;
    &lt;attribute columnorder="0" contentuid="SCTMPLT694c89a3P4APCONTROLACCT" description="AP Control Account" display="0" isconditionset="0" isgraphon="0" querycolumn="APCONTROLACCT"/&gt;&#xD;
    &lt;attribute columnorder="8" contentuid="SCTMPLT694c89a3P4WFLASTMEMO.MEMO" description="Last Memo" display="1" isconditionset="0" isgraphon="0" querycolumn="WFLASTMEMO.MEMO"/&gt;&#xD;
    &lt;attribute columnorder="0" contentuid="SCTMPLT694c89a3P4TAX1GL" description="GL Tax 1" display="0" isconditionset="0" isgraphon="0" querycolumn="TAX1GL"/&gt;&#xD;
    &lt;attribute columnorder="0" contentuid="SCTMPLT694c89a3P4TOTALCOST" description="Invoice Total" display="0" isconditionset="0" isgraphon="0" querycolumn="TOTALCOST"/&gt;&#xD;
    &lt;attribute columnorder="0" contentuid="SCTMPLT694c89a3P4TAX5GL" description="GL Tax 5" display="0" isconditionset="0" isgraphon="0" querycolumn="TAX5GL"/&gt;&#xD;
    &lt;attribute columnorder="0" contentuid="SCTMPLT694c89a3P4TAX4GL" description="GL Tax 4" display="0" isconditionset="0" isgraphon="0" querycolumn="TAX4GL"/&gt;&#xD;
    &lt;attribute columnorder="0" contentuid="SCTMPLT694c89a3P4TAX3GL" description="GL Tax 3" display="0" isconditionset="0" isgraphon="0" querycolumn="TAX3GL"/&gt;&#xD;
    &lt;attribute columnorder="0" contentuid="SCTMPLT694c89a3P4TAX2GL" description="GL Tax 2" display="0" isconditionset="0" isgraphon="0" querycolumn="TAX2GL"/&gt;&#xD;
    &lt;attribute columnorder="0" contentuid="SCTMPLT694c89a3P4TARGINVSTATUS" description="Target Invoice Status" display="0" isconditionset="0" isgraphon="0" querycolumn="TARGINVSTATUS"/&gt;&#xD;
    &lt;attribute columnorder="0" contentuid="SCTMPLT694c89a3P4SYSCODE" description="System Flag" display="0" isconditionset="0" isgraphon="0" querycolumn="SYSCODE"/&gt;&#xD;
    &lt;attribute columnorder="0" contentuid="SCTMPLT694c89a3P4STATUSDATE" description="Status Date" display="0" isconditionset="0" isgraphon="0" querycolumn="STATUSDATE"/&gt;&#xD;
    &lt;attribute columnorder="7" contentuid="SCTMPLT694c89a3P4STATUS" description="Status" display="1" isconditionset="0" isgraphon="0" querycolumn="STATUS"/&gt;&#xD;
    &lt;attribute columnorder="0" contentuid="SCTMPLT694c89a3P4VENDORINVOICENUM" description="Vendor Invoice" display="0" isconditionset="0" isgraphon="0" querycolumn="VENDORINVOICENUM"/&gt;&#xD;
    &lt;attribute columnorder="3" contentuid="SCTMPLT694c89a3P4VENDOR" description="Company" display="1" isconditionset="0" isgraphon="0" querycolumn="VENDOR"/&gt;&#xD;
    &lt;attribute columnorder="0" contentuid="SCTMPLT694c89a3P4TOTALTAX5" description="Total Tax 5" display="0" isconditionset="0" isgraphon="0" querycolumn="TOTALTAX5"/&gt;&#xD;
    &lt;attribute columnorder="0" contentuid="SCTMPLT694c89a3P4TOTALTAX4" description="Total Tax 4" display="0" isconditionset="0" isgraphon="0" querycolumn="TOTALTAX4"/&gt;&#xD;
    &lt;attribute columnorder="0" contentuid="SCTMPLT694c89a3P4TOTALTAX3" description="Total Tax 3" display="0" isconditionset="0" isgraphon="0" querycolumn="TOTALTAX3"/&gt;&#xD;
    &lt;attribute columnorder="0" contentuid="SCTMPLT694c89a3P4TOTALTAX2" description="Total Tax 2" display="0" isconditionset="0" isgraphon="0" querycolumn="TOTALTAX2"/&gt;&#xD;
    &lt;attribute columnorder="0" contentuid="SCTMPLT694c89a3P4TOTALTAX1" description="Total Tax" display="0" isconditionset="0" isgraphon="0" querycolumn="TOTALTAX1"/&gt;&#xD;
  &#xD;
  &lt;/resultset&gt;&#xD;
  &#xD;
  &lt;resultset charttype="BAR" columnnum="1" contentuid="SCTMPLT694c89a3P5" description="Your Purchase Orders Requiring Attention" legendattributetitle="" legendvaluetitle="" minormax="1" ordernum="3" portletid="RSCONFIG" queryapp="PO" queryclausename="POORIGINATOR" queryowner="TIMMINSA" rowstodisplay="10" showchart="0"&gt;&#xD;
    &lt;attribute columnorder="0" contentuid="SCTMPLT694c89a3P5IRV_ADHOCADDR2" description="City" display="0" isconditionset="0" isgraphon="0" querycolumn="IRV_ADHOCADDR2"/&gt;&#xD;
    &lt;attribute columnorder="0" contentuid="SCTMPLT694c89a3P5IRV_ADHOCADDR3" description="State/Province" display="0" isconditionset="0" isgraphon="0" querycolumn="IRV_ADHOCADDR3"/&gt;&#xD;
    &lt;attribute columnorder="0" contentuid="SCTMPLT694c89a3P5RECEIPTS" description="Receipts" display="0" isconditionset="0" isgraphon="0" querycolumn="RECEIPTS"/&gt;&#xD;
    &lt;attribute columnorder="0" contentuid="SCTMPLT694c89a3P5REQUIREDDATE" description="Required Date" display="0" isconditionset="0" isgraphon="0" querycolumn="REQUIREDDATE"/&gt;&#xD;
    &lt;attribute columnorder="0" contentuid="SCTMPLT694c89a3P5REVCOMMENTS" description="Revision Comments" display="0" isconditionset="0" isgraphon="0" querycolumn="REVCOMMENTS"/&gt;&#xD;
    &lt;attribute columnorder="0" contentuid="SCTMPLT694c89a3P5REVISIONNUM" description="Revision" display="0" isconditionset="0" isgraphon="0" querycolumn="REVISIONNUM"/&gt;&#xD;
    &lt;attribute columnorder="0" contentuid="SCTMPLT694c89a3P5SENDERSYSID" description="Sender System ID" display="0" isconditionset="0" isgraphon="0" querycolumn="SENDERSYSID"/&gt;&#xD;
    &lt;attribute columnorder="0" contentuid="SCTMPLT694c89a3P5SHIPTO" description="Ship To" display="0" isconditionset="0" isgraphon="0" querycolumn="SHIPTO"/&gt;&#xD;
    &lt;attribute columnorder="0" contentuid="SCTMPLT694c89a3P5SHIPTOATTN" description="Attention" display="0" isconditionset="0" isgraphon="0" querycolumn="SHIPTOATTN"/&gt;&#xD;
    &lt;attribute columnorder="0" contentuid="SCTMPLT694c89a3P5SHIPVIA" description="Ship Via" display="0" isconditionset="0" isgraphon="0" querycolumn="SHIPVIA"/&gt;&#xD;
    &lt;attribute columnorder="0" contentuid="SCTMPLT694c89a3P5SITEID" description="Site" display="0" isconditionset="0" isgraphon="0" querycolumn="SITEID"/&gt;&#xD;
    &lt;attribute columnorder="0" contentuid="SCTMPLT694c89a3P5SOURCESYSID" description="Source System ID" display="0" isconditionset="0" isgraphon="0" querycolumn="SOURCESYSID"/&gt;&#xD;
    &lt;attribute columnorder="0" contentuid="SCTMPLT694c89a3P5STARTDATE" description="Start Date" display="0" isconditionset="0" isgraphon="0" querycolumn="STARTDATE"/&gt;&#xD;
    &lt;attribute columnorder="6" contentuid="SCTMPLT694c89a3P5STATUS" description="Status" display="1" isconditionset="0" isgraphon="0" querycolumn="STATUS"/&gt;&#xD;
    &lt;attribute columnorder="0" contentuid="SCTMPLT694c89a3P5STATUSDATE" description="Status Date" display="0" isconditionset="0" isgraphon="0" querycolumn="STATUSDATE"/&gt;&#xD;
    &lt;attribute columnorder="0" contentuid="SCTMPLT694c89a3P5STORELOC" description="Storeroom" display="0" isconditionset="0" isgraphon="0" querycolumn="STORELOC"/&gt;&#xD;
    &lt;attribute columnorder="0" contentuid="SCTMPLT694c89a3P5STORELOCSITEID" description="Storeroom Site" display="0" isconditionset="0" isgraphon="0" querycolumn="STORELOCSITEID"/&gt;&#xD;
    &lt;attribute columnorder="4" contentuid="SCTMPLT694c89a3P5TOTALCOST" description="Total Cost" display="1" isconditionset="0" isgraphon="0" querycolumn="TOTALCOST"/&gt;&#xD;
    &lt;attribute columnorder="0" contentuid="SCTMPLT694c89a3P5TOTALTAX1" description="Total Tax" display="0" isconditionset="0" isgraphon="0" querycolumn="TOTALTAX1"/&gt;&#xD;
    &lt;attribute columnorder="0" contentuid="SCTMPLT694c89a3P5TOTALTAX2" description="Total Tax 2" display="0" isconditionset="0" isgraphon="0" querycolumn="TOTALTAX2"/&gt;&#xD;
    &lt;attribute columnorder="0" contentuid="SCTMPLT694c89a3P5TOTALTAX3" description="Total Tax 3" display="0" isconditionset="0" isgraphon="0" querycolumn="TOTALTAX3"/&gt;&#xD;
    &lt;attribute columnorder="0" contentuid="SCTMPLT694c89a3P5TOTALTAX4" description="Total Tax 4" display="0" isconditionset="0" isgraphon="0" querycolumn="TOTALTAX4"/&gt;&#xD;
    &lt;attribute columnorder="0" contentuid="SCTMPLT694c89a3P5TOTALTAX5" description="Total Tax 5" display="0" isconditionset="0" isgraphon="0" querycolumn="TOTALTAX5"/&gt;&#xD;
    &lt;attribute columnorder="0" contentuid="SCTMPLT694c89a3P5VENDELIVERYDATE" description="Vendor Date" display="0" isconditionset="0" isgraphon="0" querycolumn="VENDELIVERYDATE"/&gt;&#xD;
    &lt;attribute columnorder="3" contentuid="SCTMPLT694c89a3P5VENDOR" description="Company" display="1" isconditionset="0" isgraphon="0" querycolumn="VENDOR"/&gt;&#xD;
    &lt;attribute columnorder="0" contentuid="SCTMPLT694c89a3P5BILLTO" description="Bill To" display="0" isconditionset="0" isgraphon="0" querycolumn="BILLTO"/&gt;&#xD;
    &lt;attribute columnorder="0" contentuid="SCTMPLT694c89a3P5BILLTOATTN" description="Attention" display="0" isconditionset="0" isgraphon="0" querycolumn="BILLTOATTN"/&gt;&#xD;
    &lt;attribute columnorder="0" contentuid="SCTMPLT694c89a3P5BUYAHEAD" description="Buy Ahead Rate" display="0" isconditionset="0" isgraphon="0" querycolumn="BUYAHEAD"/&gt;&#xD;
    &lt;attribute columnorder="0" contentuid="SCTMPLT694c89a3P5BUYERCOMPANY" description="Buyer Company" display="0" isconditionset="0" isgraphon="0" querycolumn="BUYERCOMPANY"/&gt;&#xD;
    &lt;attribute columnorder="0" contentuid="SCTMPLT694c89a3P5CHANGEBY" description="Changed By" display="0" isconditionset="0" isgraphon="0" querycolumn="CHANGEBY"/&gt;&#xD;
    &lt;attribute columnorder="0" contentuid="SCTMPLT694c89a3P5CHANGEDATE" description="Changed Date" display="0" isconditionset="0" isgraphon="0" querycolumn="CHANGEDATE"/&gt;&#xD;
    &lt;attribute columnorder="0" contentuid="SCTMPLT694c89a3P5CONTACT" description="Contact" display="0" isconditionset="0" isgraphon="0" querycolumn="CONTACT"/&gt;&#xD;
    &lt;attribute columnorder="0" contentuid="SCTMPLT694c89a3P5CONTRACTREFID" description="Contract Reference ID" display="0" isconditionset="0" isgraphon="0" querycolumn="CONTRACTREFID"/&gt;&#xD;
    &lt;attribute columnorder="0" contentuid="SCTMPLT694c89a3P5CONTRACTREFNUM" description="Contract Reference" display="0" isconditionset="0" isgraphon="0" querycolumn="CONTRACTREFNUM"/&gt;&#xD;
    &lt;attribute columnorder="0" contentuid="SCTMPLT694c89a3P5CONTRACTREFREV" description="Contract Revision" display="0" isconditionset="0" isgraphon="0" querycolumn="CONTRACTREFREV"/&gt;&#xD;
    &lt;attribute columnorder="0" contentuid="SCTMPLT694c89a3P5CONTRELEASESEQ" description="Release #" display="0" isconditionset="0" isgraphon="0" querycolumn="CONTRELEASESEQ"/&gt;&#xD;
    &lt;attribute columnorder="0" contentuid="SCTMPLT694c89a3P5CURRENCYCODE" description="Currency" display="0" isconditionset="0" isgraphon="0" querycolumn="CURRENCYCODE"/&gt;&#xD;
    &lt;attribute columnorder="0" contentuid="SCTMPLT694c89a3P5CUSTOMERNUM" description="Customer #" display="0" isconditionset="0" isgraphon="0" querycolumn="CUSTOMERNUM"/&gt;&#xD;
    &lt;attribute columnorder="2" contentuid="SCTMPLT694c89a3P5DESCRIPTION" description="Description" display="1" isconditionset="0" isgraphon="0" querycolumn="DESCRIPTION"/&gt;&#xD;
    &lt;attribute columnorder="0" contentuid="SCTMPLT694c89a3P5ECOMSTATUSDATE" description="E-commerce Date of Status Change" display="0" isconditionset="0" isgraphon="0" querycolumn="ECOMSTATUSDATE"/&gt;&#xD;
    &lt;attribute columnorder="0" contentuid="SCTMPLT694c89a3P5ENDDATE" description="End Date" display="0" isconditionset="0" isgraphon="0" querycolumn="ENDDATE"/&gt;&#xD;
    &lt;attribute columnorder="0" contentuid="SCTMPLT694c89a3P5EXCHANGEDATE" description="Exchange Date" display="0" isconditionset="0" isgraphon="0" querycolumn="EXCHANGEDATE"/&gt;&#xD;
    &lt;attribute columnorder="0" contentuid="SCTMPLT694c89a3P5EXCHANGERATE" description="Exchange Rate" display="0" isconditionset="0" isgraphon="0" querycolumn="EXCHANGERATE"/&gt;&#xD;
    &lt;attribute columnorder="0" contentuid="SCTMPLT694c89a3P5EXCHANGERATE2" description="Secondary Exchange Rate" display="0" isconditionset="0" isgraphon="0" querycolumn="EXCHANGERATE2"/&gt;&#xD;
    &lt;attribute columnorder="0" contentuid="SCTMPLT694c89a3P5EXTERNALREFID" description="External Reference ID" display="0" isconditionset="0" isgraphon="0" querycolumn="EXTERNALREFID"/&gt;&#xD;
    &lt;attribute columnorder="0" contentuid="SCTMPLT694c89a3P5FOB" description="FOB Point" display="0" isconditionset="0" isgraphon="0" querycolumn="FOB"/&gt;&#xD;
    &lt;attribute columnorder="0" contentuid="SCTMPLT694c89a3P5FOLLOWUPDATE" description="Follow-up Date" display="0" isconditionset="0" isgraphon="0" querycolumn="FOLLOWUPDATE"/&gt;&#xD;
    &lt;attribute columnorder="0" contentuid="SCTMPLT694c89a3P5FREIGHTTERMS" description="Freight Terms" display="0" isconditionset="0" isgraphon="0" querycolumn="FREIGHTTERMS"/&gt;&#xD;
    &lt;attribute columnorder="0" contentuid="SCTMPLT694c89a3P5HASLD" description="Has Long Description" display="0" isconditionset="0" isgraphon="0" querycolumn="HASLD"/&gt;&#xD;
    &lt;attribute columnorder="0" contentuid="SCTMPLT694c89a3P5HISTORYFLAG" description="History" display="0" isconditionset="0" isgraphon="0" querycolumn="HISTORYFLAG"/&gt;&#xD;
    &lt;attribute columnorder="8" contentuid="SCTMPLT694c89a3P5WFLASTMEMO.MEMO" description="Last Memo" display="1" isconditionset="0" isgraphon="0" querycolumn="WFLASTMEMO.MEMO"/&gt;&#xD;
    &lt;attribute columnorder="0" contentuid="SCTMPLT694c89a3P5POSENT" description="PO Sent" display="0" isconditionset="0" isgraphon="0" querycolumn="POSENT"/&gt;&#xD;
    &lt;attribute columnorder="0" contentuid="SCTMPLT694c89a3P5IGNORECNTREV" description="Bypass Contract Revision on PO Approval" display="0" isconditionset="0" isgraphon="0" querycolumn="IGNORECNTREV"/&gt;&#xD;
    &lt;attribute columnorder="0" contentuid="SCTMPLT694c89a3P5INCLUSIVE1" description="Pay Tax to Vendor" display="0" isconditionset="0" isgraphon="0" querycolumn="INCLUSIVE1"/&gt;&#xD;
    &lt;attribute columnorder="0" contentuid="SCTMPLT694c89a3P5INCLUSIVE2" description="Include Tax 2" display="0" isconditionset="0" isgraphon="0" querycolumn="INCLUSIVE2"/&gt;&#xD;
    &lt;attribute columnorder="0" contentuid="SCTMPLT694c89a3P5INCLUSIVE3" description="Include Tax 3" display="0" isconditionset="0" isgraphon="0" querycolumn="INCLUSIVE3"/&gt;&#xD;
    &lt;attribute columnorder="0" contentuid="SCTMPLT694c89a3P5INCLUSIVE4" description="Include Tax 4" display="0" isconditionset="0" isgraphon="0" querycolumn="INCLUSIVE4"/&gt;&#xD;
    &lt;attribute columnorder="0" contentuid="SCTMPLT694c89a3P5INCLUSIVE5" description="Include Tax 5" display="0" isconditionset="0" isgraphon="0" querycolumn="INCLUSIVE5"/&gt;&#xD;
    &lt;attribute columnorder="0" contentuid="SCTMPLT694c89a3P5IRV_ADHOCADDR4" description="Zip/Postal Code" display="0" isconditionset="0" isgraphon="0" querycolumn="IRV_ADHOCADDR4"/&gt;&#xD;
    &lt;attribute columnorder="0" contentuid="SCTMPLT694c89a3P5IRV_ADHOCATTN" description="Attention" display="0" isconditionset="0" isgraphon="0" querycolumn="IRV_ADHOCATTN"/&gt;&#xD;
    &lt;attribute columnorder="0" contentuid="SCTMPLT694c89a3P5IRV_ADHOCDESC" description="Description" display="0" isconditionset="0" isgraphon="0" querycolumn="IRV_ADHOCDESC"/&gt;&#xD;
    &lt;attribute columnorder="0" contentuid="SCTMPLT694c89a3P5IRV_APPRGRP" description="Approval Group" display="0" isconditionset="0" isgraphon="0" querycolumn="IRV_APPRGRP"/&gt;&#xD;
    &lt;attribute columnorder="0" contentuid="SCTMPLT694c89a3P5IRV_POTYPE" description="PO Type" display="0" isconditionset="0" isgraphon="0" querycolumn="IRV_POTYPE"/&gt;&#xD;
    &lt;attribute columnorder="0" contentuid="SCTMPLT694c89a3P5LANGCODE" description="Language Code" display="0" isconditionset="0" isgraphon="0" querycolumn="LANGCODE"/&gt;&#xD;
    &lt;attribute columnorder="0" contentuid="SCTMPLT694c89a3P5MNETSENT" description="E-commerce Status" display="0" isconditionset="0" isgraphon="0" querycolumn="MNETSENT"/&gt;&#xD;
    &lt;attribute columnorder="5" contentuid="SCTMPLT694c89a3P5ORDERDATE" description="Ordered Date" display="1" isconditionset="0" isgraphon="0" querycolumn="ORDERDATE"/&gt;&#xD;
    &lt;attribute columnorder="0" contentuid="SCTMPLT694c89a3P5ORGID" description="Organization" display="0" isconditionset="0" isgraphon="0" querycolumn="ORGID"/&gt;&#xD;
    &lt;attribute columnorder="0" contentuid="SCTMPLT694c89a3P5ORIGINALPONUM" description="Original PO" display="0" isconditionset="0" isgraphon="0" querycolumn="ORIGINALPONUM"/&gt;&#xD;
    &lt;attribute columnorder="0" contentuid="SCTMPLT694c89a3P5OWNERSYSID" description="Owner System ID" display="0" isconditionset="0" isgraphon="0" querycolumn="OWNERSYSID"/&gt;&#xD;
    &lt;attribute columnorder="0" contentuid="SCTMPLT694c89a3P5PAYMENTTERMS" description="Payment Terms" display="0" isconditionset="0" isgraphon="0" querycolumn="PAYMENTTERMS"/&gt;&#xD;
    &lt;attribute columnorder="0" contentuid="SCTMPLT694c89a3P5PAYONRECEIPT" description="Pay on Receipt" display="0" isconditionset="0" isgraphon="0" querycolumn="PAYONRECEIPT"/&gt;&#xD;
    &lt;attribute columnorder="0" contentuid="SCTMPLT694c89a3P5PO1" description="Po1" display="0" isconditionset="0" isgraphon="0" querycolumn="PO1"/&gt;&#xD;
    &lt;attribute columnorder="0" contentuid="SCTMPLT694c89a3P5PO10" description="Po10" display="0" isconditionset="0" isgraphon="0" querycolumn="PO10"/&gt;&#xD;
    &lt;attribute columnorder="0" contentuid="SCTMPLT694c89a3P5PO2" description="Po2" display="0" isconditionset="0" isgraphon="0" querycolumn="PO2"/&gt;&#xD;
    &lt;attribute columnorder="0" contentuid="SCTMPLT694c89a3P5PO3" description="Po3" display="0" isconditionset="0" isgraphon="0" querycolumn="PO3"/&gt;&#xD;
    &lt;attribute columnorder="0" contentuid="SCTMPLT694c89a3P5PO4" description="Po4" display="0" isconditionset="0" isgraphon="0" querycolumn="PO4"/&gt;&#xD;
    &lt;attribute columnorder="0" contentuid="SCTMPLT694c89a3P5PO5" description="Po5" display="0" isconditionset="0" isgraphon="0" querycolumn="PO5"/&gt;&#xD;
    &lt;attribute columnorder="0" contentuid="SCTMPLT694c89a3P5PO6" description="Po6" display="0" isconditionset="0" isgraphon="0" querycolumn="PO6"/&gt;&#xD;
    &lt;attribute columnorder="0" contentuid="SCTMPLT694c89a3P5PO7" description="Po7" display="0" isconditionset="0" isgraphon="0" querycolumn="PO7"/&gt;&#xD;
    &lt;attribute columnorder="0" contentuid="SCTMPLT694c89a3P5PO8" description="Po8" display="0" isconditionset="0" isgraphon="0" querycolumn="PO8"/&gt;&#xD;
    &lt;attribute columnorder="0" contentuid="SCTMPLT694c89a3P5PO9" description="Po9" display="0" isconditionset="0" isgraphon="0" querycolumn="PO9"/&gt;&#xD;
    &lt;attribute columnorder="0" contentuid="SCTMPLT694c89a3P5POID" description="POID" display="0" isconditionset="0" isgraphon="0" querycolumn="POID"/&gt;&#xD;
    &lt;attribute columnorder="1" contentuid="SCTMPLT694c89a3P5PONUM" description="PO" display="1" isconditionset="0" isgraphon="0" querycolumn="PONUM"/&gt;&#xD;
    &lt;attribute columnorder="0" contentuid="SCTMPLT694c89a3P5POTYPE" description="Type" display="0" isconditionset="0" isgraphon="0" querycolumn="POTYPE"/&gt;&#xD;
    &lt;attribute columnorder="0" contentuid="SCTMPLT694c89a3P5PRIORITY" description="Priority" display="0" isconditionset="0" isgraphon="0" querycolumn="PRIORITY"/&gt;&#xD;
    &lt;attribute columnorder="0" contentuid="SCTMPLT694c89a3P5PURCHASEAGENT" description="Buyer" display="0" isconditionset="0" isgraphon="0" querycolumn="PURCHASEAGENT"/&gt;&#xD;
    &lt;attribute columnorder="0" contentuid="SCTMPLT694c89a3P5INSPECTIONREQUIRED" description="Inspection Required" display="0" isconditionset="0" isgraphon="0" querycolumn="INSPECTIONREQUIRED"/&gt;&#xD;
    &lt;attribute columnorder="0" contentuid="SCTMPLT694c89a3P5INTERNAL" description="Internal" display="0" isconditionset="0" isgraphon="0" querycolumn="INTERNAL"/&gt;&#xD;
    &lt;attribute columnorder="0" contentuid="SCTMPLT694c89a3P5INTERNALCHANGE" description="Internal Change" display="0" isconditionset="0" isgraphon="0" querycolumn="INTERNALCHANGE"/&gt;&#xD;
    &lt;attribute columnorder="0" contentuid="SCTMPLT694c89a3P5IRV_ADHOCADDR1" description="Address" display="0" isconditionset="0" isgraphon="0" querycolumn="IRV_ADHOCADDR1"/&gt;&#xD;
  &#xD;
  &lt;/resultset&gt;&#xD;
  &#xD;
  &lt;resultset charttype="BAR" columnnum="1" contentuid="SCTMPLT694c89a3P3" description="Purchase Orders Requiring Your Approval" legendattributetitle="" legendvaluetitle="" minormax="1" ordernum="1" portletid="RSCONFIG" queryapp="PO" queryclausename="POASSIGNAPPR" queryowner="TIMMINSA" rowstodisplay="10" showchart="0"&gt;&#xD;
    &lt;attribute columnorder="0" contentuid="SCTMPLT694c89a3P3IRV_ADHOCADDR2" description="City" display="0" isconditionset="0" isgraphon="0" querycolumn="IRV_ADHOCADDR2"/&gt;&#xD;
    &lt;attribute columnorder="0" contentuid="SCTMPLT694c89a3P3IRV_ADHOCADDR1" description="Address" display="0" isconditionset="0" isgraphon="0" querycolumn="IRV_ADHOCADDR1"/&gt;&#xD;
    &lt;attribute columnorder="0" contentuid="SCTMPLT694c89a3P3INTERNALCHANGE" description="Internal Change" display="0" isconditionset="0" isgraphon="0" querycolumn="INTERNALCHANGE"/&gt;&#xD;
    &lt;attribute columnorder="0" contentuid="SCTMPLT694c89a3P3INTERNAL" description="Internal" display="0" isconditionset="0" isgraphon="0" querycolumn="INTERNAL"/&gt;&#xD;
    &lt;attribute columnorder="0" contentuid="SCTMPLT694c89a3P3INSPECTIONREQUIRED" description="Inspection Required" display="0" isconditionset="0" isgraphon="0" querycolumn="INSPECTIONREQUIRED"/&gt;&#xD;
    &lt;attribute columnorder="0" contentuid="SCTMPLT694c89a3P3INCLUSIVE5" description="Include Tax 5" display="0" isconditionset="0" isgraphon="0" querycolumn="INCLUSIVE5"/&gt;&#xD;
    &lt;attribute columnorder="0" contentuid="SCTMPLT694c89a3P3INCLUSIVE4" description="Include Tax 4" display="0" isconditionset="0" isgraphon="0" querycolumn="INCLUSIVE4"/&gt;&#xD;
    &lt;attribute columnorder="0" contentuid="SCTMPLT694c89a3P3INCLUSIVE3" description="Include Tax 3" display="0" isconditionset="0" isgraphon="0" querycolumn="INCLUSIVE3"/&gt;&#xD;
    &lt;attribute columnorder="0" contentuid="SCTMPLT694c89a3P3INCLUSIVE2" description="Include Tax 2" display="0" isconditionset="0" isgraphon="0" querycolumn="INCLUSIVE2"/&gt;&#xD;
    &lt;attribute columnorder="0" contentuid="SCTMPLT694c89a3P3INCLUSIVE1" description="Pay Tax to Vendor" display="0" isconditionset="0" isgraphon="0" querycolumn="INCLUSIVE1"/&gt;&#xD;
    &lt;attribute columnorder="0" contentuid="SCTMPLT694c89a3P3IGNORECNTREV" description="Bypass Contract Revision on PO Approval" display="0" isconditionset="0" isgraphon="0" querycolumn="IGNORECNTREV"/&gt;&#xD;
    &lt;attribute columnorder="0" contentuid="SCTMPLT694c89a3P3HISTORYFLAG" description="History" display="0" isconditionset="0" isgraphon="0" querycolumn="HISTORYFLAG"/&gt;&#xD;
    &lt;attribute columnorder="0" contentuid="SCTMPLT694c89a3P3HASLD" description="Has Long Description" display="0" isconditionset="0" isgraphon="0" querycolumn="HASLD"/&gt;&#xD;
    &lt;attribute columnorder="0" contentuid="SCTMPLT694c89a3P3FREIGHTTERMS" description="Freight Terms" display="0" isconditionset="0" isgraphon="0" querycolumn="FREIGHTTERMS"/&gt;&#xD;
    &lt;attribute columnorder="0" contentuid="SCTMPLT694c89a3P3EXCHANGERATE2" description="Secondary Exchange Rate" display="0" isconditionset="0" isgraphon="0" querycolumn="EXCHANGERATE2"/&gt;&#xD;
    &lt;attribute columnorder="0" contentuid="SCTMPLT694c89a3P3EXCHANGERATE" description="Exchange Rate" display="0" isconditionset="0" isgraphon="0" querycolumn="EXCHANGERATE"/&gt;&#xD;
    &lt;attribute columnorder="0" contentuid="SCTMPLT694c89a3P3EXCHANGEDATE" description="Exchange Date" display="0" isconditionset="0" isgraphon="0" querycolumn="EXCHANGEDATE"/&gt;&#xD;
    &lt;attribute columnorder="0" contentuid="SCTMPLT694c89a3P3ENDDATE" description="End Date" display="0" isconditionset="0" isgraphon="0" querycolumn="ENDDATE"/&gt;&#xD;
    &lt;attribute columnorder="0" contentuid="SCTMPLT694c89a3P3ECOMSTATUSDATE" description="E-commerce Date of Status Change" display="0" isconditionset="0" isgraphon="0" querycolumn="ECOMSTATUSDATE"/&gt;&#xD;
    &lt;attribute columnorder="2" contentuid="SCTMPLT694c89a3P3DESCRIPTION" description="Description" display="1" isconditionset="0" isgraphon="0" querycolumn="DESCRIPTION"/&gt;&#xD;
    &lt;attribute columnorder="0" contentuid="SCTMPLT694c89a3P3CUSTOMERNUM" description="Customer #" display="0" isconditionset="0" isgraphon="0" querycolumn="CUSTOMERNUM"/&gt;&#xD;
    &lt;attribute columnorder="0" contentuid="SCTMPLT694c89a3P3CURRENCYCODE" description="Currency" display="0" isconditionset="0" isgraphon="0" querycolumn="CURRENCYCODE"/&gt;&#xD;
    &lt;attribute columnorder="0" contentuid="SCTMPLT694c89a3P3CONTRELEASESEQ" description="Release #" display="0" isconditionset="0" isgraphon="0" querycolumn="CONTRELEASESEQ"/&gt;&#xD;
    &lt;attribute columnorder="0" contentuid="SCTMPLT694c89a3P3FOLLOWUPDATE" description="Follow-up Date" display="0" isconditionset="0" isgraphon="0" querycolumn="FOLLOWUPDATE"/&gt;&#xD;
    &lt;attribute columnorder="0" contentuid="SCTMPLT694c89a3P3FOB" description="FOB Point" display="0" isconditionset="0" isgraphon="0" querycolumn="FOB"/&gt;&#xD;
    &lt;attribute columnorder="0" contentuid="SCTMPLT694c89a3P3EXTERNALREFID" description="External Reference ID" display="0" isconditionset="0" isgraphon="0" querycolumn="EXTERNALREFID"/&gt;&#xD;
    &lt;attribute columnorder="8" contentuid="SCTMPLT694c89a3P3WFLASTMEMO.MEMO" description="Last Memo" display="1" isconditionset="0" isgraphon="0" querycolumn="WFLASTMEMO.MEMO"/&gt;&#xD;
    &lt;attribute columnorder="0" contentuid="SCTMPLT694c89a3P3CONTRACTREFREV" description="Contract Revision" display="0" isconditionset="0" isgraphon="0" querycolumn="CONTRACTREFREV"/&gt;&#xD;
    &lt;attribute columnorder="0" contentuid="SCTMPLT694c89a3P3CONTRACTREFNUM" description="Contract Reference" display="0" isconditionset="0" isgraphon="0" querycolumn="CONTRACTREFNUM"/&gt;&#xD;
    &lt;attribute columnorder="0" contentuid="SCTMPLT694c89a3P3CONTRACTREFID" description="Contract Reference ID" display="0" isconditionset="0" isgraphon="0" querycolumn="CONTRACTREFID"/&gt;&#xD;
    &lt;attribute columnorder="0" contentuid="SCTMPLT694c89a3P3CONTACT" description="Contact" display="0" isconditionset="0" isgraphon="0" querycolumn="CONTACT"/&gt;&#xD;
    &lt;attribute columnorder="0" contentuid="SCTMPLT694c89a3P3CHANGEDATE" description="Changed Date" display="0" isconditionset="0" isgraphon="0" querycolumn="CHANGEDATE"/&gt;&#xD;
    &lt;attribute columnorder="0" contentuid="SCTMPLT694c89a3P3CHANGEBY" description="Changed By" display="0" isconditionset="0" isgraphon="0" querycolumn="CHANGEBY"/&gt;&#xD;
    &lt;attribute columnorder="0" contentuid="SCTMPLT694c89a3P3BUYERCOMPANY" description="Buyer Company" display="0" isconditionset="0" isgraphon="0" querycolumn="BUYERCOMPANY"/&gt;&#xD;
    &lt;attribute columnorder="0" contentuid="SCTMPLT694c89a3P3BUYAHEAD" description="Buy Ahead Rate" display="0" isconditionset="0" isgraphon="0" querycolumn="BUYAHEAD"/&gt;&#xD;
    &lt;attribute columnorder="0" contentuid="SCTMPLT694c89a3P3BILLTOATTN" description="Attention" display="0" isconditionset="0" isgraphon="0" querycolumn="BILLTOATTN"/&gt;&#xD;
    &lt;attribute columnorder="0" contentuid="SCTMPLT694c89a3P3BILLTO" description="Bill To" display="0" isconditionset="0" isgraphon="0" querycolumn="BILLTO"/&gt;&#xD;
    &lt;attribute columnorder="0" contentuid="SCTMPLT694c89a3P3IRV_POTYPE" description="PO Type" display="0" isconditionset="0" isgraphon="0" querycolumn="IRV_POTYPE"/&gt;&#xD;
    &lt;attribute columnorder="6" contentuid="SCTMPLT694c89a3P3IRV_APPRGRP" description="Approval Group" display="1" isconditionset="0" isgraphon="0" querycolumn="IRV_APPRGRP"/&gt;&#xD;
    &lt;attribute columnorder="3" contentuid="SCTMPLT694c89a3P3VENDOR" description="Company" display="1" isconditionset="0" isgraphon="0" querycolumn="VENDOR"/&gt;&#xD;
    &lt;attribute columnorder="0" contentuid="SCTMPLT694c89a3P3VENDELIVERYDATE" description="Vendor Date" display="0" isconditionset="0" isgraphon="0" querycolumn="VENDELIVERYDATE"/&gt;&#xD;
    &lt;attribute columnorder="0" contentuid="SCTMPLT694c89a3P3TOTALTAX5" description="Total Tax 5" display="0" isconditionset="0" isgraphon="0" querycolumn="TOTALTAX5"/&gt;&#xD;
    &lt;attribute columnorder="0" contentuid="SCTMPLT694c89a3P3TOTALTAX4" description="Total Tax 4" display="0" isconditionset="0" isgraphon="0" querycolumn="TOTALTAX4"/&gt;&#xD;
    &lt;attribute columnorder="0" contentuid="SCTMPLT694c89a3P3TOTALTAX3" description="Total Tax 3" display="0" isconditionset="0" isgraphon="0" querycolumn="TOTALTAX3"/&gt;&#xD;
    &lt;attribute columnorder="0" contentuid="SCTMPLT694c89a3P3TOTALTAX2" description="Total Tax 2" display="0" isconditionset="0" isgraphon="0" querycolumn="TOTALTAX2"/&gt;&#xD;
    &lt;attribute columnorder="0" contentuid="SCTMPLT694c89a3P3TOTALTAX1" description="Total Tax" display="0" isconditionset="0" isgraphon="0" querycolumn="TOTALTAX1"/&gt;&#xD;
    &lt;attribute columnorder="4" contentuid="SCTMPLT694c89a3P3TOTALCOST" description="Total Cost" display="1" isconditionset="0" isgraphon="0" querycolumn="TOTALCOST"/&gt;&#xD;
    &lt;attribute columnorder="0" contentuid="SCTMPLT694c89a3P3STORELOCSITEID" description="Storeroom Site" display="0" isconditionset="0" isgraphon="0" querycolumn="STORELOCSITEID"/&gt;&#xD;
    &lt;attribute columnorder="0" contentuid="SCTMPLT694c89a3P3STORELOC" description="Storeroom" display="0" isconditionset="0" isgraphon="0" querycolumn="STORELOC"/&gt;&#xD;
    &lt;attribute columnorder="0" contentuid="SCTMPLT694c89a3P3STATUSDATE" description="Status Date" display="0" isconditionset="0" isgraphon="0" querycolumn="STATUSDATE"/&gt;&#xD;
    &lt;attribute columnorder="7" contentuid="SCTMPLT694c89a3P3STATUS" description="Status" display="1" isconditionset="0" isgraphon="0" querycolumn="STATUS"/&gt;&#xD;
    &lt;attribute columnorder="0" contentuid="SCTMPLT694c89a3P3STARTDATE" description="Start Date" display="0" isconditionset="0" isgraphon="0" querycolumn="STARTDATE"/&gt;&#xD;
    &lt;attribute columnorder="0" contentuid="SCTMPLT694c89a3P3SOURCESYSID" description="Source System ID" display="0" isconditionset="0" isgraphon="0" querycolumn="SOURCESYSID"/&gt;&#xD;
    &lt;attribute columnorder="0" contentuid="SCTMPLT694c89a3P3SITEID" description="Site" display="0" isconditionset="0" isgraphon="0" querycolumn="SITEID"/&gt;&#xD;
    &lt;attribute columnorder="0" contentuid="SCTMPLT694c89a3P3SHIPVIA" description="Ship Via" display="0" isconditionset="0" isgraphon="0" querycolumn="SHIPVIA"/&gt;&#xD;
    &lt;attribute columnorder="0" contentuid="SCTMPLT694c89a3P3SHIPTOATTN" description="Attention" display="0" isconditionset="0" isgraphon="0" querycolumn="SHIPTOATTN"/&gt;&#xD;
    &lt;attribute columnorder="0" contentuid="SCTMPLT694c89a3P3SHIPTO" description="Ship To" display="0" isconditionset="0" isgraphon="0" querycolumn="SHIPTO"/&gt;&#xD;
    &lt;attribute columnorder="0" contentuid="SCTMPLT694c89a3P3SENDERSYSID" description="Sender System ID" display="0" isconditionset="0" isgraphon="0" querycolumn="SENDERSYSID"/&gt;&#xD;
    &lt;attribute columnorder="0" contentuid="SCTMPLT694c89a3P3REVISIONNUM" description="Revision" display="0" isconditionset="0" isgraphon="0" querycolumn="REVISIONNUM"/&gt;&#xD;
    &lt;attribute columnorder="0" contentuid="SCTMPLT694c89a3P3REVCOMMENTS" description="Revision Comments" display="0" isconditionset="0" isgraphon="0" querycolumn="REVCOMMENTS"/&gt;&#xD;
    &lt;attribute columnorder="0" contentuid="SCTMPLT694c89a3P3REQUIREDDATE" description="Required Date" display="0" isconditionset="0" isgraphon="0" querycolumn="REQUIREDDATE"/&gt;&#xD;
    &lt;attribute columnorder="0" contentuid="SCTMPLT694c89a3P3RECEIPTS" description="Receipts" display="0" isconditionset="0" isgraphon="0" querycolumn="RECEIPTS"/&gt;&#xD;
    &lt;attribute columnorder="0" contentuid="SCTMPLT694c89a3P3PURCHASEAGENT" description="Buyer" display="0" isconditionset="0" isgraphon="0" querycolumn="PURCHASEAGENT"/&gt;&#xD;
    &lt;attribute columnorder="0" contentuid="SCTMPLT694c89a3P3PRIORITY" description="Priority" display="0" isconditionset="0" isgraphon="0" querycolumn="PRIORITY"/&gt;&#xD;
    &lt;attribute columnorder="0" contentuid="SCTMPLT694c89a3P3POTYPE" description="Type" display="0" isconditionset="0" isgraphon="0" querycolumn="POTYPE"/&gt;&#xD;
    &lt;attribute columnorder="0" contentuid="SCTMPLT694c89a3P3POSENT" description="PO Sent" display="0" isconditionset="0" isgraphon="0" querycolumn="POSENT"/&gt;&#xD;
    &lt;attribute columnorder="1" contentuid="SCTMPLT694c89a3P3PONUM" description="PO" display="1" isconditionset="0" isgraphon="0" querycolumn="PONUM"/&gt;&#xD;
    &lt;attribute columnorder="0" contentuid="SCTMPLT694c89a3P3POID" description="POID" display="0" isconditionset="0" isgraphon="0" querycolumn="POID"/&gt;&#xD;
    &lt;attribute columnorder="0" contentuid="SCTMPLT694c89a3P3PO9" description="Po9" display="0" isconditionset="0" isgraphon="0" querycolumn="PO9"/&gt;&#xD;
    &lt;attribute columnorder="0" contentuid="SCTMPLT694c89a3P3PO8" description="Po8" display="0" isconditionset="0" isgraphon="0" querycolumn="PO8"/&gt;&#xD;
    &lt;attribute columnorder="0" contentuid="SCTMPLT694c89a3P3PO7" description="Po7" display="0" isconditionset="0" isgraphon="0" querycolumn="PO7"/&gt;&#xD;
    &lt;attribute columnorder="0" contentuid="SCTMPLT694c89a3P3PO6" description="Po6" display="0" isconditionset="0" isgraphon="0" querycolumn="PO6"/&gt;&#xD;
    &lt;attribute columnorder="0" contentuid="SCTMPLT694c89a3P3PO5" description="Po5" display="0" isconditionset="0" isgraphon="0" querycolumn="PO5"/&gt;&#xD;
    &lt;attribute columnorder="0" contentuid="SCTMPLT694c89a3P3PO4" description="Po4" display="0" isconditionset="0" isgraphon="0" querycolumn="PO4"/&gt;&#xD;
    &lt;attribute columnorder="0" contentuid="SCTMPLT694c89a3P3PO3" description="Po3" display="0" isconditionset="0" isgraphon="0" querycolumn="PO3"/&gt;&#xD;
    &lt;attribute columnorder="0" contentuid="SCTMPLT694c89a3P3PO2" description="Po2" display="0" isconditionset="0" isgraphon="0" querycolumn="PO2"/&gt;&#xD;
    &lt;attribute columnorder="0" contentuid="SCTMPLT694c89a3P3PO10" description="Po10" display="0" isconditionset="0" isgraphon="0" querycolumn="PO10"/&gt;&#xD;
    &lt;attribute columnorder="0" contentuid="SCTMPLT694c89a3P3PO1" description="Po1" display="0" isconditionset="0" isgraphon="0" querycolumn="PO1"/&gt;&#xD;
    &lt;attribute columnorder="0" contentuid="SCTMPLT694c89a3P3PAYONRECEIPT" description="Pay on Receipt" display="0" isconditionset="0" isgraphon="0" querycolumn="PAYONRECEIPT"/&gt;&#xD;
    &lt;attribute columnorder="0" contentuid="SCTMPLT694c89a3P3PAYMENTTERMS" description="Payment Terms" display="0" isconditionset="0" isgraphon="0" querycolumn="PAYMENTTERMS"/&gt;&#xD;
    &lt;attribute columnorder="0" contentuid="SCTMPLT694c89a3P3OWNERSYSID" description="Owner System ID" display="0" isconditionset="0" isgraphon="0" querycolumn="OWNERSYSID"/&gt;&#xD;
    &lt;attribute columnorder="0" contentuid="SCTMPLT694c89a3P3ORIGINALPONUM" description="Original PO" display="0" isconditionset="0" isgraphon="0" querycolumn="ORIGINALPONUM"/&gt;&#xD;
    &lt;attribute columnorder="0" contentuid="SCTMPLT694c89a3P3ORGID" description="Organization" display="0" isconditionset="0" isgraphon="0" querycolumn="ORGID"/&gt;&#xD;
    &lt;attribute columnorder="5" contentuid="SCTMPLT694c89a3P3ORDERDATE" description="Ordered Date" display="1" isconditionset="0" isgraphon="0" querycolumn="ORDERDATE"/&gt;&#xD;
    &lt;attribute columnorder="0" contentuid="SCTMPLT694c89a3P3MNETSENT" description="E-commerce Status" display="0" isconditionset="0" isgraphon="0" querycolumn="MNETSENT"/&gt;&#xD;
    &lt;attribute columnorder="0" contentuid="SCTMPLT694c89a3P3LANGCODE" description="Language Code" display="0" isconditionset="0" isgraphon="0" querycolumn="LANGCODE"/&gt;&#xD;
    &lt;attribute columnorder="0" contentuid="SCTMPLT694c89a3P3IRV_ADHOCDESC" description="Description" display="0" isconditionset="0" isgraphon="0" querycolumn="IRV_ADHOCDESC"/&gt;&#xD;
    &lt;attribute columnorder="0" contentuid="SCTMPLT694c89a3P3IRV_ADHOCATTN" description="Attention" display="0" isconditionset="0" isgraphon="0" querycolumn="IRV_ADHOCATTN"/&gt;&#xD;
    &lt;attribute columnorder="0" contentuid="SCTMPLT694c89a3P3IRV_ADHOCADDR4" description="Zip/Postal Code" display="0" isconditionset="0" isgraphon="0" querycolumn="IRV_ADHOCADDR4"/&gt;&#xD;
    &lt;attribute columnorder="0" contentuid="SCTMPLT694c89a3P3IRV_ADHOCADDR3" description="State/Province" display="0" isconditionset="0" isgraphon="0" querycolumn="IRV_ADHOCADDR3"/&gt;&#xD;
  &#xD;
  &lt;/resultset&gt;&#xD;
  &lt;favoriteapplications charttype="BAR" columnnum="0" contentuid="SCTMPLT694c89a3P1" description="Favorite Applications" legendattributetitle="" legendvaluetitle="" minormax="1" ordernum="1" portletid="FACONFIG" queryapp="" queryclausename="" queryowner="" rowstodisplay="10" showchart="0"&gt;&#xD;
    &lt;application app="PLUSPSR" ordernum="4"/&gt;&#xD;
    &lt;application app="PLUSPWO" ordernum="5"/&gt;&#xD;
    &lt;application app="INVOICE" ordernum="3"/&gt;&#xD;
    &lt;application app="RECEIPTS" ordernum="2"/&gt;&#xD;
    &lt;application app="PO" ordernum="1"/&gt;&#xD;
  &lt;/favoriteapplications&gt;&#xD;
  &lt;quickinsert charttype="BAR" columnnum="0" contentuid="SCTMPLT694c89a3P2" description="Quick Insert" legendattributetitle="" legendvaluetitle="" minormax="1" ordernum="2" portletid="ACTIONSCFG" queryapp="" queryclausename="" queryowner="" rowstodisplay="10" showchart="0"&gt;&#xD;
    &lt;action app="PO" contentuid="SCTMPLT694c89a3P2POINSERT" description="New Purchase Order" optionname="INSERT" ordernum="1" templateid=""/&gt;&#xD;
    &lt;action app="INVOICE" contentuid="SCTMPLT694c89a3P2INVOICEINSERT" description="New Invoice" optionname="INSERT" ordernum="2" templateid=""/&gt;&#xD;
  &lt;/quickinsert&gt;&#xD;
&lt;/startcenter&gt;</PRESENTATION><SCTEMPLATEID>403</SCTEMPLATEID></SCTEMPLATE></DMSCTEMPLATESet></SyncDMSCTEMPLATE>