<?xml version="1.0" encoding="UTF-8"?><SyncDMPACKAGEDEF xmlns="http://www.ibm.com/maximo" xmlns:xsi="http://www.w3.org/2001/XMLSchema-instance" creationDateTime="2014-10-09T18:05:13+01:00" transLanguage="EN" baseLanguage="EN" messageID="1412874313045297426" maximoVersion="7 5 20130829-1209 V7510--1"><DMPACKAGEDEFSet><DMPACKAGEDEF><ACTIVE>0</ACTIVE><BATCHSIZE>100</BATCHSIZE><CHANGEBY>TIMMINSA</CHANGEBY><CHANGEDATE>2014-10-09T16:36:41+01:00</CHANGEDATE><CONTENTID>053f521d-1719-4c22-a336-9a5db2f278b8</CONTENTID><DESCRIPTION>Start Centers</DESCRIPTION><DESCRIPTION_LONGDESCRIPTION></DESCRIPTION_LONGDESCRIPTION><DMPACKAGEDEFID>1410</DMPACKAGEDEFID><DMROLE></DMROLE><HASLD>0</HASLD><LANGCODE>EN</LANGCODE><PKGDEFNAME>BBC_STARTC</PKGDEFNAME><SOURCE>BBC-SQL-D01_BBCMAXSIT_dbo</SOURCE><STATUS maxvalue="APPR">APPR</STATUS><STATUSDATE>2014-10-09T18:04:25+01:00</STATUSDATE><TYPE maxvalue="SNAPSHOT">SNAPSHOT</TYPE><XMLACTION maxvalue="ADDCHANGE">AddChange</XMLACTION><DMPKGDEFSTATUS><CHANGEBY>TIMMINSA</CHANGEBY><CONTENTID>3b2273a4-44d9-4d40-80ae-eccac13643a1</CONTENTID><DMPKGDEFSTATUSID>1411</DMPKGDEFSTATUSID><MEMO></MEMO><STATUS maxvalue="WAPPR">WAPPR</STATUS><STATUSDATE>2014-09-18T13:43:00+01:00</STATUSDATE></DMPKGDEFSTATUS><DMPKGDEFSTATUS><CHANGEBY>TIMMINSA</CHANGEBY><CONTENTID>de79918c-4134-4e08-b705-812400ac4830</CONTENTID><DMPKGDEFSTATUSID>1419</DMPKGDEFSTATUSID><MEMO></MEMO><STATUS maxvalue="APPR">APPR</STATUS><STATUSDATE>2014-10-09T18:04:00+01:00</STATUSDATE></DMPKGDEFSTATUS><DMPKGCFGGRPDEF><CFGOBJGROUP>BBC_STARTC</CFGOBJGROUP><CONTENTID>a506b54d-461e-4536-a309-0b6168599ff9</CONTENTID><DMPKGCFGGRPDEFID>1520</DMPKGCFGGRPDEFID><DMPKGCFGOBJDEF><CFGOBJECT>DMSCTEMPLATE</CFGOBJECT><CONTENTID>db837a14-a0c0-44e9-a1c5-6505bf728cbe</CONTENTID><DMPKGCFGOBJDEFID>1404</DMPKGCFGOBJDEFID><WHERECLAUSE>contentuid='SCTMPLT694c89a3'</WHERECLAUSE></DMPKGCFGOBJDEF></DMPKGCFGGRPDEF><DMPKGDIST><CHANGEBY>TIMMINSA</CHANGEBY><CHANGEDATE>2014-10-09T16:36:41+01:00</CHANGEDATE><CONTENTID>ec8a0458-201a-437f-ae0c-72a2d5c1fc44</CONTENTID><DMPKGDISTID>1304</DMPKGDISTID><TARGETNAME>IRVMMFOLDER</TARGETNAME></DMPKGDIST></DMPACKAGEDEF></DMPACKAGEDEFSet></SyncDMPACKAGEDEF>