<?xml version="1.0" encoding="UTF-8"?><SyncDMWFPROCESS xmlns="http://www.ibm.com/maximo" xmlns:xsi="http://www.w3.org/2001/XMLSchema-instance" creationDateTime="2014-09-18T13:29:39+01:00" transLanguage="EN" baseLanguage="EN" messageID="1411043379139351787" maximoVersion="7 5 20130829-1209 V7510--1"><DMWFPROCESSSet><WFPROCESS action="AddChange"><ACTIVE>1</ACTIVE><AUTOINITIATE>0</AUTOINITIATE><CHANGEBY>TIMMINSA</CHANGEBY><CHANGEDATE>2014-09-09T13:19:57+01:00</CHANGEDATE><DELETABLE>0</DELETABLE><DESCRIPTION>P2P - PO</DESCRIPTION><DESCRIPTION_LONGDESCRIPTION></DESCRIPTION_LONGDESCRIPTION><ENABLED>1</ENABLED><EXTERNALREFID></EXTERNALREFID><HASLD>0</HASLD><LANGCODE>EN</LANGCODE><MIGRATED>0</MIGRATED><OBJECTNAME>PO</OBJECTNAME><OWNERSYSID></OWNERSYSID><PROCESSNAME>MAINPOWF</PROCESSNAME><PROCESSREV>12</PROCESSREV><SENDERSYSID>MX</SENDERSYSID><SOURCESYSID></SOURCESYSID><WFPROCESSID>6120</WFPROCESSID><WFNODE><DESCRIPTION>START 1</DESCRIPTION><DESCRIPTION_LONGDESCRIPTION></DESCRIPTION_LONGDESCRIPTION><HASLD>0</HASLD><IMAGEFILE></IMAGEFILE><LANGCODE>EN</LANGCODE><NODEID>1</NODEID><NODETYPE maxvalue="WFSTART">START</NODETYPE><TITLE>START 1</TITLE><WFNODEID>16624</WFNODEID><XCOORDINATE>1</XCOORDINATE><YCOORDINATE>1</YCOORDINATE><WFSTART><WFSTARTID>6122</WFSTARTID></WFSTART><WFACTION><ACTION></ACTION><ACTIONID>59</ACTIONID><CONDITION></CONDITION><CONDITIONCLASS></CONDITIONCLASS><INSTRUCTION>Status is Revised?</INSTRUCTION><ISPOSITIVE>1</ISPOSITIVE><MEMBERNODEID>23</MEMBERNODEID><OWNERNODEID>1</OWNERNODEID><SEQUENCE xsi:nil="true"></SEQUENCE><WFACTIONID>19830</WFACTIONID></WFACTION></WFNODE><WFNODE><DESCRIPTION>STOP 2</DESCRIPTION><DESCRIPTION_LONGDESCRIPTION></DESCRIPTION_LONGDESCRIPTION><HASLD>0</HASLD><IMAGEFILE></IMAGEFILE><LANGCODE>EN</LANGCODE><NODEID>2</NODEID><NODETYPE maxvalue="WFSTOP">STOP</NODETYPE><TITLE>STOP 2</TITLE><WFNODEID>16625</WFNODEID><XCOORDINATE>14</XCOORDINATE><YCOORDINATE>2</YCOORDINATE><WFSTOP><WFSTOPID>7678</WFSTOPID></WFSTOP></WFNODE><WFNODE><DESCRIPTION>Is Status CLOSE or CAN</DESCRIPTION><DESCRIPTION_LONGDESCRIPTION></DESCRIPTION_LONGDESCRIPTION><HASLD>0</HASLD><IMAGEFILE></IMAGEFILE><LANGCODE>EN</LANGCODE><NODEID>3</NODEID><NODETYPE maxvalue="WFCONDITION">CONDITION</NODETYPE><TITLE>STATUS - CLOSE/CAN?</TITLE><WFNODEID>16626</WFNODEID><XCOORDINATE>5</XCOORDINATE><YCOORDINATE>2</YCOORDINATE><WFACTION><ACTION></ACTION><ACTIONID>2</ACTIONID><CONDITION></CONDITION><CONDITIONCLASS></CONDITIONCLASS><INSTRUCTION>Cannot Process CLOSE/CAN PO</INSTRUCTION><ISPOSITIVE>1</ISPOSITIVE><MEMBERNODEID>4</MEMBERNODEID><OWNERNODEID>3</OWNERNODEID><SEQUENCE xsi:nil="true"></SEQUENCE><WFACTIONID>19831</WFACTIONID></WFACTION><WFACTION><ACTION></ACTION><ACTIONID>9</ACTIONID><CONDITION></CONDITION><CONDITIONCLASS></CONDITIONCLASS><INSTRUCTION>Check if Status is INPRG</INSTRUCTION><ISPOSITIVE>0</ISPOSITIVE><MEMBERNODEID>7</MEMBERNODEID><OWNERNODEID>3</OWNERNODEID><SEQUENCE xsi:nil="true"></SEQUENCE><WFACTIONID>19832</WFACTIONID></WFACTION><WFCONDITION><CONDITION>status in ('CLOSE','CAN')</CONDITION><CUSTOMCLASS></CUSTOMCLASS><WFCONDITIONID>10284</WFCONDITIONID></WFCONDITION></WFNODE><WFNODE><DESCRIPTION>Cannot Process CLOSE/CAN PO</DESCRIPTION><DESCRIPTION_LONGDESCRIPTION></DESCRIPTION_LONGDESCRIPTION><HASLD>0</HASLD><IMAGEFILE></IMAGEFILE><LANGCODE>EN</LANGCODE><NODEID>4</NODEID><NODETYPE maxvalue="WFINTERACTION">INTERACTION</NODETYPE><TITLE>CLOSE/CAN PO</TITLE><WFNODEID>16627</WFNODEID><XCOORDINATE>7</XCOORDINATE><YCOORDINATE>2</YCOORDINATE><WFACTION><ACTION></ACTION><ACTIONID>6</ACTIONID><CONDITION></CONDITION><CONDITIONCLASS></CONDITIONCLASS><INSTRUCTION>STOP 2</INSTRUCTION><ISPOSITIVE>1</ISPOSITIVE><MEMBERNODEID>2</MEMBERNODEID><OWNERNODEID>4</OWNERNODEID><SEQUENCE xsi:nil="true"></SEQUENCE><WFACTIONID>19833</WFACTIONID></WFACTION><WFINTERACTION><ACTION></ACTION><APP></APP><DIRECTIONS>Error - Status CLOSE/CAN</DIRECTIONS><DIRECTIONS_LONGDESCRIPTION>Cannot Process PO at Status CLOSE/CAN</DIRECTIONS_LONGDESCRIPTION><HASLD>1</HASLD><LANGCODE>EN</LANGCODE><LAUNCHPROCESS></LAUNCHPROCESS><PAGE></PAGE><RELATION></RELATION><TABNAME></TABNAME><WFINTERACTIONID>6416</WFINTERACTIONID><LONGDESCRIPTION><CONTENTUID>470,318</CONTENTUID><LANGCODE>EN</LANGCODE><LDKEY>6416</LDKEY><LDOWNERCOL>DIRECTIONS</LDOWNERCOL><LDOWNERTABLE>WFINTERACTION</LDOWNERTABLE><LDTEXT>Cannot Process PO at Status CLOSE/CAN</LDTEXT><LONGDESCRIPTIONID>470318</LONGDESCRIPTIONID></LONGDESCRIPTION></WFINTERACTION></WFNODE><WFNODE><DESCRIPTION>Check if Status is INPRG</DESCRIPTION><DESCRIPTION_LONGDESCRIPTION></DESCRIPTION_LONGDESCRIPTION><HASLD>0</HASLD><IMAGEFILE></IMAGEFILE><LANGCODE>EN</LANGCODE><NODEID>7</NODEID><NODETYPE maxvalue="WFCONDITION">CONDITION</NODETYPE><TITLE>STATUS - INPRG?</TITLE><WFNODEID>16628</WFNODEID><XCOORDINATE>5</XCOORDINATE><YCOORDINATE>3</YCOORDINATE><WFACTION><ACTION></ACTION><ACTIONID>8</ACTIONID><CONDITION></CONDITION><CONDITIONCLASS></CONDITIONCLASS><INSTRUCTION>INPUT 11</INSTRUCTION><ISPOSITIVE>1</ISPOSITIVE><MEMBERNODEID>11</MEMBERNODEID><OWNERNODEID>7</OWNERNODEID><SEQUENCE xsi:nil="true"></SEQUENCE><WFACTIONID>19834</WFACTIONID></WFACTION><WFACTION><ACTION></ACTION><ACTIONID>20</ACTIONID><CONDITION></CONDITION><CONDITIONCLASS></CONDITIONCLASS><INSTRUCTION>Is Status APPR/FINCOM</INSTRUCTION><ISPOSITIVE>0</ISPOSITIVE><MEMBERNODEID>13</MEMBERNODEID><OWNERNODEID>7</OWNERNODEID><SEQUENCE xsi:nil="true"></SEQUENCE><WFACTIONID>19835</WFACTIONID></WFACTION><WFCONDITION><CONDITION>status = 'INPRG'</CONDITION><CUSTOMCLASS></CUSTOMCLASS><WFCONDITIONID>10285</WFCONDITIONID></WFCONDITION></WFNODE><WFNODE><DESCRIPTION>Change Status to FINCOM or CLOSE status?</DESCRIPTION><DESCRIPTION_LONGDESCRIPTION></DESCRIPTION_LONGDESCRIPTION><HASLD>0</HASLD><IMAGEFILE></IMAGEFILE><LANGCODE>EN</LANGCODE><NODEID>11</NODEID><NODETYPE maxvalue="WFINPUT">INPUT</NODETYPE><TITLE>STATUSCHG - REVISE/CLOSE</TITLE><WFNODEID>16629</WFNODEID><XCOORDINATE>7</XCOORDINATE><YCOORDINATE>3</YCOORDINATE><WFINPUT><DISPLAYONE>1</DISPLAYONE><WFINPUTID>4617</WFINPUTID></WFINPUT><WFACTION><ACTION></ACTION><ACTIONID>14</ACTIONID><CONDITION>1=2</CONDITION><CONDITIONCLASS></CONDITIONCLASS><INSTRUCTION>Change Status to CLOSE.</INSTRUCTION><ISPOSITIVE>1</ISPOSITIVE><MEMBERNODEID>17</MEMBERNODEID><OWNERNODEID>11</OWNERNODEID><SEQUENCE>2</SEQUENCE><WFACTIONID>19836</WFACTIONID></WFACTION><WFACTION><ACTION></ACTION><ACTIONID>64</ACTIONID><CONDITION></CONDITION><CONDITIONCLASS></CONDITIONCLASS><INSTRUCTION>Revise PO.</INSTRUCTION><ISPOSITIVE>1</ISPOSITIVE><MEMBERNODEID>25</MEMBERNODEID><OWNERNODEID>11</OWNERNODEID><SEQUENCE>3</SEQUENCE><WFACTIONID>19837</WFACTIONID></WFACTION></WFNODE><WFNODE><DESCRIPTION>Is Status APPR?</DESCRIPTION><DESCRIPTION_LONGDESCRIPTION></DESCRIPTION_LONGDESCRIPTION><HASLD>0</HASLD><IMAGEFILE></IMAGEFILE><LANGCODE>EN</LANGCODE><NODEID>13</NODEID><NODETYPE maxvalue="WFCONDITION">CONDITION</NODETYPE><TITLE>STATUS - APPR?</TITLE><WFNODEID>16630</WFNODEID><XCOORDINATE>5</XCOORDINATE><YCOORDINATE>4</YCOORDINATE><WFACTION><ACTION></ACTION><ACTIONID>21</ACTIONID><CONDITION></CONDITION><CONDITIONCLASS></CONDITIONCLASS><INSTRUCTION>Is Status WAPPR</INSTRUCTION><ISPOSITIVE>0</ISPOSITIVE><MEMBERNODEID>18</MEMBERNODEID><OWNERNODEID>13</OWNERNODEID><SEQUENCE xsi:nil="true"></SEQUENCE><WFACTIONID>19838</WFACTIONID></WFACTION><WFACTION><ACTION></ACTION><ACTIONID>24</ACTIONID><CONDITION></CONDITION><CONDITIONCLASS></CONDITIONCLASS><INSTRUCTION>INPUT 19</INSTRUCTION><ISPOSITIVE>1</ISPOSITIVE><MEMBERNODEID>19</MEMBERNODEID><OWNERNODEID>13</OWNERNODEID><SEQUENCE xsi:nil="true"></SEQUENCE><WFACTIONID>19839</WFACTIONID></WFACTION><WFCONDITION><CONDITION>status in ('APPR')</CONDITION><CUSTOMCLASS></CUSTOMCLASS><WFCONDITIONID>10286</WFCONDITIONID></WFCONDITION></WFNODE><WFNODE><DESCRIPTION>STOP 16</DESCRIPTION><DESCRIPTION_LONGDESCRIPTION></DESCRIPTION_LONGDESCRIPTION><HASLD>0</HASLD><IMAGEFILE></IMAGEFILE><LANGCODE>EN</LANGCODE><NODEID>16</NODEID><NODETYPE maxvalue="WFSTOP">STOP</NODETYPE><TITLE>STOP 16</TITLE><WFNODEID>16631</WFNODEID><XCOORDINATE>14</XCOORDINATE><YCOORDINATE>5</YCOORDINATE><WFSTOP><WFSTOPID>7679</WFSTOPID></WFSTOP></WFNODE><WFNODE><DESCRIPTION>Are you Sure you want to CLOSE PO?</DESCRIPTION><DESCRIPTION_LONGDESCRIPTION></DESCRIPTION_LONGDESCRIPTION><HASLD>0</HASLD><IMAGEFILE></IMAGEFILE><LANGCODE>EN</LANGCODE><NODEID>17</NODEID><NODETYPE maxvalue="WFINPUT">INPUT</NODETYPE><TITLE>CHECK - CLOSE</TITLE><WFNODEID>16632</WFNODEID><XCOORDINATE>10</XCOORDINATE><YCOORDINATE>3</YCOORDINATE><WFINPUT><DISPLAYONE>0</DISPLAYONE><WFINPUTID>4618</WFINPUTID></WFINPUT><WFACTION><ACTION></ACTION><ACTIONID>19</ACTIONID><CONDITION></CONDITION><CONDITIONCLASS></CONDITIONCLASS><INSTRUCTION>No. Do not change status to CLOSE.</INSTRUCTION><ISPOSITIVE>1</ISPOSITIVE><MEMBERNODEID>16</MEMBERNODEID><OWNERNODEID>17</OWNERNODEID><SEQUENCE>1</SEQUENCE><WFACTIONID>19840</WFACTIONID></WFACTION><WFACTION><ACTION>PO CLOSE</ACTION><ACTIONID>15</ACTIONID><CONDITION></CONDITION><CONDITIONCLASS></CONDITIONCLASS><INSTRUCTION>Yes. Change Status to CLOSE.</INSTRUCTION><ISPOSITIVE>1</ISPOSITIVE><MEMBERNODEID>2</MEMBERNODEID><OWNERNODEID>17</OWNERNODEID><SEQUENCE>2</SEQUENCE><WFACTIONID>19841</WFACTIONID></WFACTION></WFNODE><WFNODE><DESCRIPTION>Is Status WAPPR/PNDREV</DESCRIPTION><DESCRIPTION_LONGDESCRIPTION></DESCRIPTION_LONGDESCRIPTION><HASLD>0</HASLD><IMAGEFILE></IMAGEFILE><LANGCODE>EN</LANGCODE><NODEID>18</NODEID><NODETYPE maxvalue="WFCONDITION">CONDITION</NODETYPE><TITLE>STATUS - WAPPR/PNDREV?</TITLE><WFNODEID>16633</WFNODEID><XCOORDINATE>5</XCOORDINATE><YCOORDINATE>5</YCOORDINATE><WFACTION><ACTION></ACTION><ACTIONID>32</ACTIONID><CONDITION></CONDITION><CONDITIONCLASS></CONDITIONCLASS><INSTRUCTION>STOP 2</INSTRUCTION><ISPOSITIVE>0</ISPOSITIVE><MEMBERNODEID>2</MEMBERNODEID><OWNERNODEID>18</OWNERNODEID><SEQUENCE xsi:nil="true"></SEQUENCE><WFACTIONID>19842</WFACTIONID></WFACTION><WFACTION><ACTION>IRVNULLQTY</ACTION><ACTIONID>57</ACTIONID><CONDITION></CONDITION><CONDITIONCLASS></CONDITIONCLASS><INSTRUCTION>Is work order to be Cancelled or sent for approval</INSTRUCTION><ISPOSITIVE>1</ISPOSITIVE><MEMBERNODEID>21</MEMBERNODEID><OWNERNODEID>18</OWNERNODEID><SEQUENCE xsi:nil="true"></SEQUENCE><WFACTIONID>19843</WFACTIONID></WFACTION><WFCONDITION><CONDITION>status in ('WAPPR','PNDREV')</CONDITION><CUSTOMCLASS></CUSTOMCLASS><WFCONDITIONID>10287</WFCONDITIONID></WFCONDITION></WFNODE><WFNODE><DESCRIPTION>Change Status of PO.</DESCRIPTION><DESCRIPTION_LONGDESCRIPTION></DESCRIPTION_LONGDESCRIPTION><HASLD>0</HASLD><IMAGEFILE></IMAGEFILE><LANGCODE>EN</LANGCODE><NODEID>19</NODEID><NODETYPE maxvalue="WFINPUT">INPUT</NODETYPE><TITLE>STATUSCHG - REVISE/CLOSE</TITLE><WFNODEID>16634</WFNODEID><XCOORDINATE>7</XCOORDINATE><YCOORDINATE>4</YCOORDINATE><WFINPUT><DISPLAYONE>0</DISPLAYONE><WFINPUTID>4619</WFINPUTID></WFINPUT><WFACTION><ACTION></ACTION><ACTIONID>28</ACTIONID><CONDITION></CONDITION><CONDITIONCLASS></CONDITIONCLASS><INSTRUCTION>Change Status to CLOSE.</INSTRUCTION><ISPOSITIVE>1</ISPOSITIVE><MEMBERNODEID>17</MEMBERNODEID><OWNERNODEID>19</OWNERNODEID><SEQUENCE>3</SEQUENCE><WFACTIONID>19844</WFACTIONID></WFACTION><WFACTION><ACTION></ACTION><ACTIONID>63</ACTIONID><CONDITION></CONDITION><CONDITIONCLASS></CONDITIONCLASS><INSTRUCTION>Revise PO.</INSTRUCTION><ISPOSITIVE>1</ISPOSITIVE><MEMBERNODEID>25</MEMBERNODEID><OWNERNODEID>19</OWNERNODEID><SEQUENCE>4</SEQUENCE><WFACTIONID>19845</WFACTIONID></WFACTION></WFNODE><WFNODE><DESCRIPTION>Are you sure you want to change status to CAN?</DESCRIPTION><DESCRIPTION_LONGDESCRIPTION></DESCRIPTION_LONGDESCRIPTION><HASLD>0</HASLD><IMAGEFILE></IMAGEFILE><LANGCODE>EN</LANGCODE><NODEID>20</NODEID><NODETYPE maxvalue="WFINPUT">INPUT</NODETYPE><TITLE>CHECK - CAN</TITLE><WFNODEID>16635</WFNODEID><XCOORDINATE>10</XCOORDINATE><YCOORDINATE>4</YCOORDINATE><WFINPUT><DISPLAYONE>0</DISPLAYONE><WFINPUTID>4620</WFINPUTID></WFINPUT><WFACTION><ACTION></ACTION><ACTIONID>31</ACTIONID><CONDITION></CONDITION><CONDITIONCLASS></CONDITIONCLASS><INSTRUCTION>No. Do not change status to CAN.</INSTRUCTION><ISPOSITIVE>1</ISPOSITIVE><MEMBERNODEID>16</MEMBERNODEID><OWNERNODEID>20</OWNERNODEID><SEQUENCE>1</SEQUENCE><WFACTIONID>19846</WFACTIONID></WFACTION><WFACTION><ACTION>PO CANCEL</ACTION><ACTIONID>30</ACTIONID><CONDITION></CONDITION><CONDITIONCLASS></CONDITIONCLASS><INSTRUCTION>Yes. Change Status to CAN.</INSTRUCTION><ISPOSITIVE>1</ISPOSITIVE><MEMBERNODEID>2</MEMBERNODEID><OWNERNODEID>20</OWNERNODEID><SEQUENCE>2</SEQUENCE><WFACTIONID>19847</WFACTIONID></WFACTION></WFNODE><WFNODE><DESCRIPTION>Is PO to be cancelled or sent for approval?</DESCRIPTION><DESCRIPTION_LONGDESCRIPTION></DESCRIPTION_LONGDESCRIPTION><HASLD>0</HASLD><IMAGEFILE></IMAGEFILE><LANGCODE>EN</LANGCODE><NODEID>21</NODEID><NODETYPE maxvalue="WFINPUT">INPUT</NODETYPE><TITLE>STATUSCHG - APPR/CAN</TITLE><WFNODEID>16636</WFNODEID><XCOORDINATE>7</XCOORDINATE><YCOORDINATE>5</YCOORDINATE><WFINPUT><DISPLAYONE>0</DISPLAYONE><WFINPUTID>4621</WFINPUTID></WFINPUT><WFACTION><ACTION></ACTION><ACTIONID>35</ACTIONID><CONDITION></CONDITION><CONDITIONCLASS></CONDITIONCLASS><INSTRUCTION>Submit for Approval.</INSTRUCTION><ISPOSITIVE>1</ISPOSITIVE><MEMBERNODEID>22</MEMBERNODEID><OWNERNODEID>21</OWNERNODEID><SEQUENCE>1</SEQUENCE><WFACTIONID>19848</WFACTIONID></WFACTION><WFACTION><ACTION></ACTION><ACTIONID>34</ACTIONID><CONDITION></CONDITION><CONDITIONCLASS></CONDITIONCLASS><INSTRUCTION>Change Status to CAN.</INSTRUCTION><ISPOSITIVE>1</ISPOSITIVE><MEMBERNODEID>20</MEMBERNODEID><OWNERNODEID>21</OWNERNODEID><SEQUENCE>2</SEQUENCE><WFACTIONID>19849</WFACTIONID></WFACTION></WFNODE><WFNODE><DESCRIPTION>HALA P2P PO Approval</DESCRIPTION><DESCRIPTION_LONGDESCRIPTION></DESCRIPTION_LONGDESCRIPTION><HASLD>0</HASLD><IMAGEFILE></IMAGEFILE><LANGCODE>EN</LANGCODE><NODEID>22</NODEID><NODETYPE maxvalue="WFSUBPROCESS">SUBPROCESS</NODETYPE><TITLE>POAPPR</TITLE><WFNODEID>16637</WFNODEID><XCOORDINATE>10</XCOORDINATE><YCOORDINATE>5</YCOORDINATE><WFACTION><ACTION></ACTION><ACTIONID>36</ACTIONID><CONDITION></CONDITION><CONDITIONCLASS></CONDITIONCLASS><INSTRUCTION>STOP 16</INSTRUCTION><ISPOSITIVE>1</ISPOSITIVE><MEMBERNODEID>16</MEMBERNODEID><OWNERNODEID>22</OWNERNODEID><SEQUENCE xsi:nil="true"></SEQUENCE><WFACTIONID>19850</WFACTIONID></WFACTION><WFACTION><ACTION></ACTION><ACTIONID>84</ACTIONID><CONDITION></CONDITION><CONDITIONCLASS></CONDITIONCLASS><INSTRUCTION>STOP 16</INSTRUCTION><ISPOSITIVE>0</ISPOSITIVE><MEMBERNODEID>16</MEMBERNODEID><OWNERNODEID>22</OWNERNODEID><SEQUENCE xsi:nil="true"></SEQUENCE><WFACTIONID>19855</WFACTIONID></WFACTION><WFSUBPROCESS><SUBPROCESSNAME>POAPPR</SUBPROCESSNAME><WFSUBPROCESSID>4319</WFSUBPROCESSID></WFSUBPROCESS></WFNODE><WFNODE><DESCRIPTION>Status is Revised?</DESCRIPTION><DESCRIPTION_LONGDESCRIPTION></DESCRIPTION_LONGDESCRIPTION><HASLD>0</HASLD><IMAGEFILE></IMAGEFILE><LANGCODE>EN</LANGCODE><NODEID>23</NODEID><NODETYPE maxvalue="WFCONDITION">CONDITION</NODETYPE><TITLE>STATUS - REVISED?</TITLE><WFNODEID>16638</WFNODEID><XCOORDINATE>5</XCOORDINATE><YCOORDINATE>1</YCOORDINATE><WFACTION><ACTION></ACTION><ACTIONID>60</ACTIONID><CONDITION></CONDITION><CONDITIONCLASS></CONDITIONCLASS><INSTRUCTION>Is Status CLOSE or CAN</INSTRUCTION><ISPOSITIVE>0</ISPOSITIVE><MEMBERNODEID>3</MEMBERNODEID><OWNERNODEID>23</OWNERNODEID><SEQUENCE xsi:nil="true"></SEQUENCE><WFACTIONID>19851</WFACTIONID></WFACTION><WFACTION><ACTION></ACTION><ACTIONID>61</ACTIONID><CONDITION></CONDITION><CONDITIONCLASS></CONDITIONCLASS><INSTRUCTION>MSG</INSTRUCTION><ISPOSITIVE>1</ISPOSITIVE><MEMBERNODEID>24</MEMBERNODEID><OWNERNODEID>23</OWNERNODEID><SEQUENCE xsi:nil="true"></SEQUENCE><WFACTIONID>19852</WFACTIONID></WFACTION><WFCONDITION><CONDITION>status = 'REVISD'</CONDITION><CUSTOMCLASS></CUSTOMCLASS><WFCONDITIONID>10288</WFCONDITIONID></WFCONDITION></WFNODE><WFNODE><DESCRIPTION>REVISED PO</DESCRIPTION><DESCRIPTION_LONGDESCRIPTION></DESCRIPTION_LONGDESCRIPTION><HASLD>0</HASLD><IMAGEFILE></IMAGEFILE><LANGCODE>EN</LANGCODE><NODEID>24</NODEID><NODETYPE maxvalue="WFINTERACTION">INTERACTION</NODETYPE><TITLE>REVISED PO</TITLE><WFNODEID>16639</WFNODEID><XCOORDINATE>7</XCOORDINATE><YCOORDINATE>1</YCOORDINATE><WFACTION><ACTION></ACTION><ACTIONID>62</ACTIONID><CONDITION></CONDITION><CONDITIONCLASS></CONDITIONCLASS><INSTRUCTION>STOP 2</INSTRUCTION><ISPOSITIVE>1</ISPOSITIVE><MEMBERNODEID>2</MEMBERNODEID><OWNERNODEID>24</OWNERNODEID><SEQUENCE xsi:nil="true"></SEQUENCE><WFACTIONID>19853</WFACTIONID></WFACTION><WFINTERACTION><ACTION></ACTION><APP></APP><DIRECTIONS>Error - Status REVISD.</DIRECTIONS><DIRECTIONS_LONGDESCRIPTION>The status is REVISD, please process the latest revision.</DIRECTIONS_LONGDESCRIPTION><HASLD>1</HASLD><LANGCODE>EN</LANGCODE><LAUNCHPROCESS></LAUNCHPROCESS><PAGE></PAGE><RELATION></RELATION><TABNAME></TABNAME><WFINTERACTIONID>6417</WFINTERACTIONID><LONGDESCRIPTION><CONTENTUID>470,319</CONTENTUID><LANGCODE>EN</LANGCODE><LDKEY>6417</LDKEY><LDOWNERCOL>DIRECTIONS</LDOWNERCOL><LDOWNERTABLE>WFINTERACTION</LDOWNERTABLE><LDTEXT>The status is REVISD, please process the latest revision.</LDTEXT><LONGDESCRIPTIONID>470319</LONGDESCRIPTIONID></LONGDESCRIPTION></WFINTERACTION></WFNODE><WFNODE><DESCRIPTION>Revise PO</DESCRIPTION><DESCRIPTION_LONGDESCRIPTION></DESCRIPTION_LONGDESCRIPTION><HASLD>0</HASLD><IMAGEFILE></IMAGEFILE><LANGCODE>EN</LANGCODE><NODEID>25</NODEID><NODETYPE maxvalue="WFINTERACTION">INTERACTION</NODETYPE><TITLE>REV PO</TITLE><WFNODEID>16640</WFNODEID><XCOORDINATE>15</XCOORDINATE><YCOORDINATE>4</YCOORDINATE><WFACTION><ACTION></ACTION><ACTIONID>66</ACTIONID><CONDITION></CONDITION><CONDITIONCLASS></CONDITIONCLASS><INSTRUCTION>STOP 26</INSTRUCTION><ISPOSITIVE>1</ISPOSITIVE><MEMBERNODEID>26</MEMBERNODEID><OWNERNODEID>25</OWNERNODEID><SEQUENCE xsi:nil="true"></SEQUENCE><WFACTIONID>19854</WFACTIONID></WFACTION><WFINTERACTION><ACTION></ACTION><APP></APP><DIRECTIONS>Revise PO</DIRECTIONS><DIRECTIONS_LONGDESCRIPTION>To revise the PO choose 'Revise PO' from the select action menu.</DIRECTIONS_LONGDESCRIPTION><HASLD>1</HASLD><LANGCODE>EN</LANGCODE><LAUNCHPROCESS></LAUNCHPROCESS><PAGE></PAGE><RELATION></RELATION><TABNAME></TABNAME><WFINTERACTIONID>6418</WFINTERACTIONID><LONGDESCRIPTION><CONTENTUID>470,320</CONTENTUID><LANGCODE>EN</LANGCODE><LDKEY>6418</LDKEY><LDOWNERCOL>DIRECTIONS</LDOWNERCOL><LDOWNERTABLE>WFINTERACTION</LDOWNERTABLE><LDTEXT>To revise the PO choose 'Revise PO' from the select action menu.</LDTEXT><LONGDESCRIPTIONID>470320</LONGDESCRIPTIONID></LONGDESCRIPTION></WFINTERACTION></WFNODE><WFNODE><DESCRIPTION>STOP 26</DESCRIPTION><DESCRIPTION_LONGDESCRIPTION></DESCRIPTION_LONGDESCRIPTION><HASLD>0</HASLD><IMAGEFILE></IMAGEFILE><LANGCODE>EN</LANGCODE><NODEID>26</NODEID><NODETYPE maxvalue="WFSTOP">STOP</NODETYPE><TITLE>STOP 26</TITLE><WFNODEID>16641</WFNODEID><XCOORDINATE>16</XCOORDINATE><YCOORDINATE>4</YCOORDINATE><WFSTOP><WFSTOPID>7680</WFSTOPID></WFSTOP></WFNODE></WFPROCESS><WFPROCESS action="AddChange"><ACTIVE>0</ACTIVE><AUTOINITIATE>0</AUTOINITIATE><CHANGEBY>TIMMINSA</CHANGEBY><CHANGEDATE>2014-09-09T13:03:47+01:00</CHANGEDATE><DELETABLE>0</DELETABLE><DESCRIPTION>P2P - Approval process</DESCRIPTION><DESCRIPTION_LONGDESCRIPTION></DESCRIPTION_LONGDESCRIPTION><ENABLED>1</ENABLED><EXTERNALREFID></EXTERNALREFID><HASLD>0</HASLD><LANGCODE>EN</LANGCODE><MIGRATED>0</MIGRATED><OBJECTNAME>PO</OBJECTNAME><OWNERSYSID></OWNERSYSID><PROCESSNAME>POAPPR</PROCESSNAME><PROCESSREV>17</PROCESSREV><SENDERSYSID>MX</SENDERSYSID><SOURCESYSID></SOURCESYSID><WFPROCESSID>6119</WFPROCESSID><WFNODE><DESCRIPTION>START 1</DESCRIPTION><DESCRIPTION_LONGDESCRIPTION></DESCRIPTION_LONGDESCRIPTION><HASLD>0</HASLD><IMAGEFILE></IMAGEFILE><LANGCODE>EN</LANGCODE><NODEID>1</NODEID><NODETYPE maxvalue="WFSTART">START</NODETYPE><TITLE>START 1</TITLE><WFNODEID>16598</WFNODEID><XCOORDINATE>1</XCOORDINATE><YCOORDINATE>1</YCOORDINATE><WFSTART><WFSTARTID>6120</WFSTARTID></WFSTART><WFACTION><ACTION></ACTION><ACTIONID>0</ACTIONID><CONDITION></CONDITION><CONDITIONCLASS></CONDITIONCLASS><INSTRUCTION>CONDITION 3</INSTRUCTION><ISPOSITIVE>1</ISPOSITIVE><MEMBERNODEID>3</MEMBERNODEID><OWNERNODEID>1</OWNERNODEID><SEQUENCE xsi:nil="true"></SEQUENCE><WFACTIONID>19783</WFACTIONID></WFACTION></WFNODE><WFNODE><DESCRIPTION>STOP 2</DESCRIPTION><DESCRIPTION_LONGDESCRIPTION></DESCRIPTION_LONGDESCRIPTION><HASLD>0</HASLD><IMAGEFILE></IMAGEFILE><LANGCODE>EN</LANGCODE><NODEID>2</NODEID><NODETYPE maxvalue="WFSTOP">STOP</NODETYPE><TITLE>STOP 2</TITLE><WFNODEID>16599</WFNODEID><XCOORDINATE>20</XCOORDINATE><YCOORDINATE>1</YCOORDINATE><WFSTOP><WFSTOPID>7674</WFSTOPID></WFSTOP></WFNODE><WFNODE><DESCRIPTION>Check PO is valid</DESCRIPTION><DESCRIPTION_LONGDESCRIPTION></DESCRIPTION_LONGDESCRIPTION><HASLD>0</HASLD><IMAGEFILE></IMAGEFILE><LANGCODE>EN</LANGCODE><NODEID>3</NODEID><NODETYPE maxvalue="WFCONDITION">CONDITION</NODETYPE><TITLE>POCHK1</TITLE><WFNODEID>16600</WFNODEID><XCOORDINATE>3</XCOORDINATE><YCOORDINATE>1</YCOORDINATE><WFACTION><ACTION></ACTION><ACTIONID>1</ACTIONID><CONDITION></CONDITION><CONDITIONCLASS></CONDITIONCLASS><INSTRUCTION>Check PO cost &gt; 0, poline delivery date and gl account</INSTRUCTION><ISPOSITIVE>0</ISPOSITIVE><MEMBERNODEID>6</MEMBERNODEID><OWNERNODEID>3</OWNERNODEID><SEQUENCE xsi:nil="true"></SEQUENCE><WFACTIONID>19784</WFACTIONID></WFACTION><WFACTION><ACTION></ACTION><ACTIONID>240</ACTIONID><CONDITION></CONDITION><CONDITIONCLASS></CONDITIONCLASS><INSTRUCTION>POTYPE?</INSTRUCTION><ISPOSITIVE>1</ISPOSITIVE><MEMBERNODEID>98</MEMBERNODEID><OWNERNODEID>3</OWNERNODEID><SEQUENCE xsi:nil="true"></SEQUENCE><WFACTIONID>19827</WFACTIONID></WFACTION><WFCONDITION><CONDITION>(exists (select 1 from site where site.siteid = :siteid ) and exists (select 1 from poline where poline.ponum = :ponum and poline.siteid = :siteid and (gldebitacct is null OR gldebitacct like '%?%' OR (len(gldebitacct) - len(replace(gldebitacct,'-',''))) = 2 OR reqdeliverydate is null)) or :totalcost = '0') and (not exists (select 1 from companies where companies.company = :vendor and companies.orgid = :orgid and irv_tobedisabled = 1))</CONDITION><CUSTOMCLASS></CUSTOMCLASS><WFCONDITIONID>10274</WFCONDITIONID></WFCONDITION></WFNODE><WFNODE><DESCRIPTION>Check PO cost &gt; 0, poline delivery date and gl account</DESCRIPTION><DESCRIPTION_LONGDESCRIPTION></DESCRIPTION_LONGDESCRIPTION><HASLD>0</HASLD><IMAGEFILE></IMAGEFILE><LANGCODE>EN</LANGCODE><NODEID>6</NODEID><NODETYPE maxvalue="WFINTERACTION">INTERACTION</NODETYPE><TITLE>CHK1</TITLE><WFNODEID>16602</WFNODEID><XCOORDINATE>5</XCOORDINATE><YCOORDINATE>1</YCOORDINATE><WFACTION><ACTION></ACTION><ACTIONID>2</ACTIONID><CONDITION></CONDITION><CONDITIONCLASS></CONDITIONCLASS><INSTRUCTION>STOP 2</INSTRUCTION><ISPOSITIVE>1</ISPOSITIVE><MEMBERNODEID>2</MEMBERNODEID><OWNERNODEID>6</OWNERNODEID><SEQUENCE xsi:nil="true"></SEQUENCE><WFACTIONID>19793</WFACTIONID></WFACTION><WFINTERACTION><ACTION></ACTION><APP></APP><DIRECTIONS>ERROR PO NOT COMPLETE</DIRECTIONS><DIRECTIONS_LONGDESCRIPTION>Please check GL Account, Delivery Date, Line Cost and Vendor.</DIRECTIONS_LONGDESCRIPTION><HASLD>1</HASLD><LANGCODE>EN</LANGCODE><LAUNCHPROCESS></LAUNCHPROCESS><PAGE></PAGE><RELATION></RELATION><TABNAME></TABNAME><WFINTERACTIONID>6413</WFINTERACTIONID><LONGDESCRIPTION><CONTENTUID>470,315</CONTENTUID><LANGCODE>EN</LANGCODE><LDKEY>6413</LDKEY><LDOWNERCOL>DIRECTIONS</LDOWNERCOL><LDOWNERTABLE>WFINTERACTION</LDOWNERTABLE><LDTEXT>Please check GL Account, Delivery Date, Line Cost and Vendor.</LDTEXT><LONGDESCRIPTIONID>470315</LONGDESCRIPTIONID></LONGDESCRIPTION></WFINTERACTION></WFNODE><WFNODE><DESCRIPTION>Approve or Query PO</DESCRIPTION><DESCRIPTION_LONGDESCRIPTION></DESCRIPTION_LONGDESCRIPTION><HASLD>0</HASLD><IMAGEFILE></IMAGEFILE><LANGCODE>EN</LANGCODE><NODEID>28</NODEID><NODETYPE maxvalue="WFINPUT">INPUT</NODETYPE><TITLE>POACT1</TITLE><WFNODEID>16603</WFNODEID><XCOORDINATE>16</XCOORDINATE><YCOORDINATE>3</YCOORDINATE><WFINPUT><DISPLAYONE>0</DISPLAYONE><WFINPUTID>4615</WFINPUTID></WFINPUT><WFACTION><ACTION></ACTION><ACTIONID>33</ACTIONID><CONDITION></CONDITION><CONDITIONCLASS></CONDITIONCLASS><INSTRUCTION>Query PO</INSTRUCTION><ISPOSITIVE>1</ISPOSITIVE><MEMBERNODEID>29</MEMBERNODEID><OWNERNODEID>28</OWNERNODEID><SEQUENCE>1</SEQUENCE><WFACTIONID>19794</WFACTIONID></WFACTION><WFACTION><ACTION></ACTION><ACTIONID>107</ACTIONID><CONDITION></CONDITION><CONDITIONCLASS></CONDITIONCLASS><INSTRUCTION>Approve PO</INSTRUCTION><ISPOSITIVE>1</ISPOSITIVE><MEMBERNODEID>71</MEMBERNODEID><OWNERNODEID>28</OWNERNODEID><SEQUENCE>2</SEQUENCE><WFACTIONID>19795</WFACTIONID></WFACTION><WFACTION><ACTION></ACTION><ACTIONID>235</ACTIONID><CONDITION></CONDITION><CONDITIONCLASS></CONDITIONCLASS><INSTRUCTION>Stop Workflow (PO will stay at WAPPR till workflow re-started)</INSTRUCTION><ISPOSITIVE>1</ISPOSITIVE><MEMBERNODEID>97</MEMBERNODEID><OWNERNODEID>28</OWNERNODEID><SEQUENCE>3</SEQUENCE><WFACTIONID>19822</WFACTIONID></WFACTION></WFNODE><WFNODE><DESCRIPTION>Query PO</DESCRIPTION><DESCRIPTION_LONGDESCRIPTION></DESCRIPTION_LONGDESCRIPTION><HASLD>0</HASLD><IMAGEFILE></IMAGEFILE><LANGCODE>EN</LANGCODE><NODEID>29</NODEID><NODETYPE maxvalue="WFTASK">TASK</NODETYPE><TITLE>QUERY1</TITLE><WFNODEID>16604</WFNODEID><XCOORDINATE>17</XCOORDINATE><YCOORDINATE>4</YCOORDINATE><WFTASK><APP>PO</APP><CALENDARBASED>0</CALENDARBASED><DISPLAYONE>0</DISPLAYONE><FIRSTCOMPLETE>1</FIRSTCOMPLETE><READONLY>0</READONLY><TIMELIMIT>0.0</TIMELIMIT><WFTASKID>5004</WFTASKID><WFTASKTYPE></WFTASKTYPE></WFTASK><WFASSIGNMENT><ACCEPTEXPR></ACCEPTEXPR><APP>PO</APP><ASSIGNCODE></ASSIGNCODE><ASSIGNID>1</ASSIGNID><ASSIGNSTATUS maxvalue="DEFAULT">DEFAULT</ASSIGNSTATUS><ASSIGN_01></ASSIGN_01><ASSIGN_02></ASSIGN_02><ASSIGN_03></ASSIGN_03><ASSIGN_04></ASSIGN_04><ASSIGN_05></ASSIGN_05><CALENDARBASED>0</CALENDARBASED><CONDITION></CONDITION><CONDITIONCLASS></CONDITIONCLASS><DESCRIPTION>Please Amend PO :ponum as per instructions</DESCRIPTION><DESCRIPTION_LONGDESCRIPTION></DESCRIPTION_LONGDESCRIPTION><DUEDATE xsi:nil="true"></DUEDATE><EMAILNOTIFICATION>0</EMAILNOTIFICATION><ESCROLE></ESCROLE><GROUPNUM xsi:nil="true"></GROUPNUM><HASLD>0</HASLD><LANGCODE>EN</LANGCODE><NONACCEPTMSG></NONACCEPTMSG><ORIGPERSON></ORIGPERSON><OWNERID xsi:nil="true"></OWNERID><OWNERTABLE>PO</OWNERTABLE><PRIORITY xsi:nil="true"></PRIORITY><RELATIONSHIP></RELATIONSHIP><ROLEID>ORIGINATOR</ROLEID><SEPARATEGROUPS>1</SEPARATEGROUPS><STARTDATE xsi:nil="true"></STARTDATE><TEMPLATEID>WFASSIGN</TEMPLATEID><TIMELIMIT>0.0</TIMELIMIT><WFASSIGNMENTID>223921</WFASSIGNMENTID><WFID>0</WFID></WFASSIGNMENT><WFACTION><ACTION></ACTION><ACTIONID>178</ACTIONID><CONDITION></CONDITION><CONDITIONCLASS></CONDITIONCLASS><INSTRUCTION>re-submit or stop workflow</INSTRUCTION><ISPOSITIVE>1</ISPOSITIVE><MEMBERNODEID>74</MEMBERNODEID><OWNERNODEID>29</OWNERNODEID><SEQUENCE xsi:nil="true"></SEQUENCE><WFACTIONID>19796</WFACTIONID></WFACTION></WFNODE><WFNODE><DESCRIPTION>Is Approver the PO originator</DESCRIPTION><DESCRIPTION_LONGDESCRIPTION></DESCRIPTION_LONGDESCRIPTION><HASLD>0</HASLD><IMAGEFILE></IMAGEFILE><LANGCODE>EN</LANGCODE><NODEID>71</NODEID><NODETYPE maxvalue="WFCONDITION">CONDITION</NODETYPE><TITLE>USERCHK1</TITLE><WFNODEID>16606</WFNODEID><XCOORDINATE>17</XCOORDINATE><YCOORDINATE>3</YCOORDINATE><WFACTION><ACTION></ACTION><ACTIONID>109</ACTIONID><CONDITION></CONDITION><CONDITIONCLASS></CONDITIONCLASS><INSTRUCTION>User is also PO originator</INSTRUCTION><ISPOSITIVE>1</ISPOSITIVE><MEMBERNODEID>72</MEMBERNODEID><OWNERNODEID>71</OWNERNODEID><SEQUENCE xsi:nil="true"></SEQUENCE><WFACTIONID>19799</WFACTIONID></WFACTION><WFACTION><ACTION>PO APPR</ACTION><ACTIONID>237</ACTIONID><CONDITION></CONDITION><CONDITIONCLASS></CONDITIONCLASS><INSTRUCTION>STOP 75</INSTRUCTION><ISPOSITIVE>0</ISPOSITIVE><MEMBERNODEID>75</MEMBERNODEID><OWNERNODEID>71</OWNERNODEID><SEQUENCE xsi:nil="true"></SEQUENCE><WFACTIONID>19824</WFACTIONID></WFACTION><WFCONDITION><CONDITION>:user = :changeby</CONDITION><CUSTOMCLASS></CUSTOMCLASS><WFCONDITIONID>10275</WFCONDITIONID></WFCONDITION></WFNODE><WFNODE><DESCRIPTION>User is also PO originator</DESCRIPTION><DESCRIPTION_LONGDESCRIPTION></DESCRIPTION_LONGDESCRIPTION><HASLD>0</HASLD><IMAGEFILE></IMAGEFILE><LANGCODE>EN</LANGCODE><NODEID>72</NODEID><NODETYPE maxvalue="WFINTERACTION">INTERACTION</NODETYPE><TITLE>OWNER PO</TITLE><WFNODEID>16607</WFNODEID><XCOORDINATE>18</XCOORDINATE><YCOORDINATE>2</YCOORDINATE><WFACTION><ACTION></ACTION><ACTIONID>233</ACTIONID><CONDITION></CONDITION><CONDITIONCLASS></CONDITIONCLASS><INSTRUCTION>Check PO is valid</INSTRUCTION><ISPOSITIVE>1</ISPOSITIVE><MEMBERNODEID>3</MEMBERNODEID><OWNERNODEID>72</OWNERNODEID><SEQUENCE xsi:nil="true"></SEQUENCE><WFACTIONID>19820</WFACTIONID></WFACTION><WFINTERACTION><ACTION></ACTION><APP></APP><DIRECTIONS>Error</DIRECTIONS><DIRECTIONS_LONGDESCRIPTION>You cannot approve a PO you have raised.</DIRECTIONS_LONGDESCRIPTION><HASLD>1</HASLD><LANGCODE>EN</LANGCODE><LAUNCHPROCESS></LAUNCHPROCESS><PAGE></PAGE><RELATION></RELATION><TABNAME></TABNAME><WFINTERACTIONID>6414</WFINTERACTIONID><LONGDESCRIPTION><CONTENTUID>470,316</CONTENTUID><LANGCODE>EN</LANGCODE><LDKEY>6414</LDKEY><LDOWNERCOL>DIRECTIONS</LDOWNERCOL><LDOWNERTABLE>WFINTERACTION</LDOWNERTABLE><LDTEXT>You cannot approve a PO you have raised.</LDTEXT><LONGDESCRIPTIONID>470316</LONGDESCRIPTIONID></LONGDESCRIPTION></WFINTERACTION></WFNODE><WFNODE><DESCRIPTION>re-submit or stop workflow</DESCRIPTION><DESCRIPTION_LONGDESCRIPTION></DESCRIPTION_LONGDESCRIPTION><HASLD>0</HASLD><IMAGEFILE></IMAGEFILE><LANGCODE>EN</LANGCODE><NODEID>74</NODEID><NODETYPE maxvalue="WFINPUT">INPUT</NODETYPE><TITLE>CHK1</TITLE><WFNODEID>16608</WFNODEID><XCOORDINATE>19</XCOORDINATE><YCOORDINATE>4</YCOORDINATE><WFINPUT><DISPLAYONE>0</DISPLAYONE><WFINPUTID>4616</WFINPUTID></WFINPUT><WFACTION><ACTION></ACTION><ACTIONID>180</ACTIONID><CONDITION></CONDITION><CONDITIONCLASS></CONDITIONCLASS><INSTRUCTION>Resubmit PO</INSTRUCTION><ISPOSITIVE>1</ISPOSITIVE><MEMBERNODEID>3</MEMBERNODEID><OWNERNODEID>74</OWNERNODEID><SEQUENCE>1</SEQUENCE><WFACTIONID>19801</WFACTIONID></WFACTION><WFACTION><ACTION></ACTION><ACTIONID>179</ACTIONID><CONDITION></CONDITION><CONDITIONCLASS></CONDITIONCLASS><INSTRUCTION>Stop Workflow (PO will stay at WAPPR till workflow re-started)</INSTRUCTION><ISPOSITIVE>1</ISPOSITIVE><MEMBERNODEID>2</MEMBERNODEID><OWNERNODEID>74</OWNERNODEID><SEQUENCE>2</SEQUENCE><WFACTIONID>19802</WFACTIONID></WFACTION><WFACTION><ACTION>PO CAN</ACTION><ACTIONID>182</ACTIONID><CONDITION></CONDITION><CONDITIONCLASS></CONDITIONCLASS><INSTRUCTION>Cancel PO</INSTRUCTION><ISPOSITIVE>1</ISPOSITIVE><MEMBERNODEID>75</MEMBERNODEID><OWNERNODEID>74</OWNERNODEID><SEQUENCE>3</SEQUENCE><WFACTIONID>19803</WFACTIONID></WFACTION></WFNODE><WFNODE><DESCRIPTION>STOP 75</DESCRIPTION><DESCRIPTION_LONGDESCRIPTION></DESCRIPTION_LONGDESCRIPTION><HASLD>0</HASLD><IMAGEFILE></IMAGEFILE><LANGCODE>EN</LANGCODE><NODEID>75</NODEID><NODETYPE maxvalue="WFSTOP">STOP</NODETYPE><TITLE>STOP 75</TITLE><WFNODEID>16609</WFNODEID><XCOORDINATE>20</XCOORDINATE><YCOORDINATE>3</YCOORDINATE><WFSTOP><WFSTOPID>7675</WFSTOPID></WFSTOP></WFNODE><WFNODE><DESCRIPTION>ASSIGNED?</DESCRIPTION><DESCRIPTION_LONGDESCRIPTION></DESCRIPTION_LONGDESCRIPTION><HASLD>0</HASLD><IMAGEFILE></IMAGEFILE><LANGCODE>EN</LANGCODE><NODEID>88</NODEID><NODETYPE maxvalue="WFCONDITION">CONDITION</NODETYPE><TITLE>ASSIGNED?</TITLE><WFNODEID>16610</WFNODEID><XCOORDINATE>8</XCOORDINATE><YCOORDINATE>3</YCOORDINATE><WFACTION><ACTION></ACTION><ACTIONID>206</ACTIONID><CONDITION></CONDITION><CONDITIONCLASS></CONDITIONCLASS><INSTRUCTION>TASK 95</INSTRUCTION><ISPOSITIVE>1</ISPOSITIVE><MEMBERNODEID>95</MEMBERNODEID><OWNERNODEID>88</OWNERNODEID><SEQUENCE xsi:nil="true"></SEQUENCE><WFACTIONID>19804</WFACTIONID></WFACTION><WFACTION><ACTION></ACTION><ACTIONID>215</ACTIONID><CONDITION></CONDITION><CONDITIONCLASS></CONDITIONCLASS><INSTRUCTION>TASK 96</INSTRUCTION><ISPOSITIVE>0</ISPOSITIVE><MEMBERNODEID>96</MEMBERNODEID><OWNERNODEID>88</OWNERNODEID><SEQUENCE xsi:nil="true"></SEQUENCE><WFACTIONID>19805</WFACTIONID></WFACTION><WFCONDITION><CONDITION>IRV_APPRGRP is not null</CONDITION><CUSTOMCLASS></CUSTOMCLASS><WFCONDITIONID>10276</WFCONDITIONID></WFCONDITION></WFNODE><WFNODE><DESCRIPTION>ASSIGN GROUP</DESCRIPTION><DESCRIPTION_LONGDESCRIPTION></DESCRIPTION_LONGDESCRIPTION><HASLD>0</HASLD><IMAGEFILE></IMAGEFILE><LANGCODE>EN</LANGCODE><NODEID>95</NODEID><NODETYPE maxvalue="WFTASK">TASK</NODETYPE><TITLE>ASSIGN GROUP</TITLE><WFNODEID>16617</WFNODEID><XCOORDINATE>13</XCOORDINATE><YCOORDINATE>3</YCOORDINATE><WFTASK><APP>PO</APP><CALENDARBASED>0</CALENDARBASED><DISPLAYONE>1</DISPLAYONE><FIRSTCOMPLETE>1</FIRSTCOMPLETE><READONLY>0</READONLY><TIMELIMIT>0.0</TIMELIMIT><WFTASKID>5006</WFTASKID><WFTASKTYPE></WFTASKTYPE></WFTASK><WFASSIGNMENT><ACCEPTEXPR></ACCEPTEXPR><APP>PO</APP><ASSIGNCODE></ASSIGNCODE><ASSIGNID>1</ASSIGNID><ASSIGNSTATUS maxvalue="DEFAULT">DEFAULT</ASSIGNSTATUS><ASSIGN_01></ASSIGN_01><ASSIGN_02></ASSIGN_02><ASSIGN_03></ASSIGN_03><ASSIGN_04></ASSIGN_04><ASSIGN_05></ASSIGN_05><CALENDARBASED>0</CALENDARBASED><CONDITION></CONDITION><CONDITIONCLASS></CONDITIONCLASS><DESCRIPTION>PO :ponum assigned for your approval.</DESCRIPTION><DESCRIPTION_LONGDESCRIPTION></DESCRIPTION_LONGDESCRIPTION><DUEDATE xsi:nil="true"></DUEDATE><EMAILNOTIFICATION>0</EMAILNOTIFICATION><ESCROLE></ESCROLE><GROUPNUM xsi:nil="true"></GROUPNUM><HASLD>0</HASLD><LANGCODE>EN</LANGCODE><NONACCEPTMSG></NONACCEPTMSG><ORIGPERSON></ORIGPERSON><OWNERID xsi:nil="true"></OWNERID><OWNERTABLE>PO</OWNERTABLE><PRIORITY xsi:nil="true"></PRIORITY><RELATIONSHIP></RELATIONSHIP><ROLEID>POAPPR</ROLEID><SEPARATEGROUPS>1</SEPARATEGROUPS><STARTDATE xsi:nil="true"></STARTDATE><TEMPLATEID>WFASSIGN</TEMPLATEID><TIMELIMIT>0.0</TIMELIMIT><WFASSIGNMENTID>223923</WFASSIGNMENTID><WFID>0</WFID></WFASSIGNMENT><WFACTION><ACTION></ACTION><ACTIONID>221</ACTIONID><CONDITION></CONDITION><CONDITIONCLASS></CONDITIONCLASS><INSTRUCTION>Approve or Query PO</INSTRUCTION><ISPOSITIVE>1</ISPOSITIVE><MEMBERNODEID>28</MEMBERNODEID><OWNERNODEID>95</OWNERNODEID><SEQUENCE xsi:nil="true"></SEQUENCE><WFACTIONID>19818</WFACTIONID></WFACTION></WFNODE><WFNODE><DESCRIPTION>ASSIGN DEFAULT</DESCRIPTION><DESCRIPTION_LONGDESCRIPTION></DESCRIPTION_LONGDESCRIPTION><HASLD>0</HASLD><IMAGEFILE></IMAGEFILE><LANGCODE>EN</LANGCODE><NODEID>96</NODEID><NODETYPE maxvalue="WFTASK">TASK</NODETYPE><TITLE>ASSIGN DEFAULT</TITLE><WFNODEID>16618</WFNODEID><XCOORDINATE>13</XCOORDINATE><YCOORDINATE>4</YCOORDINATE><WFTASK><APP>PO</APP><CALENDARBASED>0</CALENDARBASED><DISPLAYONE>1</DISPLAYONE><FIRSTCOMPLETE>1</FIRSTCOMPLETE><READONLY>0</READONLY><TIMELIMIT>0.0</TIMELIMIT><WFTASKID>5007</WFTASKID><WFTASKTYPE></WFTASKTYPE></WFTASK><WFASSIGNMENT><ACCEPTEXPR></ACCEPTEXPR><APP>PO</APP><ASSIGNCODE></ASSIGNCODE><ASSIGNID>1</ASSIGNID><ASSIGNSTATUS maxvalue="DEFAULT">DEFAULT</ASSIGNSTATUS><ASSIGN_01></ASSIGN_01><ASSIGN_02></ASSIGN_02><ASSIGN_03></ASSIGN_03><ASSIGN_04></ASSIGN_04><ASSIGN_05></ASSIGN_05><CALENDARBASED>0</CALENDARBASED><CONDITION></CONDITION><CONDITIONCLASS></CONDITIONCLASS><DESCRIPTION>ASSIGN DEFAULT</DESCRIPTION><DESCRIPTION_LONGDESCRIPTION></DESCRIPTION_LONGDESCRIPTION><DUEDATE xsi:nil="true"></DUEDATE><EMAILNOTIFICATION>0</EMAILNOTIFICATION><ESCROLE></ESCROLE><GROUPNUM xsi:nil="true"></GROUPNUM><HASLD>0</HASLD><LANGCODE>EN</LANGCODE><NONACCEPTMSG></NONACCEPTMSG><ORIGPERSON></ORIGPERSON><OWNERID xsi:nil="true"></OWNERID><OWNERTABLE>PO</OWNERTABLE><PRIORITY xsi:nil="true"></PRIORITY><RELATIONSHIP></RELATIONSHIP><ROLEID>HAAGY100</ROLEID><SEPARATEGROUPS>1</SEPARATEGROUPS><STARTDATE xsi:nil="true"></STARTDATE><TEMPLATEID>WFASSIGN</TEMPLATEID><TIMELIMIT>0.0</TIMELIMIT><WFASSIGNMENTID>223924</WFASSIGNMENTID><WFID>0</WFID></WFASSIGNMENT><WFACTION><ACTION></ACTION><ACTIONID>220</ACTIONID><CONDITION></CONDITION><CONDITIONCLASS></CONDITIONCLASS><INSTRUCTION>Approve or Query PO</INSTRUCTION><ISPOSITIVE>1</ISPOSITIVE><MEMBERNODEID>28</MEMBERNODEID><OWNERNODEID>96</OWNERNODEID><SEQUENCE xsi:nil="true"></SEQUENCE><WFACTIONID>19819</WFACTIONID></WFACTION></WFNODE><WFNODE><DESCRIPTION>STOP 97</DESCRIPTION><DESCRIPTION_LONGDESCRIPTION></DESCRIPTION_LONGDESCRIPTION><HASLD>0</HASLD><IMAGEFILE></IMAGEFILE><LANGCODE>EN</LANGCODE><NODEID>97</NODEID><NODETYPE maxvalue="WFSTOP">STOP</NODETYPE><TITLE>STOP 97</TITLE><WFNODEID>16619</WFNODEID><XCOORDINATE>16</XCOORDINATE><YCOORDINATE>2</YCOORDINATE><WFSTOP><WFSTOPID>7676</WFSTOPID></WFSTOP></WFNODE><WFNODE><DESCRIPTION>POTYPE?</DESCRIPTION><DESCRIPTION_LONGDESCRIPTION></DESCRIPTION_LONGDESCRIPTION><HASLD>0</HASLD><IMAGEFILE></IMAGEFILE><LANGCODE>EN</LANGCODE><NODEID>98</NODEID><NODETYPE maxvalue="WFCONDITION">CONDITION</NODETYPE><TITLE>POTYPE?</TITLE><WFNODEID>16620</WFNODEID><XCOORDINATE>4</XCOORDINATE><YCOORDINATE>3</YCOORDINATE><WFACTION><ACTION>IRV_SETAPPRGRP</ACTION><ACTIONID>238</ACTIONID><CONDITION></CONDITION><CONDITIONCLASS></CONDITIONCLASS><INSTRUCTION>ASSIGNED?</INSTRUCTION><ISPOSITIVE>1</ISPOSITIVE><MEMBERNODEID>88</MEMBERNODEID><OWNERNODEID>98</OWNERNODEID><SEQUENCE xsi:nil="true"></SEQUENCE><WFACTIONID>19825</WFACTIONID></WFACTION><WFACTION><ACTION></ACTION><ACTIONID>241</ACTIONID><CONDITION></CONDITION><CONDITIONCLASS></CONDITIONCLASS><INSTRUCTION>INTERACTION 99</INSTRUCTION><ISPOSITIVE>0</ISPOSITIVE><MEMBERNODEID>99</MEMBERNODEID><OWNERNODEID>98</OWNERNODEID><SEQUENCE xsi:nil="true"></SEQUENCE><WFACTIONID>19828</WFACTIONID></WFACTION><WFCONDITION><CONDITION>IRV_POTYPE  is not null</CONDITION><CUSTOMCLASS></CUSTOMCLASS><WFCONDITIONID>10283</WFCONDITIONID></WFCONDITION></WFNODE><WFNODE><DESCRIPTION>PO Type</DESCRIPTION><DESCRIPTION_LONGDESCRIPTION></DESCRIPTION_LONGDESCRIPTION><HASLD>0</HASLD><IMAGEFILE></IMAGEFILE><LANGCODE>EN</LANGCODE><NODEID>99</NODEID><NODETYPE maxvalue="WFINTERACTION">INTERACTION</NODETYPE><TITLE>POTYPE</TITLE><WFNODEID>16621</WFNODEID><XCOORDINATE>8</XCOORDINATE><YCOORDINATE>2</YCOORDINATE><WFACTION><ACTION></ACTION><ACTIONID>242</ACTIONID><CONDITION></CONDITION><CONDITIONCLASS></CONDITIONCLASS><INSTRUCTION>STOP 97</INSTRUCTION><ISPOSITIVE>1</ISPOSITIVE><MEMBERNODEID>97</MEMBERNODEID><OWNERNODEID>99</OWNERNODEID><SEQUENCE xsi:nil="true"></SEQUENCE><WFACTIONID>19829</WFACTIONID></WFACTION><WFINTERACTION><ACTION></ACTION><APP></APP><DIRECTIONS>PO Type</DIRECTIONS><DIRECTIONS_LONGDESCRIPTION>Please populate the PO type.</DIRECTIONS_LONGDESCRIPTION><HASLD>1</HASLD><LANGCODE>EN</LANGCODE><LAUNCHPROCESS></LAUNCHPROCESS><PAGE></PAGE><RELATION></RELATION><TABNAME></TABNAME><WFINTERACTIONID>6415</WFINTERACTIONID><LONGDESCRIPTION><CONTENTUID>470,317</CONTENTUID><LANGCODE>EN</LANGCODE><LDKEY>6415</LDKEY><LDOWNERCOL>DIRECTIONS</LDOWNERCOL><LDOWNERTABLE>WFINTERACTION</LDOWNERTABLE><LDTEXT>Please populate the PO type.</LDTEXT><LONGDESCRIPTIONID>470317</LONGDESCRIPTIONID></LONGDESCRIPTION></WFINTERACTION></WFNODE></WFPROCESS><WFPROCESS action="AddChange"><ACTIVE>0</ACTIVE><AUTOINITIATE>0</AUTOINITIATE><CHANGEBY>TIMMINSA</CHANGEBY><CHANGEDATE>2014-09-17T14:36:23+01:00</CHANGEDATE><DELETABLE>0</DELETABLE><DESCRIPTION>Sub Workflow for Purchase Invoices L</DESCRIPTION><DESCRIPTION_LONGDESCRIPTION></DESCRIPTION_LONGDESCRIPTION><ENABLED>1</ENABLED><EXTERNALREFID></EXTERNALREFID><HASLD>0</HASLD><LANGCODE>EN</LANGCODE><MIGRATED>0</MIGRATED><OBJECTNAME>INVOICE</OBJECTNAME><OWNERSYSID></OWNERSYSID><PROCESSNAME>SUBINVWF</PROCESSNAME><PROCESSREV>10</PROCESSREV><SENDERSYSID>MX</SENDERSYSID><SOURCESYSID></SOURCESYSID><WFPROCESSID>6218</WFPROCESSID><WFNODE><DESCRIPTION>START 1</DESCRIPTION><DESCRIPTION_LONGDESCRIPTION></DESCRIPTION_LONGDESCRIPTION><HASLD>0</HASLD><IMAGEFILE></IMAGEFILE><LANGCODE>EN</LANGCODE><NODEID>1</NODEID><NODETYPE maxvalue="WFSTART">START</NODETYPE><TITLE>START 1</TITLE><WFNODEID>16792</WFNODEID><XCOORDINATE>1</XCOORDINATE><YCOORDINATE>1</YCOORDINATE><WFSTART><WFSTARTID>6218</WFSTARTID></WFSTART><WFACTION><ACTION>IRV_INVVAL</ACTION><ACTIONID>225</ACTIONID><CONDITION></CONDITION><CONDITIONCLASS></CONDITIONCLASS><INSTRUCTION>CONDITION 53</INSTRUCTION><ISPOSITIVE>1</ISPOSITIVE><MEMBERNODEID>53</MEMBERNODEID><OWNERNODEID>1</OWNERNODEID><SEQUENCE xsi:nil="true"></SEQUENCE><WFACTIONID>20076</WFACTIONID></WFACTION></WFNODE><WFNODE><DESCRIPTION>ISSUE-DETECTED?</DESCRIPTION><DESCRIPTION_LONGDESCRIPTION></DESCRIPTION_LONGDESCRIPTION><HASLD>0</HASLD><IMAGEFILE></IMAGEFILE><LANGCODE>EN</LANGCODE><NODEID>53</NODEID><NODETYPE maxvalue="WFCONDITION">CONDITION</NODETYPE><TITLE>ISSUE-DETECTED?</TITLE><WFNODEID>16793</WFNODEID><XCOORDINATE>5</XCOORDINATE><YCOORDINATE>1</YCOORDINATE><WFACTION><ACTION>INV APPR</ACTION><ACTIONID>226</ACTIONID><CONDITION></CONDITION><CONDITIONCLASS></CONDITIONCLASS><INSTRUCTION>STOP 54</INSTRUCTION><ISPOSITIVE>0</ISPOSITIVE><MEMBERNODEID>54</MEMBERNODEID><OWNERNODEID>53</OWNERNODEID><SEQUENCE xsi:nil="true"></SEQUENCE><WFACTIONID>20077</WFACTIONID></WFACTION><WFACTION><ACTION></ACTION><ACTIONID>240</ACTIONID><CONDITION></CONDITION><CONDITIONCLASS></CONDITIONCLASS><INSTRUCTION>CONDITION 64</INSTRUCTION><ISPOSITIVE>1</ISPOSITIVE><MEMBERNODEID>64</MEMBERNODEID><OWNERNODEID>53</OWNERNODEID><SEQUENCE xsi:nil="true"></SEQUENCE><WFACTIONID>20078</WFACTIONID></WFACTION><WFCONDITION><CONDITION>IRV_ISSUETYPE is not  null and IRV_REASONCODE is not null</CONDITION><CUSTOMCLASS></CUSTOMCLASS><WFCONDITIONID>10373</WFCONDITIONID></WFCONDITION></WFNODE><WFNODE><DESCRIPTION>STOP 54</DESCRIPTION><DESCRIPTION_LONGDESCRIPTION></DESCRIPTION_LONGDESCRIPTION><HASLD>0</HASLD><IMAGEFILE></IMAGEFILE><LANGCODE>EN</LANGCODE><NODEID>54</NODEID><NODETYPE maxvalue="WFSTOP">STOP</NODETYPE><TITLE>STOP 54</TITLE><WFNODEID>16794</WFNODEID><XCOORDINATE>5</XCOORDINATE><YCOORDINATE>0</YCOORDINATE><WFSTOP><WFSTOPID>7772</WFSTOPID></WFSTOP></WFNODE><WFNODE><DESCRIPTION>Assign Issue</DESCRIPTION><DESCRIPTION_LONGDESCRIPTION></DESCRIPTION_LONGDESCRIPTION><HASLD>0</HASLD><IMAGEFILE></IMAGEFILE><LANGCODE>EN</LANGCODE><NODEID>55</NODEID><NODETYPE maxvalue="WFTASK">TASK</NODETYPE><TITLE>ASSIGN-ISSUE</TITLE><WFNODEID>16795</WFNODEID><XCOORDINATE>13</XCOORDINATE><YCOORDINATE>1</YCOORDINATE><WFTASK><APP>INVOICE</APP><CALENDARBASED>0</CALENDARBASED><DISPLAYONE>1</DISPLAYONE><FIRSTCOMPLETE>1</FIRSTCOMPLETE><READONLY>0</READONLY><TIMELIMIT>0.0</TIMELIMIT><WFTASKID>5103</WFTASKID><WFTASKTYPE></WFTASKTYPE></WFTASK><WFASSIGNMENT><ACCEPTEXPR></ACCEPTEXPR><APP>INVOICE</APP><ASSIGNCODE></ASSIGNCODE><ASSIGNID>1</ASSIGNID><ASSIGNSTATUS maxvalue="DEFAULT">DEFAULT</ASSIGNSTATUS><ASSIGN_01></ASSIGN_01><ASSIGN_02></ASSIGN_02><ASSIGN_03></ASSIGN_03><ASSIGN_04></ASSIGN_04><ASSIGN_05></ASSIGN_05><CALENDARBASED>0</CALENDARBASED><CONDITION></CONDITION><CONDITIONCLASS></CONDITIONCLASS><DESCRIPTION>:IRV_ISSUETYPE / :IRV_REASONCODE Issue, Please Resolve</DESCRIPTION><DESCRIPTION_LONGDESCRIPTION></DESCRIPTION_LONGDESCRIPTION><DUEDATE xsi:nil="true"></DUEDATE><EMAILNOTIFICATION>0</EMAILNOTIFICATION><ESCROLE></ESCROLE><GROUPNUM xsi:nil="true"></GROUPNUM><HASLD>0</HASLD><LANGCODE>EN</LANGCODE><NONACCEPTMSG></NONACCEPTMSG><ORIGPERSON></ORIGPERSON><OWNERID xsi:nil="true"></OWNERID><OWNERTABLE>INVOICE</OWNERTABLE><PRIORITY xsi:nil="true"></PRIORITY><RELATIONSHIP></RELATIONSHIP><ROLEID>IRV_INVISS</ROLEID><SEPARATEGROUPS>1</SEPARATEGROUPS><STARTDATE xsi:nil="true"></STARTDATE><TEMPLATEID>WFASSIGN</TEMPLATEID><TIMELIMIT>0.0</TIMELIMIT><WFASSIGNMENTID>224361</WFASSIGNMENTID><WFID>0</WFID></WFASSIGNMENT><WFACTION><ACTION></ACTION><ACTIONID>233</ACTIONID><CONDITION></CONDITION><CONDITIONCLASS></CONDITIONCLASS><INSTRUCTION>Continue invoice processing.</INSTRUCTION><ISPOSITIVE>1</ISPOSITIVE><MEMBERNODEID>59</MEMBERNODEID><OWNERNODEID>55</OWNERNODEID><SEQUENCE xsi:nil="true"></SEQUENCE><WFACTIONID>20079</WFACTIONID></WFACTION></WFNODE><WFNODE><DESCRIPTION>INVOICE-ERROR-DETECTED</DESCRIPTION><DESCRIPTION_LONGDESCRIPTION></DESCRIPTION_LONGDESCRIPTION><HASLD>0</HASLD><IMAGEFILE></IMAGEFILE><LANGCODE>EN</LANGCODE><NODEID>56</NODEID><NODETYPE maxvalue="WFINTERACTION">INTERACTION</NODETYPE><TITLE>INVOICE-ERROR-DETECTED</TITLE><WFNODEID>16796</WFNODEID><XCOORDINATE>10</XCOORDINATE><YCOORDINATE>1</YCOORDINATE><WFACTION><ACTION></ACTION><ACTIONID>232</ACTIONID><CONDITION></CONDITION><CONDITIONCLASS></CONDITIONCLASS><INSTRUCTION>Assign Issue</INSTRUCTION><ISPOSITIVE>1</ISPOSITIVE><MEMBERNODEID>55</MEMBERNODEID><OWNERNODEID>56</OWNERNODEID><SEQUENCE xsi:nil="true"></SEQUENCE><WFACTIONID>20080</WFACTIONID></WFACTION><WFINTERACTION><ACTION></ACTION><APP></APP><DIRECTIONS>Invoice Processing Error</DIRECTIONS><DIRECTIONS_LONGDESCRIPTION>:invoice.irv_issuetype / :INVOICE.IRV_REASONCODE Issue, Please Resolve.</DIRECTIONS_LONGDESCRIPTION><HASLD>1</HASLD><LANGCODE>EN</LANGCODE><LAUNCHPROCESS></LAUNCHPROCESS><PAGE></PAGE><RELATION></RELATION><TABNAME></TABNAME><WFINTERACTIONID>6513</WFINTERACTIONID><LONGDESCRIPTION><CONTENTUID>470,409</CONTENTUID><LANGCODE>EN</LANGCODE><LDKEY>6513</LDKEY><LDOWNERCOL>DIRECTIONS</LDOWNERCOL><LDOWNERTABLE>WFINTERACTION</LDOWNERTABLE><LDTEXT>:invoice.irv_issuetype / :INVOICE.IRV_REASONCODE Issue, Please Resolve.</LDTEXT><LONGDESCRIPTIONID>470409</LONGDESCRIPTIONID></LONGDESCRIPTION></WFINTERACTION></WFNODE><WFNODE><DESCRIPTION>PROGRESS/CANCEL</DESCRIPTION><DESCRIPTION_LONGDESCRIPTION></DESCRIPTION_LONGDESCRIPTION><HASLD>0</HASLD><IMAGEFILE></IMAGEFILE><LANGCODE>EN</LANGCODE><NODEID>59</NODEID><NODETYPE maxvalue="WFINPUT">INPUT</NODETYPE><TITLE>PROGRESS/CANCEL</TITLE><WFNODEID>16797</WFNODEID><XCOORDINATE>15</XCOORDINATE><YCOORDINATE>1</YCOORDINATE><WFINPUT><DISPLAYONE>0</DISPLAYONE><WFINPUTID>4714</WFINPUTID></WFINPUT><WFACTION><ACTION>IRV_INVVAL</ACTION><ACTIONID>234</ACTIONID><CONDITION></CONDITION><CONDITIONCLASS></CONDITIONCLASS><INSTRUCTION>Continue Processing Invoice.</INSTRUCTION><ISPOSITIVE>1</ISPOSITIVE><MEMBERNODEID>53</MEMBERNODEID><OWNERNODEID>59</OWNERNODEID><SEQUENCE>1</SEQUENCE><WFACTIONID>20081</WFACTIONID></WFACTION><WFACTION><ACTION>IRV_ISS_CANREQ</ACTION><ACTIONID>235</ACTIONID><CONDITION></CONDITION><CONDITIONCLASS></CONDITIONCLASS><INSTRUCTION>Request Invoice Cancel.</INSTRUCTION><ISPOSITIVE>1</ISPOSITIVE><MEMBERNODEID>60</MEMBERNODEID><OWNERNODEID>59</OWNERNODEID><SEQUENCE>2</SEQUENCE><WFACTIONID>20082</WFACTIONID></WFACTION></WFNODE><WFNODE><DESCRIPTION>APCLERK-CANCEL</DESCRIPTION><DESCRIPTION_LONGDESCRIPTION></DESCRIPTION_LONGDESCRIPTION><HASLD>0</HASLD><IMAGEFILE></IMAGEFILE><LANGCODE>EN</LANGCODE><NODEID>60</NODEID><NODETYPE maxvalue="WFTASK">TASK</NODETYPE><TITLE>APCLERK-CANCEL</TITLE><WFNODEID>16798</WFNODEID><XCOORDINATE>18</XCOORDINATE><YCOORDINATE>1</YCOORDINATE><WFTASK><APP>INVOICE</APP><CALENDARBASED>0</CALENDARBASED><DISPLAYONE>1</DISPLAYONE><FIRSTCOMPLETE>1</FIRSTCOMPLETE><READONLY>0</READONLY><TIMELIMIT>0.0</TIMELIMIT><WFTASKID>5104</WFTASKID><WFTASKTYPE></WFTASKTYPE></WFTASK><WFASSIGNMENT><ACCEPTEXPR></ACCEPTEXPR><APP>INVOICE</APP><ASSIGNCODE></ASSIGNCODE><ASSIGNID>1</ASSIGNID><ASSIGNSTATUS maxvalue="DEFAULT">DEFAULT</ASSIGNSTATUS><ASSIGN_01></ASSIGN_01><ASSIGN_02></ASSIGN_02><ASSIGN_03></ASSIGN_03><ASSIGN_04></ASSIGN_04><ASSIGN_05></ASSIGN_05><CALENDARBASED>0</CALENDARBASED><CONDITION></CONDITION><CONDITIONCLASS></CONDITIONCLASS><DESCRIPTION>Please cancel invoice :invoicenum</DESCRIPTION><DESCRIPTION_LONGDESCRIPTION></DESCRIPTION_LONGDESCRIPTION><DUEDATE xsi:nil="true"></DUEDATE><EMAILNOTIFICATION>0</EMAILNOTIFICATION><ESCROLE></ESCROLE><GROUPNUM xsi:nil="true"></GROUPNUM><HASLD>0</HASLD><LANGCODE>EN</LANGCODE><NONACCEPTMSG></NONACCEPTMSG><ORIGPERSON></ORIGPERSON><OWNERID xsi:nil="true"></OWNERID><OWNERTABLE>INVOICE</OWNERTABLE><PRIORITY xsi:nil="true"></PRIORITY><RELATIONSHIP></RELATIONSHIP><ROLEID>IRV_INVISS</ROLEID><SEPARATEGROUPS>1</SEPARATEGROUPS><STARTDATE xsi:nil="true"></STARTDATE><TEMPLATEID>WFASSIGN</TEMPLATEID><TIMELIMIT>0.0</TIMELIMIT><WFASSIGNMENTID>224362</WFASSIGNMENTID><WFID>0</WFID></WFASSIGNMENT><WFACTION><ACTION></ACTION><ACTIONID>237</ACTIONID><CONDITION></CONDITION><CONDITIONCLASS></CONDITIONCLASS><INSTRUCTION>Continue Processing Invoice</INSTRUCTION><ISPOSITIVE>1</ISPOSITIVE><MEMBERNODEID>63</MEMBERNODEID><OWNERNODEID>60</OWNERNODEID><SEQUENCE xsi:nil="true"></SEQUENCE><WFACTIONID>20083</WFACTIONID></WFACTION></WFNODE><WFNODE><DESCRIPTION>STOP 61</DESCRIPTION><DESCRIPTION_LONGDESCRIPTION></DESCRIPTION_LONGDESCRIPTION><HASLD>0</HASLD><IMAGEFILE></IMAGEFILE><LANGCODE>EN</LANGCODE><NODEID>61</NODEID><NODETYPE maxvalue="WFSTOP">STOP</NODETYPE><TITLE>STOP 61</TITLE><WFNODEID>16799</WFNODEID><XCOORDINATE>21</XCOORDINATE><YCOORDINATE>1</YCOORDINATE><WFSTOP><WFSTOPID>7773</WFSTOPID></WFSTOP></WFNODE><WFNODE><DESCRIPTION>PROGRESS/CANCEL-1</DESCRIPTION><DESCRIPTION_LONGDESCRIPTION></DESCRIPTION_LONGDESCRIPTION><HASLD>0</HASLD><IMAGEFILE></IMAGEFILE><LANGCODE>EN</LANGCODE><NODEID>63</NODEID><NODETYPE maxvalue="WFINPUT">INPUT</NODETYPE><TITLE>PROGRESS/CANCEL-1</TITLE><WFNODEID>16800</WFNODEID><XCOORDINATE>19</XCOORDINATE><YCOORDINATE>1</YCOORDINATE><WFINPUT><DISPLAYONE>0</DISPLAYONE><WFINPUTID>4715</WFINPUTID></WFINPUT><WFACTION><ACTION>INV CAN</ACTION><ACTIONID>238</ACTIONID><CONDITION></CONDITION><CONDITIONCLASS></CONDITIONCLASS><INSTRUCTION>Cancel Invoice.</INSTRUCTION><ISPOSITIVE>1</ISPOSITIVE><MEMBERNODEID>61</MEMBERNODEID><OWNERNODEID>63</OWNERNODEID><SEQUENCE>1</SEQUENCE><WFACTIONID>20084</WFACTIONID></WFACTION><WFACTION><ACTION></ACTION><ACTIONID>239</ACTIONID><CONDITION></CONDITION><CONDITIONCLASS></CONDITIONCLASS><INSTRUCTION>Return to issue owner.</INSTRUCTION><ISPOSITIVE>1</ISPOSITIVE><MEMBERNODEID>55</MEMBERNODEID><OWNERNODEID>63</OWNERNODEID><SEQUENCE>2</SEQUENCE><WFACTIONID>20085</WFACTIONID></WFACTION></WFNODE><WFNODE><DESCRIPTION>TOLLERANCE-ISSUE?</DESCRIPTION><DESCRIPTION_LONGDESCRIPTION></DESCRIPTION_LONGDESCRIPTION><HASLD>0</HASLD><IMAGEFILE></IMAGEFILE><LANGCODE>EN</LANGCODE><NODEID>64</NODEID><NODETYPE maxvalue="WFCONDITION">CONDITION</NODETYPE><TITLE>TOLLERANCE-ISSUE?</TITLE><WFNODEID>16801</WFNODEID><XCOORDINATE>8</XCOORDINATE><YCOORDINATE>1</YCOORDINATE><WFACTION><ACTION></ACTION><ACTIONID>242</ACTIONID><CONDITION></CONDITION><CONDITIONCLASS></CONDITIONCLASS><INSTRUCTION>INVOICE-ERROR-DETECTED</INSTRUCTION><ISPOSITIVE>0</ISPOSITIVE><MEMBERNODEID>56</MEMBERNODEID><OWNERNODEID>64</OWNERNODEID><SEQUENCE xsi:nil="true"></SEQUENCE><WFACTIONID>20086</WFACTIONID></WFACTION><WFACTION><ACTION></ACTION><ACTIONID>243</ACTIONID><CONDITION></CONDITION><CONDITIONCLASS></CONDITIONCLASS><INSTRUCTION>ASSIGN-TOL-ISSUE</INSTRUCTION><ISPOSITIVE>1</ISPOSITIVE><MEMBERNODEID>65</MEMBERNODEID><OWNERNODEID>64</OWNERNODEID><SEQUENCE xsi:nil="true"></SEQUENCE><WFACTIONID>20087</WFACTIONID></WFACTION><WFCONDITION><CONDITION>IRV_REASONCODE = 'OVERTOL'</CONDITION><CUSTOMCLASS></CUSTOMCLASS><WFCONDITIONID>10374</WFCONDITIONID></WFCONDITION></WFNODE><WFNODE><DESCRIPTION>ASSIGN-TOL-ISSUE</DESCRIPTION><DESCRIPTION_LONGDESCRIPTION></DESCRIPTION_LONGDESCRIPTION><HASLD>0</HASLD><IMAGEFILE></IMAGEFILE><LANGCODE>EN</LANGCODE><NODEID>65</NODEID><NODETYPE maxvalue="WFTASK">TASK</NODETYPE><TITLE>ASSIGN-TOL-ISSUE</TITLE><WFNODEID>16802</WFNODEID><XCOORDINATE>10</XCOORDINATE><YCOORDINATE>4</YCOORDINATE><WFTASK><APP>INVOICE</APP><CALENDARBASED>0</CALENDARBASED><DISPLAYONE>1</DISPLAYONE><FIRSTCOMPLETE>1</FIRSTCOMPLETE><READONLY>0</READONLY><TIMELIMIT>0.0</TIMELIMIT><WFTASKID>5105</WFTASKID><WFTASKTYPE></WFTASKTYPE></WFTASK><WFASSIGNMENT><ACCEPTEXPR></ACCEPTEXPR><APP>INVOICE</APP><ASSIGNCODE></ASSIGNCODE><ASSIGNID>1</ASSIGNID><ASSIGNSTATUS maxvalue="DEFAULT">DEFAULT</ASSIGNSTATUS><ASSIGN_01></ASSIGN_01><ASSIGN_02></ASSIGN_02><ASSIGN_03></ASSIGN_03><ASSIGN_04></ASSIGN_04><ASSIGN_05></ASSIGN_05><CALENDARBASED>0</CALENDARBASED><CONDITION></CONDITION><CONDITIONCLASS></CONDITIONCLASS><DESCRIPTION>:IRV_ISSUETYPE / :IRV_REASONCODE Issue, Please Resolve</DESCRIPTION><DESCRIPTION_LONGDESCRIPTION></DESCRIPTION_LONGDESCRIPTION><DUEDATE xsi:nil="true"></DUEDATE><EMAILNOTIFICATION>0</EMAILNOTIFICATION><ESCROLE></ESCROLE><GROUPNUM xsi:nil="true"></GROUPNUM><HASLD>0</HASLD><LANGCODE>EN</LANGCODE><NONACCEPTMSG></NONACCEPTMSG><ORIGPERSON></ORIGPERSON><OWNERID xsi:nil="true"></OWNERID><OWNERTABLE>INVOICE</OWNERTABLE><PRIORITY xsi:nil="true"></PRIORITY><RELATIONSHIP></RELATIONSHIP><ROLEID>IRV_INVISS</ROLEID><SEPARATEGROUPS>1</SEPARATEGROUPS><STARTDATE xsi:nil="true"></STARTDATE><TEMPLATEID>WFASSIGN</TEMPLATEID><TIMELIMIT>0.0</TIMELIMIT><WFASSIGNMENTID>224363</WFASSIGNMENTID><WFID>0</WFID></WFASSIGNMENT><WFACTION><ACTION></ACTION><ACTIONID>244</ACTIONID><CONDITION></CONDITION><CONDITIONCLASS></CONDITIONCLASS><INSTRUCTION>ACCEPT-TOL?</INSTRUCTION><ISPOSITIVE>1</ISPOSITIVE><MEMBERNODEID>66</MEMBERNODEID><OWNERNODEID>65</OWNERNODEID><SEQUENCE xsi:nil="true"></SEQUENCE><WFACTIONID>20088</WFACTIONID></WFACTION></WFNODE><WFNODE><DESCRIPTION>ACCEPT-TOL?</DESCRIPTION><DESCRIPTION_LONGDESCRIPTION></DESCRIPTION_LONGDESCRIPTION><HASLD>0</HASLD><IMAGEFILE></IMAGEFILE><LANGCODE>EN</LANGCODE><NODEID>66</NODEID><NODETYPE maxvalue="WFINPUT">INPUT</NODETYPE><TITLE>ACCEPT-TOL?</TITLE><WFNODEID>16803</WFNODEID><XCOORDINATE>13</XCOORDINATE><YCOORDINATE>4</YCOORDINATE><WFINPUT><DISPLAYONE>0</DISPLAYONE><WFINPUTID>4716</WFINPUTID></WFINPUT><WFACTION><ACTION>IRV_SETINVAPPRGRP</ACTION><ACTIONID>247</ACTIONID><CONDITION></CONDITION><CONDITIONCLASS></CONDITIONCLASS><INSTRUCTION>Send for Approval.</INSTRUCTION><ISPOSITIVE>1</ISPOSITIVE><MEMBERNODEID>68</MEMBERNODEID><OWNERNODEID>66</OWNERNODEID><SEQUENCE>2</SEQUENCE><WFACTIONID>20089</WFACTIONID></WFACTION><WFACTION><ACTION>IRV_ISS_CANREQ</ACTION><ACTIONID>265</ACTIONID><CONDITION></CONDITION><CONDITIONCLASS></CONDITIONCLASS><INSTRUCTION>Request invoice cancel.</INSTRUCTION><ISPOSITIVE>1</ISPOSITIVE><MEMBERNODEID>60</MEMBERNODEID><OWNERNODEID>66</OWNERNODEID><SEQUENCE>3</SEQUENCE><WFACTIONID>20090</WFACTIONID></WFACTION></WFNODE><WFNODE><DESCRIPTION>TOL-APPR-GRP</DESCRIPTION><DESCRIPTION_LONGDESCRIPTION></DESCRIPTION_LONGDESCRIPTION><HASLD>0</HASLD><IMAGEFILE></IMAGEFILE><LANGCODE>EN</LANGCODE><NODEID>67</NODEID><NODETYPE maxvalue="WFTASK">TASK</NODETYPE><TITLE>TOL-APPR-GRP</TITLE><WFNODEID>16804</WFNODEID><XCOORDINATE>18</XCOORDINATE><YCOORDINATE>5</YCOORDINATE><WFTASK><APP>INVOICE</APP><CALENDARBASED>0</CALENDARBASED><DISPLAYONE>1</DISPLAYONE><FIRSTCOMPLETE>1</FIRSTCOMPLETE><READONLY>0</READONLY><TIMELIMIT>0.0</TIMELIMIT><WFTASKID>5106</WFTASKID><WFTASKTYPE></WFTASKTYPE></WFTASK><WFASSIGNMENT><ACCEPTEXPR></ACCEPTEXPR><APP>INVOICE</APP><ASSIGNCODE></ASSIGNCODE><ASSIGNID>1</ASSIGNID><ASSIGNSTATUS maxvalue="DEFAULT">DEFAULT</ASSIGNSTATUS><ASSIGN_01></ASSIGN_01><ASSIGN_02></ASSIGN_02><ASSIGN_03></ASSIGN_03><ASSIGN_04></ASSIGN_04><ASSIGN_05></ASSIGN_05><CALENDARBASED>0</CALENDARBASED><CONDITION></CONDITION><CONDITIONCLASS></CONDITIONCLASS><DESCRIPTION>Please approve tolerance on Invoice: :invoicenum</DESCRIPTION><DESCRIPTION_LONGDESCRIPTION></DESCRIPTION_LONGDESCRIPTION><DUEDATE xsi:nil="true"></DUEDATE><EMAILNOTIFICATION>0</EMAILNOTIFICATION><ESCROLE></ESCROLE><GROUPNUM xsi:nil="true"></GROUPNUM><HASLD>0</HASLD><LANGCODE>EN</LANGCODE><NONACCEPTMSG></NONACCEPTMSG><ORIGPERSON></ORIGPERSON><OWNERID xsi:nil="true"></OWNERID><OWNERTABLE>INVOICE</OWNERTABLE><PRIORITY xsi:nil="true"></PRIORITY><RELATIONSHIP></RELATIONSHIP><ROLEID>IRV_TOLAPP</ROLEID><SEPARATEGROUPS>1</SEPARATEGROUPS><STARTDATE xsi:nil="true"></STARTDATE><TEMPLATEID>WFASSIGN</TEMPLATEID><TIMELIMIT>0.0</TIMELIMIT><WFASSIGNMENTID>224364</WFASSIGNMENTID><WFID>0</WFID></WFASSIGNMENT><WFACTION><ACTION></ACTION><ACTIONID>252</ACTIONID><CONDITION></CONDITION><CONDITIONCLASS></CONDITIONCLASS><INSTRUCTION>Continue Processing Record</INSTRUCTION><ISPOSITIVE>1</ISPOSITIVE><MEMBERNODEID>71</MEMBERNODEID><OWNERNODEID>67</OWNERNODEID><SEQUENCE xsi:nil="true"></SEQUENCE><WFACTIONID>20091</WFACTIONID></WFACTION></WFNODE><WFNODE><DESCRIPTION>TOL-GRP-MISSING?</DESCRIPTION><DESCRIPTION_LONGDESCRIPTION></DESCRIPTION_LONGDESCRIPTION><HASLD>0</HASLD><IMAGEFILE></IMAGEFILE><LANGCODE>EN</LANGCODE><NODEID>68</NODEID><NODETYPE maxvalue="WFCONDITION">CONDITION</NODETYPE><TITLE>TOL-GRP-MISSING?</TITLE><WFNODEID>16805</WFNODEID><XCOORDINATE>15</XCOORDINATE><YCOORDINATE>5</YCOORDINATE><WFACTION><ACTION></ACTION><ACTIONID>251</ACTIONID><CONDITION></CONDITION><CONDITIONCLASS></CONDITIONCLASS><INSTRUCTION>TOL-GRP-MISSING</INSTRUCTION><ISPOSITIVE>1</ISPOSITIVE><MEMBERNODEID>70</MEMBERNODEID><OWNERNODEID>68</OWNERNODEID><SEQUENCE xsi:nil="true"></SEQUENCE><WFACTIONID>20092</WFACTIONID></WFACTION><WFACTION><ACTION></ACTION><ACTIONID>254</ACTIONID><CONDITION></CONDITION><CONDITIONCLASS></CONDITIONCLASS><INSTRUCTION>TOL-APPR-GRP</INSTRUCTION><ISPOSITIVE>0</ISPOSITIVE><MEMBERNODEID>67</MEMBERNODEID><OWNERNODEID>68</OWNERNODEID><SEQUENCE xsi:nil="true"></SEQUENCE><WFACTIONID>20093</WFACTIONID></WFACTION><WFCONDITION><CONDITION>:PO.IRV_POTYPE is not null or :irv_tolapprgrp is not null</CONDITION><CUSTOMCLASS></CUSTOMCLASS><WFCONDITIONID>10375</WFCONDITIONID></WFCONDITION></WFNODE><WFNODE><DESCRIPTION>TOL-GRP-MISSING</DESCRIPTION><DESCRIPTION_LONGDESCRIPTION></DESCRIPTION_LONGDESCRIPTION><HASLD>0</HASLD><IMAGEFILE></IMAGEFILE><LANGCODE>EN</LANGCODE><NODEID>70</NODEID><NODETYPE maxvalue="WFINTERACTION">INTERACTION</NODETYPE><TITLE>TOL-GRP-MISSING</TITLE><WFNODEID>16806</WFNODEID><XCOORDINATE>18</XCOORDINATE><YCOORDINATE>6</YCOORDINATE><WFACTION><ACTION>IRV_ISS_TOLAPPRGRP</ACTION><ACTIONID>253</ACTIONID><CONDITION></CONDITION><CONDITIONCLASS></CONDITIONCLASS><INSTRUCTION>TASK 72</INSTRUCTION><ISPOSITIVE>1</ISPOSITIVE><MEMBERNODEID>72</MEMBERNODEID><OWNERNODEID>70</OWNERNODEID><SEQUENCE xsi:nil="true"></SEQUENCE><WFACTIONID>20094</WFACTIONID></WFACTION><WFINTERACTION><ACTION></ACTION><APP></APP><DIRECTIONS>PO work type missing.</DIRECTIONS><DIRECTIONS_LONGDESCRIPTION>The PO Work Type is missing on the PO record. Please enter a value.</DIRECTIONS_LONGDESCRIPTION><HASLD>1</HASLD><LANGCODE>EN</LANGCODE><LAUNCHPROCESS></LAUNCHPROCESS><PAGE></PAGE><RELATION></RELATION><TABNAME></TABNAME><WFINTERACTIONID>6514</WFINTERACTIONID><LONGDESCRIPTION><CONTENTUID>470,410</CONTENTUID><LANGCODE>EN</LANGCODE><LDKEY>6514</LDKEY><LDOWNERCOL>DIRECTIONS</LDOWNERCOL><LDOWNERTABLE>WFINTERACTION</LDOWNERTABLE><LDTEXT>The PO Work Type is missing on the PO record. Please enter a value.</LDTEXT><LONGDESCRIPTIONID>470410</LONGDESCRIPTIONID></LONGDESCRIPTION></WFINTERACTION></WFNODE><WFNODE><DESCRIPTION>INPUT 71</DESCRIPTION><DESCRIPTION_LONGDESCRIPTION></DESCRIPTION_LONGDESCRIPTION><HASLD>0</HASLD><IMAGEFILE></IMAGEFILE><LANGCODE>EN</LANGCODE><NODEID>71</NODEID><NODETYPE maxvalue="WFINPUT">INPUT</NODETYPE><TITLE>TOL-APPR?</TITLE><WFNODEID>16807</WFNODEID><XCOORDINATE>19</XCOORDINATE><YCOORDINATE>5</YCOORDINATE><WFINPUT><DISPLAYONE>0</DISPLAYONE><WFINPUTID>4717</WFINPUTID></WFINPUT><WFACTION><ACTION>INV APPR</ACTION><ACTIONID>255</ACTIONID><CONDITION></CONDITION><CONDITIONCLASS></CONDITIONCLASS><INSTRUCTION>Approve Invoice</INSTRUCTION><ISPOSITIVE>1</ISPOSITIVE><MEMBERNODEID>73</MEMBERNODEID><OWNERNODEID>71</OWNERNODEID><SEQUENCE>1</SEQUENCE><WFACTIONID>20095</WFACTIONID></WFACTION><WFACTION><ACTION>IRV_ISS_CANREQ</ACTION><ACTIONID>262</ACTIONID><CONDITION></CONDITION><CONDITIONCLASS></CONDITIONCLASS><INSTRUCTION>Request Invoice Cancel.</INSTRUCTION><ISPOSITIVE>1</ISPOSITIVE><MEMBERNODEID>60</MEMBERNODEID><OWNERNODEID>71</OWNERNODEID><SEQUENCE>4</SEQUENCE><WFACTIONID>20096</WFACTIONID></WFACTION><WFACTION><ACTION>IRV_ISS_CREDWAIT</ACTION><ACTIONID>263</ACTIONID><CONDITION></CONDITION><CONDITIONCLASS></CONDITIONCLASS><INSTRUCTION>Invoice waiting Credit Note.</INSTRUCTION><ISPOSITIVE>1</ISPOSITIVE><MEMBERNODEID>55</MEMBERNODEID><OWNERNODEID>71</OWNERNODEID><SEQUENCE>5</SEQUENCE><WFACTIONID>20097</WFACTIONID></WFACTION></WFNODE><WFNODE><DESCRIPTION>ASSIGN-PO</DESCRIPTION><DESCRIPTION_LONGDESCRIPTION></DESCRIPTION_LONGDESCRIPTION><HASLD>0</HASLD><IMAGEFILE></IMAGEFILE><LANGCODE>EN</LANGCODE><NODEID>72</NODEID><NODETYPE maxvalue="WFTASK">TASK</NODETYPE><TITLE>ASSIGN-PO</TITLE><WFNODEID>16808</WFNODEID><XCOORDINATE>19</XCOORDINATE><YCOORDINATE>6</YCOORDINATE><WFTASK><APP>INVOICE</APP><CALENDARBASED>0</CALENDARBASED><DISPLAYONE>1</DISPLAYONE><FIRSTCOMPLETE>1</FIRSTCOMPLETE><READONLY>0</READONLY><TIMELIMIT>0.0</TIMELIMIT><WFTASKID>5107</WFTASKID><WFTASKTYPE></WFTASKTYPE></WFTASK><WFASSIGNMENT><ACCEPTEXPR></ACCEPTEXPR><APP>INVOICE</APP><ASSIGNCODE></ASSIGNCODE><ASSIGNID>1</ASSIGNID><ASSIGNSTATUS maxvalue="DEFAULT">DEFAULT</ASSIGNSTATUS><ASSIGN_01></ASSIGN_01><ASSIGN_02></ASSIGN_02><ASSIGN_03></ASSIGN_03><ASSIGN_04></ASSIGN_04><ASSIGN_05></ASSIGN_05><CALENDARBASED>0</CALENDARBASED><CONDITION></CONDITION><CONDITIONCLASS></CONDITIONCLASS><DESCRIPTION>:IRV_ISSUETYPE / :IRV_REASONCODE Issue, Please Resolve</DESCRIPTION><DESCRIPTION_LONGDESCRIPTION></DESCRIPTION_LONGDESCRIPTION><DUEDATE xsi:nil="true"></DUEDATE><EMAILNOTIFICATION>0</EMAILNOTIFICATION><ESCROLE></ESCROLE><GROUPNUM xsi:nil="true"></GROUPNUM><HASLD>0</HASLD><LANGCODE>EN</LANGCODE><NONACCEPTMSG></NONACCEPTMSG><ORIGPERSON></ORIGPERSON><OWNERID xsi:nil="true"></OWNERID><OWNERTABLE>INVOICE</OWNERTABLE><PRIORITY xsi:nil="true"></PRIORITY><RELATIONSHIP></RELATIONSHIP><ROLEID>IRV_INVISS</ROLEID><SEPARATEGROUPS>1</SEPARATEGROUPS><STARTDATE xsi:nil="true"></STARTDATE><TEMPLATEID>WFASSIGN</TEMPLATEID><TIMELIMIT>0.0</TIMELIMIT><WFASSIGNMENTID>224365</WFASSIGNMENTID><WFID>0</WFID></WFASSIGNMENT><WFACTION><ACTION>IRV_SETINVAPPRGRP</ACTION><ACTIONID>258</ACTIONID><CONDITION></CONDITION><CONDITIONCLASS></CONDITIONCLASS><INSTRUCTION>Continue Processing Record</INSTRUCTION><ISPOSITIVE>1</ISPOSITIVE><MEMBERNODEID>68</MEMBERNODEID><OWNERNODEID>72</OWNERNODEID><SEQUENCE xsi:nil="true"></SEQUENCE><WFACTIONID>20098</WFACTIONID></WFACTION></WFNODE><WFNODE><DESCRIPTION>STOP 73</DESCRIPTION><DESCRIPTION_LONGDESCRIPTION></DESCRIPTION_LONGDESCRIPTION><HASLD>0</HASLD><IMAGEFILE></IMAGEFILE><LANGCODE>EN</LANGCODE><NODEID>73</NODEID><NODETYPE maxvalue="WFSTOP">STOP</NODETYPE><TITLE>STOP 73</TITLE><WFNODEID>16809</WFNODEID><XCOORDINATE>21</XCOORDINATE><YCOORDINATE>5</YCOORDINATE><WFSTOP><WFSTOPID>7774</WFSTOPID></WFSTOP></WFNODE></WFPROCESS><WFPROCESS action="AddChange"><ACTIVE>1</ACTIVE><AUTOINITIATE>0</AUTOINITIATE><CHANGEBY>TIMMINSA</CHANGEBY><CHANGEDATE>2014-09-17T12:13:48+01:00</CHANGEDATE><DELETABLE>0</DELETABLE><DESCRIPTION>Top Level for Invoice and credit Workflow L</DESCRIPTION><DESCRIPTION_LONGDESCRIPTION></DESCRIPTION_LONGDESCRIPTION><ENABLED>1</ENABLED><EXTERNALREFID></EXTERNALREFID><HASLD>0</HASLD><LANGCODE>EN</LANGCODE><MIGRATED>0</MIGRATED><OBJECTNAME>INVOICE</OBJECTNAME><OWNERSYSID></OWNERSYSID><PROCESSNAME>TOPICWF</PROCESSNAME><PROCESSREV>2</PROCESSREV><SENDERSYSID>MX</SENDERSYSID><SOURCESYSID></SOURCESYSID><WFPROCESSID>2818</WFPROCESSID><WFNODE><DESCRIPTION>START 1</DESCRIPTION><DESCRIPTION_LONGDESCRIPTION></DESCRIPTION_LONGDESCRIPTION><HASLD>0</HASLD><IMAGEFILE></IMAGEFILE><LANGCODE>EN</LANGCODE><NODEID>1</NODEID><NODETYPE maxvalue="WFSTART">START</NODETYPE><TITLE>START 1</TITLE><WFNODEID>8992</WFNODEID><XCOORDINATE>1</XCOORDINATE><YCOORDINATE>1</YCOORDINATE><WFSTART><WFSTARTID>2818</WFSTARTID></WFSTART><WFACTION><ACTION></ACTION><ACTIONID>1</ACTIONID><CONDITION></CONDITION><CONDITIONCLASS></CONDITIONCLASS><INSTRUCTION>Checking Document Type</INSTRUCTION><ISPOSITIVE>1</ISPOSITIVE><MEMBERNODEID>3</MEMBERNODEID><OWNERNODEID>1</OWNERNODEID><SEQUENCE xsi:nil="true"></SEQUENCE><WFACTIONID>10474</WFACTIONID></WFACTION></WFNODE><WFNODE><DESCRIPTION>STOP 2</DESCRIPTION><DESCRIPTION_LONGDESCRIPTION></DESCRIPTION_LONGDESCRIPTION><HASLD>0</HASLD><IMAGEFILE></IMAGEFILE><LANGCODE>EN</LANGCODE><NODEID>2</NODEID><NODETYPE maxvalue="WFSTOP">STOP</NODETYPE><TITLE>STOP 2</TITLE><WFNODEID>8993</WFNODEID><XCOORDINATE>5</XCOORDINATE><YCOORDINATE>1</YCOORDINATE><WFSTOP><WFSTOPID>3772</WFSTOPID></WFSTOP></WFNODE><WFNODE><DESCRIPTION>Checking Document Type</DESCRIPTION><DESCRIPTION_LONGDESCRIPTION></DESCRIPTION_LONGDESCRIPTION><HASLD>0</HASLD><IMAGEFILE></IMAGEFILE><LANGCODE>EN</LANGCODE><NODEID>3</NODEID><NODETYPE maxvalue="WFCONDITION">CONDITION</NODETYPE><TITLE>DOCCHK1</TITLE><WFNODEID>8994</WFNODEID><XCOORDINATE>2</XCOORDINATE><YCOORDINATE>1</YCOORDINATE><WFACTION><ACTION></ACTION><ACTIONID>7</ACTIONID><CONDITION></CONDITION><CONDITIONCLASS></CONDITIONCLASS><INSTRUCTION>Checking Document Type</INSTRUCTION><ISPOSITIVE>0</ISPOSITIVE><MEMBERNODEID>4</MEMBERNODEID><OWNERNODEID>3</OWNERNODEID><SEQUENCE xsi:nil="true"></SEQUENCE><WFACTIONID>10475</WFACTIONID></WFACTION><WFACTION><ACTION></ACTION><ACTIONID>12</ACTIONID><CONDITION></CONDITION><CONDITIONCLASS></CONDITIONCLASS><INSTRUCTION>Checking Invoice status</INSTRUCTION><ISPOSITIVE>1</ISPOSITIVE><MEMBERNODEID>8</MEMBERNODEID><OWNERNODEID>3</OWNERNODEID><SEQUENCE xsi:nil="true"></SEQUENCE><WFACTIONID>10476</WFACTIONID></WFACTION><WFCONDITION><CONDITION>:documenttype in ('INVOICE','DEBIT')</CONDITION><CUSTOMCLASS></CUSTOMCLASS><WFCONDITIONID>5373</WFCONDITIONID></WFCONDITION></WFNODE><WFNODE><DESCRIPTION>Checking Document Type</DESCRIPTION><DESCRIPTION_LONGDESCRIPTION></DESCRIPTION_LONGDESCRIPTION><HASLD>0</HASLD><IMAGEFILE></IMAGEFILE><LANGCODE>EN</LANGCODE><NODEID>4</NODEID><NODETYPE maxvalue="WFCONDITION">CONDITION</NODETYPE><TITLE>DOCCHK2</TITLE><WFNODEID>8995</WFNODEID><XCOORDINATE>2</XCOORDINATE><YCOORDINATE>3</YCOORDINATE><WFACTION><ACTION></ACTION><ACTIONID>8</ACTIONID><CONDITION></CONDITION><CONDITIONCLASS></CONDITIONCLASS><INSTRUCTION>STOP 2</INSTRUCTION><ISPOSITIVE>0</ISPOSITIVE><MEMBERNODEID>2</MEMBERNODEID><OWNERNODEID>4</OWNERNODEID><SEQUENCE xsi:nil="true"></SEQUENCE><WFACTIONID>10477</WFACTIONID></WFACTION><WFACTION><ACTION></ACTION><ACTIONID>16</ACTIONID><CONDITION></CONDITION><CONDITIONCLASS></CONDITIONCLASS><INSTRUCTION>Main Credit Note Management Workflow</INSTRUCTION><ISPOSITIVE>1</ISPOSITIVE><MEMBERNODEID>7</MEMBERNODEID><OWNERNODEID>4</OWNERNODEID><SEQUENCE xsi:nil="true"></SEQUENCE><WFACTIONID>10478</WFACTIONID></WFACTION><WFCONDITION><CONDITION>:DOCUMENTTYPE = 'CREDIT'</CONDITION><CUSTOMCLASS></CUSTOMCLASS><WFCONDITIONID>5374</WFCONDITIONID></WFCONDITION></WFNODE><WFNODE><DESCRIPTION>Main Credit Note Management Workflow</DESCRIPTION><DESCRIPTION_LONGDESCRIPTION></DESCRIPTION_LONGDESCRIPTION><HASLD>0</HASLD><IMAGEFILE></IMAGEFILE><LANGCODE>EN</LANGCODE><NODEID>7</NODEID><NODETYPE maxvalue="WFSUBPROCESS">SUBPROCESS</NODETYPE><TITLE>MAINCREWF</TITLE><WFNODEID>8996</WFNODEID><XCOORDINATE>4</XCOORDINATE><YCOORDINATE>3</YCOORDINATE><WFACTION><ACTION></ACTION><ACTIONID>6</ACTIONID><CONDITION></CONDITION><CONDITIONCLASS></CONDITIONCLASS><INSTRUCTION>STOP 2</INSTRUCTION><ISPOSITIVE>1</ISPOSITIVE><MEMBERNODEID>2</MEMBERNODEID><OWNERNODEID>7</OWNERNODEID><SEQUENCE xsi:nil="true"></SEQUENCE><WFACTIONID>10479</WFACTIONID></WFACTION><WFACTION><ACTION></ACTION><ACTIONID>11</ACTIONID><CONDITION></CONDITION><CONDITIONCLASS></CONDITIONCLASS><INSTRUCTION>STOP 2</INSTRUCTION><ISPOSITIVE>0</ISPOSITIVE><MEMBERNODEID>2</MEMBERNODEID><OWNERNODEID>7</OWNERNODEID><SEQUENCE xsi:nil="true"></SEQUENCE><WFACTIONID>10480</WFACTIONID></WFACTION><WFSUBPROCESS><SUBPROCESSNAME>MAINCREWF</SUBPROCESSNAME><WFSUBPROCESSID>2019</WFSUBPROCESSID></WFSUBPROCESS></WFNODE><WFNODE><DESCRIPTION>Checking Invoice status</DESCRIPTION><DESCRIPTION_LONGDESCRIPTION></DESCRIPTION_LONGDESCRIPTION><HASLD>0</HASLD><IMAGEFILE></IMAGEFILE><LANGCODE>EN</LANGCODE><NODEID>8</NODEID><NODETYPE maxvalue="WFCONDITION">CONDITION</NODETYPE><TITLE>STATUSCHK</TITLE><WFNODEID>8997</WFNODEID><XCOORDINATE>3</XCOORDINATE><YCOORDINATE>1</YCOORDINATE><WFACTION><ACTION></ACTION><ACTIONID>15</ACTIONID><CONDITION></CONDITION><CONDITIONCLASS></CONDITIONCLASS><INSTRUCTION>No more actions</INSTRUCTION><ISPOSITIVE>0</ISPOSITIVE><MEMBERNODEID>9</MEMBERNODEID><OWNERNODEID>8</OWNERNODEID><SEQUENCE xsi:nil="true"></SEQUENCE><WFACTIONID>10481</WFACTIONID></WFACTION><WFACTION><ACTION></ACTION><ACTIONID>17</ACTIONID><CONDITION></CONDITION><CONDITIONCLASS></CONDITIONCLASS><INSTRUCTION>Main Purchase Invoice Workflow</INSTRUCTION><ISPOSITIVE>1</ISPOSITIVE><MEMBERNODEID>10</MEMBERNODEID><OWNERNODEID>8</OWNERNODEID><SEQUENCE xsi:nil="true"></SEQUENCE><WFACTIONID>10482</WFACTIONID></WFACTION><WFCONDITION><CONDITION>:status not in('APPR','CANCEL')</CONDITION><CUSTOMCLASS></CUSTOMCLASS><WFCONDITIONID>5375</WFCONDITIONID></WFCONDITION></WFNODE><WFNODE><DESCRIPTION>No more actions</DESCRIPTION><DESCRIPTION_LONGDESCRIPTION></DESCRIPTION_LONGDESCRIPTION><HASLD>0</HASLD><IMAGEFILE></IMAGEFILE><LANGCODE>EN</LANGCODE><NODEID>9</NODEID><NODETYPE maxvalue="WFINTERACTION">INTERACTION</NODETYPE><TITLE>MESSAGE1</TITLE><WFNODEID>8998</WFNODEID><XCOORDINATE>3</XCOORDINATE><YCOORDINATE>2</YCOORDINATE><WFACTION><ACTION></ACTION><ACTIONID>24</ACTIONID><CONDITION></CONDITION><CONDITIONCLASS></CONDITIONCLASS><INSTRUCTION>STOP 2</INSTRUCTION><ISPOSITIVE>1</ISPOSITIVE><MEMBERNODEID>2</MEMBERNODEID><OWNERNODEID>9</OWNERNODEID><SEQUENCE xsi:nil="true"></SEQUENCE><WFACTIONID>10486</WFACTIONID></WFACTION><WFINTERACTION><ACTION></ACTION><APP></APP><DIRECTIONS>NO MORE ACTIONS</DIRECTIONS><DIRECTIONS_LONGDESCRIPTION>No more Actions available.</DIRECTIONS_LONGDESCRIPTION><HASLD>1</HASLD><LANGCODE>EN</LANGCODE><LAUNCHPROCESS></LAUNCHPROCESS><PAGE></PAGE><RELATION></RELATION><TABNAME></TABNAME><WFINTERACTIONID>3313</WFINTERACTIONID><LONGDESCRIPTION><CONTENTUID>6,606</CONTENTUID><LANGCODE>EN</LANGCODE><LDKEY>3313</LDKEY><LDOWNERCOL>DIRECTIONS</LDOWNERCOL><LDOWNERTABLE>WFINTERACTION</LDOWNERTABLE><LDTEXT>No more Actions available.</LDTEXT><LONGDESCRIPTIONID>6606</LONGDESCRIPTIONID></LONGDESCRIPTION></WFINTERACTION></WFNODE><WFNODE><DESCRIPTION>SUBINVWF</DESCRIPTION><DESCRIPTION_LONGDESCRIPTION></DESCRIPTION_LONGDESCRIPTION><HASLD>0</HASLD><IMAGEFILE></IMAGEFILE><LANGCODE>EN</LANGCODE><NODEID>10</NODEID><NODETYPE maxvalue="WFSUBPROCESS">SUBPROCESS</NODETYPE><TITLE>SUBINVWF</TITLE><WFNODEID>8999</WFNODEID><XCOORDINATE>4</XCOORDINATE><YCOORDINATE>1</YCOORDINATE><WFACTION><ACTION></ACTION><ACTIONID>18</ACTIONID><CONDITION></CONDITION><CONDITIONCLASS></CONDITIONCLASS><INSTRUCTION>STOP 2</INSTRUCTION><ISPOSITIVE>1</ISPOSITIVE><MEMBERNODEID>2</MEMBERNODEID><OWNERNODEID>10</OWNERNODEID><SEQUENCE xsi:nil="true"></SEQUENCE><WFACTIONID>10484</WFACTIONID></WFACTION><WFACTION><ACTION></ACTION><ACTIONID>19</ACTIONID><CONDITION></CONDITION><CONDITIONCLASS></CONDITIONCLASS><INSTRUCTION>STOP 2</INSTRUCTION><ISPOSITIVE>0</ISPOSITIVE><MEMBERNODEID>2</MEMBERNODEID><OWNERNODEID>10</OWNERNODEID><SEQUENCE xsi:nil="true"></SEQUENCE><WFACTIONID>10485</WFACTIONID></WFACTION><WFSUBPROCESS><SUBPROCESSNAME>SUBINVWF</SUBPROCESSNAME><WFSUBPROCESSID>2020</WFSUBPROCESSID></WFSUBPROCESS></WFNODE></WFPROCESS></DMWFPROCESSSet></SyncDMWFPROCESS>