<?xml version="1.0"?><SyncMXOBJECTCFG creationDateTime="2010-11-23T11:39:17+00:00" transLanguage="EN" baseLanguage="EN" event="0" xmlns:xsi="http://www.w3.org/2001/XMLSchema-instance" xmlns="http://www.ibm.com/maximo"><MXOBJECTCFGSet> <MAXOBJECTCFG action="AddChange">
		<EAUDITENABLED>1</EAUDITENABLED>
		<EAUDITTBNAME>A_TKTEMPLATE</EAUDITTBNAME>
		<OBJECTNAME>TKTEMPLATE</OBJECTNAME>
	</MAXOBJECTCFG>
<MAXOBJECTCFG action="AddChange">
		<EAUDITENABLED>1</EAUDITENABLED>
		<EAUDITTBNAME>A_TKTEMPLTACTIVITY</EAUDITTBNAME>
		<OBJECTNAME>TKTEMPLTACTIVITY</OBJECTNAME>
	</MAXOBJECTCFG>
<MAXOBJECTCFG action="AddChange">
		<EAUDITENABLED>1</EAUDITENABLED>
		<EAUDITTBNAME>A_PLUSPRESPPLAN</EAUDITTBNAME>
		<OBJECTNAME>PLUSPRESPPLAN</OBJECTNAME>
	</MAXOBJECTCFG>
<MAXOBJECTCFG action="AddChange">
		<EAUDITENABLED>1</EAUDITENABLED>
		<EAUDITTBNAME>A_PLUSPAPPLSERV</EAUDITTBNAME>
		<OBJECTNAME>PLUSPAPPLSERV</OBJECTNAME>
	</MAXOBJECTCFG>
<MAXOBJECTCFG action="AddChange">
		<EAUDITENABLED>1</EAUDITENABLED>
		<EAUDITTBNAME>A_PLUSPAPPLCOND</EAUDITTBNAME>
		<OBJECTNAME>PLUSPAPPLCOND</OBJECTNAME>
	</MAXOBJECTCFG>
<MAXOBJECTCFG action="AddChange">
		<EAUDITENABLED>1</EAUDITENABLED>
		<EAUDITTBNAME>A_PLUSPAPPLLOC</EAUDITTBNAME>
		<OBJECTNAME>PLUSPAPPLLOC</OBJECTNAME>
	</MAXOBJECTCFG>
<MAXOBJECTCFG action="AddChange">
		<EAUDITENABLED>1</EAUDITENABLED>
		<EAUDITTBNAME>A_PLUSPAPPLASSET</EAUDITTBNAME>
		<OBJECTNAME>PLUSPAPPLASSET</OBJECTNAME>
	</MAXOBJECTCFG>
<MAXOBJECTCFG action="AddChange">
		<EAUDITENABLED>1</EAUDITENABLED>
		<EAUDITTBNAME>A_SLA</EAUDITTBNAME>
		<OBJECTNAME>SLA</OBJECTNAME>
	</MAXOBJECTCFG>
<MAXOBJECTCFG action="AddChange">
		<EAUDITENABLED>1</EAUDITENABLED>
		<EAUDITTBNAME>A_RELATEDSLA</EAUDITTBNAME>
		<OBJECTNAME>RELATEDSLA</OBJECTNAME>
	</MAXOBJECTCFG>
<MAXOBJECTCFG action="AddChange">
		<EAUDITENABLED>1</EAUDITENABLED>
		<EAUDITTBNAME>A_JOBPLAN</EAUDITTBNAME>
		<OBJECTNAME>JOBPLAN</OBJECTNAME>
	</MAXOBJECTCFG>
<MAXOBJECTCFG action="AddChange">
		<EAUDITENABLED>1</EAUDITENABLED>
		<EAUDITTBNAME>A_ASSETATTRIBUTE</EAUDITTBNAME>
		<OBJECTNAME>ASSETATTRIBUTE</OBJECTNAME>
	</MAXOBJECTCFG>
<MAXOBJECTCFG action="AddChange">
		<EAUDITENABLED>1</EAUDITENABLED>
		<EAUDITTBNAME>A_CLASSIFICATION</EAUDITTBNAME>
		<OBJECTNAME>CLASSIFICATION</OBJECTNAME>
	</MAXOBJECTCFG>
<MAXOBJECTCFG action="AddChange">
		<EAUDITENABLED>1</EAUDITENABLED>
		<EAUDITTBNAME>A_CLASSSPEC</EAUDITTBNAME>
		<OBJECTNAME>CLASSSPEC</OBJECTNAME>
	</MAXOBJECTCFG>
<MAXOBJECTCFG action="AddChange">
		<EAUDITENABLED>1</EAUDITENABLED>
		<EAUDITTBNAME>A_CLASSSTRUCTURE</EAUDITTBNAME>
		<OBJECTNAME>CLASSSTRUCTURE</OBJECTNAME>
	</MAXOBJECTCFG>
<MAXOBJECTCFG action="AddChange">
		<EAUDITENABLED>1</EAUDITENABLED>
		<EAUDITTBNAME>A_CLASSUSEWITH</EAUDITTBNAME>
		<OBJECTNAME>CLASSUSEWITH</OBJECTNAME>
	</MAXOBJECTCFG>
<MAXOBJECTCFG action="AddChange">
		<EAUDITENABLED>1</EAUDITENABLED>
		<EAUDITTBNAME>A_MEASUREUNIT</EAUDITTBNAME>
		<OBJECTNAME>MEASUREUNIT</OBJECTNAME>
	</MAXOBJECTCFG>
<MAXOBJECTCFG action="AddChange">
		<EAUDITENABLED>1</EAUDITENABLED>
		<EAUDITTBNAME>A_CALENDAR</EAUDITTBNAME>
		<OBJECTNAME>CALENDAR</OBJECTNAME>
	</MAXOBJECTCFG>
<MAXOBJECTCFG action="AddChange">
		<EAUDITENABLED>1</EAUDITENABLED>
		<EAUDITTBNAME>A_WORKPERIOD</EAUDITTBNAME>
		<OBJECTNAME>WORKPERIOD</OBJECTNAME>
	</MAXOBJECTCFG>
<MAXOBJECTCFG action="AddChange">
		<EAUDITENABLED>1</EAUDITENABLED>
		<EAUDITTBNAME>A_CALENDARBREAK</EAUDITTBNAME>
		<OBJECTNAME>CALENDARBREAK</OBJECTNAME>
	</MAXOBJECTCFG>
<MAXOBJECTCFG action="AddChange">
		<EAUDITENABLED>1</EAUDITENABLED>
		<EAUDITTBNAME>A_SHIFT</EAUDITTBNAME>
		<OBJECTNAME>SHIFT</OBJECTNAME>
	</MAXOBJECTCFG>
<MAXOBJECTCFG action="AddChange">
		<EAUDITENABLED>1</EAUDITENABLED>
		<EAUDITTBNAME>A_SHIFTPATTERNDAY</EAUDITTBNAME>
		<OBJECTNAME>SHIFTPATTERNDAY</OBJECTNAME>
	</MAXOBJECTCFG>
<MAXOBJECTCFG action="AddChange">
		<EAUDITENABLED>1</EAUDITENABLED>
		<EAUDITTBNAME>A_NONWORKTIME</EAUDITTBNAME>
		<OBJECTNAME>NONWORKTIME</OBJECTNAME>
	</MAXOBJECTCFG>
<MAXOBJECTCFG action="AddChange">
		<EAUDITENABLED>1</EAUDITENABLED>
		<EAUDITTBNAME>A_PERSON</EAUDITTBNAME>
		<OBJECTNAME>PERSON</OBJECTNAME>
	</MAXOBJECTCFG>
<MAXOBJECTCFG action="AddChange">
		<EAUDITENABLED>1</EAUDITENABLED>
		<EAUDITTBNAME>A_PERSONGROUP</EAUDITTBNAME>
		<OBJECTNAME>PERSONGROUP</OBJECTNAME>
	</MAXOBJECTCFG>
<MAXOBJECTCFG action="AddChange">
		<EAUDITENABLED>1</EAUDITENABLED>
		<EAUDITTBNAME>A_PERSONGROUPTEAM</EAUDITTBNAME>
		<OBJECTNAME>PERSONGROUPTEAM</OBJECTNAME>
	</MAXOBJECTCFG>
<MAXOBJECTCFG action="AddChange">
		<EAUDITENABLED>1</EAUDITENABLED>
		<EAUDITTBNAME>A_LABOR</EAUDITTBNAME>
		<OBJECTNAME>LABOR</OBJECTNAME>
	</MAXOBJECTCFG>
<MAXOBJECTCFG action="AddChange">
		<EAUDITENABLED>1</EAUDITENABLED>
		<EAUDITTBNAME>A_CRAFTSKILL</EAUDITTBNAME>
		<OBJECTNAME>CRAFTSKILL</OBJECTNAME>
	</MAXOBJECTCFG>
<MAXOBJECTCFG action="AddChange">
		<EAUDITENABLED>1</EAUDITENABLED>
		<EAUDITTBNAME>A_LABORCRAFTRATE</EAUDITTBNAME>
		<OBJECTNAME>LABORCRAFTRATE</OBJECTNAME>
	</MAXOBJECTCFG>
</MXOBJECTCFGSet></SyncMXOBJECTCFG>