<?xml version="1.0" encoding="UTF-8"?><SyncDMMAXRELATIONSHIP xmlns="http://www.ibm.com/maximo" xmlns:xsi="http://www.w3.org/2001/XMLSchema-instance" creationDateTime="2014-12-02T12:48:25+00:00" transLanguage="EN" baseLanguage="EN" messageID="1417524503316427330" maximoVersion="7 5 20130829-1209 V7510--1"><DMMAXRELATIONSHIPSet><MAXRELATIONSHIP action="AddChange"><CARDINALITY></CARDINALITY><CHILD>JOBPLANSPEC</CHILD><DBJOINREQUIRED>0</DBJOINREQUIRED><MAXRELATIONSHIPID>142090</MAXRELATIONSHIPID><NAME>IDS_JOBPLANFREQ</NAME><PARENT>JOBPLAN</PARENT><REMARKS>Get Job Plan Frequency</REMARKS><WHERECLAUSE>jpnum = :jpnum and pluscjprevnum =:pluscrevnum and classstructureid = :classstructureid and ((orgid=:orgid and siteid=:siteid) or (orgid=:orgid and siteid is null) or (orgid is null and siteid is null)) and assetattrid = 'FREQ'</WHERECLAUSE></MAXRELATIONSHIP><MAXRELATIONSHIP action="AddChange"><CARDINALITY></CARDINALITY><CHILD>JOBPLAN</CHILD><DBJOINREQUIRED>0</DBJOINREQUIRED><MAXRELATIONSHIPID>142189</MAXRELATIONSHIPID><NAME>IDS_JOBPLAN</NAME><PARENT>WORKORDER</PARENT><REMARKS></REMARKS><WHERECLAUSE>jpnum=:jpnum and jobplan.pluscrevnum =:pluscjprevnum and ((orgid=:orgid and siteid=:siteid) or (orgid=:orgid and siteid is null) or (orgid is null and siteid is null))</WHERECLAUSE></MAXRELATIONSHIP></DMMAXRELATIONSHIPSet></SyncDMMAXRELATIONSHIP>