<?xml version="1.0" encoding="UTF-8"?><SyncDMPACKAGEDEF xmlns="http://www.ibm.com/maximo" xmlns:xsi="http://www.w3.org/2001/XMLSchema-instance" creationDateTime="2015-02-23T11:36:42+00:00" transLanguage="EN" baseLanguage="EN" messageID="1424691402705994259" maximoVersion="7 5 20130829-1209 V7510--1"><DMPACKAGEDEFSet><DMPACKAGEDEF><ACTIVE>0</ACTIVE><BATCHSIZE>100</BATCHSIZE><CHANGEBY>TIMMINSA</CHANGEBY><CHANGEDATE>2014-10-09T16:36:41+01:00</CHANGEDATE><CONTENTID>053f521d-1719-4c22-a336-9a5db2f278b8</CONTENTID><DESCRIPTION>Start Centers</DESCRIPTION><DESCRIPTION_LONGDESCRIPTION></DESCRIPTION_LONGDESCRIPTION><DMPACKAGEDEFID>1011</DMPACKAGEDEFID><DMROLE></DMROLE><HASLD>0</HASLD><LANGCODE>EN</LANGCODE><PKGDEFNAME>BBC_STARTC</PKGDEFNAME><SOURCE>BBC-SQL-D01_BBCMAXSIT_dbo</SOURCE><STATUS maxvalue="APPR">APPR</STATUS><STATUSDATE>2014-10-09T18:04:25+01:00</STATUSDATE><TYPE maxvalue="SNAPSHOT">SNAPSHOT</TYPE><XMLACTION maxvalue="ADDCHANGE">AddChange</XMLACTION><DMPKGDEFSTATUS><CHANGEBY>TIMMINSA</CHANGEBY><CONTENTID>de79918c-4134-4e08-b705-812400ac4830</CONTENTID><DMPKGDEFSTATUSID>1017</DMPKGDEFSTATUSID><MEMO></MEMO><STATUS maxvalue="APPR">APPR</STATUS><STATUSDATE>2014-10-09T18:04:00+01:00</STATUSDATE></DMPKGDEFSTATUS><DMPKGDEFSTATUS><CHANGEBY>TIMMINSA</CHANGEBY><CONTENTID>3b2273a4-44d9-4d40-80ae-eccac13643a1</CONTENTID><DMPKGDEFSTATUSID>1016</DMPKGDEFSTATUSID><MEMO></MEMO><STATUS maxvalue="WAPPR">WAPPR</STATUS><STATUSDATE>2014-09-18T13:43:00+01:00</STATUSDATE></DMPKGDEFSTATUS><DMPKGCFGGRPDEF><CFGOBJGROUP>BBC_STARTC</CFGOBJGROUP><CONTENTID>a506b54d-461e-4536-a309-0b6168599ff9</CONTENTID><DMPKGCFGGRPDEFID>1110</DMPKGCFGGRPDEFID></DMPKGCFGGRPDEF><DMPKGDIST><CHANGEBY>TIMMINSA</CHANGEBY><CHANGEDATE>2014-10-09T16:36:41+01:00</CHANGEDATE><CONTENTID>ec8a0458-201a-437f-ae0c-72a2d5c1fc44</CONTENTID><DMPKGDISTID>1006</DMPKGDISTID><TARGETNAME>IRVMMFOLDER</TARGETNAME></DMPKGDIST><DMPKGDIST><CHANGEBY>TIMMINSA</CHANGEBY><CHANGEDATE>2014-10-09T18:06:48+01:00</CHANGEDATE><CONTENTID>e176a30f-4387-4fc6-aaca-e7f2e3f0fedf</CONTENTID><DMPKGDISTID>1204</DMPKGDISTID><TARGETNAME>BBC_DEP</TARGETNAME></DMPKGDIST></DMPACKAGEDEF></DMPACKAGEDEFSet></SyncDMPACKAGEDEF>