<?xml version="1.0" encoding="UTF-8"?><SyncDMSCRIPT xmlns="http://www.ibm.com/maximo" xmlns:xsi="http://www.w3.org/2001/XMLSchema-instance" creationDateTime="2014-12-02T12:23:41+00:00" transLanguage="EN" baseLanguage="EN" messageID="141752301914179262" maximoVersion="7 5 20130829-1209 V7510--1"><DMSCRIPTSet><AUTOSCRIPT action="AddChange"><ACTION></ACTION><AUTOSCRIPT>IDS_JPSPEC</AUTOSCRIPT><AUTOSCRIPTID>2863</AUTOSCRIPTID><BINARYSCRIPTSOURCE></BINARYSCRIPTSOURCE><CATEGORY></CATEGORY><CHANGEBY>TIMMINSA</CHANGEBY><CHANGEDATE>2014-11-19T18:03:04+00:00</CHANGEDATE><COMMENTS></COMMENTS><CREATEDBY>TIMMINSA</CREATEDBY><CREATEDBYEMAIL>Andrew.Timmins@interservefm.com</CREATEDBYEMAIL><CREATEDBYID></CREATEDBYID><CREATEDBYNAME></CREATEDBYNAME><CREATEDBYPHONE></CREATEDBYPHONE><CREATEDDATE>2014-11-19T13:31:55+00:00</CREATEDDATE><DESCRIPTION>Add Job Plan Specifications</DESCRIPTION><LOGLEVEL>ERROR</LOGLEVEL><ORGID></ORGID><OWNER>TIMMINSA</OWNER><OWNEREMAIL>Andrew.Timmins@interservefm.com</OWNEREMAIL><OWNERID></OWNERID><OWNERNAME></OWNERNAME><OWNERPHONE></OWNERPHONE><SCHEDULEDSTATUS></SCHEDULEDSTATUS><SCRIPTLANGUAGE>jython</SCRIPTLANGUAGE><SITEID></SITEID><SOURCE>from psdi.server import MXServer
from psdi.security import UserInfo
from psdi.mbo import MboConstants 
from psdi.mbo import MboServerInterface
from psdi.mbo import MboRemote
from psdi.mbo import MboSetRemote


mxServer = MXServer.getMXServer()
user = mxServer.getUserInfo('TIMMINSA')
csMboSet = mxServer.getMboSet("CLASSSTRUCTURE",user )
csMboSet.setWhere("classificationid = 'JOBPLAN'")
csMboSet.reset()


if csMboSet.count() &gt; 0:
    csMbo = csMboSet.getMbo(0)
    csID = csMbo.getString("CLASSSTRUCTUREID")
    print "##INFO## Class structure ID is: "+ csID

    ## Getting Valid Planned + Statutory Jobplans

    jpMboSet = mxServer.getMboSet("JOBPLAN",user )
    jpMboSet.setWhere("templatetype &lt;&gt; 'REACTIVE' and jpnum &lt;&gt; 'BBCMTR01'")
    jpMboSet.reset()
    print "##INFO## Job Plans: "+ str(jpMboSet .count())
    
    for a in range(jpMboSet .count()):
        jpMbo = jpMboSet.getMbo(a)
        jpMbo.setValue("CLASSSTRUCTUREID",csID,MboConstants.NOACCESSCHECK)
    
    jpMboSet.save()

    for b in range(jpMboSet .count()):
        jpMbo = jpMboSet.getMbo(b)
        jpDesc = jpMbo.getString("DESCRIPTION")
        
        ##Cleanse Data  

        if jpDesc == "CW WATER LOG (1YR)":
            jpDesc = "CW WATER LOG (1Y)"
            jpMbo.setValue("DESCRIPTION",jpDesc ,MboConstants.NOACCESSCHECK)
        if jpDesc == "SMOKE DETECTIONS SYSTEMS (Y)":
            jpDesc = "SMOKE DETECTIONS SYSTEMS (1Y)"
            jpMbo.setValue("DESCRIPTION",jpDesc ,MboConstants.NOACCESSCHECK)
        if jpDesc == "SMOKE EXTRACTION SYSTEMS (Y)":
            jpDesc = "SMOKE EXTRACTION SYSTEMS (1Y)"
            jpMbo.setValue("DESCRIPTION",jpDesc ,MboConstants.NOACCESSCHECK)



##Get Description + Duration + Unit of Measure
        if jpDesc[len(jpDesc)-3:len(jpDesc)-2] =="0":
             dur = "10"
        else:
            dur = jpDesc[len(jpDesc)-3:len(jpDesc)-2]

        uom = jpDesc[len(jpDesc)-2:len(jpDesc)-1]

##Translate UOM
        if uom == "D":
            uom = "DAILY"
        if uom == "W":
            uom = "WEEKLY"
        if uom == "M":
            uom = "MONTHLY"
        if uom == "Y":
            uom = "YEARLY"

        print jpMbo.getString("JPNUM") + ":" + jpDesc + " - " + dur + " - " + uom
 
        jpSpecMboSet = jpMbo.getMboSet("JOBPLANSPECCLASS")
        if jpSpecMboSet.count() &gt;  0:
            jpSpecMbo = jpSpecMboSet.getMbo(0)
            print "Current DUR: " + jpSpecMbo.getString("NUMVALUE")
            jpSpecMbo.setValue("NUMVALUE",dur,MboConstants.NOACCESSCHECK)
            print "Current UOM: " + jpSpecMbo.getString("MEASUREUNITID")
            jpSpecMbo.setValue("MEASUREUNITID",uom,MboConstants.NOACCESSCHECK)
        jpSpecMboSet.save()
else:
   print "##ERROR## Job Plan classification doesn't exist."</SOURCE><STATUS maxvalue="Draft">Draft</STATUS><STATUSDATE>2014-11-19T13:31:55+00:00</STATUSDATE><USERDEFINED>1</USERDEFINED><VERSION></VERSION></AUTOSCRIPT></DMSCRIPTSet></SyncDMSCRIPT>