<?xml version="1.0" encoding="UTF-8"?><SyncDMPACKAGEDEF xmlns="http://www.ibm.com/maximo" xmlns:xsi="http://www.w3.org/2001/XMLSchema-instance" creationDateTime="2014-09-18T12:05:30+01:00" transLanguage="EN" baseLanguage="EN" messageID="1411038330442281752" maximoVersion="7 5 20130829-1209 V7510--1"><DMPACKAGEDEFSet><DMPACKAGEDEF><ACTIVE>0</ACTIVE><BATCHSIZE>100</BATCHSIZE><CHANGEBY>TIMMINSA</CHANGEBY><CHANGEDATE>2014-09-18T11:39:44+01:00</CHANGEDATE><CONTENTID>16aa8f97-a70e-4a69-80bf-4e43e0555152</CONTENTID><DESCRIPTION>Applications Package</DESCRIPTION><DESCRIPTION_LONGDESCRIPTION></DESCRIPTION_LONGDESCRIPTION><DMPACKAGEDEFID>1110</DMPACKAGEDEFID><DMROLE></DMROLE><HASLD>0</HASLD><LANGCODE>EN</LANGCODE><PKGDEFNAME>BBC_APPS</PKGDEFNAME><SOURCE>BBC-SQL-D01_BBCMAXDEV_dbo</SOURCE><STATUS maxvalue="APPR">APPR</STATUS><STATUSDATE>2014-09-18T11:40:01+01:00</STATUSDATE><TYPE maxvalue="SNAPSHOT">SNAPSHOT</TYPE><XMLACTION maxvalue="ADDCHANGE">AddChange</XMLACTION><DMPKGDEFSTATUS><CHANGEBY>TIMMINSA</CHANGEBY><CONTENTID>6812b90c-2b1c-473a-8ffe-54dc7751bb56</CONTENTID><DMPKGDEFSTATUSID>1112</DMPKGDEFSTATUSID><MEMO></MEMO><STATUS maxvalue="WAPPR">WAPPR</STATUS><STATUSDATE>2014-08-19T14:05:00+01:00</STATUSDATE></DMPKGDEFSTATUS><DMPKGDEFSTATUS><CHANGEBY>TIMMINSA</CHANGEBY><CONTENTID>56ba6f07-5873-4fe7-b584-7723a953c8d5</CONTENTID><DMPKGDEFSTATUSID>1113</DMPKGDEFSTATUSID><MEMO></MEMO><STATUS maxvalue="APPR">APPR</STATUS><STATUSDATE>2014-09-18T11:40:00+01:00</STATUSDATE></DMPKGDEFSTATUS><DMPKGCFGGRPDEF><CFGOBJGROUP>APP MIGRATION</CFGOBJGROUP><CONTENTID>acd1554f-1183-468c-9243-ae74ac9daa7e</CONTENTID><DMPKGCFGGRPDEFID>1209</DMPKGCFGGRPDEFID><DMPKGCFGOBJDEF><CFGOBJECT>DMMAXAPPS</CFGOBJECT><CONTENTID>59ae1079-5ae0-41ed-9540-333101ed70cd</CONTENTID><DMPKGCFGOBJDEFID>1105</DMPKGCFGOBJDEFID><WHERECLAUSE>app in ('PERSONGR','PO','INVOICE')</WHERECLAUSE></DMPKGCFGOBJDEF></DMPKGCFGGRPDEF><DMPKGDIST><CHANGEBY>TIMMINSA</CHANGEBY><CHANGEDATE>2014-09-18T11:39:44+01:00</CHANGEDATE><CONTENTID>414149cf-de1b-4deb-88cd-4c2278ecab77</CONTENTID><DMPKGDISTID>1104</DMPKGDISTID><TARGETNAME>IRVMMFOLDER</TARGETNAME></DMPKGDIST></DMPACKAGEDEF></DMPACKAGEDEFSet></SyncDMPACKAGEDEF>