<?xml version="1.0" encoding="UTF-8"?><SyncDMPACKAGEDEF xmlns="http://www.ibm.com/maximo" xmlns:xsi="http://www.w3.org/2001/XMLSchema-instance" creationDateTime="2014-08-28T10:48:37+01:00" transLanguage="EN" baseLanguage="EN" messageID="1409219316974627228" maximoVersion="7 5 20130829-1209 V7510--1"><DMPACKAGEDEFSet><DMPACKAGEDEF><ACTIVE>0</ACTIVE><BATCHSIZE>100</BATCHSIZE><CHANGEBY>TIMMINSA</CHANGEBY><CHANGEDATE>2014-07-07T14:18:42+01:00</CHANGEDATE><CONTENTID>55ff164b-dfd1-44d4-acec-2239d517c65e</CONTENTID><DESCRIPTION>Communication Templates</DESCRIPTION><DESCRIPTION_LONGDESCRIPTION></DESCRIPTION_LONGDESCRIPTION><DMPACKAGEDEFID>310</DMPACKAGEDEFID><DMROLE></DMROLE><HASLD>0</HASLD><LANGCODE>EN</LANGCODE><PKGDEFNAME>BBC_COMMT</PKGDEFNAME><SOURCE>BBC-SQL-D01_BBCMAXSIT_dbo</SOURCE><STATUS maxvalue="APPR">APPR</STATUS><STATUSDATE>2014-07-07T14:19:33+01:00</STATUSDATE><TYPE maxvalue="SNAPSHOT">SNAPSHOT</TYPE><XMLACTION maxvalue="ADDCHANGE">AddChange</XMLACTION><DMPKGDEFSTATUS><CHANGEBY>TIMMINSA</CHANGEBY><CONTENTID>54727252-8eb6-4e24-ae70-1684e54591f3</CONTENTID><DMPKGDEFSTATUSID>315</DMPKGDEFSTATUSID><MEMO></MEMO><STATUS maxvalue="APPR">APPR</STATUS><STATUSDATE>2014-07-07T14:19:00+01:00</STATUSDATE></DMPKGDEFSTATUS><DMPKGDEFSTATUS><CHANGEBY>TIMMINSA</CHANGEBY><CONTENTID>f7f874f3-4a56-4b99-b334-c0c2c4809c1e</CONTENTID><DMPKGDEFSTATUSID>314</DMPKGDEFSTATUSID><MEMO></MEMO><STATUS maxvalue="WAPPR">WAPPR</STATUS><STATUSDATE>2014-07-07T14:18:00+01:00</STATUSDATE></DMPKGDEFSTATUS><DMPKGCFGGRPDEF><CFGOBJGROUP>BBC_COMMTEMPLATE_MG</CFGOBJGROUP><CONTENTID>9fd87a53-9159-4849-af9f-43509666431b</CONTENTID><DMPKGCFGGRPDEFID>409</DMPKGCFGGRPDEFID><DMPKGCFGOBJDEF><CFGOBJECT>DMCOMMTEMPLATE</CFGOBJECT><CONTENTID>28f555ac-164d-47ec-9818-5475dc25ec55</CONTENTID><DMPKGCFGOBJDEFID>308</DMPKGCFGOBJDEFID><WHERECLAUSE>templateid in (select distinct(templateid) from wfnotification where  processname in ('SUBWORETUR') and processrev = (select max(processrev) from wfprocess wfp1 where wfnotification.processname = wfp1.processname))</WHERECLAUSE></DMPKGCFGOBJDEF></DMPKGCFGGRPDEF><DMPKGDIST><CHANGEBY>TIMMINSA</CHANGEBY><CHANGEDATE>2014-08-28T09:39:02+01:00</CHANGEDATE><CONTENTID>600964fd-530b-468f-89a9-87fbc5652599</CONTENTID><DMPKGDISTID>703</DMPKGDISTID><TARGETNAME>IRVMMFOLDER</TARGETNAME></DMPKGDIST></DMPACKAGEDEF></DMPACKAGEDEFSet></SyncDMPACKAGEDEF>