<?xml version="1.0" encoding="UTF-8"?><SyncDMCOMMTEMPLATE xmlns="http://www.ibm.com/maximo" xmlns:xsi="http://www.w3.org/2001/XMLSchema-instance" creationDateTime="2014-08-28T10:48:36+01:00" transLanguage="EN" baseLanguage="EN" messageID="1409219316552335967" maximoVersion="7 5 20130829-1209 V7510--1"><DMCOMMTEMPLATESet><COMMTEMPLATE action="AddChange"><COMMTEMPLATEID>766</COMMTEMPLATEID><CREATEBY>TYLERP</CREATEBY><CREATEDATE>2014-02-06T12:45:44+00:00</CREATEDATE><DESCRIPTION>Template for asset manager for missing asset</DESCRIPTION><DESCRIPTION_LONGDESCRIPTION></DESCRIPTION_LONGDESCRIPTION><FREEFORM>0</FREEFORM><HASLD>0</HASLD><LANGCODE>EN</LANGCODE><LOGFLAG>1</LOGFLAG><MESSAGE>&lt;div&gt;:wonum has been returned by the engineer for the reason of asset missing. &lt;/div&gt;&lt;div&gt;Asset Number :assetnum &lt;/div&gt;&lt;div&gt;Location :location &lt;/div&gt;&lt;div&gt;Please investigate &lt;/div&gt;&lt;!-- RICH TEXT --&gt;</MESSAGE><OBJECTNAME>WORKORDER</OBJECTNAME><REPLYTO></REPLYTO><SENDERSYSID>MX</SENDERSYSID><SENDFROM>BBCWorkplace.Ops@interserve.com</SENDFROM><STATUS maxvalue="ACTIVE">ACTIVE</STATUS><STATUSDATE>2014-08-13T13:14:59+01:00</STATUSDATE><SUBJECT>Asset is missing</SUBJECT><TEMPLATEID>IRVASSMAN</TEMPLATEID><TRACKFAILEDMESSAGES>0</TRACKFAILEDMESSAGES><USEWITH maxvalue="ALL">ALL</USEWITH><COMMTMPLTSENDTO><BCC>0</BCC><CC>0</CC><COMMTMPLTSENDTOID>1394</COMMTMPLTSENDTOID><ISBROADCAST>0</ISBROADCAST><SENDTO>1</SENDTO><SENDTOVALUE>hsbc.testing@interserve.com</SENDTOVALUE><TYPE>EMAIL</TYPE></COMMTMPLTSENDTO></COMMTEMPLATE><COMMTEMPLATE action="AddChange"><COMMTEMPLATEID>1566</COMMTEMPLATEID><CREATEBY>REISH</CREATEBY><CREATEDATE>2014-08-14T13:58:36+01:00</CREATEDATE><DESCRIPTION>Work Order Quote Required - BBCPROC</DESCRIPTION><DESCRIPTION_LONGDESCRIPTION></DESCRIPTION_LONGDESCRIPTION><FREEFORM>0</FREEFORM><HASLD>0</HASLD><LANGCODE>EN</LANGCODE><LOGFLAG>0</LOGFLAG><MESSAGE>&lt;div&gt;&lt;span style="font-size: 9pt; font-family: Calibri, sans-serif;"&gt;&lt;/span&gt;&lt;/div&gt;&lt;div&gt;&lt;span style="font-size: 9pt; font-family: Calibri,sans-serif;"&gt;&lt;br /&gt;This workorder has been returned from an Engineer who believes the work is out of scope.&lt;/span&gt;&lt;/div&gt;&lt;div&gt; &lt;/div&gt;&lt;div&gt; &lt;/div&gt;&lt;span style="font-size: 8.5pt; font-family: Arial, sans-serif;"&gt;&lt;/span&gt;&lt;span style="font-size: 8.5pt; font-family: Arial, sans-serif;"&gt;&lt;/span&gt;&lt;span style="font-size: 9pt; font-family: Calibri, sans-serif;"&gt;Could you please look into this job and confirm if the additional information is correct? &lt;br /&gt;  &lt;br /&gt;Should you have any queries regarding the scope of the works or how to complete the form, please do not hesitate to contact us. &lt;/span&gt;&lt;!-- RICH TEXT --&gt;</MESSAGE><OBJECTNAME>WORKORDER</OBJECTNAME><REPLYTO></REPLYTO><SENDERSYSID>MX</SENDERSYSID><SENDFROM>BBCWorkplace.ServiceCentre@interserve.com</SENDFROM><STATUS maxvalue="ACTIVE">ACTIVE</STATUS><STATUSDATE>2014-08-18T10:01:35+01:00</STATUSDATE><SUBJECT>BBCPROC:  Quote required return for [ :ORIGTICKET.ticketid / :WONUM ]</SUBJECT><TEMPLATEID>IRVBBCPROCQR</TEMPLATEID><TRACKFAILEDMESSAGES>0</TRACKFAILEDMESSAGES><USEWITH maxvalue="ALL">ALL</USEWITH><COMMTMPLTSENDTO><BCC>0</BCC><CC>0</CC><COMMTMPLTSENDTOID>1594</COMMTMPLTSENDTOID><ISBROADCAST>0</ISBROADCAST><SENDTO>1</SENDTO><SENDTOVALUE>hsbc.testing@interserve.com</SENDTOVALUE><TYPE>EMAIL</TYPE></COMMTMPLTSENDTO></COMMTEMPLATE></DMCOMMTEMPLATESet></SyncDMCOMMTEMPLATE>