<?xml version="1.0" encoding="UTF-8"?><SyncDMCFGGROUP xmlns="http://www.ibm.com/maximo" xmlns:xsi="http://www.w3.org/2001/XMLSchema-instance" creationDateTime="2014-08-28T10:48:37+01:00" transLanguage="EN" baseLanguage="EN" messageID="1409219316958161104" maximoVersion="7 5 20130829-1209 V7510--1"><DMCFGGROUPSet><DMCFGGROUP><CFGGROUPORDER>27</CFGGROUPORDER><CFGOBJGROUP>BBC_COMMTEMPLATE_MG</CFGOBJGROUP><CHANGEBY>MCEVETTN</CHANGEBY><CHANGEDATE>2014-07-02T15:17:19+01:00</CHANGEDATE><DESCRIPTION>Communication Templates</DESCRIPTION><DMCFGGROUPID>92532</DMCFGGROUPID><GROUPTYPE maxvalue="CFGDATA">CFGDATA</GROUPTYPE><INTERNAL>0</INTERNAL><DMCFGOBJECT><CFGOBJECT>DMCOMMTEMPLATE</CFGOBJECT><CFGOBJORDER>1</CFGOBJORDER><CHANGEBY>MCEVETTN</CHANGEBY><CHANGEDATE>2014-07-02T15:17:49+01:00</CHANGEDATE><DESCRIPTION>Communication template migration object for Migration Manager</DESCRIPTION><DMCFGOBJECTID>2000</DMCFGOBJECTID><INTERNAL>0</INTERNAL></DMCFGOBJECT></DMCFGGROUP></DMCFGGROUPSet></SyncDMCFGGROUP>