<?xml version="1.0" encoding="UTF-8"?><SyncDMACTIONGROUP xmlns="http://www.ibm.com/maximo" xmlns:xsi="http://www.w3.org/2001/XMLSchema-instance" creationDateTime="2014-10-15T12:48:20+01:00" transLanguage="EN" baseLanguage="EN" messageID="1413373700385482170" maximoVersion="7 5 20130829-1209 V7510--1"><DMACTIONGROUPSet><ACTIONGROUP action="AddChange"><ACTION>1146</ACTION><ACTIONGROUPID>3841</ACTIONGROUPID><MEMBER>IRV_INVVAL</MEMBER><SEQUENCE>10</SEQUENCE></ACTIONGROUP><ACTIONGROUP action="AddChange"><ACTION>INVCANNULL</ACTION><ACTIONGROUPID>3940</ACTIONGROUPID><MEMBER>INV CAN</MEMBER><SEQUENCE>40</SEQUENCE></ACTIONGROUP><ACTIONGROUP action="AddChange"><ACTION>INVCANNULL</ACTION><ACTIONGROUPID>3938</ACTIONGROUPID><MEMBER>IRV_INVISSNULL</MEMBER><SEQUENCE>20</SEQUENCE></ACTIONGROUP><ACTIONGROUP action="AddChange"><ACTION>INVCANNULL</ACTION><ACTIONGROUPID>3939</ACTIONGROUPID><MEMBER>IRV_INVREASNULL</MEMBER><SEQUENCE>10</SEQUENCE></ACTIONGROUP><ACTIONGROUP action="AddChange"><ACTION>IRV_CREDPRO1</ACTION><ACTIONGROUPID>3843</ACTIONGROUPID><MEMBER>IRV_CREDPRO</MEMBER><SEQUENCE>30</SEQUENCE></ACTIONGROUP><ACTIONGROUP action="AddChange"><ACTION>IRV_CREDPRO1</ACTION><ACTIONGROUPID>3844</ACTIONGROUPID><MEMBER>IRV_ISSTYPE_INV</MEMBER><SEQUENCE>40</SEQUENCE></ACTIONGROUP><ACTIONGROUP action="AddChange"><ACTION>IRV_CREDPROG</ACTION><ACTIONGROUPID>3838</ACTIONGROUPID><MEMBER>IRV_CREDG</MEMBER><SEQUENCE>20</SEQUENCE></ACTIONGROUP><ACTIONGROUP action="AddChange"><ACTION>IRV_CREDPROG</ACTION><ACTIONGROUPID>3840</ACTIONGROUPID><MEMBER>IRV_CREDPRO</MEMBER><SEQUENCE>30</SEQUENCE></ACTIONGROUP><ACTIONGROUP action="AddChange"><ACTION>IRV_CREDREVG</ACTION><ACTIONGROUPID>3835</ACTIONGROUPID><MEMBER>IRV_CREDG</MEMBER><SEQUENCE>20</SEQUENCE></ACTIONGROUP><ACTIONGROUP action="AddChange"><ACTION>IRV_CREDREVG</ACTION><ACTIONGROUPID>3834</ACTIONGROUPID><MEMBER>IRV_CREDREV</MEMBER><SEQUENCE>10</SEQUENCE></ACTIONGROUP><ACTIONGROUP action="AddChange"><ACTION>IRV_ISS_CANREQ</ACTION><ACTIONGROUPID>3836</ACTIONGROUPID><MEMBER>IRV_CANREQ</MEMBER><SEQUENCE>10</SEQUENCE></ACTIONGROUP><ACTIONGROUP action="AddChange"><ACTION>IRV_ISS_CANREQ</ACTION><ACTIONGROUPID>3837</ACTIONGROUPID><MEMBER>IRV_ISSTYPE_INV</MEMBER><SEQUENCE>20</SEQUENCE></ACTIONGROUP><ACTIONGROUP action="AddChange"><ACTION>IRV_ISSUENULL</ACTION><ACTIONGROUPID>3936</ACTIONGROUPID><MEMBER>INV APPR</MEMBER><SEQUENCE>30</SEQUENCE></ACTIONGROUP><ACTIONGROUP action="AddChange"><ACTION>IRV_ISSUENULL</ACTION><ACTIONGROUPID>3935</ACTIONGROUPID><MEMBER>IRV_INVISSNULL</MEMBER><SEQUENCE>20</SEQUENCE></ACTIONGROUP><ACTIONGROUP action="AddChange"><ACTION>IRV_ISSUENULL</ACTION><ACTIONGROUPID>3934</ACTIONGROUPID><MEMBER>IRV_INVREASNULL</MEMBER><SEQUENCE>10</SEQUENCE></ACTIONGROUP></DMACTIONGROUPSet></SyncDMACTIONGROUP>