<?xml version="1.0" encoding="UTF-8"?><SyncDMESCALATION xmlns="http://www.ibm.com/maximo" xmlns:xsi="http://www.w3.org/2001/XMLSchema-instance" creationDateTime="2014-10-15T12:48:20+01:00" transLanguage="EN" baseLanguage="EN" messageID="141337370040066687" maximoVersion="7 5 20130829-1209 V7510--1"><DMESCALATIONSet><ESCALATION action="AddChange"><ACTIVE>1</ACTIVE><CHANGEBY>TIMMINSA</CHANGEBY><CHANGEDATE>2014-10-01T13:49:08+01:00</CHANGEDATE><CONDITION>status not in ('APPR','CANCEL','EXPORTED')</CONDITION><CRONTASKNAME>ESCALATION</CRONTASKNAME><DESCRIPTION>Set the invoice issue status. **Only Run One Time on P2P Rework!**</DESCRIPTION><DESCRIPTION_LONGDESCRIPTION></DESCRIPTION_LONGDESCRIPTION><ESCALATION>IRV_MANINVISS</ESCALATION><ESCALATIONID>3425</ESCALATIONID><ESCCALENDAR></ESCCALENDAR><ESCCALORGID></ESCCALORGID><ESCSHIFT></ESCSHIFT><ESCSTATUSFLAG>0</ESCSTATUSFLAG><HASLD>0</HASLD><INSTANCENAME>ESCIRV_MANINVISS</INSTANCENAME><LANGCODE>EN</LANGCODE><OBJECTNAME>INVOICE</OBJECTNAME><ORGID></ORGID><PLUSPONDEMAND>0</PLUSPONDEMAND><PLUSPSOURCEAPP>ESCALATION</PLUSPSOURCEAPP><SCHEDULE>2m,*,*,*,*,*,*,*,*,*</SCHEDULE><SITEID></SITEID><SLANUM></SLANUM><ESCREFPOINT><ACTION>1146</ACTION><CALCCALENDAR></CALCCALENDAR><CALCORGID></CALCORGID><CALCSHIFT></CALCSHIFT><ELAPSEDINTERVAL xsi:nil="true"></ELAPSEDINTERVAL><EVENTATTRIBUTE></EVENTATTRIBUTE><EVENTCONDITION></EVENTCONDITION><INTERVALUOM></INTERVALUOM><REFPOINTID>3222</REFPOINTID><REFPOINTNUM>1</REFPOINTNUM><REPEAT>0</REPEAT></ESCREFPOINT></ESCALATION></DMESCALATIONSet></SyncDMESCALATION>