<?xml version="1.0" encoding="UTF-8"?><SyncDMPACKAGEDEF xmlns="http://www.ibm.com/maximo" xmlns:xsi="http://www.w3.org/2001/XMLSchema-instance" creationDateTime="2014-10-15T12:48:21+01:00" transLanguage="EN" baseLanguage="EN" messageID="1413373701744269220" maximoVersion="7 5 20130829-1209 V7510--1"><DMPACKAGEDEFSet><DMPACKAGEDEF><ACTIVE>0</ACTIVE><BATCHSIZE>100</BATCHSIZE><CHANGEBY>TIMMINSA</CHANGEBY><CHANGEDATE>2014-08-27T10:58:14+01:00</CHANGEDATE><CONTENTID>b3b89708-aa7b-435c-8e23-14ae1f6d4ff8</CONTENTID><DESCRIPTION>BBC Actions</DESCRIPTION><DESCRIPTION_LONGDESCRIPTION></DESCRIPTION_LONGDESCRIPTION><DMPACKAGEDEFID>807</DMPACKAGEDEFID><DMROLE></DMROLE><HASLD>0</HASLD><LANGCODE>EN</LANGCODE><PKGDEFNAME>BBC_ACTIONS</PKGDEFNAME><SOURCE>BBC-SQL-D01_BBCMAXSIT_dbo</SOURCE><STATUS maxvalue="APPR">APPR</STATUS><STATUSDATE>2014-08-27T10:59:47+01:00</STATUSDATE><TYPE maxvalue="SNAPSHOT">SNAPSHOT</TYPE><XMLACTION maxvalue="ADDCHANGE">AddChange</XMLACTION><DMPKGDEFSTATUS><CHANGEBY>TIMMINSA</CHANGEBY><CONTENTID>731e07dd-1210-44fe-a3cb-f3bf65f89fcc</CONTENTID><DMPKGDEFSTATUSID>808</DMPKGDEFSTATUSID><MEMO></MEMO><STATUS maxvalue="WAPPR">WAPPR</STATUS><STATUSDATE>2014-07-28T15:16:00+01:00</STATUSDATE></DMPKGDEFSTATUS><DMPKGDEFSTATUS><CHANGEBY>TIMMINSA</CHANGEBY><CONTENTID>75945453-8278-44d1-8c38-c800cccc1c4e</CONTENTID><DMPKGDEFSTATUSID>809</DMPKGDEFSTATUSID><MEMO></MEMO><STATUS maxvalue="APPR">APPR</STATUS><STATUSDATE>2014-08-27T10:59:00+01:00</STATUSDATE></DMPKGDEFSTATUS><DMPKGCFGGRPDEF><CFGOBJGROUP>BBC_ACTIONS_ESCALATIONS</CFGOBJGROUP><CONTENTID>5e1612b6-0902-40c7-be3c-3adaa72a192b</CONTENTID><DMPKGCFGGRPDEFID>906</DMPKGCFGGRPDEFID><DMPKGCFGOBJDEF><CFGOBJECT>DMACTIONGROUP</CFGOBJECT><CONTENTID>b2981780-91be-43bd-8db1-0a7629f860ab</CONTENTID><DMPKGCFGOBJDEFID>802</DMPKGCFGOBJDEFID><WHERECLAUSE>action in ('INVCANNULL','IRV_ISSUENULL','IRV_INVISSNULL','IRV_INVREASNULL','IRV_CREDPRO1','1146','IRV_CREDPROG','IRV_CREDPRO','IRV_CREDREVG','IRV_CREDG','IRV_CREDREV','IRV_CREDVAL','IRV_IRVMANASS','STOPWF','IRV_TOLAPPRGRP','IRV_SETINVAPPRGRP','IRV_SETAPPRGRP','IRV_POSCHEDULED','IRV_POREACTIVE','IRV_POPROJECT','IRV_POPPM','IRV_POOTHER','IRV_POCATERING','IRV_POAGENCY','IRV_ISSTYPE_INV','IRV_ISS_TOLAPPRGRP','IRV_ISS_CREDWAIT','IRV_ISS_CANREQ','IRV_INVVAL','IRV_CREDWAIT','IRV_CANREQ')</WHERECLAUSE></DMPKGCFGOBJDEF><DMPKGCFGOBJDEF><CFGOBJECT>DMESCALATION</CFGOBJECT><CONTENTID>280ee052-e4c8-4882-857a-165e2198852d</CONTENTID><DMPKGCFGOBJDEFID>803</DMPKGCFGOBJDEFID><WHERECLAUSE>escalation='IRV_MANINVISS'</WHERECLAUSE></DMPKGCFGOBJDEF><DMPKGCFGOBJDEF><CFGOBJECT>DMACTION</CFGOBJECT><CONTENTID>58461af3-dd4f-4275-bb96-3b79c6731b68</CONTENTID><DMPKGCFGOBJDEFID>804</DMPKGCFGOBJDEFID><WHERECLAUSE>action in ('INVCANNULL','IRV_ISSUENULL','IRV_INVISSNULL','IRV_INVREASNULL','IRV_CREDPRO1','1146','IRV_CREDPROG','IRV_CREDPRO','IRV_CREDREVG','IRV_CREDG','IRV_CREDREV','IRV_CREDVAL','IRV_IRVMANASS','STOPWF','IRV_TOLAPPRGRP','IRV_SETINVAPPRGRP','IRV_SETAPPRGRP','IRV_POSCHEDULED','IRV_POREACTIVE','IRV_POPROJECT','IRV_POPPM','IRV_POOTHER','IRV_POCATERING','IRV_POAGENCY','IRV_ISSTYPE_INV','IRV_ISS_TOLAPPRGRP','IRV_ISS_CREDWAIT','IRV_ISS_CANREQ','IRV_INVVAL','IRV_CREDWAIT','IRV_CANREQ')</WHERECLAUSE></DMPKGCFGOBJDEF></DMPKGCFGGRPDEF><DMPKGDIST><CHANGEBY>TIMMINSA</CHANGEBY><CHANGEDATE>2014-08-27T10:58:14+01:00</CHANGEDATE><CONTENTID>b9e4534c-07fc-41b9-9c9e-abd52a3f3565</CONTENTID><DMPKGDISTID>702</DMPKGDISTID><TARGETNAME>IRVMMFOLDER</TARGETNAME></DMPKGDIST><DMPKGDIST><CHANGEBY>TIMMINSA</CHANGEBY><CHANGEDATE>2014-10-09T17:20:38+01:00</CHANGEDATE><CONTENTID>33d19cbc-4fb7-43e7-bd56-30086899d5fa</CONTENTID><DMPKGDISTID>1305</DMPKGDISTID><TARGETNAME>BBC_DEP</TARGETNAME></DMPKGDIST></DMPACKAGEDEF></DMPACKAGEDEFSet></SyncDMPACKAGEDEF>