<?xml version="1.0" encoding="UTF-8"?><SyncDMACTION xmlns="http://www.ibm.com/maximo" xmlns:xsi="http://www.w3.org/2001/XMLSchema-instance" creationDateTime="2014-10-15T12:48:20+01:00" transLanguage="EN" baseLanguage="EN" messageID="1413373700213651291" maximoVersion="7 5 20130829-1209 V7510--1"><DMACTIONSet><ACTION action="AddChange"><ACTION>1146</ACTION><ACTIONID>5886</ACTIONID><DESCRIPTION></DESCRIPTION><DESCRIPTION_LONGDESCRIPTION></DESCRIPTION_LONGDESCRIPTION><DISPVALUE></DISPVALUE><HASLD>0</HASLD><LANGCODE>EN</LANGCODE><MEMO></MEMO><OBJECTNAME>INVOICE</OBJECTNAME><PARAMETER></PARAMETER><SENDERSYSID>MX</SENDERSYSID><TYPE maxvalue="GROUP">GROUP</TYPE><USEWITH maxvalue="ESCALATION">ESCALATION</USEWITH><VALUE></VALUE><VALUE2></VALUE2></ACTION><ACTION action="AddChange"><ACTION>INVCANNULL</ACTION><ACTIONID>5981</ACTIONID><DESCRIPTION>Set Inovice Issues to Null - Cancel</DESCRIPTION><DESCRIPTION_LONGDESCRIPTION></DESCRIPTION_LONGDESCRIPTION><DISPVALUE></DISPVALUE><HASLD>0</HASLD><LANGCODE>EN</LANGCODE><MEMO></MEMO><OBJECTNAME>INVOICE</OBJECTNAME><PARAMETER></PARAMETER><SENDERSYSID>MX</SENDERSYSID><TYPE maxvalue="GROUP">GROUP</TYPE><USEWITH maxvalue="ALL">ALL</USEWITH><VALUE></VALUE><VALUE2></VALUE2></ACTION><ACTION action="AddChange"><ACTION>IRV_CANREQ</ACTION><ACTIONID>5678</ACTIONID><DESCRIPTION>Invoice - Invoice Cancel Request</DESCRIPTION><DESCRIPTION_LONGDESCRIPTION></DESCRIPTION_LONGDESCRIPTION><DISPVALUE>'CANREQ'</DISPVALUE><HASLD>0</HASLD><LANGCODE>EN</LANGCODE><MEMO></MEMO><OBJECTNAME>INVOICE</OBJECTNAME><PARAMETER>irv_reasoncode</PARAMETER><SENDERSYSID>MX</SENDERSYSID><TYPE maxvalue="SETVALUE">SETVALUE</TYPE><USEWITH maxvalue="ALL">ALL</USEWITH><VALUE></VALUE><VALUE2>'CANREQ'</VALUE2></ACTION><ACTION action="AddChange"><ACTION>IRV_CREDG</ACTION><ACTIONID>5882</ACTIONID><DESCRIPTION>Set Invoice Issue Group - Credit</DESCRIPTION><DESCRIPTION_LONGDESCRIPTION></DESCRIPTION_LONGDESCRIPTION><DISPVALUE>'CREDIT'</DISPVALUE><HASLD>0</HASLD><LANGCODE>EN</LANGCODE><MEMO></MEMO><OBJECTNAME>INVOICE</OBJECTNAME><PARAMETER>irv_issuetype</PARAMETER><SENDERSYSID>MX</SENDERSYSID><TYPE maxvalue="SETVALUE">SETVALUE</TYPE><USEWITH maxvalue="ALL">ALL</USEWITH><VALUE></VALUE><VALUE2>'CREDIT'</VALUE2></ACTION><ACTION action="AddChange"><ACTION>IRV_CREDPRO</ACTION><ACTIONID>5884</ACTIONID><DESCRIPTION>Invoice Issue - Credit Process</DESCRIPTION><DESCRIPTION_LONGDESCRIPTION></DESCRIPTION_LONGDESCRIPTION><DISPVALUE>'CREDITPRO'</DISPVALUE><HASLD>0</HASLD><LANGCODE>EN</LANGCODE><MEMO></MEMO><OBJECTNAME>INVOICE</OBJECTNAME><PARAMETER>irv_reasoncode</PARAMETER><SENDERSYSID>MX</SENDERSYSID><TYPE maxvalue="SETVALUE">SETVALUE</TYPE><USEWITH maxvalue="ALL">ALL</USEWITH><VALUE></VALUE><VALUE2>'CREDITPRO'</VALUE2></ACTION><ACTION action="AddChange"><ACTION>IRV_CREDPRO1</ACTION><ACTIONID>5887</ACTIONID><DESCRIPTION>Set Issue Type INV - Issue Code - CREDPRO</DESCRIPTION><DESCRIPTION_LONGDESCRIPTION></DESCRIPTION_LONGDESCRIPTION><DISPVALUE></DISPVALUE><HASLD>0</HASLD><LANGCODE>EN</LANGCODE><MEMO></MEMO><OBJECTNAME>INVOICE</OBJECTNAME><PARAMETER></PARAMETER><SENDERSYSID>MX</SENDERSYSID><TYPE maxvalue="GROUP">GROUP</TYPE><USEWITH maxvalue="ALL">ALL</USEWITH><VALUE></VALUE><VALUE2></VALUE2></ACTION><ACTION action="AddChange"><ACTION>IRV_CREDPROG</ACTION><ACTIONID>5885</ACTIONID><DESCRIPTION>Set Issue Type CREDIT - Issue Code - CREDPRO</DESCRIPTION><DESCRIPTION_LONGDESCRIPTION></DESCRIPTION_LONGDESCRIPTION><DISPVALUE></DISPVALUE><HASLD>0</HASLD><LANGCODE>EN</LANGCODE><MEMO></MEMO><OBJECTNAME>INVOICE</OBJECTNAME><PARAMETER></PARAMETER><SENDERSYSID>MX</SENDERSYSID><TYPE maxvalue="GROUP">GROUP</TYPE><USEWITH maxvalue="ALL">ALL</USEWITH><VALUE></VALUE><VALUE2></VALUE2></ACTION><ACTION action="AddChange"><ACTION>IRV_CREDREV</ACTION><ACTIONID>5881</ACTIONID><DESCRIPTION>Invoice Issue - Credit Review</DESCRIPTION><DESCRIPTION_LONGDESCRIPTION></DESCRIPTION_LONGDESCRIPTION><DISPVALUE>'CREDITREV'</DISPVALUE><HASLD>0</HASLD><LANGCODE>EN</LANGCODE><MEMO></MEMO><OBJECTNAME>INVOICE</OBJECTNAME><PARAMETER>irv_reasoncode</PARAMETER><SENDERSYSID>MX</SENDERSYSID><TYPE maxvalue="SETVALUE">SETVALUE</TYPE><USEWITH maxvalue="ALL">ALL</USEWITH><VALUE></VALUE><VALUE2>'CREDITREV'</VALUE2></ACTION><ACTION action="AddChange"><ACTION>IRV_CREDREVG</ACTION><ACTIONID>5883</ACTIONID><DESCRIPTION>Set Issue Type CREDIT - Issue Code - CREDREV</DESCRIPTION><DESCRIPTION_LONGDESCRIPTION></DESCRIPTION_LONGDESCRIPTION><DISPVALUE></DISPVALUE><HASLD>0</HASLD><LANGCODE>EN</LANGCODE><MEMO></MEMO><OBJECTNAME>INVOICE</OBJECTNAME><PARAMETER></PARAMETER><SENDERSYSID>MX</SENDERSYSID><TYPE maxvalue="GROUP">GROUP</TYPE><USEWITH maxvalue="ALL">ALL</USEWITH><VALUE></VALUE><VALUE2></VALUE2></ACTION><ACTION action="AddChange"><ACTION>IRV_CREDVAL</ACTION><ACTIONID>5879</ACTIONID><DESCRIPTION>Credit Note Validation</DESCRIPTION><DESCRIPTION_LONGDESCRIPTION></DESCRIPTION_LONGDESCRIPTION><DISPVALUE>com.ibm.tivoli.maximo.script.ScriptAction</DISPVALUE><HASLD>0</HASLD><LANGCODE>EN</LANGCODE><MEMO></MEMO><OBJECTNAME></OBJECTNAME><PARAMETER>IRV_CREDVAL,IRV_CREDVAL,IRV_CREDVAL</PARAMETER><SENDERSYSID>MX</SENDERSYSID><TYPE maxvalue="CUSTOM">CUSTOM</TYPE><USEWITH maxvalue="ALL">ALL</USEWITH><VALUE>com.ibm.tivoli.maximo.script.ScriptAction</VALUE><VALUE2></VALUE2></ACTION><ACTION action="AddChange"><ACTION>IRV_CREDWAIT</ACTION><ACTIONID>5679</ACTIONID><DESCRIPTION>Invoice - Waiting for credit note.</DESCRIPTION><DESCRIPTION_LONGDESCRIPTION></DESCRIPTION_LONGDESCRIPTION><DISPVALUE>"CREDWAIT"</DISPVALUE><HASLD>0</HASLD><LANGCODE>EN</LANGCODE><MEMO></MEMO><OBJECTNAME>INVOICE</OBJECTNAME><PARAMETER>irv_reasoncode</PARAMETER><SENDERSYSID>MX</SENDERSYSID><TYPE maxvalue="SETVALUE">SETVALUE</TYPE><USEWITH maxvalue="ALL">ALL</USEWITH><VALUE></VALUE><VALUE2>"CREDWAIT"</VALUE2></ACTION><ACTION action="AddChange"><ACTION>IRV_INVISSNULL</ACTION><ACTIONID>5979</ACTIONID><DESCRIPTION>Set Issue type null</DESCRIPTION><DESCRIPTION_LONGDESCRIPTION></DESCRIPTION_LONGDESCRIPTION><DISPVALUE></DISPVALUE><HASLD>0</HASLD><LANGCODE>EN</LANGCODE><MEMO></MEMO><OBJECTNAME>INVOICE</OBJECTNAME><PARAMETER>irv_issuetype</PARAMETER><SENDERSYSID>MX</SENDERSYSID><TYPE maxvalue="SETVALUE">SETVALUE</TYPE><USEWITH maxvalue="ALL">ALL</USEWITH><VALUE></VALUE><VALUE2></VALUE2></ACTION><ACTION action="AddChange"><ACTION>IRV_INVREASNULL</ACTION><ACTIONID>5978</ACTIONID><DESCRIPTION>Set Reason Code NULL</DESCRIPTION><DESCRIPTION_LONGDESCRIPTION></DESCRIPTION_LONGDESCRIPTION><DISPVALUE></DISPVALUE><HASLD>0</HASLD><LANGCODE>EN</LANGCODE><MEMO></MEMO><OBJECTNAME>INVOICE</OBJECTNAME><PARAMETER>irv_reasoncode</PARAMETER><SENDERSYSID>MX</SENDERSYSID><TYPE maxvalue="SETVALUE">SETVALUE</TYPE><USEWITH maxvalue="ALL">ALL</USEWITH><VALUE></VALUE><VALUE2></VALUE2></ACTION><ACTION action="AddChange"><ACTION>IRV_INVVAL</ACTION><ACTIONID>5680</ACTIONID><DESCRIPTION>Invoice Validation</DESCRIPTION><DESCRIPTION_LONGDESCRIPTION></DESCRIPTION_LONGDESCRIPTION><DISPVALUE>com.ibm.tivoli.maximo.script.ScriptAction</DISPVALUE><HASLD>0</HASLD><LANGCODE>EN</LANGCODE><MEMO></MEMO><OBJECTNAME>INVOICE</OBJECTNAME><PARAMETER>IRV_INVVAL,IRV_INVVAL,IRV_INVVAL</PARAMETER><SENDERSYSID>MX</SENDERSYSID><TYPE maxvalue="CUSTOM">CUSTOM</TYPE><USEWITH maxvalue="ALL">ALL</USEWITH><VALUE>com.ibm.tivoli.maximo.script.ScriptAction</VALUE><VALUE2></VALUE2></ACTION><ACTION action="AddChange"><ACTION>IRV_IRVMANASS</ACTION><ACTIONID>5878</ACTIONID><DESCRIPTION>Manually Assign Invoice</DESCRIPTION><DESCRIPTION_LONGDESCRIPTION></DESCRIPTION_LONGDESCRIPTION><DISPVALUE>com.ibm.tivoli.maximo.script.ScriptAction</DISPVALUE><HASLD>0</HASLD><LANGCODE>EN</LANGCODE><MEMO></MEMO><OBJECTNAME>INVOICE</OBJECTNAME><PARAMETER>IRV_IRVMANASS,IRV_IRVMANASS,IRV_IRVMANASS</PARAMETER><SENDERSYSID>MX</SENDERSYSID><TYPE maxvalue="CUSTOM">CUSTOM</TYPE><USEWITH maxvalue="ALL">ALL</USEWITH><VALUE>com.ibm.tivoli.maximo.script.ScriptAction</VALUE><VALUE2></VALUE2></ACTION><ACTION action="AddChange"><ACTION>IRV_ISS_CANREQ</ACTION><ACTIONID>5681</ACTIONID><DESCRIPTION>Invoice - Set Issue Type: Invoice - Set Reason: Cancel Requested</DESCRIPTION><DESCRIPTION_LONGDESCRIPTION></DESCRIPTION_LONGDESCRIPTION><DISPVALUE></DISPVALUE><HASLD>0</HASLD><LANGCODE>EN</LANGCODE><MEMO></MEMO><OBJECTNAME>INVOICE</OBJECTNAME><PARAMETER></PARAMETER><SENDERSYSID>MX</SENDERSYSID><TYPE maxvalue="GROUP">GROUP</TYPE><USEWITH maxvalue="ALL">ALL</USEWITH><VALUE></VALUE><VALUE2></VALUE2></ACTION><ACTION action="AddChange"><ACTION>IRV_ISS_CREDWAIT</ACTION><ACTIONID>5682</ACTIONID><DESCRIPTION>Invoice - Set Issue Type: Invoice - Set Reason: Waiting For Credit Note.</DESCRIPTION><DESCRIPTION_LONGDESCRIPTION></DESCRIPTION_LONGDESCRIPTION><DISPVALUE></DISPVALUE><HASLD>0</HASLD><LANGCODE>EN</LANGCODE><MEMO></MEMO><OBJECTNAME>INVOICE</OBJECTNAME><PARAMETER></PARAMETER><SENDERSYSID>MX</SENDERSYSID><TYPE maxvalue="GROUP">GROUP</TYPE><USEWITH maxvalue="ALL">ALL</USEWITH><VALUE></VALUE><VALUE2></VALUE2></ACTION><ACTION action="AddChange"><ACTION>IRV_ISS_TOLAPPRGRP</ACTION><ACTIONID>5683</ACTIONID><DESCRIPTION>Invoice - Set Issue Type: Invoice - Set Reason: Tolerance Approval Group Missing</DESCRIPTION><DESCRIPTION_LONGDESCRIPTION></DESCRIPTION_LONGDESCRIPTION><DISPVALUE></DISPVALUE><HASLD>0</HASLD><LANGCODE>EN</LANGCODE><MEMO></MEMO><OBJECTNAME>INVOICE</OBJECTNAME><PARAMETER></PARAMETER><SENDERSYSID>MX</SENDERSYSID><TYPE maxvalue="GROUP">GROUP</TYPE><USEWITH maxvalue="ALL">ALL</USEWITH><VALUE></VALUE><VALUE2></VALUE2></ACTION><ACTION action="AddChange"><ACTION>IRV_ISSTYPE_INV</ACTION><ACTIONID>5684</ACTIONID><DESCRIPTION>Set Invoice Issue Type Invoice</DESCRIPTION><DESCRIPTION_LONGDESCRIPTION></DESCRIPTION_LONGDESCRIPTION><DISPVALUE>'INVOICE'</DISPVALUE><HASLD>0</HASLD><LANGCODE>EN</LANGCODE><MEMO></MEMO><OBJECTNAME>INVOICE</OBJECTNAME><PARAMETER>irv_issuetype</PARAMETER><SENDERSYSID>MX</SENDERSYSID><TYPE maxvalue="SETVALUE">SETVALUE</TYPE><USEWITH maxvalue="ALL">ALL</USEWITH><VALUE></VALUE><VALUE2>'INVOICE'</VALUE2></ACTION><ACTION action="AddChange"><ACTION>IRV_ISSUENULL</ACTION><ACTIONID>5980</ACTIONID><DESCRIPTION>Set Inovice Issues to Null</DESCRIPTION><DESCRIPTION_LONGDESCRIPTION></DESCRIPTION_LONGDESCRIPTION><DISPVALUE></DISPVALUE><HASLD>0</HASLD><LANGCODE>EN</LANGCODE><MEMO></MEMO><OBJECTNAME>INVOICE</OBJECTNAME><PARAMETER></PARAMETER><SENDERSYSID>MX</SENDERSYSID><TYPE maxvalue="GROUP">GROUP</TYPE><USEWITH maxvalue="ALL">ALL</USEWITH><VALUE></VALUE><VALUE2></VALUE2></ACTION><ACTION action="AddChange"><ACTION>IRV_POAGENCY</ACTION><ACTIONID>5685</ACTIONID><DESCRIPTION>Set irv_potype to AGENCY</DESCRIPTION><DESCRIPTION_LONGDESCRIPTION></DESCRIPTION_LONGDESCRIPTION><DISPVALUE>'AGENCY'</DISPVALUE><HASLD>0</HASLD><LANGCODE>EN</LANGCODE><MEMO></MEMO><OBJECTNAME>PO</OBJECTNAME><PARAMETER>irv_potype</PARAMETER><SENDERSYSID>MX</SENDERSYSID><TYPE maxvalue="SETVALUE">SETVALUE</TYPE><USEWITH maxvalue="ALL">ALL</USEWITH><VALUE></VALUE><VALUE2>'AGENCY'</VALUE2></ACTION><ACTION action="AddChange"><ACTION>IRV_POCATERING</ACTION><ACTIONID>5686</ACTIONID><DESCRIPTION>Set irv_potype to CATERING</DESCRIPTION><DESCRIPTION_LONGDESCRIPTION></DESCRIPTION_LONGDESCRIPTION><DISPVALUE>'CATERING'</DISPVALUE><HASLD>0</HASLD><LANGCODE>EN</LANGCODE><MEMO></MEMO><OBJECTNAME>PO</OBJECTNAME><PARAMETER>irv_potype</PARAMETER><SENDERSYSID>MX</SENDERSYSID><TYPE maxvalue="SETVALUE">SETVALUE</TYPE><USEWITH maxvalue="ALL">ALL</USEWITH><VALUE></VALUE><VALUE2>'CATERING'</VALUE2></ACTION><ACTION action="AddChange"><ACTION>IRV_POOTHER</ACTION><ACTIONID>5687</ACTIONID><DESCRIPTION>Set irv_potype to OTHER</DESCRIPTION><DESCRIPTION_LONGDESCRIPTION></DESCRIPTION_LONGDESCRIPTION><DISPVALUE>'OTHER'</DISPVALUE><HASLD>0</HASLD><LANGCODE>EN</LANGCODE><MEMO></MEMO><OBJECTNAME>PO</OBJECTNAME><PARAMETER>irv_potype</PARAMETER><SENDERSYSID>MX</SENDERSYSID><TYPE maxvalue="SETVALUE">SETVALUE</TYPE><USEWITH maxvalue="ALL">ALL</USEWITH><VALUE></VALUE><VALUE2>'OTHER'</VALUE2></ACTION><ACTION action="AddChange"><ACTION>IRV_POPPM</ACTION><ACTIONID>5688</ACTIONID><DESCRIPTION>Set irv_potype to PPM</DESCRIPTION><DESCRIPTION_LONGDESCRIPTION></DESCRIPTION_LONGDESCRIPTION><DISPVALUE>'PPM'</DISPVALUE><HASLD>0</HASLD><LANGCODE>EN</LANGCODE><MEMO></MEMO><OBJECTNAME>PO</OBJECTNAME><PARAMETER>irv_potype</PARAMETER><SENDERSYSID>MX</SENDERSYSID><TYPE maxvalue="SETVALUE">SETVALUE</TYPE><USEWITH maxvalue="ALL">ALL</USEWITH><VALUE></VALUE><VALUE2>'PPM'</VALUE2></ACTION><ACTION action="AddChange"><ACTION>IRV_POPROJECT</ACTION><ACTIONID>5689</ACTIONID><DESCRIPTION>Set irv_potype to PROJECT</DESCRIPTION><DESCRIPTION_LONGDESCRIPTION></DESCRIPTION_LONGDESCRIPTION><DISPVALUE>'PROJECT'</DISPVALUE><HASLD>0</HASLD><LANGCODE>EN</LANGCODE><MEMO></MEMO><OBJECTNAME>PO</OBJECTNAME><PARAMETER>irv_potype</PARAMETER><SENDERSYSID>MX</SENDERSYSID><TYPE maxvalue="SETVALUE">SETVALUE</TYPE><USEWITH maxvalue="ALL">ALL</USEWITH><VALUE></VALUE><VALUE2>'PROJECT'</VALUE2></ACTION><ACTION action="AddChange"><ACTION>IRV_POREACTIVE</ACTION><ACTIONID>5690</ACTIONID><DESCRIPTION>Set irv_potype to REACTIVE</DESCRIPTION><DESCRIPTION_LONGDESCRIPTION></DESCRIPTION_LONGDESCRIPTION><DISPVALUE>'REACTIVE'</DISPVALUE><HASLD>0</HASLD><LANGCODE>EN</LANGCODE><MEMO></MEMO><OBJECTNAME>PO</OBJECTNAME><PARAMETER>irv_potype</PARAMETER><SENDERSYSID>MX</SENDERSYSID><TYPE maxvalue="SETVALUE">SETVALUE</TYPE><USEWITH maxvalue="ALL">ALL</USEWITH><VALUE></VALUE><VALUE2>'REACTIVE'</VALUE2></ACTION><ACTION action="AddChange"><ACTION>IRV_POSCHEDULED</ACTION><ACTIONID>5691</ACTIONID><DESCRIPTION>Set irv_potype to SCHEDULED</DESCRIPTION><DESCRIPTION_LONGDESCRIPTION></DESCRIPTION_LONGDESCRIPTION><DISPVALUE>'SCHEDULED'</DISPVALUE><HASLD>0</HASLD><LANGCODE>EN</LANGCODE><MEMO></MEMO><OBJECTNAME>PO</OBJECTNAME><PARAMETER>irv_potype</PARAMETER><SENDERSYSID>MX</SENDERSYSID><TYPE maxvalue="SETVALUE">SETVALUE</TYPE><USEWITH maxvalue="ALL">ALL</USEWITH><VALUE></VALUE><VALUE2>'SCHEDULED'</VALUE2></ACTION><ACTION action="AddChange"><ACTION>IRV_SETAPPRGRP</ACTION><ACTIONID>5692</ACTIONID><DESCRIPTION>Set PO Approval group</DESCRIPTION><DESCRIPTION_LONGDESCRIPTION></DESCRIPTION_LONGDESCRIPTION><DISPVALUE>com.ibm.tivoli.maximo.script.ScriptAction</DISPVALUE><HASLD>0</HASLD><LANGCODE>EN</LANGCODE><MEMO></MEMO><OBJECTNAME>PO</OBJECTNAME><PARAMETER>IRV_SETAPPRGRP,IRV_SETAPPRGRP,IRV_SETAPPRGRP</PARAMETER><SENDERSYSID>MX</SENDERSYSID><TYPE maxvalue="CUSTOM">CUSTOM</TYPE><USEWITH maxvalue="ALL">ALL</USEWITH><VALUE>com.ibm.tivoli.maximo.script.ScriptAction</VALUE><VALUE2></VALUE2></ACTION><ACTION action="AddChange"><ACTION>IRV_SETINVAPPRGRP</ACTION><ACTIONID>5693</ACTIONID><DESCRIPTION>Set Invoice Tolerance approval group</DESCRIPTION><DESCRIPTION_LONGDESCRIPTION></DESCRIPTION_LONGDESCRIPTION><DISPVALUE>com.ibm.tivoli.maximo.script.ScriptAction</DISPVALUE><HASLD>0</HASLD><LANGCODE>EN</LANGCODE><MEMO></MEMO><OBJECTNAME>INVOICE</OBJECTNAME><PARAMETER>IRV_SETINVAPPRGRP,IRV_SETINVAPPRGRP,IRV_SETINVAPPRGRP</PARAMETER><SENDERSYSID>MX</SENDERSYSID><TYPE maxvalue="CUSTOM">CUSTOM</TYPE><USEWITH maxvalue="ALL">ALL</USEWITH><VALUE>com.ibm.tivoli.maximo.script.ScriptAction</VALUE><VALUE2></VALUE2></ACTION><ACTION action="AddChange"><ACTION>IRV_TOLAPPRGRP</ACTION><ACTIONID>5694</ACTIONID><DESCRIPTION>Invoice - Tolerance Approval Group Missing</DESCRIPTION><DESCRIPTION_LONGDESCRIPTION></DESCRIPTION_LONGDESCRIPTION><DISPVALUE>"TOLAPPRGRP"</DISPVALUE><HASLD>0</HASLD><LANGCODE>EN</LANGCODE><MEMO></MEMO><OBJECTNAME>INVOICE</OBJECTNAME><PARAMETER>irv_reasoncode</PARAMETER><SENDERSYSID>MX</SENDERSYSID><TYPE maxvalue="SETVALUE">SETVALUE</TYPE><USEWITH maxvalue="ALL">ALL</USEWITH><VALUE></VALUE><VALUE2>"TOLAPPRGRP"</VALUE2></ACTION><ACTION action="AddChange"><ACTION>STOPWF</ACTION><ACTIONID>5778</ACTIONID><DESCRIPTION>Stop Workflow</DESCRIPTION><DESCRIPTION_LONGDESCRIPTION></DESCRIPTION_LONGDESCRIPTION><DISPVALUE>psdi.workflow.StopWorkflowAction</DISPVALUE><HASLD>0</HASLD><LANGCODE>EN</LANGCODE><MEMO></MEMO><OBJECTNAME></OBJECTNAME><PARAMETER></PARAMETER><SENDERSYSID>MX</SENDERSYSID><TYPE maxvalue="CUSTOM">CUSTOM</TYPE><USEWITH maxvalue="ALL">ALL</USEWITH><VALUE>psdi.workflow.StopWorkflowAction</VALUE><VALUE2></VALUE2></ACTION></DMACTIONSet></SyncDMACTION>