<?xml version="1.0" encoding="UTF-8"?><SyncDMPACKAGEDEF xmlns="http://www.ibm.com/maximo" xmlns:xsi="http://www.w3.org/2001/XMLSchema-instance" creationDateTime="2014-09-17T16:05:20+01:00" transLanguage="EN" baseLanguage="EN" messageID="1410966320528632146" maximoVersion="7 5 20130829-1209 V7510--1"><DMPACKAGEDEFSet><DMPACKAGEDEF><ACTIVE>0</ACTIVE><BATCHSIZE>100</BATCHSIZE><CHANGEBY>TIMMINSA</CHANGEBY><CHANGEDATE>2014-09-17T16:03:38+01:00</CHANGEDATE><CONTENTID>9b4bd54f-d21f-4251-bd2c-b02a9242b65d</CONTENTID><DESCRIPTION>BBC Roles</DESCRIPTION><DESCRIPTION_LONGDESCRIPTION></DESCRIPTION_LONGDESCRIPTION><DMPACKAGEDEFID>1107</DMPACKAGEDEFID><DMROLE></DMROLE><HASLD>0</HASLD><LANGCODE>EN</LANGCODE><PKGDEFNAME>BBC_ROLE</PKGDEFNAME><SOURCE>BBC-SQL-D01_BBCMAXSIT_dbo</SOURCE><STATUS maxvalue="APPR">APPR</STATUS><STATUSDATE>2014-09-17T16:04:33+01:00</STATUSDATE><TYPE maxvalue="SNAPSHOT">SNAPSHOT</TYPE><XMLACTION maxvalue="ADDCHANGE">AddChange</XMLACTION><DMPKGDEFSTATUS><CHANGEBY>TIMMINSA</CHANGEBY><CONTENTID>609c3867-020e-41dd-9565-c5ca85225c23</CONTENTID><DMPKGDEFSTATUSID>1108</DMPKGDEFSTATUSID><MEMO></MEMO><STATUS maxvalue="WAPPR">WAPPR</STATUS><STATUSDATE>2014-09-17T16:03:00+01:00</STATUSDATE></DMPKGDEFSTATUS><DMPKGDEFSTATUS><CHANGEBY>TIMMINSA</CHANGEBY><CONTENTID>f514b92f-d3e3-415a-b67d-c0f89b6327d1</CONTENTID><DMPKGDEFSTATUSID>1109</DMPKGDEFSTATUSID><MEMO></MEMO><STATUS maxvalue="APPR">APPR</STATUS><STATUSDATE>2014-09-17T16:04:00+01:00</STATUSDATE></DMPKGDEFSTATUS><DMPKGCFGGRPDEF><CFGOBJGROUP>BBC_ROLE</CFGOBJGROUP><CONTENTID>bbf36799-ff17-4aa9-a161-0edbf91d7995</CONTENTID><DMPKGCFGGRPDEFID>1206</DMPKGCFGGRPDEFID><DMPKGCFGOBJDEF><CFGOBJECT>DMROLE</CFGOBJECT><CONTENTID>fb738685-2922-42cc-811e-59d37f813226</CONTENTID><DMPKGCFGOBJDEFID>1102</DMPKGCFGOBJDEFID><WHERECLAUSE>maxrole = 'IRVASSLAB'</WHERECLAUSE></DMPKGCFGOBJDEF></DMPKGCFGGRPDEF></DMPACKAGEDEF></DMPACKAGEDEFSet></SyncDMPACKAGEDEF>