<?xml version="1.0" encoding="UTF-8"?><SyncDMCFGGROUP xmlns="http://www.ibm.com/maximo" xmlns:xsi="http://www.w3.org/2001/XMLSchema-instance" creationDateTime="2014-09-17T16:05:20+01:00" transLanguage="EN" baseLanguage="EN" messageID="1410966320497171984" maximoVersion="7 5 20130829-1209 V7510--1"><DMCFGGROUPSet><DMCFGGROUP><CFGGROUPORDER>35</CFGGROUPORDER><CFGOBJGROUP>BBC_ROLE</CFGOBJGROUP><CHANGEBY>TIMMINSA</CHANGEBY><CHANGEDATE>2014-09-17T16:03:12+01:00</CHANGEDATE><DESCRIPTION>BBC Roles</DESCRIPTION><DMCFGGROUPID>93130</DMCFGGROUPID><GROUPTYPE maxvalue="CFGDATA">CFGDATA</GROUPTYPE><INTERNAL>0</INTERNAL><DMCFGOBJECT><CFGOBJECT>DMROLE</CFGOBJECT><CFGOBJORDER>1</CFGOBJORDER><CHANGEBY>TIMMINSA</CHANGEBY><CHANGEDATE>2014-09-17T16:03:13+01:00</CHANGEDATE><DESCRIPTION>Role migration object for Migration Manager</DESCRIPTION><DMCFGOBJECTID>2596</DMCFGOBJECTID><INTERNAL>0</INTERNAL></DMCFGOBJECT></DMCFGGROUP></DMCFGGROUPSet></SyncDMCFGGROUP>