<?xml version="1.0" encoding="UTF-8"?><SyncDMROLE xmlns="http://www.ibm.com/maximo" xmlns:xsi="http://www.w3.org/2001/XMLSchema-instance" creationDateTime="2014-09-17T16:05:20+01:00" transLanguage="EN" baseLanguage="EN" messageID="1410966320060346593" maximoVersion="7 5 20130829-1209 V7510--1"><DMROLESet><MAXROLE action="AddChange"><DESCRIPTION>Assigned labor role</DESCRIPTION><DESCRIPTION_LONGDESCRIPTION></DESCRIPTION_LONGDESCRIPTION><HASLD>0</HASLD><ISBROADCAST>1</ISBROADCAST><ISEMAILDATASET>1</ISEMAILDATASET><LANGCODE>EN</LANGCODE><MAXROLE>IRVASSLAB</MAXROLE><MAXROLEID>735</MAXROLEID><OBJECTNAME>WORKORDER</OBJECTNAME><PARAMETER></PARAMETER><SENDERSYSID>MX</SENDERSYSID><TYPE maxvalue="DATASET">DATASET</TYPE><VALUE>:IRVASSIGNED.LABOR.PERSON.PRIMARYEMAIL</VALUE></MAXROLE></DMROLESet></SyncDMROLE>