<?xml version="1.0" encoding="UTF-8"?><SyncDMCFGGROUP xmlns="http://www.ibm.com/maximo" xmlns:xsi="http://www.w3.org/2001/XMLSchema-instance" creationDateTime="2014-12-02T12:53:27+00:00" transLanguage="EN" baseLanguage="EN" messageID="1417524805410835448" maximoVersion="7 5 20130829-1209 V7510--1"><DMCFGGROUPSet><DMCFGGROUP><CFGGROUPORDER>37</CFGGROUPORDER><CFGOBJGROUP>APP MIGRATION</CFGOBJGROUP><CHANGEBY>REISH</CHANGEBY><CHANGEDATE>2014-08-19T13:58:02+01:00</CHANGEDATE><DESCRIPTION>APP MIGRATION</DESCRIPTION><DMCFGGROUPID>93132</DMCFGGROUPID><GROUPTYPE maxvalue="CFGDATA">CFGDATA</GROUPTYPE><INTERNAL>0</INTERNAL><DMCFGOBJECT><CFGOBJECT>DMMAXAPPS</CFGOBJECT><CFGOBJORDER>1</CFGOBJORDER><CHANGEBY>REISH</CHANGEBY><CHANGEDATE>2014-08-19T13:58:03+01:00</CHANGEDATE><DESCRIPTION>Application migration object for Migration Manager</DESCRIPTION><DMCFGOBJECTID>2599</DMCFGOBJECTID><INTERNAL>0</INTERNAL></DMCFGOBJECT></DMCFGGROUP></DMCFGGROUPSet></SyncDMCFGGROUP>