<?xml version="1.0" encoding="UTF-8"?><SyncDMCFGGROUP xmlns="http://www.ibm.com/maximo" xmlns:xsi="http://www.w3.org/2001/XMLSchema-instance" creationDateTime="2014-09-18T10:53:11+01:00" transLanguage="EN" baseLanguage="EN" messageID="1411033991130253590" maximoVersion="7 5 20130829-1209 V7510--1"><DMCFGGROUPSet><DMCFGGROUP><CFGGROUPORDER>33</CFGGROUPORDER><CFGOBJGROUP>BBC_DATACONF</CFGOBJGROUP><CHANGEBY>TIMMINSA</CHANGEBY><CHANGEDATE>2014-08-28T11:27:44+01:00</CHANGEDATE><DESCRIPTION>BBC Database Configuration</DESCRIPTION><DMCFGGROUPID>92930</DMCFGGROUPID><GROUPTYPE maxvalue="CFGDATA">CFGDATA</GROUPTYPE><INTERNAL>0</INTERNAL><DMCFGOBJECT><CFGOBJECT>DMMAXOBJECTCFG</CFGOBJECT><CFGOBJORDER>1</CFGOBJORDER><CHANGEBY>TIMMINSA</CHANGEBY><CHANGEDATE>2014-08-28T11:33:46+01:00</CHANGEDATE><DESCRIPTION>Data dictionary object migration object for Migration Manager</DESCRIPTION><DMCFGOBJECTID>2396</DMCFGOBJECTID><INTERNAL>0</INTERNAL></DMCFGOBJECT></DMCFGGROUP></DMCFGGROUPSet></SyncDMCFGGROUP>