<?xml version="1.0" encoding="UTF-8"?><SyncDMLAUNCHPOINT xmlns="http://www.ibm.com/maximo" xmlns:xsi="http://www.w3.org/2001/XMLSchema-instance" creationDateTime="2015-02-09T14:56:53+00:00" transLanguage="EN" baseLanguage="EN" messageID="1423493813493783975" maximoVersion="7 5 20130829-1209 V7510--1"><DMLAUNCHPOINTSet><SCRIPTLAUNCHPOINT action="AddChange"><ACTIONNAME></ACTIONNAME><ACTIVE>1</ACTIVE><ADD>0</ADD><ATTRIBUTENAME></ATTRIBUTENAME><AUTOSCRIPT>IDS_INVOICEFIX</AUTOSCRIPT><CONDITION></CONDITION><DELETE>0</DELETE><DESCRIPTION>PO Line GL Account Missing Fix</DESCRIPTION><INIT>0</INIT><LAUNCHPOINTNAME>IDS_INVOICEFIX</LAUNCHPOINTNAME><LAUNCHPOINTTYPE>ACTION</LAUNCHPOINTTYPE><OBJECTEVENT xsi:nil="true"></OBJECTEVENT><OBJECTNAME></OBJECTNAME><SCRIPTLAUNCHPOINTID>2844</SCRIPTLAUNCHPOINTID><UPDATE>0</UPDATE></SCRIPTLAUNCHPOINT></DMLAUNCHPOINTSet></SyncDMLAUNCHPOINT>