<?xml version="1.0" encoding="UTF-8"?><SyncDMSCRIPT xmlns="http://www.ibm.com/maximo" xmlns:xsi="http://www.w3.org/2001/XMLSchema-instance" creationDateTime="2015-02-09T14:56:53+00:00" transLanguage="EN" baseLanguage="EN" messageID="1423493813415611306" maximoVersion="7 5 20130829-1209 V7510--1"><DMSCRIPTSet><AUTOSCRIPT action="AddChange"><ACTION></ACTION><AUTOSCRIPT>IDS_INVOICEFIX</AUTOSCRIPT><AUTOSCRIPTID>2763</AUTOSCRIPTID><BINARYSCRIPTSOURCE></BINARYSCRIPTSOURCE><CATEGORY></CATEGORY><CHANGEBY>TIMMINSA</CHANGEBY><CHANGEDATE>2015-02-03T14:28:03+00:00</CHANGEDATE><COMMENTS></COMMENTS><CREATEDBY>TIMMINSA</CREATEDBY><CREATEDBYEMAIL>Andrew.Timmins@interservefm.com</CREATEDBYEMAIL><CREATEDBYID></CREATEDBYID><CREATEDBYNAME></CREATEDBYNAME><CREATEDBYPHONE></CREATEDBYPHONE><CREATEDDATE>2015-01-05T10:13:34+00:00</CREATEDDATE><DESCRIPTION>Invoice Cost Missing GL Debit Account Fix</DESCRIPTION><LOGLEVEL>ERROR</LOGLEVEL><ORGID></ORGID><OWNER>TIMMINSA</OWNER><OWNEREMAIL>Andrew.Timmins@interservefm.com</OWNEREMAIL><OWNERID></OWNERID><OWNERNAME></OWNERNAME><OWNERPHONE></OWNERPHONE><SCHEDULEDSTATUS></SCHEDULEDSTATUS><SCRIPTLANGUAGE>jython</SCRIPTLANGUAGE><SITEID></SITEID><SOURCE>from psdi.server import MXServer
from psdi.security import UserInfo
from psdi.mbo import MboConstants 
from psdi.mbo import MboServerInterface
from psdi.mbo import MboRemote
from psdi.mbo import MboSetRemote


mxServer = MXServer.getMXServer()
user = mxServer.getUserInfo('MAXADMIN')

pocMboSet = mxServer.getMboSet("POCOST",user )
pocMboSet.setWhere("gldebitacct is null ")
pocMboSet.reset()


if pocMboSet.count() &gt; 0:

    for f in range(pocMboSet.count()):
        pocMbo = pocMboSet.getMbo(f)
        polMboSet = pocMbo.getMboSet("POLINE")
        
        if polMboSet.count() &gt; 0:

            polMbo = polMboSet.getMbo(0)

            pocMbo.setValue("GLDEBITACCT",polMbo.getString("GLDEBITACCT"),MboConstants.NOACCESSCHECK)
            pocMbo.setValue("GLCREDITACCT",polMbo.getString("GLDEBITACCT"),MboConstants.NOACCESSCHECK)


pocMboSet.save()

icMboSet = mxServer.getMboSet("INVOICECOST",user )
icMboSet.setWhere("gldebitacct is null ")
icMboSet.reset()


if icMboSet.count() &gt; 0:

    for b in range(icMboSet.count()):
        try:
    	    icMbo = icMboSet.getMbo(b)
            icID = icMbo.getString("INVOICENUM")
            
            ilMboSet = icMbo.getMboSet("INVOICELINE")
    
            if ilMboSet.count() &gt; 0:
    
                for i in range(ilMboSet.count()):
                   ilMbo = ilMboSet.getMbo(i)
                   ilID = ilMbo.getString("INVOICELINENUM")
    
                   polMboSet = ilMbo.getMboSet("POLINE")
    
                   if polMboSet .count() &gt; 0:
    
                        for f in range(polMboSet .count()):
                           polMbo = polMboSet.getMbo(f)
                           polgl = polMbo.getString("GLDEBITACCT")
                           print "##INFO## Invoice Num:"+ icID   + " Line: "+ ilID + " PO is: "+ polMbo.getString("PONUM") + " Line:" +  polMbo.getString("POLINENUM")
                           print "##INFO## Missing GL:" + polgl
                           icMbo.setValue("GLDEBITACCT",polgl,MboConstants.NOACCESSCHECK)
                           icMbo.setValue("GLCREDITACCT",polgl,MboConstants.NOACCESSCHECK)
    
                           pocMboSet = polMbo.getMboSet("POCOST")
    
                           if pocMboSet .count() &gt; 0:
    
                               for h in range(pocMboSet.count()):
                                   pocMbo = pocMboSet.getMbo(h)
                                   pocMbo.setValue("GLDEBITACCT",polgl,MboConstants.NOACCESSCHECK)
                                   pocMbo.setValue("GLCREDITACCT",polgl,MboConstants.NOACCESSCHECK)
                                   pocMboSet.save()
        except:
            print "error"		
icMboSet.save()</SOURCE><STATUS maxvalue="Production">Active</STATUS><STATUSDATE>2015-01-05T11:06:02+00:00</STATUSDATE><USERDEFINED>1</USERDEFINED><VERSION></VERSION></AUTOSCRIPT></DMSCRIPTSet></SyncDMSCRIPT>