<?xml version="1.0" encoding="UTF-8"?><SyncDMPACKAGEDEF xmlns="http://www.ibm.com/maximo" xmlns:xsi="http://www.w3.org/2001/XMLSchema-instance" creationDateTime="2015-02-23T14:27:33+00:00" transLanguage="EN" baseLanguage="EN" messageID="1424701653133611389" maximoVersion="7 5 20130829-1209 V7510--1"><DMPACKAGEDEFSet><DMPACKAGEDEF><ACTIVE>0</ACTIVE><BATCHSIZE>100</BATCHSIZE><CHANGEBY>TIMMINSA</CHANGEBY><CHANGEDATE>2015-02-23T12:17:53+00:00</CHANGEDATE><CONTENTID>07d9238a-c083-422b-8561-73135dd9ecc9</CONTENTID><DESCRIPTION>Security Groups</DESCRIPTION><DESCRIPTION_LONGDESCRIPTION></DESCRIPTION_LONGDESCRIPTION><DMPACKAGEDEFID>1407</DMPACKAGEDEFID><DMROLE></DMROLE><HASLD>0</HASLD><LANGCODE>EN</LANGCODE><PKGDEFNAME>IDS_SECGROUP</PKGDEFNAME><SOURCE>BBC-SQL-D01_BBCMAXSIT_dbo</SOURCE><STATUS maxvalue="APPR">APPR</STATUS><STATUSDATE>2015-02-23T14:26:38+00:00</STATUSDATE><TYPE maxvalue="SNAPSHOT">SNAPSHOT</TYPE><XMLACTION maxvalue="ADDCHANGE">AddChange</XMLACTION><DMPKGDEFSTATUS><CHANGEBY>TIMMINSA</CHANGEBY><CONTENTID>9347b701-c730-4636-baf0-d2e364cfe496</CONTENTID><DMPKGDEFSTATUSID>1508</DMPKGDEFSTATUSID><MEMO></MEMO><STATUS maxvalue="WAPPR">WAPPR</STATUS><STATUSDATE>2015-02-23T12:17:00+00:00</STATUSDATE></DMPKGDEFSTATUS><DMPKGDEFSTATUS><CHANGEBY>TIMMINSA</CHANGEBY><CONTENTID>f7965920-7f97-475a-b818-00f2a0c28469</CONTENTID><DMPKGDEFSTATUSID>1509</DMPKGDEFSTATUSID><MEMO></MEMO><STATUS maxvalue="APPR">APPR</STATUS><STATUSDATE>2015-02-23T14:26:00+00:00</STATUSDATE></DMPKGDEFSTATUS><DMPKGCFGGRPDEF><CFGOBJGROUP>IDS_SECGROUP</CFGOBJGROUP><CONTENTID>bd3004bc-317e-4034-9179-d9aa10a66eaa</CONTENTID><DMPKGCFGGRPDEFID>1507</DMPKGCFGGRPDEFID><DMPKGCFGOBJDEF><CFGOBJECT>DMMAXGROUP</CFGOBJECT><CONTENTID>0cb7bce9-a8ea-45fe-b433-9d2e95deafbe</CONTENTID><DMPKGCFGOBJDEFID>1402</DMPKGCFGOBJDEFID><WHERECLAUSE>groupname in ('SC-SR','SC-MOBRET','TYPE2I')</WHERECLAUSE></DMPKGCFGOBJDEF></DMPKGCFGGRPDEF></DMPACKAGEDEF></DMPACKAGEDEFSet></SyncDMPACKAGEDEF>