<?xml version="1.0" encoding="UTF-8"?><SyncDMCFGGROUP xmlns="http://www.ibm.com/maximo" xmlns:xsi="http://www.w3.org/2001/XMLSchema-instance" creationDateTime="2015-02-23T14:27:33+00:00" transLanguage="EN" baseLanguage="EN" messageID="1424701653071113456" maximoVersion="7 5 20130829-1209 V7510--1"><DMCFGGROUPSet><DMCFGGROUP><CFGGROUPORDER>42</CFGGROUPORDER><CFGOBJGROUP>IDS_SECGROUP</CFGOBJGROUP><CHANGEBY>TIMMINSA</CHANGEBY><CHANGEDATE>2015-02-23T12:18:26+00:00</CHANGEDATE><DESCRIPTION>Security Group</DESCRIPTION><DMCFGGROUPID>93430</DMCFGGROUPID><GROUPTYPE maxvalue="CFGDATA">CFGDATA</GROUPTYPE><INTERNAL>0</INTERNAL><DMCFGOBJECT><CFGOBJECT>DMMAXGROUP</CFGOBJECT><CFGOBJORDER>1</CFGOBJORDER><CHANGEBY>TIMMINSA</CHANGEBY><CHANGEDATE>2015-02-23T12:18:29+00:00</CHANGEDATE><DESCRIPTION>Security group migration object for Migration Manager</DESCRIPTION><DMCFGOBJECTID>3096</DMCFGOBJECTID><INTERNAL>0</INTERNAL></DMCFGOBJECT></DMCFGGROUP></DMCFGGROUPSet></SyncDMCFGGROUP>