<?xml version="1.0" encoding="UTF-8"?>
<SyncDMMAXGROUP xmlns="http://www.ibm.com/maximo" xmlns:xsi="http://www.w3.org/2001/XMLSchema-instance" creationDateTime="2015-02-23T14:27:30+00:00" transLanguage="EN" baseLanguage="EN" messageID="1424701650071512532" maximoVersion="7 5 20130829-1209 V7510--1">
	<DMMAXGROUPSet>
		<MAXGROUP action="AddChange">
			<AUTHALLGLS>1</AUTHALLGLS>
			<AUTHALLREPFACS>0</AUTHALLREPFACS>
			<AUTHALLSITES>1</AUTHALLSITES>
			<AUTHALLSTOREROOMS>0</AUTHALLSTOREROOMS>
			<AUTHLABORALL>1</AUTHLABORALL>
			<AUTHLABORCREW>0</AUTHLABORCREW>
			<AUTHLABORSELF>0</AUTHLABORSELF>
			<AUTHLABORSUPER>0</AUTHLABORSUPER>
			<AUTHPERSONGROUP>0</AUTHPERSONGROUP>
			<DESCRIPTION>Helpdesk (READ-ONLY)</DESCRIPTION>
			<DESCRIPTION_LONGDESCRIPTION/>
			<DFLTAPP/>
			<GROUPNAME>TYPE2I</GROUPNAME>
			<HASLD>0</HASLD>
			<INDEPENDENT>1</INDEPENDENT>
			<LANGCODE>EN</LANGCODE>
			<MAXGROUPID>1608</MAXGROUPID>
			<MAXSCHEDREPORT xsi:nil="true"/>
			<NULLREPFAC>1</NULLREPFAC>
			<PASSWORDDURATION>90</PASSWORDDURATION>
			<PASSWORDWARNING>5</PASSWORDWARNING>
			<PLUSPAUTHALLCUST>0</PLUSPAUTHALLCUST>
			<PLUSPAUTHCUSTVND>0</PLUSPAUTHCUSTVND>
			<PLUSPAUTHGRPLST>0</PLUSPAUTHGRPLST>
			<PLUSPAUTHNONCUST>0</PLUSPAUTHNONCUST>
			<PLUSPAUTHPERSLST>0</PLUSPAUTHPERSLST>
			<PLUSPRESTRICTOPT/>
			<SCCONTENTUID>SCTMPLTdda492ff</SCCONTENTUID>
			<SCTEMPLATEID>105</SCTEMPLATEID>
			<APPLICATIONAUTH>
				<APP>CHANGEPSWD</APP>
				<APPLICATIONAUTHID>63636</APPLICATIONAUTHID>
				<CONDITIONNUM/>
				<OPTIONNAME>READ</OPTIONNAME>
			</APPLICATIONAUTH>
			<APPLICATIONAUTH>
				<APP>CHANGEPSWD</APP>
				<APPLICATIONAUTHID>63637</APPLICATIONAUTHID>
				<CONDITIONNUM/>
				<OPTIONNAME>SAVE</OPTIONNAME>
			</APPLICATIONAUTH>
			<APPLICATIONAUTH>
				<APP>PLUSPASSET</APP>
				<APPLICATIONAUTHID>63695</APPLICATIONAUTHID>
				<CONDITIONNUM/>
				<OPTIONNAME>ASMOVEHIST</OPTIONNAME>
			</APPLICATIONAUTH>
			<APPLICATIONAUTH>
				<APP>PLUSPASSET</APP>
				<APPLICATIONAUTHID>63696</APPLICATIONAUTHID>
				<CONDITIONNUM/>
				<OPTIONNAME>BOOKMARK</OPTIONNAME>
			</APPLICATIONAUTH>
			<APPLICATIONAUTH>
				<APP>PLUSPASSET</APP>
				<APPLICATIONAUTHID>63697</APPLICATIONAUTHID>
				<CONDITIONNUM/>
				<OPTIONNAME>CLEAR</OPTIONNAME>
			</APPLICATIONAUTH>
			<APPLICATIONAUTH>
				<APP>PLUSPASSET</APP>
				<APPLICATIONAUTHID>63698</APPLICATIONAUTHID>
				<CONDITIONNUM/>
				<OPTIONNAME>DRILLDOWN</OPTIONNAME>
			</APPLICATIONAUTH>
			<APPLICATIONAUTH>
				<APP>PLUSPASSET</APP>
				<APPLICATIONAUTHID>63699</APPLICATIONAUTHID>
				<CONDITIONNUM/>
				<OPTIONNAME>NEXT</OPTIONNAME>
			</APPLICATIONAUTH>
			<APPLICATIONAUTH>
				<APP>PLUSPASSET</APP>
				<APPLICATIONAUTHID>63700</APPLICATIONAUTHID>
				<CONDITIONNUM/>
				<OPTIONNAME>PREVIOUS</OPTIONNAME>
			</APPLICATIONAUTH>
			<APPLICATIONAUTH>
				<APP>PLUSPASSET</APP>
				<APPLICATIONAUTHID>63633</APPLICATIONAUTHID>
				<CONDITIONNUM/>
				<OPTIONNAME>READ</OPTIONNAME>
			</APPLICATIONAUTH>
			<APPLICATIONAUTH>
				<APP>PLUSPLOC</APP>
				<APPLICATIONAUTHID>63701</APPLICATIONAUTHID>
				<CONDITIONNUM/>
				<OPTIONNAME>BOOKMARK</OPTIONNAME>
			</APPLICATIONAUTH>
			<APPLICATIONAUTH>
				<APP>PLUSPLOC</APP>
				<APPLICATIONAUTHID>63702</APPLICATIONAUTHID>
				<CONDITIONNUM/>
				<OPTIONNAME>CLEAR</OPTIONNAME>
			</APPLICATIONAUTH>
			<APPLICATIONAUTH>
				<APP>PLUSPLOC</APP>
				<APPLICATIONAUTHID>63703</APPLICATIONAUTHID>
				<CONDITIONNUM/>
				<OPTIONNAME>DRILLDOWN</OPTIONNAME>
			</APPLICATIONAUTH>
			<APPLICATIONAUTH>
				<APP>PLUSPLOC</APP>
				<APPLICATIONAUTHID>63704</APPLICATIONAUTHID>
				<CONDITIONNUM/>
				<OPTIONNAME>NEXT</OPTIONNAME>
			</APPLICATIONAUTH>
			<APPLICATIONAUTH>
				<APP>PLUSPLOC</APP>
				<APPLICATIONAUTHID>63705</APPLICATIONAUTHID>
				<CONDITIONNUM/>
				<OPTIONNAME>PREVIOUS</OPTIONNAME>
			</APPLICATIONAUTH>
			<APPLICATIONAUTH>
				<APP>PLUSPLOC</APP>
				<APPLICATIONAUTHID>63641</APPLICATIONAUTHID>
				<CONDITIONNUM/>
				<OPTIONNAME>READ</OPTIONNAME>
			</APPLICATIONAUTH>
			<APPLICATIONAUTH>
				<APP>PLUSPLOC</APP>
				<APPLICATIONAUTHID>63706</APPLICATIONAUTHID>
				<CONDITIONNUM/>
				<OPTIONNAME>VIEWHIST</OPTIONNAME>
			</APPLICATIONAUTH>
			<APPLICATIONAUTH>
				<APP>PLUSPLOC</APP>
				<APPLICATIONAUTHID>63707</APPLICATIONAUTHID>
				<CONDITIONNUM/>
				<OPTIONNAME>VIEWWOPM</OPTIONNAME>
			</APPLICATIONAUTH>
			<APPLICATIONAUTH>
				<APP>PLUSPSR</APP>
				<APPLICATIONAUTHID>63738</APPLICATIONAUTHID>
				<CONDITIONNUM/>
				<OPTIONNAME>APPLYPS</OPTIONNAME>
			</APPLICATIONAUTH>
			<APPLICATIONAUTH>
				<APP>PLUSPSR</APP>
				<APPLICATIONAUTHID>63739</APPLICATIONAUTHID>
				<CONDITIONNUM/>
				<OPTIONNAME>APPLYRP</OPTIONNAME>
			</APPLICATIONAUTH>
			<APPLICATIONAUTH>
				<APP>PLUSPSR</APP>
				<APPLICATIONAUTHID>63740</APPLICATIONAUTHID>
				<CONDITIONNUM/>
				<OPTIONNAME>APPLYSLA</OPTIONNAME>
			</APPLICATIONAUTH>
			<APPLICATIONAUTH>
				<APP>PLUSPSR</APP>
				<APPLICATIONAUTHID>63741</APPLICATIONAUTHID>
				<CONDITIONNUM/>
				<OPTIONNAME>ASSIGNWF</OPTIONNAME>
			</APPLICATIONAUTH>
			<APPLICATIONAUTH>
				<APP>PLUSPSR</APP>
				<APPLICATIONAUTHID>63742</APPLICATIONAUTHID>
				<CONDITIONNUM/>
				<OPTIONNAME>ASSOCFOLD</OPTIONNAME>
			</APPLICATIONAUTH>
			<APPLICATIONAUTH>
				<APP>PLUSPSR</APP>
				<APPLICATIONAUTHID>63743</APPLICATIONAUTHID>
				<CONDITIONNUM/>
				<OPTIONNAME>BMXVIEWMANAGEWHER</OPTIONNAME>
			</APPLICATIONAUTH>
			<APPLICATIONAUTH>
				<APP>PLUSPSR</APP>
				<APPLICATIONAUTHID>63744</APPLICATIONAUTHID>
				<CONDITIONNUM/>
				<OPTIONNAME>BMXVIEWMANAGEWHERRO</OPTIONNAME>
			</APPLICATIONAUTH>
			<APPLICATIONAUTH>
				<APP>PLUSPSR</APP>
				<APPLICATIONAUTHID>63788</APPLICATIONAUTHID>
				<CONDITIONNUM/>
				<OPTIONNAME>BOOKMARK</OPTIONNAME>
			</APPLICATIONAUTH>
			<APPLICATIONAUTH>
				<APP>PLUSPSR</APP>
				<APPLICATIONAUTHID>63789</APPLICATIONAUTHID>
				<CONDITIONNUM/>
				<OPTIONNAME>CLEAR</OPTIONNAME>
			</APPLICATIONAUTH>
			<APPLICATIONAUTH>
				<APP>PLUSPSR</APP>
				<APPLICATIONAUTHID>63745</APPLICATIONAUTHID>
				<CONDITIONNUM/>
				<OPTIONNAME>COGNOSHOME</OPTIONNAME>
			</APPLICATIONAUTH>
			<APPLICATIONAUTH>
				<APP>PLUSPSR</APP>
				<APPLICATIONAUTHID>63746</APPLICATIONAUTHID>
				<CONDITIONNUM/>
				<OPTIONNAME>CREATECOMM</OPTIONNAME>
			</APPLICATIONAUTH>
			<APPLICATIONAUTH>
				<APP>PLUSPSR</APP>
				<APPLICATIONAUTHID>63747</APPLICATIONAUTHID>
				<CONDITIONNUM/>
				<OPTIONNAME>CREATEINC</OPTIONNAME>
			</APPLICATIONAUTH>
			<APPLICATIONAUTH>
				<APP>PLUSPSR</APP>
				<APPLICATIONAUTHID>63748</APPLICATIONAUTHID>
				<CONDITIONNUM/>
				<OPTIONNAME>CREATEKPI</OPTIONNAME>
			</APPLICATIONAUTH>
			<APPLICATIONAUTH>
				<APP>PLUSPSR</APP>
				<APPLICATIONAUTHID>63749</APPLICATIONAUTHID>
				<CONDITIONNUM/>
				<OPTIONNAME>CREATEPROB</OPTIONNAME>
			</APPLICATIONAUTH>
			<APPLICATIONAUTH>
				<APP>PLUSPSR</APP>
				<APPLICATIONAUTHID>63750</APPLICATIONAUTHID>
				<CONDITIONNUM/>
				<OPTIONNAME>CREATEREL</OPTIONNAME>
			</APPLICATIONAUTH>
			<APPLICATIONAUTH>
				<APP>PLUSPSR</APP>
				<APPLICATIONAUTHID>63751</APPLICATIONAUTHID>
				<CONDITIONNUM/>
				<OPTIONNAME>CREATEREPT</OPTIONNAME>
			</APPLICATIONAUTH>
			<APPLICATIONAUTH>
				<APP>PLUSPSR</APP>
				<APPLICATIONAUTHID>63752</APPLICATIONAUTHID>
				<CONDITIONNUM/>
				<OPTIONNAME>CREATESR</OPTIONNAME>
			</APPLICATIONAUTH>
			<APPLICATIONAUTH>
				<APP>PLUSPSR</APP>
				<APPLICATIONAUTHID>63753</APPLICATIONAUTHID>
				<CONDITIONNUM/>
				<OPTIONNAME>CREATEWO</OPTIONNAME>
			</APPLICATIONAUTH>
			<APPLICATIONAUTH>
				<APP>PLUSPSR</APP>
				<APPLICATIONAUTHID>63754</APPLICATIONAUTHID>
				<CONDITIONNUM/>
				<OPTIONNAME>DELETEREPT</OPTIONNAME>
			</APPLICATIONAUTH>
			<APPLICATIONAUTH>
				<APP>PLUSPSR</APP>
				<APPLICATIONAUTHID>63755</APPLICATIONAUTHID>
				<CONDITIONNUM/>
				<OPTIONNAME>HELPWF</OPTIONNAME>
			</APPLICATIONAUTH>
			<APPLICATIONAUTH>
				<APP>PLUSPSR</APP>
				<APPLICATIONAUTHID>63756</APPLICATIONAUTHID>
				<CONDITIONNUM/>
				<OPTIONNAME>HISTORYWF</OPTIONNAME>
			</APPLICATIONAUTH>
			<APPLICATIONAUTH>
				<APP>PLUSPSR</APP>
				<APPLICATIONAUTHID>63757</APPLICATIONAUTHID>
				<CONDITIONNUM/>
				<OPTIONNAME>IRVAPPRDEL</OPTIONNAME>
			</APPLICATIONAUTH>
			<APPLICATIONAUTH>
				<APP>PLUSPSR</APP>
				<APPLICATIONAUTHID>63758</APPLICATIONAUTHID>
				<CONDITIONNUM/>
				<OPTIONNAME>IRVSETAGRDDLY</OPTIONNAME>
			</APPLICATIONAUTH>
			<APPLICATIONAUTH>
				<APP>PLUSPSR</APP>
				<APPLICATIONAUTHID>63759</APPLICATIONAUTHID>
				<CONDITIONNUM/>
				<OPTIONNAME>MANAGEFOLD</OPTIONNAME>
			</APPLICATIONAUTH>
			<APPLICATIONAUTH>
				<APP>PLUSPSR</APP>
				<APPLICATIONAUTHID>63760</APPLICATIONAUTHID>
				<CONDITIONNUM/>
				<OPTIONNAME>MANAGELIB</OPTIONNAME>
			</APPLICATIONAUTH>
			<APPLICATIONAUTH>
				<APP>PLUSPSR</APP>
				<APPLICATIONAUTHID>63761</APPLICATIONAUTHID>
				<CONDITIONNUM/>
				<OPTIONNAME>MODDELWL</OPTIONNAME>
			</APPLICATIONAUTH>
			<APPLICATIONAUTH>
				<APP>PLUSPSR</APP>
				<APPLICATIONAUTHID>63762</APPLICATIONAUTHID>
				<CONDITIONNUM/>
				<OPTIONNAME>MODIFYSLAS</OPTIONNAME>
			</APPLICATIONAUTH>
			<APPLICATIONAUTH>
				<APP>PLUSPSR</APP>
				<APPLICATIONAUTHID>63790</APPLICATIONAUTHID>
				<CONDITIONNUM/>
				<OPTIONNAME>NEXT</OPTIONNAME>
			</APPLICATIONAUTH>
			<APPLICATIONAUTH>
				<APP>PLUSPSR</APP>
				<APPLICATIONAUTHID>63763</APPLICATIONAUTHID>
				<CONDITIONNUM/>
				<OPTIONNAME>OWNER</OPTIONNAME>
			</APPLICATIONAUTH>
			<APPLICATIONAUTH>
				<APP>PLUSPSR</APP>
				<APPLICATIONAUTHID>63764</APPLICATIONAUTHID>
				<CONDITIONNUM/>
				<OPTIONNAME>OWNERSHIP</OPTIONNAME>
			</APPLICATIONAUTH>
			<APPLICATIONAUTH>
				<APP>PLUSPSR</APP>
				<APPLICATIONAUTHID>63765</APPLICATIONAUTHID>
				<CONDITIONNUM/>
				<OPTIONNAME>PLUSPFC</OPTIONNAME>
			</APPLICATIONAUTH>
			<APPLICATIONAUTH>
				<APP>PLUSPSR</APP>
				<APPLICATIONAUTHID>63766</APPLICATIONAUTHID>
				<CONDITIONNUM/>
				<OPTIONNAME>PLUSPMODPS</OPTIONNAME>
			</APPLICATIONAUTH>
			<APPLICATIONAUTH>
				<APP>PLUSPSR</APP>
				<APPLICATIONAUTHID>63767</APPLICATIONAUTHID>
				<CONDITIONNUM/>
				<OPTIONNAME>PLUSPVCPRT</OPTIONNAME>
			</APPLICATIONAUTH>
			<APPLICATIONAUTH>
				<APP>PLUSPSR</APP>
				<APPLICATIONAUTHID>63791</APPLICATIONAUTHID>
				<CONDITIONNUM/>
				<OPTIONNAME>PREVIOUS</OPTIONNAME>
			</APPLICATIONAUTH>
			<APPLICATIONAUTH>
				<APP>PLUSPSR</APP>
				<APPLICATIONAUTHID>63768</APPLICATIONAUTHID>
				<CONDITIONNUM/>
				<OPTIONNAME>PUBLICREPT</OPTIONNAME>
			</APPLICATIONAUTH>
			<APPLICATIONAUTH>
				<APP>PLUSPSR</APP>
				<APPLICATIONAUTHID>63651</APPLICATIONAUTHID>
				<CONDITIONNUM/>
				<OPTIONNAME>READ</OPTIONNAME>
			</APPLICATIONAUTH>
			<APPLICATIONAUTH>
				<APP>PLUSPSR</APP>
				<APPLICATIONAUTHID>63769</APPLICATIONAUTHID>
				<CONDITIONNUM/>
				<OPTIONNAME>RELATERECORD</OPTIONNAME>
			</APPLICATIONAUTH>
			<APPLICATIONAUTH>
				<APP>PLUSPSR</APP>
				<APPLICATIONAUTHID>63770</APPLICATIONAUTHID>
				<CONDITIONNUM/>
				<OPTIONNAME>ROUTEWF</OPTIONNAME>
			</APPLICATIONAUTH>
			<APPLICATIONAUTH>
				<APP>PLUSPSR</APP>
				<APPLICATIONAUTHID>63771</APPLICATIONAUTHID>
				<CONDITIONNUM/>
				<OPTIONNAME>RUNREPORTS</OPTIONNAME>
			</APPLICATIONAUTH>
			<APPLICATIONAUTH>
				<APP>PLUSPSR</APP>
				<APPLICATIONAUTHID>63772</APPLICATIONAUTHID>
				<CONDITIONNUM/>
				<OPTIONNAME>SEARCHATTR</OPTIONNAME>
			</APPLICATIONAUTH>
			<APPLICATIONAUTH>
				<APP>PLUSPSR</APP>
				<APPLICATIONAUTHID>63773</APPLICATIONAUTHID>
				<CONDITIONNUM/>
				<OPTIONNAME>SEARCHBOOK</OPTIONNAME>
			</APPLICATIONAUTH>
			<APPLICATIONAUTH>
				<APP>PLUSPSR</APP>
				<APPLICATIONAUTHID>63774</APPLICATIONAUTHID>
				<CONDITIONNUM/>
				<OPTIONNAME>SEARCHMORE</OPTIONNAME>
			</APPLICATIONAUTH>
			<APPLICATIONAUTH>
				<APP>PLUSPSR</APP>
				<APPLICATIONAUTHID>63775</APPLICATIONAUTHID>
				<CONDITIONNUM/>
				<OPTIONNAME>SEARCHSQRY</OPTIONNAME>
			</APPLICATIONAUTH>
			<APPLICATIONAUTH>
				<APP>PLUSPSR</APP>
				<APPLICATIONAUTHID>63776</APPLICATIONAUTHID>
				<CONDITIONNUM/>
				<OPTIONNAME>SEARCHTIPS</OPTIONNAME>
			</APPLICATIONAUTH>
			<APPLICATIONAUTH>
				<APP>PLUSPSR</APP>
				<APPLICATIONAUTHID>63777</APPLICATIONAUTHID>
				<CONDITIONNUM/>
				<OPTIONNAME>SEARCHVMQR</OPTIONNAME>
			</APPLICATIONAUTH>
			<APPLICATIONAUTH>
				<APP>PLUSPSR</APP>
				<APPLICATIONAUTHID>63778</APPLICATIONAUTHID>
				<CONDITIONNUM/>
				<OPTIONNAME>SEARCHWHER</OPTIONNAME>
			</APPLICATIONAUTH>
			<APPLICATIONAUTH>
				<APP>PLUSPSR</APP>
				<APPLICATIONAUTHID>63779</APPLICATIONAUTHID>
				<CONDITIONNUM/>
				<OPTIONNAME>SIMILARTKT</OPTIONNAME>
			</APPLICATIONAUTH>
			<APPLICATIONAUTH>
				<APP>PLUSPSR</APP>
				<APPLICATIONAUTHID>63780</APPLICATIONAUTHID>
				<CONDITIONNUM/>
				<OPTIONNAME>STARTTIMER</OPTIONNAME>
			</APPLICATIONAUTH>
			<APPLICATIONAUTH>
				<APP>PLUSPSR</APP>
				<APPLICATIONAUTHID>63781</APPLICATIONAUTHID>
				<CONDITIONNUM/>
				<OPTIONNAME>STOPTIMER</OPTIONNAME>
			</APPLICATIONAUTH>
			<APPLICATIONAUTH>
				<APP>PLUSPSR</APP>
				<APPLICATIONAUTHID>63782</APPLICATIONAUTHID>
				<CONDITIONNUM/>
				<OPTIONNAME>STOPWF</OPTIONNAME>
			</APPLICATIONAUTH>
			<APPLICATIONAUTH>
				<APP>PLUSPSR</APP>
				<APPLICATIONAUTHID>63783</APPLICATIONAUTHID>
				<CONDITIONNUM/>
				<OPTIONNAME>TKCOMMLOG</OPTIONNAME>
			</APPLICATIONAUTH>
			<APPLICATIONAUTH>
				<APP>PLUSPSR</APP>
				<APPLICATIONAUTHID>63784</APPLICATIONAUTHID>
				<CONDITIONNUM/>
				<OPTIONNAME>TKWORKLOG</OPTIONNAME>
			</APPLICATIONAUTH>
			<APPLICATIONAUTH>
				<APP>PLUSPSR</APP>
				<APPLICATIONAUTHID>63785</APPLICATIONAUTHID>
				<CONDITIONNUM/>
				<OPTIONNAME>VIEWCOSTS</OPTIONNAME>
			</APPLICATIONAUTH>
			<APPLICATIONAUTH>
				<APP>PLUSPSR</APP>
				<APPLICATIONAUTHID>63792</APPLICATIONAUTHID>
				<CONDITIONNUM/>
				<OPTIONNAME>VIEWHIST</OPTIONNAME>
			</APPLICATIONAUTH>
			<APPLICATIONAUTH>
				<APP>PLUSPSR</APP>
				<APPLICATIONAUTHID>63786</APPLICATIONAUTHID>
				<CONDITIONNUM/>
				<OPTIONNAME>VIEWSLAS</OPTIONNAME>
			</APPLICATIONAUTH>
			<APPLICATIONAUTH>
				<APP>PLUSPSR</APP>
				<APPLICATIONAUTHID>63787</APPLICATIONAUTHID>
				<CONDITIONNUM/>
				<OPTIONNAME>VIEWWF</OPTIONNAME>
			</APPLICATIONAUTH>
			<APPLICATIONAUTH>
				<APP>PLUSPWO</APP>
				<APPLICATIONAUTHID>63795</APPLICATIONAUTHID>
				<CONDITIONNUM/>
				<OPTIONNAME>APPLYPS</OPTIONNAME>
			</APPLICATIONAUTH>
			<APPLICATIONAUTH>
				<APP>PLUSPWO</APP>
				<APPLICATIONAUTHID>63796</APPLICATIONAUTHID>
				<CONDITIONNUM/>
				<OPTIONNAME>APPLYRP</OPTIONNAME>
			</APPLICATIONAUTH>
			<APPLICATIONAUTH>
				<APP>PLUSPWO</APP>
				<APPLICATIONAUTHID>63799</APPLICATIONAUTHID>
				<CONDITIONNUM/>
				<OPTIONNAME>ASSIGNWF</OPTIONNAME>
			</APPLICATIONAUTH>
			<APPLICATIONAUTH>
				<APP>PLUSPWO</APP>
				<APPLICATIONAUTHID>63800</APPLICATIONAUTHID>
				<CONDITIONNUM/>
				<OPTIONNAME>ASSOCFOLD</OPTIONNAME>
			</APPLICATIONAUTH>
			<APPLICATIONAUTH>
				<APP>PLUSPWO</APP>
				<APPLICATIONAUTHID>63801</APPLICATIONAUTHID>
				<CONDITIONNUM/>
				<OPTIONNAME>BMXVIEWMANAGEWHER</OPTIONNAME>
			</APPLICATIONAUTH>
			<APPLICATIONAUTH>
				<APP>PLUSPWO</APP>
				<APPLICATIONAUTHID>63802</APPLICATIONAUTHID>
				<CONDITIONNUM/>
				<OPTIONNAME>BMXVIEWMANAGEWHERRO</OPTIONNAME>
			</APPLICATIONAUTH>
			<APPLICATIONAUTH>
				<APP>PLUSPWO</APP>
				<APPLICATIONAUTHID>63869</APPLICATIONAUTHID>
				<CONDITIONNUM/>
				<OPTIONNAME>BOOKMARK</OPTIONNAME>
			</APPLICATIONAUTH>
			<APPLICATIONAUTH>
				<APP>PLUSPWO</APP>
				<APPLICATIONAUTHID>63803</APPLICATIONAUTHID>
				<CONDITIONNUM/>
				<OPTIONNAME>CHGMTLSTSB</OPTIONNAME>
			</APPLICATIONAUTH>
			<APPLICATIONAUTH>
				<APP>PLUSPWO</APP>
				<APPLICATIONAUTHID>63870</APPLICATIONAUTHID>
				<CONDITIONNUM/>
				<OPTIONNAME>CLEAR</OPTIONNAME>
			</APPLICATIONAUTH>
			<APPLICATIONAUTH>
				<APP>PLUSPWO</APP>
				<APPLICATIONAUTHID>63804</APPLICATIONAUTHID>
				<CONDITIONNUM/>
				<OPTIONNAME>COGNOSHOME</OPTIONNAME>
			</APPLICATIONAUTH>
			<APPLICATIONAUTH>
				<APP>PLUSPWO</APP>
				<APPLICATIONAUTHID>63805</APPLICATIONAUTHID>
				<CONDITIONNUM/>
				<OPTIONNAME>COPYLNK2WO</OPTIONNAME>
			</APPLICATIONAUTH>
			<APPLICATIONAUTH>
				<APP>PLUSPWO</APP>
				<APPLICATIONAUTHID>63806</APPLICATIONAUTHID>
				<CONDITIONNUM/>
				<OPTIONNAME>CREATECHG</OPTIONNAME>
			</APPLICATIONAUTH>
			<APPLICATIONAUTH>
				<APP>PLUSPWO</APP>
				<APPLICATIONAUTHID>63807</APPLICATIONAUTHID>
				<CONDITIONNUM/>
				<OPTIONNAME>CREATECOMM</OPTIONNAME>
			</APPLICATIONAUTH>
			<APPLICATIONAUTH>
				<APP>PLUSPWO</APP>
				<APPLICATIONAUTHID>63808</APPLICATIONAUTHID>
				<CONDITIONNUM/>
				<OPTIONNAME>CREATEINCT</OPTIONNAME>
			</APPLICATIONAUTH>
			<APPLICATIONAUTH>
				<APP>PLUSPWO</APP>
				<APPLICATIONAUTHID>63809</APPLICATIONAUTHID>
				<CONDITIONNUM/>
				<OPTIONNAME>CREATEJP</OPTIONNAME>
			</APPLICATIONAUTH>
			<APPLICATIONAUTH>
				<APP>PLUSPWO</APP>
				<APPLICATIONAUTHID>63810</APPLICATIONAUTHID>
				<CONDITIONNUM/>
				<OPTIONNAME>CREATEKPI</OPTIONNAME>
			</APPLICATIONAUTH>
			<APPLICATIONAUTH>
				<APP>PLUSPWO</APP>
				<APPLICATIONAUTHID>63811</APPLICATIONAUTHID>
				<CONDITIONNUM/>
				<OPTIONNAME>CREATEPROB</OPTIONNAME>
			</APPLICATIONAUTH>
			<APPLICATIONAUTH>
				<APP>PLUSPWO</APP>
				<APPLICATIONAUTHID>63812</APPLICATIONAUTHID>
				<CONDITIONNUM/>
				<OPTIONNAME>CREATEREL</OPTIONNAME>
			</APPLICATIONAUTH>
			<APPLICATIONAUTH>
				<APP>PLUSPWO</APP>
				<APPLICATIONAUTHID>63813</APPLICATIONAUTHID>
				<CONDITIONNUM/>
				<OPTIONNAME>CREATEREPT</OPTIONNAME>
			</APPLICATIONAUTH>
			<APPLICATIONAUTH>
				<APP>PLUSPWO</APP>
				<APPLICATIONAUTHID>63814</APPLICATIONAUTHID>
				<CONDITIONNUM/>
				<OPTIONNAME>CREATESREQ</OPTIONNAME>
			</APPLICATIONAUTH>
			<APPLICATIONAUTH>
				<APP>PLUSPWO</APP>
				<APPLICATIONAUTHID>63815</APPLICATIONAUTHID>
				<CONDITIONNUM/>
				<OPTIONNAME>CREATEWO</OPTIONNAME>
			</APPLICATIONAUTH>
			<APPLICATIONAUTH>
				<APP>PLUSPWO</APP>
				<APPLICATIONAUTHID>63816</APPLICATIONAUTHID>
				<CONDITIONNUM/>
				<OPTIONNAME>CREWIDFIELD</OPTIONNAME>
			</APPLICATIONAUTH>
			<APPLICATIONAUTH>
				<APP>PLUSPWO</APP>
				<APPLICATIONAUTHID>63817</APPLICATIONAUTHID>
				<CONDITIONNUM/>
				<OPTIONNAME>DELETEREPT</OPTIONNAME>
			</APPLICATIONAUTH>
			<APPLICATIONAUTH>
				<APP>PLUSPWO</APP>
				<APPLICATIONAUTHID>63819</APPLICATIONAUTHID>
				<CONDITIONNUM/>
				<OPTIONNAME>HELPWF</OPTIONNAME>
			</APPLICATIONAUTH>
			<APPLICATIONAUTH>
				<APP>PLUSPWO</APP>
				<APPLICATIONAUTHID>63820</APPLICATIONAUTHID>
				<CONDITIONNUM/>
				<OPTIONNAME>HISTORYWF</OPTIONNAME>
			</APPLICATIONAUTH>
			<APPLICATIONAUTH>
				<APP>PLUSPWO</APP>
				<APPLICATIONAUTHID>63821</APPLICATIONAUTHID>
				<CONDITIONNUM/>
				<OPTIONNAME>IRV_COSTOPT</OPTIONNAME>
			</APPLICATIONAUTH>
			<APPLICATIONAUTH>
				<APP>PLUSPWO</APP>
				<APPLICATIONAUTHID>63822</APPLICATIONAUTHID>
				<CONDITIONNUM/>
				<OPTIONNAME>IRV_PRICEOPT</OPTIONNAME>
			</APPLICATIONAUTH>
			<APPLICATIONAUTH>
				<APP>PLUSPWO</APP>
				<APPLICATIONAUTHID>63823</APPLICATIONAUTHID>
				<CONDITIONNUM/>
				<OPTIONNAME>ITEMAVAIL</OPTIONNAME>
			</APPLICATIONAUTH>
			<APPLICATIONAUTH>
				<APP>PLUSPWO</APP>
				<APPLICATIONAUTHID>63824</APPLICATIONAUTHID>
				<CONDITIONNUM/>
				<OPTIONNAME>MANAGEFOLD</OPTIONNAME>
			</APPLICATIONAUTH>
			<APPLICATIONAUTH>
				<APP>PLUSPWO</APP>
				<APPLICATIONAUTHID>63825</APPLICATIONAUTHID>
				<CONDITIONNUM/>
				<OPTIONNAME>MANAGELIB</OPTIONNAME>
			</APPLICATIONAUTH>
			<APPLICATIONAUTH>
				<APP>PLUSPWO</APP>
				<APPLICATIONAUTHID>63826</APPLICATIONAUTHID>
				<CONDITIONNUM/>
				<OPTIONNAME>MANDWNTIME</OPTIONNAME>
			</APPLICATIONAUTH>
			<APPLICATIONAUTH>
				<APP>PLUSPWO</APP>
				<APPLICATIONAUTHID>63827</APPLICATIONAUTHID>
				<CONDITIONNUM/>
				<OPTIONNAME>MANDWNUPD</OPTIONNAME>
			</APPLICATIONAUTH>
			<APPLICATIONAUTH>
				<APP>PLUSPWO</APP>
				<APPLICATIONAUTHID>63830</APPLICATIONAUTHID>
				<CONDITIONNUM/>
				<OPTIONNAME>METREADNEW</OPTIONNAME>
			</APPLICATIONAUTH>
			<APPLICATIONAUTH>
				<APP>PLUSPWO</APP>
				<APPLICATIONAUTHID>63831</APPLICATIONAUTHID>
				<CONDITIONNUM/>
				<OPTIONNAME>METREADOLD</OPTIONNAME>
			</APPLICATIONAUTH>
			<APPLICATIONAUTH>
				<APP>PLUSPWO</APP>
				<APPLICATIONAUTHID>63834</APPLICATIONAUTHID>
				<CONDITIONNUM/>
				<OPTIONNAME>MODIFYPS</OPTIONNAME>
			</APPLICATIONAUTH>
			<APPLICATIONAUTH>
				<APP>PLUSPWO</APP>
				<APPLICATIONAUTHID>63836</APPLICATIONAUTHID>
				<CONDITIONNUM/>
				<OPTIONNAME>MODIFYWO</OPTIONNAME>
			</APPLICATIONAUTH>
			<APPLICATIONAUTH>
				<APP>PLUSPWO</APP>
				<APPLICATIONAUTHID>63871</APPLICATIONAUTHID>
				<CONDITIONNUM/>
				<OPTIONNAME>NEXT</OPTIONNAME>
			</APPLICATIONAUTH>
			<APPLICATIONAUTH>
				<APP>PLUSPWO</APP>
				<APPLICATIONAUTHID>63872</APPLICATIONAUTHID>
				<CONDITIONNUM/>
				<OPTIONNAME>PREVIOUS</OPTIONNAME>
			</APPLICATIONAUTH>
			<APPLICATIONAUTH>
				<APP>PLUSPWO</APP>
				<APPLICATIONAUTHID>63839</APPLICATIONAUTHID>
				<CONDITIONNUM/>
				<OPTIONNAME>PUBLICREPT</OPTIONNAME>
			</APPLICATIONAUTH>
			<APPLICATIONAUTH>
				<APP>PLUSPWO</APP>
				<APPLICATIONAUTHID>63793</APPLICATIONAUTHID>
				<CONDITIONNUM/>
				<OPTIONNAME>READ</OPTIONNAME>
			</APPLICATIONAUTH>
			<APPLICATIONAUTH>
				<APP>PLUSPWO</APP>
				<APPLICATIONAUTHID>63840</APPLICATIONAUTHID>
				<CONDITIONNUM/>
				<OPTIONNAME>RELATERECORD</OPTIONNAME>
			</APPLICATIONAUTH>
			<APPLICATIONAUTH>
				<APP>PLUSPWO</APP>
				<APPLICATIONAUTHID>63844</APPLICATIONAUTHID>
				<CONDITIONNUM/>
				<OPTIONNAME>REPFACILITY</OPTIONNAME>
			</APPLICATIONAUTH>
			<APPLICATIONAUTH>
				<APP>PLUSPWO</APP>
				<APPLICATIONAUTHID>63845</APPLICATIONAUTHID>
				<CONDITIONNUM/>
				<OPTIONNAME>RESCHDASSN</OPTIONNAME>
			</APPLICATIONAUTH>
			<APPLICATIONAUTH>
				<APP>PLUSPWO</APP>
				<APPLICATIONAUTHID>63846</APPLICATIONAUTHID>
				<CONDITIONNUM/>
				<OPTIONNAME>REVISE</OPTIONNAME>
			</APPLICATIONAUTH>
			<APPLICATIONAUTH>
				<APP>PLUSPWO</APP>
				<APPLICATIONAUTHID>63847</APPLICATIONAUTHID>
				<CONDITIONNUM/>
				<OPTIONNAME>ROUTEWF</OPTIONNAME>
			</APPLICATIONAUTH>
			<APPLICATIONAUTH>
				<APP>PLUSPWO</APP>
				<APPLICATIONAUTHID>63848</APPLICATIONAUTHID>
				<CONDITIONNUM/>
				<OPTIONNAME>RUNREPORTS</OPTIONNAME>
			</APPLICATIONAUTH>
			<APPLICATIONAUTH>
				<APP>PLUSPWO</APP>
				<APPLICATIONAUTHID>63849</APPLICATIONAUTHID>
				<CONDITIONNUM/>
				<OPTIONNAME>SEARCHATTR</OPTIONNAME>
			</APPLICATIONAUTH>
			<APPLICATIONAUTH>
				<APP>PLUSPWO</APP>
				<APPLICATIONAUTHID>63850</APPLICATIONAUTHID>
				<CONDITIONNUM/>
				<OPTIONNAME>SEARCHBOOK</OPTIONNAME>
			</APPLICATIONAUTH>
			<APPLICATIONAUTH>
				<APP>PLUSPWO</APP>
				<APPLICATIONAUTHID>63851</APPLICATIONAUTHID>
				<CONDITIONNUM/>
				<OPTIONNAME>SEARCHMORE</OPTIONNAME>
			</APPLICATIONAUTH>
			<APPLICATIONAUTH>
				<APP>PLUSPWO</APP>
				<APPLICATIONAUTHID>63852</APPLICATIONAUTHID>
				<CONDITIONNUM/>
				<OPTIONNAME>SEARCHSQRY</OPTIONNAME>
			</APPLICATIONAUTH>
			<APPLICATIONAUTH>
				<APP>PLUSPWO</APP>
				<APPLICATIONAUTHID>63853</APPLICATIONAUTHID>
				<CONDITIONNUM/>
				<OPTIONNAME>SEARCHTIPS</OPTIONNAME>
			</APPLICATIONAUTH>
			<APPLICATIONAUTH>
				<APP>PLUSPWO</APP>
				<APPLICATIONAUTHID>63854</APPLICATIONAUTHID>
				<CONDITIONNUM/>
				<OPTIONNAME>SEARCHVMQR</OPTIONNAME>
			</APPLICATIONAUTH>
			<APPLICATIONAUTH>
				<APP>PLUSPWO</APP>
				<APPLICATIONAUTHID>63855</APPLICATIONAUTHID>
				<CONDITIONNUM/>
				<OPTIONNAME>SEARCHWHER</OPTIONNAME>
			</APPLICATIONAUTH>
			<APPLICATIONAUTH>
				<APP>PLUSPWO</APP>
				<APPLICATIONAUTHID>63858</APPLICATIONAUTHID>
				<CONDITIONNUM/>
				<OPTIONNAME>SHOWPLAN</OPTIONNAME>
			</APPLICATIONAUTH>
			<APPLICATIONAUTH>
				<APP>PLUSPWO</APP>
				<APPLICATIONAUTHID>63861</APPLICATIONAUTHID>
				<CONDITIONNUM/>
				<OPTIONNAME>STOPWF</OPTIONNAME>
			</APPLICATIONAUTH>
			<APPLICATIONAUTH>
				<APP>PLUSPWO</APP>
				<APPLICATIONAUTHID>63862</APPLICATIONAUTHID>
				<CONDITIONNUM/>
				<OPTIONNAME>UPDTQUOTE</OPTIONNAME>
			</APPLICATIONAUTH>
			<APPLICATIONAUTH>
				<APP>PLUSPWO</APP>
				<APPLICATIONAUTHID>63863</APPLICATIONAUTHID>
				<CONDITIONNUM/>
				<OPTIONNAME>VIEWCOSTPR</OPTIONNAME>
			</APPLICATIONAUTH>
			<APPLICATIONAUTH>
				<APP>PLUSPWO</APP>
				<APPLICATIONAUTHID>63864</APPLICATIONAUTHID>
				<CONDITIONNUM/>
				<OPTIONNAME>VIEWCOSTS</OPTIONNAME>
			</APPLICATIONAUTH>
			<APPLICATIONAUTH>
				<APP>PLUSPWO</APP>
				<APPLICATIONAUTHID>63873</APPLICATIONAUTHID>
				<CONDITIONNUM/>
				<OPTIONNAME>VIEWHIST</OPTIONNAME>
			</APPLICATIONAUTH>
			<APPLICATIONAUTH>
				<APP>PLUSPWO</APP>
				<APPLICATIONAUTHID>63865</APPLICATIONAUTHID>
				<CONDITIONNUM/>
				<OPTIONNAME>VIEWPOINFO</OPTIONNAME>
			</APPLICATIONAUTH>
			<APPLICATIONAUTH>
				<APP>PLUSPWO</APP>
				<APPLICATIONAUTHID>63866</APPLICATIONAUTHID>
				<CONDITIONNUM/>
				<OPTIONNAME>VIEWWARNTY</OPTIONNAME>
			</APPLICATIONAUTH>
			<APPLICATIONAUTH>
				<APP>PLUSPWO</APP>
				<APPLICATIONAUTHID>63867</APPLICATIONAUTHID>
				<CONDITIONNUM/>
				<OPTIONNAME>VIEWWF</OPTIONNAME>
			</APPLICATIONAUTH>
			<APPLICATIONAUTH>
				<APP>PLUSPWO</APP>
				<APPLICATIONAUTHID>63868</APPLICATIONAUTHID>
				<CONDITIONNUM/>
				<OPTIONNAME>WO_SLAS</OPTIONNAME>
			</APPLICATIONAUTH>
			<APPLICATIONAUTH>
				<APP>PM</APP>
				<APPLICATIONAUTHID>63874</APPLICATIONAUTHID>
				<CONDITIONNUM/>
				<OPTIONNAME>BOOKMARK</OPTIONNAME>
			</APPLICATIONAUTH>
			<APPLICATIONAUTH>
				<APP>PM</APP>
				<APPLICATIONAUTHID>63875</APPLICATIONAUTHID>
				<CONDITIONNUM/>
				<OPTIONNAME>CLEAR</OPTIONNAME>
			</APPLICATIONAUTH>
			<APPLICATIONAUTH>
				<APP>PM</APP>
				<APPLICATIONAUTHID>63876</APPLICATIONAUTHID>
				<CONDITIONNUM/>
				<OPTIONNAME>NEXT</OPTIONNAME>
			</APPLICATIONAUTH>
			<APPLICATIONAUTH>
				<APP>PM</APP>
				<APPLICATIONAUTHID>63877</APPLICATIONAUTHID>
				<CONDITIONNUM/>
				<OPTIONNAME>PREVIOUS</OPTIONNAME>
			</APPLICATIONAUTH>
			<APPLICATIONAUTH>
				<APP>PM</APP>
				<APPLICATIONAUTHID>63644</APPLICATIONAUTHID>
				<CONDITIONNUM/>
				<OPTIONNAME>READ</OPTIONNAME>
			</APPLICATIONAUTH>
			<APPLICATIONAUTH>
				<APP>PM</APP>
				<APPLICATIONAUTHID>63878</APPLICATIONAUTHID>
				<CONDITIONNUM/>
				<OPTIONNAME>VIEWSEQ</OPTIONNAME>
			</APPLICATIONAUTH>
			<APPLICATIONAUTH>
				<APP>STARTCNTR</APP>
				<APPLICATIONAUTHID>63655</APPLICATIONAUTHID>
				<CONDITIONNUM/>
				<OPTIONNAME>DEFAULT</OPTIONNAME>
			</APPLICATIONAUTH>
			<APPLICATIONAUTH>
				<APP>STARTCNTR</APP>
				<APPLICATIONAUTHID>63656</APPLICATIONAUTHID>
				<CONDITIONNUM/>
				<OPTIONNAME>DELETEREPT</OPTIONNAME>
			</APPLICATIONAUTH>
			<APPLICATIONAUTH>
				<APP>STARTCNTR</APP>
				<APPLICATIONAUTHID>63657</APPLICATIONAUTHID>
				<CONDITIONNUM/>
				<OPTIONNAME>PASSWORD</OPTIONNAME>
			</APPLICATIONAUTH>
			<APPLICATIONAUTH>
				<APP>STARTCNTR</APP>
				<APPLICATIONAUTHID>63658</APPLICATIONAUTHID>
				<CONDITIONNUM/>
				<OPTIONNAME>PERSONAL</OPTIONNAME>
			</APPLICATIONAUTH>
			<APPLICATIONAUTH>
				<APP>STARTCNTR</APP>
				<APPLICATIONAUTHID>63653</APPLICATIONAUTHID>
				<CONDITIONNUM/>
				<OPTIONNAME>READ</OPTIONNAME>
			</APPLICATIONAUTH>
			<APPLICATIONAUTH>
				<APP>STARTCNTR</APP>
				<APPLICATIONAUTHID>63654</APPLICATIONAUTHID>
				<CONDITIONNUM/>
				<OPTIONNAME>UPDATETEMP</OPTIONNAME>
			</APPLICATIONAUTH>
			<GRPREASSIGNAUTH>
				<GRPREASSIGNAUTHID>6016</GRPREASSIGNAUTHID>
				<USERID>AINSWORTHL</USERID>
			</GRPREASSIGNAUTH>
			<GRPREASSIGNAUTH>
				<GRPREASSIGNAUTHID>5915</GRPREASSIGNAUTHID>
				<USERID>TIMMINSA</USERID>
			</GRPREASSIGNAUTH>
		</MAXGROUP>
		<MAXGROUP action="AddChange">
			<AUTHALLGLS>0</AUTHALLGLS>
			<AUTHALLREPFACS>0</AUTHALLREPFACS>
			<AUTHALLSITES>0</AUTHALLSITES>
			<AUTHALLSTOREROOMS>0</AUTHALLSTOREROOMS>
			<AUTHLABORALL>0</AUTHLABORALL>
			<AUTHLABORCREW>0</AUTHLABORCREW>
			<AUTHLABORSELF>0</AUTHLABORSELF>
			<AUTHLABORSUPER>0</AUTHLABORSUPER>
			<AUTHPERSONGROUP>0</AUTHPERSONGROUP>
			<DESCRIPTION>Mobile Return Start Center</DESCRIPTION>
			<DESCRIPTION_LONGDESCRIPTION/>
			<DFLTAPP/>
			<GROUPNAME>SC-MOBRET</GROUPNAME>
			<HASLD>0</HASLD>
			<INDEPENDENT>0</INDEPENDENT>
			<LANGCODE>EN</LANGCODE>
			<MAXGROUPID>1708</MAXGROUPID>
			<MAXSCHEDREPORT xsi:nil="true"/>
			<NULLREPFAC>1</NULLREPFAC>
			<PASSWORDDURATION>600</PASSWORDDURATION>
			<PASSWORDWARNING>5</PASSWORDWARNING>
			<PLUSPAUTHALLCUST>0</PLUSPAUTHALLCUST>
			<PLUSPAUTHCUSTVND>0</PLUSPAUTHCUSTVND>
			<PLUSPAUTHGRPLST>0</PLUSPAUTHGRPLST>
			<PLUSPAUTHNONCUST>0</PLUSPAUTHNONCUST>
			<PLUSPAUTHPERSLST>0</PLUSPAUTHPERSLST>
			<PLUSPRESTRICTOPT/>
			<SCCONTENTUID>SCTMPLT337f52b0</SCCONTENTUID>
			<SCTEMPLATEID>507</SCTEMPLATEID>
			<APPLICATIONAUTH>
				<APP>CHANGEPSWD</APP>
				<APPLICATIONAUTHID>64133</APPLICATIONAUTHID>
				<CONDITIONNUM/>
				<OPTIONNAME>READ</OPTIONNAME>
			</APPLICATIONAUTH>
			<APPLICATIONAUTH>
				<APP>CHANGEPSWD</APP>
				<APPLICATIONAUTHID>64134</APPLICATIONAUTHID>
				<CONDITIONNUM/>
				<OPTIONNAME>SAVE</OPTIONNAME>
			</APPLICATIONAUTH>
			<APPLICATIONAUTH>
				<APP>STARTCNTR</APP>
				<APPLICATIONAUTHID>64137</APPLICATIONAUTHID>
				<CONDITIONNUM/>
				<OPTIONNAME>DEFAULT</OPTIONNAME>
			</APPLICATIONAUTH>
			<APPLICATIONAUTH>
				<APP>STARTCNTR</APP>
				<APPLICATIONAUTHID>64138</APPLICATIONAUTHID>
				<CONDITIONNUM/>
				<OPTIONNAME>DELETEREPT</OPTIONNAME>
			</APPLICATIONAUTH>
			<APPLICATIONAUTH>
				<APP>STARTCNTR</APP>
				<APPLICATIONAUTHID>64139</APPLICATIONAUTHID>
				<CONDITIONNUM/>
				<OPTIONNAME>PASSWORD</OPTIONNAME>
			</APPLICATIONAUTH>
			<APPLICATIONAUTH>
				<APP>STARTCNTR</APP>
				<APPLICATIONAUTHID>64140</APPLICATIONAUTHID>
				<CONDITIONNUM/>
				<OPTIONNAME>PERSONAL</OPTIONNAME>
			</APPLICATIONAUTH>
			<APPLICATIONAUTH>
				<APP>STARTCNTR</APP>
				<APPLICATIONAUTHID>64135</APPLICATIONAUTHID>
				<CONDITIONNUM/>
				<OPTIONNAME>READ</OPTIONNAME>
			</APPLICATIONAUTH>
			<APPLICATIONAUTH>
				<APP>STARTCNTR</APP>
				<APPLICATIONAUTHID>64136</APPLICATIONAUTHID>
				<CONDITIONNUM/>
				<OPTIONNAME>UPDATETEMP</OPTIONNAME>
			</APPLICATIONAUTH>
			<GRPREASSIGNAUTH>
				<GRPREASSIGNAUTHID>6217</GRPREASSIGNAUTHID>
				<USERID>AINSWORTHL</USERID>
			</GRPREASSIGNAUTH>
			<GRPREASSIGNAUTH>
				<GRPREASSIGNAUTHID>6215</GRPREASSIGNAUTHID>
				<USERID>TIMMINSA</USERID>
			</GRPREASSIGNAUTH>
		</MAXGROUP>
		<MAXGROUP action="AddChange">
			<AUTHALLGLS>0</AUTHALLGLS>
			<AUTHALLREPFACS>0</AUTHALLREPFACS>
			<AUTHALLSITES>0</AUTHALLSITES>
			<AUTHALLSTOREROOMS>0</AUTHALLSTOREROOMS>
			<AUTHLABORALL>0</AUTHLABORALL>
			<AUTHLABORCREW>0</AUTHLABORCREW>
			<AUTHLABORSELF>0</AUTHLABORSELF>
			<AUTHLABORSUPER>0</AUTHLABORSUPER>
			<AUTHPERSONGROUP>0</AUTHPERSONGROUP>
			<DESCRIPTION>Service Request Start Center</DESCRIPTION>
			<DESCRIPTION_LONGDESCRIPTION/>
			<DFLTAPP/>
			<GROUPNAME>SC-SR</GROUPNAME>
			<HASLD>0</HASLD>
			<INDEPENDENT>0</INDEPENDENT>
			<LANGCODE>EN</LANGCODE>
			<MAXGROUPID>1709</MAXGROUPID>
			<MAXSCHEDREPORT xsi:nil="true"/>
			<NULLREPFAC>1</NULLREPFAC>
			<PASSWORDDURATION>600</PASSWORDDURATION>
			<PASSWORDWARNING>5</PASSWORDWARNING>
			<PLUSPAUTHALLCUST>0</PLUSPAUTHALLCUST>
			<PLUSPAUTHCUSTVND>0</PLUSPAUTHCUSTVND>
			<PLUSPAUTHGRPLST>0</PLUSPAUTHGRPLST>
			<PLUSPAUTHNONCUST>0</PLUSPAUTHNONCUST>
			<PLUSPAUTHPERSLST>0</PLUSPAUTHPERSLST>
			<PLUSPRESTRICTOPT/>
			<SCCONTENTUID>SCTMPLT4f0f6c24</SCCONTENTUID>
			<SCTEMPLATEID>505</SCTEMPLATEID>
			<APPLICATIONAUTH>
				<APP>CHANGEPSWD</APP>
				<APPLICATIONAUTHID>64142</APPLICATIONAUTHID>
				<CONDITIONNUM/>
				<OPTIONNAME>READ</OPTIONNAME>
			</APPLICATIONAUTH>
			<APPLICATIONAUTH>
				<APP>CHANGEPSWD</APP>
				<APPLICATIONAUTHID>64143</APPLICATIONAUTHID>
				<CONDITIONNUM/>
				<OPTIONNAME>SAVE</OPTIONNAME>
			</APPLICATIONAUTH>
			<APPLICATIONAUTH>
				<APP>STARTCNTR</APP>
				<APPLICATIONAUTHID>64146</APPLICATIONAUTHID>
				<CONDITIONNUM/>
				<OPTIONNAME>DEFAULT</OPTIONNAME>
			</APPLICATIONAUTH>
			<APPLICATIONAUTH>
				<APP>STARTCNTR</APP>
				<APPLICATIONAUTHID>64147</APPLICATIONAUTHID>
				<CONDITIONNUM/>
				<OPTIONNAME>DELETEREPT</OPTIONNAME>
			</APPLICATIONAUTH>
			<APPLICATIONAUTH>
				<APP>STARTCNTR</APP>
				<APPLICATIONAUTHID>64148</APPLICATIONAUTHID>
				<CONDITIONNUM/>
				<OPTIONNAME>PASSWORD</OPTIONNAME>
			</APPLICATIONAUTH>
			<APPLICATIONAUTH>
				<APP>STARTCNTR</APP>
				<APPLICATIONAUTHID>64149</APPLICATIONAUTHID>
				<CONDITIONNUM/>
				<OPTIONNAME>PERSONAL</OPTIONNAME>
			</APPLICATIONAUTH>
			<APPLICATIONAUTH>
				<APP>STARTCNTR</APP>
				<APPLICATIONAUTHID>64144</APPLICATIONAUTHID>
				<CONDITIONNUM/>
				<OPTIONNAME>READ</OPTIONNAME>
			</APPLICATIONAUTH>
			<APPLICATIONAUTH>
				<APP>STARTCNTR</APP>
				<APPLICATIONAUTHID>64145</APPLICATIONAUTHID>
				<CONDITIONNUM/>
				<OPTIONNAME>UPDATETEMP</OPTIONNAME>
			</APPLICATIONAUTH>
			<GRPREASSIGNAUTH>
				<GRPREASSIGNAUTHID>6218</GRPREASSIGNAUTHID>
				<USERID>AINSWORTHL</USERID>
			</GRPREASSIGNAUTH>
			<GRPREASSIGNAUTH>
				<GRPREASSIGNAUTHID>6216</GRPREASSIGNAUTHID>
				<USERID>TIMMINSA</USERID>
			</GRPREASSIGNAUTH>
		</MAXGROUP>
	</DMMAXGROUPSet>
</SyncDMMAXGROUP>