<?xml version="1.0" encoding="UTF-8"?><SyncDMACTIONGROUP xmlns="http://www.ibm.com/maximo" xmlns:xsi="http://www.w3.org/2001/XMLSchema-instance" creationDateTime="2014-08-04T17:07:31+01:00" transLanguage="EN" baseLanguage="EN" messageID="140716845131430662" maximoVersion="7 5 20130829-1209 V7510--1"><DMACTIONGROUPSet><ACTIONGROUP action="AddChange"><ACTION>IRV_APPR_PROJ</ACTION><ACTIONGROUPID>2534</ACTIONGROUPID><MEMBER>WO APPR</MEMBER><SEQUENCE>10</SEQUENCE></ACTIONGROUP><ACTIONGROUP action="AddChange"><ACTION>IRV_CREATEPOSENA</ACTION><ACTIONGROUPID>3334</ACTIONGROUPID><MEMBER>IRVWOATUOPO</MEMBER><SEQUENCE>10</SEQUENCE></ACTIONGROUP><ACTIONGROUP action="AddChange"><ACTION>IRV_WO_SETDIS</ACTION><ACTIONGROUPID>2334</ACTIONGROUPID><MEMBER>IRV WO DISPATCH</MEMBER><SEQUENCE>10</SEQUENCE></ACTIONGROUP><ACTIONGROUP action="AddChange"><ACTION>IRVAUTOPOAPPR</ACTION><ACTIONGROUPID>1335</ACTIONGROUPID><MEMBER>IRV WO DISPATCH</MEMBER><SEQUENCE>30</SEQUENCE></ACTIONGROUP><ACTIONGROUP action="AddChange"><ACTION>IRVAUTOPOAPPR</ACTION><ACTIONGROUPID>1334</ACTIONGROUPID><MEMBER>IRVWOATUOPO</MEMBER><SEQUENCE>20</SEQUENCE></ACTIONGROUP><ACTIONGROUP action="AddChange"><ACTION>IRVAUTOPOAPPR</ACTION><ACTIONGROUPID>1333</ACTIONGROUPID><MEMBER>WO APPR</MEMBER><SEQUENCE>10</SEQUENCE></ACTIONGROUP><ACTIONGROUP action="AddChange"><ACTION>IRVBBCFLOESTREQPROJ</ACTION><ACTIONGROUPID>3436</ACTIONGROUPID><MEMBER>IRVWOESTREQ</MEMBER><SEQUENCE>30</SEQUENCE></ACTIONGROUP><ACTIONGROUP action="AddChange"><ACTION>IRVESTBBCFLOPOHEAD</ACTION><ACTIONGROUPID>3037</ACTIONGROUPID><MEMBER>IRVAUTOPOHEAD</MEMBER><SEQUENCE>30</SEQUENCE></ACTIONGROUP><ACTIONGROUP action="AddChange"><ACTION>IRVESTBBCFLOPOHEAD</ACTION><ACTIONGROUPID>3039</ACTIONGROUPID><MEMBER>IRVWOESTREQ</MEMBER><SEQUENCE>10</SEQUENCE></ACTIONGROUP><ACTIONGROUP action="AddChange"><ACTION>IRVESTBBCPROCPOHEAD</ACTION><ACTIONGROUPID>2636</ACTIONGROUPID><MEMBER>IRVAUTOPOHEAD</MEMBER><SEQUENCE>30</SEQUENCE></ACTIONGROUP><ACTIONGROUP action="AddChange"><ACTION>IRVESTBBCPROCPOHEAD</ACTION><ACTIONGROUPID>2634</ACTIONGROUPID><MEMBER>IRVWOESTREQ</MEMBER><SEQUENCE>10</SEQUENCE></ACTIONGROUP><ACTIONGROUP action="AddChange"><ACTION>IRVESTREQGROUP</ACTION><ACTIONGROUPID>934</ACTIONGROUPID><MEMBER>IRVWOESTREQ</MEMBER><SEQUENCE>20</SEQUENCE></ACTIONGROUP><ACTIONGROUP action="AddChange"><ACTION>IRVESTREQOGBBCPROC</ACTION><ACTIONGROUPID>936</ACTIONGROUPID><MEMBER>IRVWOESTREQ</MEMBER><SEQUENCE>20</SEQUENCE></ACTIONGROUP><ACTIONGROUP action="AddChange"><ACTION>IRVPOVENDORQUOTE</ACTION><ACTIONGROUPID>3645</ACTIONGROUPID><MEMBER>IRVPOHEADVENDORQUOTE</MEMBER><SEQUENCE>10</SEQUENCE></ACTIONGROUP><ACTIONGROUP action="AddChange"><ACTION>IRVPOVENDORQUOTE</ACTION><ACTIONGROUPID>3646</ACTIONGROUPID><MEMBER>WO APPR</MEMBER><SEQUENCE>20</SEQUENCE></ACTIONGROUP><ACTIONGROUP action="AddChange"><ACTION>IRVSETOGBBCFLOESTREQ</ACTION><ACTIONGROUPID>3140</ACTIONGROUPID><MEMBER>IRVWOESTREQ</MEMBER><SEQUENCE>20</SEQUENCE></ACTIONGROUP><ACTIONGROUP action="AddChange"><ACTION>IRVSETOGBBCPROCESTREQ</ACTION><ACTIONGROUPID>3137</ACTIONGROUPID><MEMBER>IRVWOESTREQ</MEMBER><SEQUENCE>20</SEQUENCE></ACTIONGROUP><ACTIONGROUP action="AddChange"><ACTION>IRVSETOGBBCPROCESTREQPO</ACTION><ACTIONGROUPID>3639</ACTIONGROUPID><MEMBER>IRVAUTOPOHEAD</MEMBER><SEQUENCE>30</SEQUENCE></ACTIONGROUP><ACTIONGROUP action="AddChange"><ACTION>IRVSETOGBBCPROCESTREQPO</ACTION><ACTIONGROUPID>3642</ACTIONGROUPID><MEMBER>IRVWOESTREQ</MEMBER><SEQUENCE>10</SEQUENCE></ACTIONGROUP><ACTIONGROUP action="AddChange"><ACTION>IRVSETOGBBCPROCPO</ACTION><ACTIONGROUPID>3634</ACTIONGROUPID><MEMBER>IRVAUTOPOHEAD</MEMBER><SEQUENCE>30</SEQUENCE></ACTIONGROUP><ACTIONGROUP action="AddChange"><ACTION>IRVWOACTFINCOMP</ACTION><ACTIONGROUPID>1133</ACTIONGROUPID><MEMBER>IRVSWOETACTFIN</MEMBER><SEQUENCE>10</SEQUENCE></ACTIONGROUP><ACTIONGROUP action="AddChange"><ACTION>IRVWOACTFINCOMP</ACTION><ACTIONGROUPID>1134</ACTIONGROUPID><MEMBER>IRVWOCOMP</MEMBER><SEQUENCE>20</SEQUENCE></ACTIONGROUP></DMACTIONGROUPSet></SyncDMACTIONGROUP>