<?xml version="1.0" encoding="UTF-8"?><SyncDMWFPROCESS xmlns="http://www.ibm.com/maximo" xmlns:xsi="http://www.w3.org/2001/XMLSchema-instance" creationDateTime="2015-01-26T13:20:51+00:00" transLanguage="EN" baseLanguage="EN" messageID="1422278451837422773" maximoVersion="7 5 20130829-1209 V7510--1"><DMWFPROCESSSet><WFPROCESS action="AddChange"><ACTIVE>1</ACTIVE><AUTOINITIATE>0</AUTOINITIATE><CHANGEBY>TIMMINSA</CHANGEBY><CHANGEDATE>2015-01-15T11:01:03+00:00</CHANGEDATE><DELETABLE>0</DELETABLE><DESCRIPTION>P2P - PO</DESCRIPTION><DESCRIPTION_LONGDESCRIPTION></DESCRIPTION_LONGDESCRIPTION><ENABLED>1</ENABLED><EXTERNALREFID></EXTERNALREFID><HASLD>0</HASLD><LANGCODE>EN</LANGCODE><MIGRATED>0</MIGRATED><OBJECTNAME>PO</OBJECTNAME><OWNERSYSID></OWNERSYSID><PROCESSNAME>MAINPOWF</PROCESSNAME><PROCESSREV>9</PROCESSREV><SENDERSYSID>MX</SENDERSYSID><SOURCESYSID></SOURCESYSID><WFPROCESSID>5918</WFPROCESSID><WFNODE><DESCRIPTION>START 1</DESCRIPTION><DESCRIPTION_LONGDESCRIPTION></DESCRIPTION_LONGDESCRIPTION><HASLD>0</HASLD><IMAGEFILE></IMAGEFILE><LANGCODE>EN</LANGCODE><NODEID>1</NODEID><NODETYPE maxvalue="WFSTART">START</NODETYPE><TITLE>START 1</TITLE><WFNODEID>15192</WFNODEID><XCOORDINATE>1</XCOORDINATE><YCOORDINATE>1</YCOORDINATE><WFSTART><WFSTARTID>5918</WFSTARTID></WFSTART><WFACTION><ACTION></ACTION><ACTIONID>59</ACTIONID><CONDITION></CONDITION><CONDITIONCLASS></CONDITIONCLASS><INSTRUCTION>Status is Revised?</INSTRUCTION><ISPOSITIVE>1</ISPOSITIVE><MEMBERNODEID>23</MEMBERNODEID><OWNERNODEID>1</OWNERNODEID><SEQUENCE xsi:nil="true"></SEQUENCE><WFACTIONID>18074</WFACTIONID></WFACTION></WFNODE><WFNODE><DESCRIPTION>STOP 2</DESCRIPTION><DESCRIPTION_LONGDESCRIPTION></DESCRIPTION_LONGDESCRIPTION><HASLD>0</HASLD><IMAGEFILE></IMAGEFILE><LANGCODE>EN</LANGCODE><NODEID>2</NODEID><NODETYPE maxvalue="WFSTOP">STOP</NODETYPE><TITLE>STOP 2</TITLE><WFNODEID>15193</WFNODEID><XCOORDINATE>14</XCOORDINATE><YCOORDINATE>2</YCOORDINATE><WFSTOP><WFSTOPID>7172</WFSTOPID></WFSTOP></WFNODE><WFNODE><DESCRIPTION>Is Status CLOSE or CAN</DESCRIPTION><DESCRIPTION_LONGDESCRIPTION></DESCRIPTION_LONGDESCRIPTION><HASLD>0</HASLD><IMAGEFILE></IMAGEFILE><LANGCODE>EN</LANGCODE><NODEID>3</NODEID><NODETYPE maxvalue="WFCONDITION">CONDITION</NODETYPE><TITLE>STATUS - CLOSE/CAN?</TITLE><WFNODEID>15194</WFNODEID><XCOORDINATE>5</XCOORDINATE><YCOORDINATE>2</YCOORDINATE><WFACTION><ACTION></ACTION><ACTIONID>2</ACTIONID><CONDITION></CONDITION><CONDITIONCLASS></CONDITIONCLASS><INSTRUCTION>Cannot Process CLOSE/CAN PO</INSTRUCTION><ISPOSITIVE>1</ISPOSITIVE><MEMBERNODEID>4</MEMBERNODEID><OWNERNODEID>3</OWNERNODEID><SEQUENCE xsi:nil="true"></SEQUENCE><WFACTIONID>18075</WFACTIONID></WFACTION><WFACTION><ACTION></ACTION><ACTIONID>9</ACTIONID><CONDITION></CONDITION><CONDITIONCLASS></CONDITIONCLASS><INSTRUCTION>Check if Status is INPRG</INSTRUCTION><ISPOSITIVE>0</ISPOSITIVE><MEMBERNODEID>7</MEMBERNODEID><OWNERNODEID>3</OWNERNODEID><SEQUENCE xsi:nil="true"></SEQUENCE><WFACTIONID>18076</WFACTIONID></WFACTION><WFCONDITION><CONDITION>status in ('CLOSE','CAN')</CONDITION><CUSTOMCLASS></CUSTOMCLASS><WFCONDITIONID>9673</WFCONDITIONID></WFCONDITION></WFNODE><WFNODE><DESCRIPTION>Cannot Process CLOSE/CAN PO</DESCRIPTION><DESCRIPTION_LONGDESCRIPTION></DESCRIPTION_LONGDESCRIPTION><HASLD>0</HASLD><IMAGEFILE></IMAGEFILE><LANGCODE>EN</LANGCODE><NODEID>4</NODEID><NODETYPE maxvalue="WFINTERACTION">INTERACTION</NODETYPE><TITLE>CLOSE/CAN PO</TITLE><WFNODEID>15195</WFNODEID><XCOORDINATE>7</XCOORDINATE><YCOORDINATE>2</YCOORDINATE><WFACTION><ACTION></ACTION><ACTIONID>6</ACTIONID><CONDITION></CONDITION><CONDITIONCLASS></CONDITIONCLASS><INSTRUCTION>STOP 2</INSTRUCTION><ISPOSITIVE>1</ISPOSITIVE><MEMBERNODEID>2</MEMBERNODEID><OWNERNODEID>4</OWNERNODEID><SEQUENCE xsi:nil="true"></SEQUENCE><WFACTIONID>18077</WFACTIONID></WFACTION><WFINTERACTION><ACTION></ACTION><APP></APP><DIRECTIONS>Error - Status CLOSE/CAN</DIRECTIONS><DIRECTIONS_LONGDESCRIPTION>Cannot Process PO at Status CLOSE/CAN</DIRECTIONS_LONGDESCRIPTION><HASLD>1</HASLD><LANGCODE>EN</LANGCODE><LAUNCHPROCESS></LAUNCHPROCESS><PAGE></PAGE><RELATION></RELATION><TABNAME></TABNAME><WFINTERACTIONID>6113</WFINTERACTIONID><LONGDESCRIPTION><CONTENTUID>988,409</CONTENTUID><LANGCODE>EN</LANGCODE><LDKEY>6113</LDKEY><LDOWNERCOL>DIRECTIONS</LDOWNERCOL><LDOWNERTABLE>WFINTERACTION</LDOWNERTABLE><LDTEXT>Cannot Process PO at Status CLOSE/CAN</LDTEXT><LONGDESCRIPTIONID>988409</LONGDESCRIPTIONID></LONGDESCRIPTION></WFINTERACTION></WFNODE><WFNODE><DESCRIPTION>Check if Status is INPRG</DESCRIPTION><DESCRIPTION_LONGDESCRIPTION></DESCRIPTION_LONGDESCRIPTION><HASLD>0</HASLD><IMAGEFILE></IMAGEFILE><LANGCODE>EN</LANGCODE><NODEID>7</NODEID><NODETYPE maxvalue="WFCONDITION">CONDITION</NODETYPE><TITLE>STATUS - INPRG?</TITLE><WFNODEID>15196</WFNODEID><XCOORDINATE>5</XCOORDINATE><YCOORDINATE>3</YCOORDINATE><WFACTION><ACTION></ACTION><ACTIONID>8</ACTIONID><CONDITION></CONDITION><CONDITIONCLASS></CONDITIONCLASS><INSTRUCTION>INPUT 11</INSTRUCTION><ISPOSITIVE>1</ISPOSITIVE><MEMBERNODEID>11</MEMBERNODEID><OWNERNODEID>7</OWNERNODEID><SEQUENCE xsi:nil="true"></SEQUENCE><WFACTIONID>18078</WFACTIONID></WFACTION><WFACTION><ACTION></ACTION><ACTIONID>20</ACTIONID><CONDITION></CONDITION><CONDITIONCLASS></CONDITIONCLASS><INSTRUCTION>Is Status APPR/FINCOM</INSTRUCTION><ISPOSITIVE>0</ISPOSITIVE><MEMBERNODEID>13</MEMBERNODEID><OWNERNODEID>7</OWNERNODEID><SEQUENCE xsi:nil="true"></SEQUENCE><WFACTIONID>18079</WFACTIONID></WFACTION><WFCONDITION><CONDITION>status = 'INPRG'</CONDITION><CUSTOMCLASS></CUSTOMCLASS><WFCONDITIONID>9674</WFCONDITIONID></WFCONDITION></WFNODE><WFNODE><DESCRIPTION>Change Status to FINCOM or CLOSE status?</DESCRIPTION><DESCRIPTION_LONGDESCRIPTION></DESCRIPTION_LONGDESCRIPTION><HASLD>0</HASLD><IMAGEFILE></IMAGEFILE><LANGCODE>EN</LANGCODE><NODEID>11</NODEID><NODETYPE maxvalue="WFINPUT">INPUT</NODETYPE><TITLE>STATUSCHG - REVISE/CLOSE</TITLE><WFNODEID>15197</WFNODEID><XCOORDINATE>7</XCOORDINATE><YCOORDINATE>3</YCOORDINATE><WFINPUT><DISPLAYONE>1</DISPLAYONE><WFINPUTID>4414</WFINPUTID></WFINPUT><WFACTION><ACTION></ACTION><ACTIONID>14</ACTIONID><CONDITION>1=2</CONDITION><CONDITIONCLASS></CONDITIONCLASS><INSTRUCTION>Change Status to Closed.</INSTRUCTION><ISPOSITIVE>1</ISPOSITIVE><MEMBERNODEID>17</MEMBERNODEID><OWNERNODEID>11</OWNERNODEID><SEQUENCE>1</SEQUENCE><WFACTIONID>18080</WFACTIONID></WFACTION><WFACTION><ACTION></ACTION><ACTIONID>64</ACTIONID><CONDITION></CONDITION><CONDITIONCLASS></CONDITIONCLASS><INSTRUCTION>Revise PO.</INSTRUCTION><ISPOSITIVE>1</ISPOSITIVE><MEMBERNODEID>25</MEMBERNODEID><OWNERNODEID>11</OWNERNODEID><SEQUENCE>2</SEQUENCE><WFACTIONID>18081</WFACTIONID></WFACTION></WFNODE><WFNODE><DESCRIPTION>Is Status APPR?</DESCRIPTION><DESCRIPTION_LONGDESCRIPTION></DESCRIPTION_LONGDESCRIPTION><HASLD>0</HASLD><IMAGEFILE></IMAGEFILE><LANGCODE>EN</LANGCODE><NODEID>13</NODEID><NODETYPE maxvalue="WFCONDITION">CONDITION</NODETYPE><TITLE>STATUS - APPR?</TITLE><WFNODEID>15198</WFNODEID><XCOORDINATE>5</XCOORDINATE><YCOORDINATE>4</YCOORDINATE><WFACTION><ACTION></ACTION><ACTIONID>21</ACTIONID><CONDITION></CONDITION><CONDITIONCLASS></CONDITIONCLASS><INSTRUCTION>Is Status WAPPR</INSTRUCTION><ISPOSITIVE>0</ISPOSITIVE><MEMBERNODEID>18</MEMBERNODEID><OWNERNODEID>13</OWNERNODEID><SEQUENCE xsi:nil="true"></SEQUENCE><WFACTIONID>18082</WFACTIONID></WFACTION><WFACTION><ACTION></ACTION><ACTIONID>24</ACTIONID><CONDITION></CONDITION><CONDITIONCLASS></CONDITIONCLASS><INSTRUCTION>INPUT 19</INSTRUCTION><ISPOSITIVE>1</ISPOSITIVE><MEMBERNODEID>19</MEMBERNODEID><OWNERNODEID>13</OWNERNODEID><SEQUENCE xsi:nil="true"></SEQUENCE><WFACTIONID>18083</WFACTIONID></WFACTION><WFCONDITION><CONDITION>status in ('APPR')</CONDITION><CUSTOMCLASS></CUSTOMCLASS><WFCONDITIONID>9675</WFCONDITIONID></WFCONDITION></WFNODE><WFNODE><DESCRIPTION>STOP 16</DESCRIPTION><DESCRIPTION_LONGDESCRIPTION></DESCRIPTION_LONGDESCRIPTION><HASLD>0</HASLD><IMAGEFILE></IMAGEFILE><LANGCODE>EN</LANGCODE><NODEID>16</NODEID><NODETYPE maxvalue="WFSTOP">STOP</NODETYPE><TITLE>STOP 16</TITLE><WFNODEID>15199</WFNODEID><XCOORDINATE>14</XCOORDINATE><YCOORDINATE>5</YCOORDINATE><WFSTOP><WFSTOPID>7173</WFSTOPID></WFSTOP></WFNODE><WFNODE><DESCRIPTION>Are you Sure you want to CLOSE PO?</DESCRIPTION><DESCRIPTION_LONGDESCRIPTION></DESCRIPTION_LONGDESCRIPTION><HASLD>0</HASLD><IMAGEFILE></IMAGEFILE><LANGCODE>EN</LANGCODE><NODEID>17</NODEID><NODETYPE maxvalue="WFINPUT">INPUT</NODETYPE><TITLE>CHECK - CLOSE</TITLE><WFNODEID>15200</WFNODEID><XCOORDINATE>10</XCOORDINATE><YCOORDINATE>3</YCOORDINATE><WFINPUT><DISPLAYONE>0</DISPLAYONE><WFINPUTID>4415</WFINPUTID></WFINPUT><WFACTION><ACTION></ACTION><ACTIONID>19</ACTIONID><CONDITION></CONDITION><CONDITIONCLASS></CONDITIONCLASS><INSTRUCTION>No. Do not change status to Closed.</INSTRUCTION><ISPOSITIVE>1</ISPOSITIVE><MEMBERNODEID>16</MEMBERNODEID><OWNERNODEID>17</OWNERNODEID><SEQUENCE>1</SEQUENCE><WFACTIONID>18084</WFACTIONID></WFACTION><WFACTION><ACTION>PO CLOSE</ACTION><ACTIONID>15</ACTIONID><CONDITION></CONDITION><CONDITIONCLASS></CONDITIONCLASS><INSTRUCTION>Yes. Change Status to Closed.</INSTRUCTION><ISPOSITIVE>1</ISPOSITIVE><MEMBERNODEID>2</MEMBERNODEID><OWNERNODEID>17</OWNERNODEID><SEQUENCE>2</SEQUENCE><WFACTIONID>18085</WFACTIONID></WFACTION></WFNODE><WFNODE><DESCRIPTION>Is Status WAPPR/PNDREV</DESCRIPTION><DESCRIPTION_LONGDESCRIPTION></DESCRIPTION_LONGDESCRIPTION><HASLD>0</HASLD><IMAGEFILE></IMAGEFILE><LANGCODE>EN</LANGCODE><NODEID>18</NODEID><NODETYPE maxvalue="WFCONDITION">CONDITION</NODETYPE><TITLE>STATUS - WAPPR/PNDREV?</TITLE><WFNODEID>15201</WFNODEID><XCOORDINATE>5</XCOORDINATE><YCOORDINATE>5</YCOORDINATE><WFACTION><ACTION></ACTION><ACTIONID>32</ACTIONID><CONDITION></CONDITION><CONDITIONCLASS></CONDITIONCLASS><INSTRUCTION>STOP 2</INSTRUCTION><ISPOSITIVE>0</ISPOSITIVE><MEMBERNODEID>2</MEMBERNODEID><OWNERNODEID>18</OWNERNODEID><SEQUENCE xsi:nil="true"></SEQUENCE><WFACTIONID>18086</WFACTIONID></WFACTION><WFACTION><ACTION>IRVNULLQTY</ACTION><ACTIONID>57</ACTIONID><CONDITION></CONDITION><CONDITIONCLASS></CONDITIONCLASS><INSTRUCTION>Is work order to be Cancelled or sent for approval</INSTRUCTION><ISPOSITIVE>1</ISPOSITIVE><MEMBERNODEID>21</MEMBERNODEID><OWNERNODEID>18</OWNERNODEID><SEQUENCE xsi:nil="true"></SEQUENCE><WFACTIONID>18087</WFACTIONID></WFACTION><WFCONDITION><CONDITION>status in ('WAPPR','PNDREV')</CONDITION><CUSTOMCLASS></CUSTOMCLASS><WFCONDITIONID>9676</WFCONDITIONID></WFCONDITION></WFNODE><WFNODE><DESCRIPTION>Change Status of PO.</DESCRIPTION><DESCRIPTION_LONGDESCRIPTION></DESCRIPTION_LONGDESCRIPTION><HASLD>0</HASLD><IMAGEFILE></IMAGEFILE><LANGCODE>EN</LANGCODE><NODEID>19</NODEID><NODETYPE maxvalue="WFINPUT">INPUT</NODETYPE><TITLE>STATUSCHG - REVISE/CLOSE</TITLE><WFNODEID>15202</WFNODEID><XCOORDINATE>7</XCOORDINATE><YCOORDINATE>4</YCOORDINATE><WFINPUT><DISPLAYONE>0</DISPLAYONE><WFINPUTID>4416</WFINPUTID></WFINPUT><WFACTION><ACTION></ACTION><ACTIONID>63</ACTIONID><CONDITION></CONDITION><CONDITIONCLASS></CONDITIONCLASS><INSTRUCTION>Revise PO.</INSTRUCTION><ISPOSITIVE>1</ISPOSITIVE><MEMBERNODEID>25</MEMBERNODEID><OWNERNODEID>19</OWNERNODEID><SEQUENCE>1</SEQUENCE><WFACTIONID>18089</WFACTIONID></WFACTION><WFACTION><ACTION></ACTION><ACTIONID>28</ACTIONID><CONDITION></CONDITION><CONDITIONCLASS></CONDITIONCLASS><INSTRUCTION>Change Status to Closed.</INSTRUCTION><ISPOSITIVE>1</ISPOSITIVE><MEMBERNODEID>17</MEMBERNODEID><OWNERNODEID>19</OWNERNODEID><SEQUENCE>2</SEQUENCE><WFACTIONID>18088</WFACTIONID></WFACTION><WFACTION><ACTION></ACTION><ACTIONID>89</ACTIONID><CONDITION></CONDITION><CONDITIONCLASS></CONDITIONCLASS><INSTRUCTION>Cancel PO.</INSTRUCTION><ISPOSITIVE>1</ISPOSITIVE><MEMBERNODEID>20</MEMBERNODEID><OWNERNODEID>19</OWNERNODEID><SEQUENCE>3</SEQUENCE><WFACTIONID>18100</WFACTIONID></WFACTION></WFNODE><WFNODE><DESCRIPTION>Are you sure you want to change status to CAN?</DESCRIPTION><DESCRIPTION_LONGDESCRIPTION></DESCRIPTION_LONGDESCRIPTION><HASLD>0</HASLD><IMAGEFILE></IMAGEFILE><LANGCODE>EN</LANGCODE><NODEID>20</NODEID><NODETYPE maxvalue="WFINPUT">INPUT</NODETYPE><TITLE>CHECK - CAN</TITLE><WFNODEID>15203</WFNODEID><XCOORDINATE>10</XCOORDINATE><YCOORDINATE>4</YCOORDINATE><WFINPUT><DISPLAYONE>0</DISPLAYONE><WFINPUTID>4417</WFINPUTID></WFINPUT><WFACTION><ACTION></ACTION><ACTIONID>31</ACTIONID><CONDITION></CONDITION><CONDITIONCLASS></CONDITIONCLASS><INSTRUCTION>No. Do not change status to Cancelled.</INSTRUCTION><ISPOSITIVE>1</ISPOSITIVE><MEMBERNODEID>16</MEMBERNODEID><OWNERNODEID>20</OWNERNODEID><SEQUENCE>1</SEQUENCE><WFACTIONID>18090</WFACTIONID></WFACTION><WFACTION><ACTION>PO CANCEL</ACTION><ACTIONID>30</ACTIONID><CONDITION></CONDITION><CONDITIONCLASS></CONDITIONCLASS><INSTRUCTION>Yes. Change Status to Cancelled.</INSTRUCTION><ISPOSITIVE>1</ISPOSITIVE><MEMBERNODEID>2</MEMBERNODEID><OWNERNODEID>20</OWNERNODEID><SEQUENCE>2</SEQUENCE><WFACTIONID>18091</WFACTIONID></WFACTION></WFNODE><WFNODE><DESCRIPTION>Is PO to be cancelled or sent for approval?</DESCRIPTION><DESCRIPTION_LONGDESCRIPTION></DESCRIPTION_LONGDESCRIPTION><HASLD>0</HASLD><IMAGEFILE></IMAGEFILE><LANGCODE>EN</LANGCODE><NODEID>21</NODEID><NODETYPE maxvalue="WFINPUT">INPUT</NODETYPE><TITLE>STATUSCHG - APPR/CAN</TITLE><WFNODEID>15204</WFNODEID><XCOORDINATE>7</XCOORDINATE><YCOORDINATE>5</YCOORDINATE><WFINPUT><DISPLAYONE>0</DISPLAYONE><WFINPUTID>4418</WFINPUTID></WFINPUT><WFACTION><ACTION></ACTION><ACTIONID>35</ACTIONID><CONDITION></CONDITION><CONDITIONCLASS></CONDITIONCLASS><INSTRUCTION>Submit for Approval.</INSTRUCTION><ISPOSITIVE>1</ISPOSITIVE><MEMBERNODEID>22</MEMBERNODEID><OWNERNODEID>21</OWNERNODEID><SEQUENCE>1</SEQUENCE><WFACTIONID>18092</WFACTIONID></WFACTION><WFACTION><ACTION></ACTION><ACTIONID>34</ACTIONID><CONDITION></CONDITION><CONDITIONCLASS></CONDITIONCLASS><INSTRUCTION>Cancel PO.</INSTRUCTION><ISPOSITIVE>1</ISPOSITIVE><MEMBERNODEID>20</MEMBERNODEID><OWNERNODEID>21</OWNERNODEID><SEQUENCE>2</SEQUENCE><WFACTIONID>18093</WFACTIONID></WFACTION></WFNODE><WFNODE><DESCRIPTION>HALA P2P PO Approval</DESCRIPTION><DESCRIPTION_LONGDESCRIPTION></DESCRIPTION_LONGDESCRIPTION><HASLD>0</HASLD><IMAGEFILE></IMAGEFILE><LANGCODE>EN</LANGCODE><NODEID>22</NODEID><NODETYPE maxvalue="WFSUBPROCESS">SUBPROCESS</NODETYPE><TITLE>POAPPR</TITLE><WFNODEID>15205</WFNODEID><XCOORDINATE>10</XCOORDINATE><YCOORDINATE>5</YCOORDINATE><WFACTION><ACTION></ACTION><ACTIONID>36</ACTIONID><CONDITION></CONDITION><CONDITIONCLASS></CONDITIONCLASS><INSTRUCTION>STOP 16</INSTRUCTION><ISPOSITIVE>1</ISPOSITIVE><MEMBERNODEID>16</MEMBERNODEID><OWNERNODEID>22</OWNERNODEID><SEQUENCE xsi:nil="true"></SEQUENCE><WFACTIONID>18094</WFACTIONID></WFACTION><WFACTION><ACTION></ACTION><ACTIONID>84</ACTIONID><CONDITION></CONDITION><CONDITIONCLASS></CONDITIONCLASS><INSTRUCTION>STOP 16</INSTRUCTION><ISPOSITIVE>0</ISPOSITIVE><MEMBERNODEID>16</MEMBERNODEID><OWNERNODEID>22</OWNERNODEID><SEQUENCE xsi:nil="true"></SEQUENCE><WFACTIONID>18095</WFACTIONID></WFACTION><WFSUBPROCESS><SUBPROCESSNAME>POAPPR</SUBPROCESSNAME><WFSUBPROCESSID>4219</WFSUBPROCESSID></WFSUBPROCESS></WFNODE><WFNODE><DESCRIPTION>Status is Revised?</DESCRIPTION><DESCRIPTION_LONGDESCRIPTION></DESCRIPTION_LONGDESCRIPTION><HASLD>0</HASLD><IMAGEFILE></IMAGEFILE><LANGCODE>EN</LANGCODE><NODEID>23</NODEID><NODETYPE maxvalue="WFCONDITION">CONDITION</NODETYPE><TITLE>STATUS - REVISED?</TITLE><WFNODEID>15206</WFNODEID><XCOORDINATE>5</XCOORDINATE><YCOORDINATE>1</YCOORDINATE><WFACTION><ACTION></ACTION><ACTIONID>60</ACTIONID><CONDITION></CONDITION><CONDITIONCLASS></CONDITIONCLASS><INSTRUCTION>Is Status CLOSE or CAN</INSTRUCTION><ISPOSITIVE>0</ISPOSITIVE><MEMBERNODEID>3</MEMBERNODEID><OWNERNODEID>23</OWNERNODEID><SEQUENCE xsi:nil="true"></SEQUENCE><WFACTIONID>18096</WFACTIONID></WFACTION><WFACTION><ACTION></ACTION><ACTIONID>61</ACTIONID><CONDITION></CONDITION><CONDITIONCLASS></CONDITIONCLASS><INSTRUCTION>MSG</INSTRUCTION><ISPOSITIVE>1</ISPOSITIVE><MEMBERNODEID>24</MEMBERNODEID><OWNERNODEID>23</OWNERNODEID><SEQUENCE xsi:nil="true"></SEQUENCE><WFACTIONID>18097</WFACTIONID></WFACTION><WFCONDITION><CONDITION>status = 'REVISD'</CONDITION><CUSTOMCLASS></CUSTOMCLASS><WFCONDITIONID>9677</WFCONDITIONID></WFCONDITION></WFNODE><WFNODE><DESCRIPTION>REVISED PO</DESCRIPTION><DESCRIPTION_LONGDESCRIPTION></DESCRIPTION_LONGDESCRIPTION><HASLD>0</HASLD><IMAGEFILE></IMAGEFILE><LANGCODE>EN</LANGCODE><NODEID>24</NODEID><NODETYPE maxvalue="WFINTERACTION">INTERACTION</NODETYPE><TITLE>REVISED PO</TITLE><WFNODEID>15207</WFNODEID><XCOORDINATE>7</XCOORDINATE><YCOORDINATE>1</YCOORDINATE><WFACTION><ACTION></ACTION><ACTIONID>62</ACTIONID><CONDITION></CONDITION><CONDITIONCLASS></CONDITIONCLASS><INSTRUCTION>STOP 2</INSTRUCTION><ISPOSITIVE>1</ISPOSITIVE><MEMBERNODEID>2</MEMBERNODEID><OWNERNODEID>24</OWNERNODEID><SEQUENCE xsi:nil="true"></SEQUENCE><WFACTIONID>18098</WFACTIONID></WFACTION><WFINTERACTION><ACTION></ACTION><APP></APP><DIRECTIONS>Error - Status REVISD.</DIRECTIONS><DIRECTIONS_LONGDESCRIPTION>The status is REVISD, please process the latest revision.</DIRECTIONS_LONGDESCRIPTION><HASLD>1</HASLD><LANGCODE>EN</LANGCODE><LAUNCHPROCESS></LAUNCHPROCESS><PAGE></PAGE><RELATION></RELATION><TABNAME></TABNAME><WFINTERACTIONID>6114</WFINTERACTIONID><LONGDESCRIPTION><CONTENTUID>988,410</CONTENTUID><LANGCODE>EN</LANGCODE><LDKEY>6114</LDKEY><LDOWNERCOL>DIRECTIONS</LDOWNERCOL><LDOWNERTABLE>WFINTERACTION</LDOWNERTABLE><LDTEXT>The status is REVISD, please process the latest revision.</LDTEXT><LONGDESCRIPTIONID>988410</LONGDESCRIPTIONID></LONGDESCRIPTION></WFINTERACTION></WFNODE><WFNODE><DESCRIPTION>Revise PO</DESCRIPTION><DESCRIPTION_LONGDESCRIPTION></DESCRIPTION_LONGDESCRIPTION><HASLD>0</HASLD><IMAGEFILE></IMAGEFILE><LANGCODE>EN</LANGCODE><NODEID>25</NODEID><NODETYPE maxvalue="WFINTERACTION">INTERACTION</NODETYPE><TITLE>REV PO</TITLE><WFNODEID>15208</WFNODEID><XCOORDINATE>15</XCOORDINATE><YCOORDINATE>4</YCOORDINATE><WFACTION><ACTION></ACTION><ACTIONID>66</ACTIONID><CONDITION></CONDITION><CONDITIONCLASS></CONDITIONCLASS><INSTRUCTION>STOP 26</INSTRUCTION><ISPOSITIVE>1</ISPOSITIVE><MEMBERNODEID>26</MEMBERNODEID><OWNERNODEID>25</OWNERNODEID><SEQUENCE xsi:nil="true"></SEQUENCE><WFACTIONID>18099</WFACTIONID></WFACTION><WFINTERACTION><ACTION></ACTION><APP></APP><DIRECTIONS>Revise PO</DIRECTIONS><DIRECTIONS_LONGDESCRIPTION>To revise the PO choose 'Revise PO' from the select action menu.</DIRECTIONS_LONGDESCRIPTION><HASLD>1</HASLD><LANGCODE>EN</LANGCODE><LAUNCHPROCESS></LAUNCHPROCESS><PAGE></PAGE><RELATION></RELATION><TABNAME></TABNAME><WFINTERACTIONID>6115</WFINTERACTIONID><LONGDESCRIPTION><CONTENTUID>988,411</CONTENTUID><LANGCODE>EN</LANGCODE><LDKEY>6115</LDKEY><LDOWNERCOL>DIRECTIONS</LDOWNERCOL><LDOWNERTABLE>WFINTERACTION</LDOWNERTABLE><LDTEXT>To revise the PO choose 'Revise PO' from the select action menu.</LDTEXT><LONGDESCRIPTIONID>988411</LONGDESCRIPTIONID></LONGDESCRIPTION></WFINTERACTION></WFNODE><WFNODE><DESCRIPTION>STOP 26</DESCRIPTION><DESCRIPTION_LONGDESCRIPTION></DESCRIPTION_LONGDESCRIPTION><HASLD>0</HASLD><IMAGEFILE></IMAGEFILE><LANGCODE>EN</LANGCODE><NODEID>26</NODEID><NODETYPE maxvalue="WFSTOP">STOP</NODETYPE><TITLE>STOP 26</TITLE><WFNODEID>15209</WFNODEID><XCOORDINATE>16</XCOORDINATE><YCOORDINATE>4</YCOORDINATE><WFSTOP><WFSTOPID>7174</WFSTOPID></WFSTOP></WFNODE></WFPROCESS></DMWFPROCESSSet></SyncDMWFPROCESS>