<?xml version="1.0" encoding="UTF-8"?><SyncDMPACKAGE xmlns="http://www.ibm.com/maximo" xmlns:xsi="http://www.w3.org/2001/XMLSchema-instance" creationDateTime="2015-01-26T13:20:53+00:00" transLanguage="EN" baseLanguage="EN" messageID="1422278453384774421" maximoVersion="7 5 20130829-1209 V7510--1"><DMPACKAGESet><DMPACKAGE><CHANGEBY>TIMMINSA</CHANGEBY><CONTENTID>d8740467-3cc5-47e7-86c0-1f407577b73b</CONTENTID><CREATEBY>TIMMINSA</CREATEBY><CREATEDATE>2015-01-26T13:20:10+00:00</CREATEDATE><DMPACKAGEID>1804</DMPACKAGEID><FILENAME></FILENAME><PACKAGE>BBC_WF_BBC-SQL-D01_BBCMAXSIT_dbo_20150126132010</PACKAGE><PKGDEFNAME>BBC_WF</PKGDEFNAME><PROGRESSSTATUS maxvalue="CREATED">CREATED</PROGRESSSTATUS><README></README><REDISTRIBUTESRC></REDISTRIBUTESRC><SOURCE>BBC-SQL-D01_BBCMAXSIT_dbo</SOURCE><STATUS maxvalue="CREATED">CREATED</STATUS><STATUSDATE>2015-01-26T13:20:53+00:00</STATUSDATE><DMPKGSTATUS><CHANGEBY>TIMMINSA</CHANGEBY><CHANGEDATE>2015-01-26T13:20:52+00:00</CHANGEDATE><CONTENTID>59d1e44b-ade0-440b-a14f-e91bdbf0db4a</CONTENTID><DMPKGSTATUSID>1913</DMPKGSTATUSID><MEMO>Progress status changed in product environment BBC-SQL-D01_BBCMAXSIT_dbo from CREATE_NEW while creating package</MEMO><PROGRESSSTATUS maxvalue="CREATED_CFGDATA">CREATED_CFGDATA</PROGRESSSTATUS><REDISTRIBUTESRC></REDISTRIBUTESRC><STATUS maxvalue="CREATE_INPROGRESS">CREATE_INPROGRESS</STATUS></DMPKGSTATUS><DMPKGSTATUS><CHANGEBY>TIMMINSA</CHANGEBY><CHANGEDATE>2015-01-26T13:20:53+00:00</CHANGEDATE><CONTENTID>b1d0c550-28b6-45ad-87be-950210680406</CONTENTID><DMPKGSTATUSID>1915</DMPKGSTATUSID><MEMO>Progress status changed in product environment BBC-SQL-D01_BBCMAXSIT_dbo from CREATED_PKGMETADATA while creating package</MEMO><PROGRESSSTATUS maxvalue="CREATED_MANIFEST">CREATED_MANIFEST</PROGRESSSTATUS><REDISTRIBUTESRC></REDISTRIBUTESRC><STATUS maxvalue="CREATE_INPROGRESS">CREATE_INPROGRESS</STATUS></DMPKGSTATUS><DMPKGSTATUS><CHANGEBY>TIMMINSA</CHANGEBY><CHANGEDATE>2015-01-26T13:20:53+00:00</CHANGEDATE><CONTENTID>7bbeee91-7b0e-447f-972c-d0584dda6eea</CONTENTID><DMPKGSTATUSID>1914</DMPKGSTATUSID><MEMO>Progress status changed in product environment BBC-SQL-D01_BBCMAXSIT_dbo from CREATED_CFGDATA while creating package</MEMO><PROGRESSSTATUS maxvalue="CREATED_PKGMETADATA">CREATED_PKGMETADATA</PROGRESSSTATUS><REDISTRIBUTESRC></REDISTRIBUTESRC><STATUS maxvalue="CREATE_INPROGRESS">CREATE_INPROGRESS</STATUS></DMPKGSTATUS><DMPKGSTATUS><CHANGEBY>TIMMINSA</CHANGEBY><CHANGEDATE>2015-01-26T13:20:10+00:00</CHANGEDATE><CONTENTID>285aed2a-a29f-4678-ae1f-0068c96fb40e</CONTENTID><DMPKGSTATUSID>1912</DMPKGSTATUSID><MEMO>Progress status changed in product environment BBC-SQL-D01_BBCMAXSIT_dbo while creating package.</MEMO><PROGRESSSTATUS maxvalue="CREATE_NEW">CREATE_NEW</PROGRESSSTATUS><REDISTRIBUTESRC></REDISTRIBUTESRC><STATUS maxvalue="CREATE_NEW">CREATE_NEW</STATUS></DMPKGSTATUS><DMPKGSTATUS><CHANGEBY>TIMMINSA</CHANGEBY><CHANGEDATE>2015-01-26T13:20:53+00:00</CHANGEDATE><CONTENTID>3318e495-d4b6-4934-be0f-01048712619d</CONTENTID><DMPKGSTATUSID>1916</DMPKGSTATUSID><MEMO>Progress status changed in product environment BBC-SQL-D01_BBCMAXSIT_dbo from CREATED_MANIFEST while creating package</MEMO><PROGRESSSTATUS maxvalue="CREATED">CREATED</PROGRESSSTATUS><REDISTRIBUTESRC></REDISTRIBUTESRC><STATUS maxvalue="CREATED">CREATED</STATUS></DMPKGSTATUS></DMPACKAGE></DMPACKAGESet></SyncDMPACKAGE>