<?xml version="1.0" encoding="UTF-8"?><SyncDMWFPROCESS xmlns="http://www.ibm.com/maximo" xmlns:xsi="http://www.w3.org/2001/XMLSchema-instance" creationDateTime="2014-08-21T11:00:24+01:00" transLanguage="EN" baseLanguage="EN" messageID="1408615224342448074" maximoVersion="7 5 20130829-1209 V7510--1"><DMWFPROCESSSet><WFPROCESS action="AddChange"><ACTIVE>0</ACTIVE><AUTOINITIATE>0</AUTOINITIATE><CHANGEBY>REISH</CHANGEBY><CHANGEDATE>2014-08-14T13:45:36+01:00</CHANGEDATE><DELETABLE>0</DELETABLE><DESCRIPTION>Sub Workflow for Workorder - Return</DESCRIPTION><DESCRIPTION_LONGDESCRIPTION></DESCRIPTION_LONGDESCRIPTION><ENABLED>1</ENABLED><EXTERNALREFID></EXTERNALREFID><HASLD>0</HASLD><LANGCODE>EN</LANGCODE><MIGRATED>0</MIGRATED><OBJECTNAME>WORKORDER</OBJECTNAME><OWNERSYSID></OWNERSYSID><PROCESSNAME>SUBWORETUR</PROCESSNAME><PROCESSREV>15</PROCESSREV><SENDERSYSID>MX</SENDERSYSID><SOURCESYSID></SOURCESYSID><WFPROCESSID>5619</WFPROCESSID><WFNODE><DESCRIPTION>START 1</DESCRIPTION><DESCRIPTION_LONGDESCRIPTION></DESCRIPTION_LONGDESCRIPTION><HASLD>0</HASLD><IMAGEFILE></IMAGEFILE><LANGCODE>EN</LANGCODE><NODEID>1</NODEID><NODETYPE maxvalue="WFSTART">START</NODETYPE><TITLE>START 1</TITLE><WFNODEID>15826</WFNODEID><XCOORDINATE>1</XCOORDINATE><YCOORDINATE>1</YCOORDINATE><WFSTART><WFSTARTID>5620</WFSTARTID></WFSTART><WFACTION><ACTION></ACTION><ACTIONID>3</ACTIONID><CONDITION></CONDITION><CONDITIONCLASS></CONDITIONCLASS><INSTRUCTION>Work Order assigned to mobile engineer?</INSTRUCTION><ISPOSITIVE>1</ISPOSITIVE><MEMBERNODEID>3</MEMBERNODEID><OWNERNODEID>1</OWNERNODEID><SEQUENCE xsi:nil="true"></SEQUENCE><WFACTIONID>18810</WFACTIONID></WFACTION></WFNODE><WFNODE><DESCRIPTION>Work Order assigned to mobile engineer?</DESCRIPTION><DESCRIPTION_LONGDESCRIPTION></DESCRIPTION_LONGDESCRIPTION><HASLD>0</HASLD><IMAGEFILE></IMAGEFILE><LANGCODE>EN</LANGCODE><NODEID>3</NODEID><NODETYPE maxvalue="WFCONDITION">CONDITION</NODETYPE><TITLE>ASSMOBILE</TITLE><WFNODEID>15827</WFNODEID><XCOORDINATE>4</XCOORDINATE><YCOORDINATE>1</YCOORDINATE><WFACTION><ACTION></ACTION><ACTIONID>31</ACTIONID><CONDITION></CONDITION><CONDITIONCLASS></CONDITIONCLASS><INSTRUCTION>Assigned to mobile engineer message</INSTRUCTION><ISPOSITIVE>1</ISPOSITIVE><MEMBERNODEID>4</MEMBERNODEID><OWNERNODEID>3</OWNERNODEID><SEQUENCE xsi:nil="true"></SEQUENCE><WFACTIONID>18811</WFACTIONID></WFACTION><WFACTION><ACTION></ACTION><ACTIONID>32</ACTIONID><CONDITION></CONDITION><CONDITIONCLASS></CONDITIONCLASS><INSTRUCTION>Return reason = ABANDON?</INSTRUCTION><ISPOSITIVE>0</ISPOSITIVE><MEMBERNODEID>7</MEMBERNODEID><OWNERNODEID>3</OWNERNODEID><SEQUENCE xsi:nil="true"></SEQUENCE><WFACTIONID>18812</WFACTIONID></WFACTION><WFCONDITION><CONDITION>ASSIGNMENT.LABOR.IRV_CONTMETHOD &lt;&gt; 'MOBILE'</CONDITION><CUSTOMCLASS></CUSTOMCLASS><WFCONDITIONID>9784</WFCONDITIONID></WFCONDITION></WFNODE><WFNODE><DESCRIPTION>Assigned to mobile engineer message</DESCRIPTION><DESCRIPTION_LONGDESCRIPTION></DESCRIPTION_LONGDESCRIPTION><HASLD>0</HASLD><IMAGEFILE></IMAGEFILE><LANGCODE>EN</LANGCODE><NODEID>4</NODEID><NODETYPE maxvalue="WFINTERACTION">INTERACTION</NODETYPE><TITLE>MOBILEMESSAGE</TITLE><WFNODEID>15828</WFNODEID><XCOORDINATE>7</XCOORDINATE><YCOORDINATE>1</YCOORDINATE><WFACTION><ACTION></ACTION><ACTIONID>92</ACTIONID><CONDITION></CONDITION><CONDITIONCLASS></CONDITIONCLASS><INSTRUCTION>INPUT 42</INSTRUCTION><ISPOSITIVE>1</ISPOSITIVE><MEMBERNODEID>42</MEMBERNODEID><OWNERNODEID>4</OWNERNODEID><SEQUENCE xsi:nil="true"></SEQUENCE><WFACTIONID>18813</WFACTIONID></WFACTION><WFINTERACTION><ACTION>ROUTEWF</ACTION><APP>PLUSPWO</APP><DIRECTIONS>Message</DIRECTIONS><DIRECTIONS_LONGDESCRIPTION>Warning -  This workorder is currently not assigned to a mobile engineer, continue will reset the status to WAPPR</DIRECTIONS_LONGDESCRIPTION><HASLD>1</HASLD><LANGCODE>EN</LANGCODE><LAUNCHPROCESS></LAUNCHPROCESS><PAGE></PAGE><RELATION></RELATION><TABNAME></TABNAME><WFINTERACTIONID>5924</WFINTERACTIONID><LONGDESCRIPTION><CONTENTUID>469,616</CONTENTUID><LANGCODE>EN</LANGCODE><LDKEY>5924</LDKEY><LDOWNERCOL>DIRECTIONS</LDOWNERCOL><LDOWNERTABLE>WFINTERACTION</LDOWNERTABLE><LDTEXT>Warning -  This workorder is currently not assigned to a mobile engineer, continue will reset the status to WAPPR</LDTEXT><LONGDESCRIPTIONID>469616</LONGDESCRIPTIONID></LONGDESCRIPTION></WFINTERACTION></WFNODE><WFNODE><DESCRIPTION>STOP 6</DESCRIPTION><DESCRIPTION_LONGDESCRIPTION></DESCRIPTION_LONGDESCRIPTION><HASLD>0</HASLD><IMAGEFILE></IMAGEFILE><LANGCODE>EN</LANGCODE><NODEID>6</NODEID><NODETYPE maxvalue="WFSTOP">STOP</NODETYPE><TITLE>STOP 6</TITLE><WFNODEID>15829</WFNODEID><XCOORDINATE>13</XCOORDINATE><YCOORDINATE>1</YCOORDINATE><WFSTOP><WFSTOPID>7181</WFSTOPID></WFSTOP></WFNODE><WFNODE><DESCRIPTION>Return reason = ABANDON?</DESCRIPTION><DESCRIPTION_LONGDESCRIPTION></DESCRIPTION_LONGDESCRIPTION><HASLD>0</HASLD><IMAGEFILE></IMAGEFILE><LANGCODE>EN</LANGCODE><NODEID>7</NODEID><NODETYPE maxvalue="WFCONDITION">CONDITION</NODETYPE><TITLE>RETURNABAND</TITLE><WFNODEID>15830</WFNODEID><XCOORDINATE>4</XCOORDINATE><YCOORDINATE>2</YCOORDINATE><WFACTION><ACTION></ACTION><ACTIONID>7</ACTIONID><CONDITION></CONDITION><CONDITIONCLASS></CONDITIONCLASS><INSTRUCTION>Return reason = LANDLORD?</INSTRUCTION><ISPOSITIVE>0</ISPOSITIVE><MEMBERNODEID>8</MEMBERNODEID><OWNERNODEID>7</OWNERNODEID><SEQUENCE xsi:nil="true"></SEQUENCE><WFACTIONID>18814</WFACTIONID></WFACTION><WFACTION><ACTION>IRVWODELASSIGNNSCSD</ACTION><ACTIONID>35</ACTIONID><CONDITION></CONDITION><CONDITIONCLASS></CONDITIONCLASS><INSTRUCTION>STOP 25</INSTRUCTION><ISPOSITIVE>1</ISPOSITIVE><MEMBERNODEID>25</MEMBERNODEID><OWNERNODEID>7</OWNERNODEID><SEQUENCE xsi:nil="true"></SEQUENCE><WFACTIONID>18815</WFACTIONID></WFACTION><WFCONDITION><CONDITION>:IRV_RETURNSTATUSCODE = 'Abandon'</CONDITION><CUSTOMCLASS></CUSTOMCLASS><WFCONDITIONID>9785</WFCONDITIONID></WFCONDITION></WFNODE><WFNODE><DESCRIPTION>Return reason = LANDLORD?</DESCRIPTION><DESCRIPTION_LONGDESCRIPTION></DESCRIPTION_LONGDESCRIPTION><HASLD>0</HASLD><IMAGEFILE></IMAGEFILE><LANGCODE>EN</LANGCODE><NODEID>8</NODEID><NODETYPE maxvalue="WFCONDITION">CONDITION</NODETYPE><TITLE>RETURNLANDLORD</TITLE><WFNODEID>15831</WFNODEID><XCOORDINATE>4</XCOORDINATE><YCOORDINATE>3</YCOORDINATE><WFACTION><ACTION></ACTION><ACTIONID>8</ACTIONID><CONDITION></CONDITION><CONDITIONCLASS></CONDITIONCLASS><INSTRUCTION>Return Reason = RECALL</INSTRUCTION><ISPOSITIVE>0</ISPOSITIVE><MEMBERNODEID>9</MEMBERNODEID><OWNERNODEID>8</OWNERNODEID><SEQUENCE xsi:nil="true"></SEQUENCE><WFACTIONID>18816</WFACTIONID></WFACTION><WFACTION><ACTION></ACTION><ACTIONID>13</ACTIONID><CONDITION></CONDITION><CONDITIONCLASS></CONDITIONCLASS><INSTRUCTION>Actual start populated?</INSTRUCTION><ISPOSITIVE>1</ISPOSITIVE><MEMBERNODEID>13</MEMBERNODEID><OWNERNODEID>8</OWNERNODEID><SEQUENCE xsi:nil="true"></SEQUENCE><WFACTIONID>18817</WFACTIONID></WFACTION><WFCONDITION><CONDITION>:IRV_RETURNSTATUSCODE = 'Landlord'</CONDITION><CUSTOMCLASS></CUSTOMCLASS><WFCONDITIONID>9786</WFCONDITIONID></WFCONDITION></WFNODE><WFNODE><DESCRIPTION>Return Reason = RECALL</DESCRIPTION><DESCRIPTION_LONGDESCRIPTION></DESCRIPTION_LONGDESCRIPTION><HASLD>0</HASLD><IMAGEFILE></IMAGEFILE><LANGCODE>EN</LANGCODE><NODEID>9</NODEID><NODETYPE maxvalue="WFCONDITION">CONDITION</NODETYPE><TITLE>RETURNRECALL</TITLE><WFNODEID>15832</WFNODEID><XCOORDINATE>4</XCOORDINATE><YCOORDINATE>5</YCOORDINATE><WFACTION><ACTION></ACTION><ACTIONID>9</ACTIONID><CONDITION></CONDITION><CONDITIONCLASS></CONDITIONCLASS><INSTRUCTION>Return Reason = SUBREQ</INSTRUCTION><ISPOSITIVE>0</ISPOSITIVE><MEMBERNODEID>10</MEMBERNODEID><OWNERNODEID>9</OWNERNODEID><SEQUENCE xsi:nil="true"></SEQUENCE><WFACTIONID>18818</WFACTIONID></WFACTION><WFACTION><ACTION></ACTION><ACTIONID>17</ACTIONID><CONDITION></CONDITION><CONDITIONCLASS></CONDITIONCLASS><INSTRUCTION>Actual start populated?</INSTRUCTION><ISPOSITIVE>1</ISPOSITIVE><MEMBERNODEID>17</MEMBERNODEID><OWNERNODEID>9</OWNERNODEID><SEQUENCE xsi:nil="true"></SEQUENCE><WFACTIONID>18819</WFACTIONID></WFACTION><WFCONDITION><CONDITION>:IRV_RETURNSTATUSCODE = 'Recall'</CONDITION><CUSTOMCLASS></CUSTOMCLASS><WFCONDITIONID>9787</WFCONDITIONID></WFCONDITION></WFNODE><WFNODE><DESCRIPTION>Return Reason = SUBREQ</DESCRIPTION><DESCRIPTION_LONGDESCRIPTION></DESCRIPTION_LONGDESCRIPTION><HASLD>0</HASLD><IMAGEFILE></IMAGEFILE><LANGCODE>EN</LANGCODE><NODEID>10</NODEID><NODETYPE maxvalue="WFCONDITION">CONDITION</NODETYPE><TITLE>RETURNSUBCREQ</TITLE><WFNODEID>15833</WFNODEID><XCOORDINATE>4</XCOORDINATE><YCOORDINATE>7</YCOORDINATE><WFACTION><ACTION></ACTION><ACTIONID>10</ACTIONID><CONDITION></CONDITION><CONDITIONCLASS></CONDITIONCLASS><INSTRUCTION>Return Reason = ASSMISS</INSTRUCTION><ISPOSITIVE>0</ISPOSITIVE><MEMBERNODEID>11</MEMBERNODEID><OWNERNODEID>10</OWNERNODEID><SEQUENCE xsi:nil="true"></SEQUENCE><WFACTIONID>18820</WFACTIONID></WFACTION><WFACTION><ACTION></ACTION><ACTIONID>20</ACTIONID><CONDITION></CONDITION><CONDITIONCLASS></CONDITIONCLASS><INSTRUCTION>Actual start populated?</INSTRUCTION><ISPOSITIVE>1</ISPOSITIVE><MEMBERNODEID>19</MEMBERNODEID><OWNERNODEID>10</OWNERNODEID><SEQUENCE xsi:nil="true"></SEQUENCE><WFACTIONID>18821</WFACTIONID></WFACTION><WFCONDITION><CONDITION>:IRV_RETURNSTATUSCODE = 'Subcontractor Required'</CONDITION><CUSTOMCLASS></CUSTOMCLASS><WFCONDITIONID>9788</WFCONDITIONID></WFCONDITION></WFNODE><WFNODE><DESCRIPTION>Return Reason = ASSMISS</DESCRIPTION><DESCRIPTION_LONGDESCRIPTION></DESCRIPTION_LONGDESCRIPTION><HASLD>0</HASLD><IMAGEFILE></IMAGEFILE><LANGCODE>EN</LANGCODE><NODEID>11</NODEID><NODETYPE maxvalue="WFCONDITION">CONDITION</NODETYPE><TITLE>RETURNASSMISS</TITLE><WFNODEID>15834</WFNODEID><XCOORDINATE>4</XCOORDINATE><YCOORDINATE>10</YCOORDINATE><WFACTION><ACTION></ACTION><ACTIONID>46</ACTIONID><CONDITION></CONDITION><CONDITIONCLASS></CONDITIONCLASS><INSTRUCTION>Actual start is populated?</INSTRUCTION><ISPOSITIVE>1</ISPOSITIVE><MEMBERNODEID>39</MEMBERNODEID><OWNERNODEID>11</OWNERNODEID><SEQUENCE xsi:nil="true"></SEQUENCE><WFACTIONID>18822</WFACTIONID></WFACTION><WFACTION><ACTION></ACTION><ACTIONID>138</ACTIONID><CONDITION></CONDITION><CONDITIONCLASS></CONDITIONCLASS><INSTRUCTION>Return Reason = SUBREQ</INSTRUCTION><ISPOSITIVE>0</ISPOSITIVE><MEMBERNODEID>44</MEMBERNODEID><OWNERNODEID>11</OWNERNODEID><SEQUENCE xsi:nil="true"></SEQUENCE><WFACTIONID>18854</WFACTIONID></WFACTION><WFCONDITION><CONDITION>:IRV_RETURNSTATUSCODE = 'Asset Missing'</CONDITION><CUSTOMCLASS></CUSTOMCLASS><WFCONDITIONID>9789</WFCONDITIONID></WFCONDITION></WFNODE><WFNODE><DESCRIPTION>Actual start populated?</DESCRIPTION><DESCRIPTION_LONGDESCRIPTION></DESCRIPTION_LONGDESCRIPTION><HASLD>0</HASLD><IMAGEFILE></IMAGEFILE><LANGCODE>EN</LANGCODE><NODEID>13</NODEID><NODETYPE maxvalue="WFCONDITION">CONDITION</NODETYPE><TITLE>ACTSTART IS NULL?</TITLE><WFNODEID>15835</WFNODEID><XCOORDINATE>5</XCOORDINATE><YCOORDINATE>3</YCOORDINATE><WFACTION><ACTION></ACTION><ACTIONID>130</ACTIONID><CONDITION></CONDITION><CONDITIONCLASS></CONDITIONCLASS><INSTRUCTION>Actual start is not populaed</INSTRUCTION><ISPOSITIVE>1</ISPOSITIVE><MEMBERNODEID>15</MEMBERNODEID><OWNERNODEID>13</OWNERNODEID><SEQUENCE xsi:nil="true"></SEQUENCE><WFACTIONID>18846</WFACTIONID></WFACTION><WFACTION><ACTION>IRVWODELASSIGNNSCSD</ACTION><ACTIONID>131</ACTIONID><CONDITION></CONDITION><CONDITIONCLASS></CONDITIONCLASS><INSTRUCTION>INTERACTION 31</INSTRUCTION><ISPOSITIVE>0</ISPOSITIVE><MEMBERNODEID>31</MEMBERNODEID><OWNERNODEID>13</OWNERNODEID><SEQUENCE xsi:nil="true"></SEQUENCE><WFACTIONID>18847</WFACTIONID></WFACTION><WFCONDITION><CONDITION>:actstart is null</CONDITION><CUSTOMCLASS></CUSTOMCLASS><WFCONDITIONID>9790</WFCONDITIONID></WFCONDITION></WFNODE><WFNODE><DESCRIPTION>Actual start is not populaed</DESCRIPTION><DESCRIPTION_LONGDESCRIPTION></DESCRIPTION_LONGDESCRIPTION><HASLD>0</HASLD><IMAGEFILE></IMAGEFILE><LANGCODE>EN</LANGCODE><NODEID>15</NODEID><NODETYPE maxvalue="WFINTERACTION">INTERACTION</NODETYPE><TITLE>ACTSTARTNULL</TITLE><WFNODEID>15836</WFNODEID><XCOORDINATE>5</XCOORDINATE><YCOORDINATE>4</YCOORDINATE><WFACTION><ACTION></ACTION><ACTIONID>14</ACTIONID><CONDITION></CONDITION><CONDITIONCLASS></CONDITIONCLASS><INSTRUCTION>Actual start populated?</INSTRUCTION><ISPOSITIVE>1</ISPOSITIVE><MEMBERNODEID>13</MEMBERNODEID><OWNERNODEID>15</OWNERNODEID><SEQUENCE xsi:nil="true"></SEQUENCE><WFACTIONID>18826</WFACTIONID></WFACTION><WFINTERACTION><ACTION>ROUTEWF</ACTION><APP>PLUSPWO</APP><DIRECTIONS>Actual start is not populated</DIRECTIONS><DIRECTIONS_LONGDESCRIPTION>Please ensure that the actual start date is populated.</DIRECTIONS_LONGDESCRIPTION><HASLD>1</HASLD><LANGCODE>EN</LANGCODE><LAUNCHPROCESS></LAUNCHPROCESS><PAGE></PAGE><RELATION></RELATION><TABNAME></TABNAME><WFINTERACTIONID>5925</WFINTERACTIONID><LONGDESCRIPTION><CONTENTUID>469,617</CONTENTUID><LANGCODE>EN</LANGCODE><LDKEY>5925</LDKEY><LDOWNERCOL>DIRECTIONS</LDOWNERCOL><LDOWNERTABLE>WFINTERACTION</LDOWNERTABLE><LDTEXT>Please ensure that the actual start date is populated.</LDTEXT><LONGDESCRIPTIONID>469617</LONGDESCRIPTIONID></LONGDESCRIPTION></WFINTERACTION></WFNODE><WFNODE><DESCRIPTION>Actual start populated?</DESCRIPTION><DESCRIPTION_LONGDESCRIPTION></DESCRIPTION_LONGDESCRIPTION><HASLD>0</HASLD><IMAGEFILE></IMAGEFILE><LANGCODE>EN</LANGCODE><NODEID>17</NODEID><NODETYPE maxvalue="WFCONDITION">CONDITION</NODETYPE><TITLE>ACTSTART IS NULL?</TITLE><WFNODEID>15837</WFNODEID><XCOORDINATE>5</XCOORDINATE><YCOORDINATE>5</YCOORDINATE><WFACTION><ACTION>IRVWODELASSIGNNSCSD</ACTION><ACTIONID>132</ACTIONID><CONDITION></CONDITION><CONDITIONCLASS></CONDITIONCLASS><INSTRUCTION>Workorder set to COMP</INSTRUCTION><ISPOSITIVE>0</ISPOSITIVE><MEMBERNODEID>28</MEMBERNODEID><OWNERNODEID>17</OWNERNODEID><SEQUENCE xsi:nil="true"></SEQUENCE><WFACTIONID>18848</WFACTIONID></WFACTION><WFACTION><ACTION></ACTION><ACTIONID>133</ACTIONID><CONDITION></CONDITION><CONDITIONCLASS></CONDITIONCLASS><INSTRUCTION>Actual start is not populated</INSTRUCTION><ISPOSITIVE>1</ISPOSITIVE><MEMBERNODEID>18</MEMBERNODEID><OWNERNODEID>17</OWNERNODEID><SEQUENCE xsi:nil="true"></SEQUENCE><WFACTIONID>18849</WFACTIONID></WFACTION><WFCONDITION><CONDITION>:actstart is null</CONDITION><CUSTOMCLASS></CUSTOMCLASS><WFCONDITIONID>9791</WFCONDITIONID></WFCONDITION></WFNODE><WFNODE><DESCRIPTION>Actual start is not populated</DESCRIPTION><DESCRIPTION_LONGDESCRIPTION></DESCRIPTION_LONGDESCRIPTION><HASLD>0</HASLD><IMAGEFILE></IMAGEFILE><LANGCODE>EN</LANGCODE><NODEID>18</NODEID><NODETYPE maxvalue="WFINTERACTION">INTERACTION</NODETYPE><TITLE>ACTSTARTNULL</TITLE><WFNODEID>15838</WFNODEID><XCOORDINATE>5</XCOORDINATE><YCOORDINATE>6</YCOORDINATE><WFACTION><ACTION></ACTION><ACTIONID>19</ACTIONID><CONDITION></CONDITION><CONDITIONCLASS></CONDITIONCLASS><INSTRUCTION>Actual start populated?</INSTRUCTION><ISPOSITIVE>1</ISPOSITIVE><MEMBERNODEID>17</MEMBERNODEID><OWNERNODEID>18</OWNERNODEID><SEQUENCE xsi:nil="true"></SEQUENCE><WFACTIONID>18829</WFACTIONID></WFACTION><WFINTERACTION><ACTION>ROUTEWF</ACTION><APP>PLUSPWO</APP><DIRECTIONS>Actual start is not populated</DIRECTIONS><DIRECTIONS_LONGDESCRIPTION>Please ensure that the actual start date is populated.</DIRECTIONS_LONGDESCRIPTION><HASLD>1</HASLD><LANGCODE>EN</LANGCODE><LAUNCHPROCESS></LAUNCHPROCESS><PAGE></PAGE><RELATION></RELATION><TABNAME></TABNAME><WFINTERACTIONID>5926</WFINTERACTIONID><LONGDESCRIPTION><CONTENTUID>469,618</CONTENTUID><LANGCODE>EN</LANGCODE><LDKEY>5926</LDKEY><LDOWNERCOL>DIRECTIONS</LDOWNERCOL><LDOWNERTABLE>WFINTERACTION</LDOWNERTABLE><LDTEXT>Please ensure that the actual start date is populated.</LDTEXT><LONGDESCRIPTIONID>469618</LONGDESCRIPTIONID></LONGDESCRIPTION></WFINTERACTION></WFNODE><WFNODE><DESCRIPTION>Actual start populated?</DESCRIPTION><DESCRIPTION_LONGDESCRIPTION></DESCRIPTION_LONGDESCRIPTION><HASLD>0</HASLD><IMAGEFILE></IMAGEFILE><LANGCODE>EN</LANGCODE><NODEID>19</NODEID><NODETYPE maxvalue="WFCONDITION">CONDITION</NODETYPE><TITLE>ACTSTART IS NULL?</TITLE><WFNODEID>15839</WFNODEID><XCOORDINATE>5</XCOORDINATE><YCOORDINATE>7</YCOORDINATE><WFACTION><ACTION></ACTION><ACTIONID>134</ACTIONID><CONDITION></CONDITION><CONDITIONCLASS></CONDITIONCLASS><INSTRUCTION>Actual Start is not populated</INSTRUCTION><ISPOSITIVE>1</ISPOSITIVE><MEMBERNODEID>20</MEMBERNODEID><OWNERNODEID>19</OWNERNODEID><SEQUENCE xsi:nil="true"></SEQUENCE><WFACTIONID>18850</WFACTIONID></WFACTION><WFACTION><ACTION>IRVWODELASSIGNNSCSD</ACTION><ACTIONID>135</ACTIONID><CONDITION></CONDITION><CONDITIONCLASS></CONDITIONCLASS><INSTRUCTION>INTERACTION 33</INSTRUCTION><ISPOSITIVE>0</ISPOSITIVE><MEMBERNODEID>33</MEMBERNODEID><OWNERNODEID>19</OWNERNODEID><SEQUENCE xsi:nil="true"></SEQUENCE><WFACTIONID>18851</WFACTIONID></WFACTION><WFCONDITION><CONDITION>:actstart is null</CONDITION><CUSTOMCLASS></CUSTOMCLASS><WFCONDITIONID>9792</WFCONDITIONID></WFCONDITION></WFNODE><WFNODE><DESCRIPTION>Actual Start is not populated</DESCRIPTION><DESCRIPTION_LONGDESCRIPTION></DESCRIPTION_LONGDESCRIPTION><HASLD>0</HASLD><IMAGEFILE></IMAGEFILE><LANGCODE>EN</LANGCODE><NODEID>20</NODEID><NODETYPE maxvalue="WFINTERACTION">INTERACTION</NODETYPE><TITLE>ACTSTARTNULL</TITLE><WFNODEID>15840</WFNODEID><XCOORDINATE>5</XCOORDINATE><YCOORDINATE>9</YCOORDINATE><WFACTION><ACTION></ACTION><ACTIONID>22</ACTIONID><CONDITION></CONDITION><CONDITIONCLASS></CONDITIONCLASS><INSTRUCTION>Actual start populated?</INSTRUCTION><ISPOSITIVE>1</ISPOSITIVE><MEMBERNODEID>19</MEMBERNODEID><OWNERNODEID>20</OWNERNODEID><SEQUENCE xsi:nil="true"></SEQUENCE><WFACTIONID>18832</WFACTIONID></WFACTION><WFINTERACTION><ACTION>ROUTEWF</ACTION><APP>PLUSPWO</APP><DIRECTIONS>Actual Start is not populated</DIRECTIONS><DIRECTIONS_LONGDESCRIPTION>Please ensure that the actual start date is populated.</DIRECTIONS_LONGDESCRIPTION><HASLD>1</HASLD><LANGCODE>EN</LANGCODE><LAUNCHPROCESS></LAUNCHPROCESS><PAGE></PAGE><RELATION></RELATION><TABNAME></TABNAME><WFINTERACTIONID>5927</WFINTERACTIONID><LONGDESCRIPTION><CONTENTUID>469,619</CONTENTUID><LANGCODE>EN</LANGCODE><LDKEY>5927</LDKEY><LDOWNERCOL>DIRECTIONS</LDOWNERCOL><LDOWNERTABLE>WFINTERACTION</LDOWNERTABLE><LDTEXT>Please ensure that the actual start date is populated.</LDTEXT><LONGDESCRIPTIONID>469619</LONGDESCRIPTIONID></LONGDESCRIPTION></WFINTERACTION></WFNODE><WFNODE><DESCRIPTION>Actual start populated?</DESCRIPTION><DESCRIPTION_LONGDESCRIPTION></DESCRIPTION_LONGDESCRIPTION><HASLD>0</HASLD><IMAGEFILE></IMAGEFILE><LANGCODE>EN</LANGCODE><NODEID>21</NODEID><NODETYPE maxvalue="WFCONDITION">CONDITION</NODETYPE><TITLE>ACTSTART IS NULL?</TITLE><WFNODEID>15841</WFNODEID><XCOORDINATE>5</XCOORDINATE><YCOORDINATE>14</YCOORDINATE><WFACTION><ACTION></ACTION><ACTIONID>139</ACTIONID><CONDITION></CONDITION><CONDITIONCLASS></CONDITIONCLASS><INSTRUCTION>Actual start is not populated</INSTRUCTION><ISPOSITIVE>1</ISPOSITIVE><MEMBERNODEID>22</MEMBERNODEID><OWNERNODEID>21</OWNERNODEID><SEQUENCE xsi:nil="true"></SEQUENCE><WFACTIONID>18855</WFACTIONID></WFACTION><WFACTION><ACTION></ACTION><ACTIONID>140</ACTIONID><CONDITION></CONDITION><CONDITIONCLASS></CONDITIONCLASS><INSTRUCTION>INTERACTION 36</INSTRUCTION><ISPOSITIVE>0</ISPOSITIVE><MEMBERNODEID>36</MEMBERNODEID><OWNERNODEID>21</OWNERNODEID><SEQUENCE xsi:nil="true"></SEQUENCE><WFACTIONID>18856</WFACTIONID></WFACTION><WFCONDITION><CONDITION>:actstart is null</CONDITION><CUSTOMCLASS></CUSTOMCLASS><WFCONDITIONID>9793</WFCONDITIONID></WFCONDITION></WFNODE><WFNODE><DESCRIPTION>Actual start is not populated</DESCRIPTION><DESCRIPTION_LONGDESCRIPTION></DESCRIPTION_LONGDESCRIPTION><HASLD>0</HASLD><IMAGEFILE></IMAGEFILE><LANGCODE>EN</LANGCODE><NODEID>22</NODEID><NODETYPE maxvalue="WFINTERACTION">INTERACTION</NODETYPE><TITLE>ACTSTARTNULL</TITLE><WFNODEID>15842</WFNODEID><XCOORDINATE>5</XCOORDINATE><YCOORDINATE>15</YCOORDINATE><WFACTION><ACTION></ACTION><ACTIONID>26</ACTIONID><CONDITION></CONDITION><CONDITIONCLASS></CONDITIONCLASS><INSTRUCTION>Actual start populated?</INSTRUCTION><ISPOSITIVE>1</ISPOSITIVE><MEMBERNODEID>21</MEMBERNODEID><OWNERNODEID>22</OWNERNODEID><SEQUENCE xsi:nil="true"></SEQUENCE><WFACTIONID>18835</WFACTIONID></WFACTION><WFINTERACTION><ACTION>ROUTEWF</ACTION><APP>PLUSPWO</APP><DIRECTIONS>The actual start is not populated</DIRECTIONS><DIRECTIONS_LONGDESCRIPTION>Please ensure that the actual start date is populated.</DIRECTIONS_LONGDESCRIPTION><HASLD>1</HASLD><LANGCODE>EN</LANGCODE><LAUNCHPROCESS></LAUNCHPROCESS><PAGE></PAGE><RELATION></RELATION><TABNAME></TABNAME><WFINTERACTIONID>5928</WFINTERACTIONID><LONGDESCRIPTION><CONTENTUID>469,620</CONTENTUID><LANGCODE>EN</LANGCODE><LDKEY>5928</LDKEY><LDOWNERCOL>DIRECTIONS</LDOWNERCOL><LDOWNERTABLE>WFINTERACTION</LDOWNERTABLE><LDTEXT>Please ensure that the actual start date is populated.</LDTEXT><LONGDESCRIPTIONID>469620</LONGDESCRIPTIONID></LONGDESCRIPTION></WFINTERACTION></WFNODE><WFNODE><DESCRIPTION>Asset is missing</DESCRIPTION><DESCRIPTION_LONGDESCRIPTION></DESCRIPTION_LONGDESCRIPTION><HASLD>0</HASLD><IMAGEFILE></IMAGEFILE><LANGCODE>EN</LANGCODE><NODEID>23</NODEID><NODETYPE maxvalue="WFINTERACTION">INTERACTION</NODETYPE><TITLE>ASSMISSING</TITLE><WFNODEID>15843</WFNODEID><XCOORDINATE>7</XCOORDINATE><YCOORDINATE>10</YCOORDINATE><WFACTION><ACTION></ACTION><ACTIONID>28</ACTIONID><CONDITION></CONDITION><CONDITIONCLASS></CONDITIONCLASS><INSTRUCTION>STOP 24</INSTRUCTION><ISPOSITIVE>1</ISPOSITIVE><MEMBERNODEID>24</MEMBERNODEID><OWNERNODEID>23</OWNERNODEID><SEQUENCE xsi:nil="true"></SEQUENCE><WFACTIONID>18836</WFACTIONID></WFACTION><WFINTERACTION><ACTION>ROUTEWF</ACTION><APP>PLUSPWO</APP><DIRECTIONS>Missing Asset</DIRECTIONS><DIRECTIONS_LONGDESCRIPTION>This wo was returned for a reason of asset missing, the work order status will remain as RETURN and the asset manager will be informed.</DIRECTIONS_LONGDESCRIPTION><HASLD>1</HASLD><LANGCODE>EN</LANGCODE><LAUNCHPROCESS></LAUNCHPROCESS><PAGE></PAGE><RELATION></RELATION><TABNAME></TABNAME><WFINTERACTIONID>5929</WFINTERACTIONID><LONGDESCRIPTION><CONTENTUID>469,621</CONTENTUID><LANGCODE>EN</LANGCODE><LDKEY>5929</LDKEY><LDOWNERCOL>DIRECTIONS</LDOWNERCOL><LDOWNERTABLE>WFINTERACTION</LDOWNERTABLE><LDTEXT>This wo was returned for a reason of asset missing, the work order status will remain as RETURN and the asset manager will be informed.</LDTEXT><LONGDESCRIPTIONID>469621</LONGDESCRIPTIONID></LONGDESCRIPTION></WFINTERACTION></WFNODE><WFNODE><DESCRIPTION>STOP 24</DESCRIPTION><DESCRIPTION_LONGDESCRIPTION></DESCRIPTION_LONGDESCRIPTION><HASLD>0</HASLD><IMAGEFILE></IMAGEFILE><LANGCODE>EN</LANGCODE><NODEID>24</NODEID><NODETYPE maxvalue="WFSTOP">STOP</NODETYPE><TITLE>STOP 24</TITLE><WFNODEID>15844</WFNODEID><XCOORDINATE>8</XCOORDINATE><YCOORDINATE>10</YCOORDINATE><WFSTOP><WFSTOPID>7182</WFSTOPID></WFSTOP></WFNODE><WFNODE><DESCRIPTION>STOP 25</DESCRIPTION><DESCRIPTION_LONGDESCRIPTION></DESCRIPTION_LONGDESCRIPTION><HASLD>0</HASLD><IMAGEFILE></IMAGEFILE><LANGCODE>EN</LANGCODE><NODEID>25</NODEID><NODETYPE maxvalue="WFSTOP">STOP</NODETYPE><TITLE>STOP 25</TITLE><WFNODEID>15845</WFNODEID><XCOORDINATE>5</XCOORDINATE><YCOORDINATE>2</YCOORDINATE><WFSTOP><WFSTOPID>7183</WFSTOPID></WFSTOP></WFNODE><WFNODE><DESCRIPTION>Workorder set to COMP</DESCRIPTION><DESCRIPTION_LONGDESCRIPTION></DESCRIPTION_LONGDESCRIPTION><HASLD>0</HASLD><IMAGEFILE></IMAGEFILE><LANGCODE>EN</LANGCODE><NODEID>28</NODEID><NODETYPE maxvalue="WFINTERACTION">INTERACTION</NODETYPE><TITLE>WORKCOMP</TITLE><WFNODEID>15846</WFNODEID><XCOORDINATE>7</XCOORDINATE><YCOORDINATE>5</YCOORDINATE><WFACTION><ACTION></ACTION><ACTIONID>38</ACTIONID><CONDITION></CONDITION><CONDITIONCLASS></CONDITIONCLASS><INSTRUCTION>STOP 29</INSTRUCTION><ISPOSITIVE>1</ISPOSITIVE><MEMBERNODEID>29</MEMBERNODEID><OWNERNODEID>28</OWNERNODEID><SEQUENCE xsi:nil="true"></SEQUENCE><WFACTIONID>18837</WFACTIONID></WFACTION><WFINTERACTION><ACTION>ROUTEWF</ACTION><APP>PLUSPWO</APP><DIRECTIONS>The work order has been set to WAPPR</DIRECTIONS><DIRECTIONS_LONGDESCRIPTION>This work order has been set to WAPPR, please reassign as appropriate.</DIRECTIONS_LONGDESCRIPTION><HASLD>1</HASLD><LANGCODE>EN</LANGCODE><LAUNCHPROCESS></LAUNCHPROCESS><PAGE></PAGE><RELATION></RELATION><TABNAME></TABNAME><WFINTERACTIONID>5930</WFINTERACTIONID><LONGDESCRIPTION><CONTENTUID>469,622</CONTENTUID><LANGCODE>EN</LANGCODE><LDKEY>5930</LDKEY><LDOWNERCOL>DIRECTIONS</LDOWNERCOL><LDOWNERTABLE>WFINTERACTION</LDOWNERTABLE><LDTEXT>This work order has been set to WAPPR, please reassign as appropriate.</LDTEXT><LONGDESCRIPTIONID>469622</LONGDESCRIPTIONID></LONGDESCRIPTION></WFINTERACTION></WFNODE><WFNODE><DESCRIPTION>STOP 29</DESCRIPTION><DESCRIPTION_LONGDESCRIPTION></DESCRIPTION_LONGDESCRIPTION><HASLD>0</HASLD><IMAGEFILE></IMAGEFILE><LANGCODE>EN</LANGCODE><NODEID>29</NODEID><NODETYPE maxvalue="WFSTOP">STOP</NODETYPE><TITLE>STOP 29</TITLE><WFNODEID>15847</WFNODEID><XCOORDINATE>8</XCOORDINATE><YCOORDINATE>5</YCOORDINATE><WFSTOP><WFSTOPID>7184</WFSTOPID></WFSTOP></WFNODE><WFNODE><DESCRIPTION>INTERACTION 31</DESCRIPTION><DESCRIPTION_LONGDESCRIPTION></DESCRIPTION_LONGDESCRIPTION><HASLD>0</HASLD><IMAGEFILE></IMAGEFILE><LANGCODE>EN</LANGCODE><NODEID>31</NODEID><NODETYPE maxvalue="WFINTERACTION">INTERACTION</NODETYPE><TITLE>WORKCOMP</TITLE><WFNODEID>15848</WFNODEID><XCOORDINATE>7</XCOORDINATE><YCOORDINATE>3</YCOORDINATE><WFACTION><ACTION></ACTION><ACTIONID>40</ACTIONID><CONDITION></CONDITION><CONDITIONCLASS></CONDITIONCLASS><INSTRUCTION>STOP 32</INSTRUCTION><ISPOSITIVE>1</ISPOSITIVE><MEMBERNODEID>32</MEMBERNODEID><OWNERNODEID>31</OWNERNODEID><SEQUENCE xsi:nil="true"></SEQUENCE><WFACTIONID>18838</WFACTIONID></WFACTION><WFINTERACTION><ACTION>ROUTEWF</ACTION><APP>PLUSPWO</APP><DIRECTIONS>The work order has been set to WAPPR</DIRECTIONS><DIRECTIONS_LONGDESCRIPTION>This work order has been set to WAPPR, please reassign to the Landlord.</DIRECTIONS_LONGDESCRIPTION><HASLD>1</HASLD><LANGCODE>EN</LANGCODE><LAUNCHPROCESS></LAUNCHPROCESS><PAGE></PAGE><RELATION></RELATION><TABNAME></TABNAME><WFINTERACTIONID>5931</WFINTERACTIONID><LONGDESCRIPTION><CONTENTUID>469,623</CONTENTUID><LANGCODE>EN</LANGCODE><LDKEY>5931</LDKEY><LDOWNERCOL>DIRECTIONS</LDOWNERCOL><LDOWNERTABLE>WFINTERACTION</LDOWNERTABLE><LDTEXT>This work order has been set to WAPPR, please reassign to the Landlord.</LDTEXT><LONGDESCRIPTIONID>469623</LONGDESCRIPTIONID></LONGDESCRIPTION></WFINTERACTION></WFNODE><WFNODE><DESCRIPTION>STOP 32</DESCRIPTION><DESCRIPTION_LONGDESCRIPTION></DESCRIPTION_LONGDESCRIPTION><HASLD>0</HASLD><IMAGEFILE></IMAGEFILE><LANGCODE>EN</LANGCODE><NODEID>32</NODEID><NODETYPE maxvalue="WFSTOP">STOP</NODETYPE><TITLE>STOP 32</TITLE><WFNODEID>15849</WFNODEID><XCOORDINATE>8</XCOORDINATE><YCOORDINATE>3</YCOORDINATE><WFSTOP><WFSTOPID>7185</WFSTOPID></WFSTOP></WFNODE><WFNODE><DESCRIPTION>INTERACTION 33</DESCRIPTION><DESCRIPTION_LONGDESCRIPTION></DESCRIPTION_LONGDESCRIPTION><HASLD>0</HASLD><IMAGEFILE></IMAGEFILE><LANGCODE>EN</LANGCODE><NODEID>33</NODEID><NODETYPE maxvalue="WFINTERACTION">INTERACTION</NODETYPE><TITLE>WORKCOMP</TITLE><WFNODEID>15850</WFNODEID><XCOORDINATE>7</XCOORDINATE><YCOORDINATE>7</YCOORDINATE><WFACTION><ACTION></ACTION><ACTIONID>42</ACTIONID><CONDITION></CONDITION><CONDITIONCLASS></CONDITIONCLASS><INSTRUCTION>STOP 34</INSTRUCTION><ISPOSITIVE>1</ISPOSITIVE><MEMBERNODEID>34</MEMBERNODEID><OWNERNODEID>33</OWNERNODEID><SEQUENCE xsi:nil="true"></SEQUENCE><WFACTIONID>18839</WFACTIONID></WFACTION><WFINTERACTION><ACTION>ROUTEWF</ACTION><APP>PLUSPWO</APP><DIRECTIONS>The work order has been set to WAPPR</DIRECTIONS><DIRECTIONS_LONGDESCRIPTION>This work order has been set to WAPPR, please reassign to the relevant subcontractor..</DIRECTIONS_LONGDESCRIPTION><HASLD>1</HASLD><LANGCODE>EN</LANGCODE><LAUNCHPROCESS></LAUNCHPROCESS><PAGE></PAGE><RELATION></RELATION><TABNAME></TABNAME><WFINTERACTIONID>5932</WFINTERACTIONID><LONGDESCRIPTION><CONTENTUID>469,624</CONTENTUID><LANGCODE>EN</LANGCODE><LDKEY>5932</LDKEY><LDOWNERCOL>DIRECTIONS</LDOWNERCOL><LDOWNERTABLE>WFINTERACTION</LDOWNERTABLE><LDTEXT>This work order has been set to WAPPR, please reassign to the relevant subcontractor..</LDTEXT><LONGDESCRIPTIONID>469624</LONGDESCRIPTIONID></LONGDESCRIPTION></WFINTERACTION></WFNODE><WFNODE><DESCRIPTION>STOP 34</DESCRIPTION><DESCRIPTION_LONGDESCRIPTION></DESCRIPTION_LONGDESCRIPTION><HASLD>0</HASLD><IMAGEFILE></IMAGEFILE><LANGCODE>EN</LANGCODE><NODEID>34</NODEID><NODETYPE maxvalue="WFSTOP">STOP</NODETYPE><TITLE>STOP 34</TITLE><WFNODEID>15851</WFNODEID><XCOORDINATE>8</XCOORDINATE><YCOORDINATE>7</YCOORDINATE><WFSTOP><WFSTOPID>7186</WFSTOPID></WFSTOP></WFNODE><WFNODE><DESCRIPTION>INTERACTION 36</DESCRIPTION><DESCRIPTION_LONGDESCRIPTION></DESCRIPTION_LONGDESCRIPTION><HASLD>0</HASLD><IMAGEFILE></IMAGEFILE><LANGCODE>EN</LANGCODE><NODEID>36</NODEID><NODETYPE maxvalue="WFINTERACTION">INTERACTION</NODETYPE><TITLE>WORKCOMP</TITLE><WFNODEID>15852</WFNODEID><XCOORDINATE>7</XCOORDINATE><YCOORDINATE>14</YCOORDINATE><WFACTION><ACTION>IRVWODELASSIGNNSCSD</ACTION><ACTIONID>44</ACTIONID><CONDITION></CONDITION><CONDITIONCLASS></CONDITIONCLASS><INSTRUCTION>STOP 37</INSTRUCTION><ISPOSITIVE>1</ISPOSITIVE><MEMBERNODEID>37</MEMBERNODEID><OWNERNODEID>36</OWNERNODEID><SEQUENCE xsi:nil="true"></SEQUENCE><WFACTIONID>18840</WFACTIONID></WFACTION><WFINTERACTION><ACTION>ROUTEWF</ACTION><APP>PLUSPWO</APP><DIRECTIONS>The work order has been set to WAPPR</DIRECTIONS><DIRECTIONS_LONGDESCRIPTION>This work order has been set to WAPPR, please reassign as appropriate.</DIRECTIONS_LONGDESCRIPTION><HASLD>1</HASLD><LANGCODE>EN</LANGCODE><LAUNCHPROCESS></LAUNCHPROCESS><PAGE></PAGE><RELATION></RELATION><TABNAME></TABNAME><WFINTERACTIONID>5933</WFINTERACTIONID><LONGDESCRIPTION><CONTENTUID>469,625</CONTENTUID><LANGCODE>EN</LANGCODE><LDKEY>5933</LDKEY><LDOWNERCOL>DIRECTIONS</LDOWNERCOL><LDOWNERTABLE>WFINTERACTION</LDOWNERTABLE><LDTEXT>This work order has been set to WAPPR, please reassign as appropriate.</LDTEXT><LONGDESCRIPTIONID>469625</LONGDESCRIPTIONID></LONGDESCRIPTION></WFINTERACTION></WFNODE><WFNODE><DESCRIPTION>STOP 37</DESCRIPTION><DESCRIPTION_LONGDESCRIPTION></DESCRIPTION_LONGDESCRIPTION><HASLD>0</HASLD><IMAGEFILE></IMAGEFILE><LANGCODE>EN</LANGCODE><NODEID>37</NODEID><NODETYPE maxvalue="WFSTOP">STOP</NODETYPE><TITLE>STOP 37</TITLE><WFNODEID>15853</WFNODEID><XCOORDINATE>8</XCOORDINATE><YCOORDINATE>14</YCOORDINATE><WFSTOP><WFSTOPID>7187</WFSTOPID></WFSTOP></WFNODE><WFNODE><DESCRIPTION>Actual start is populated?</DESCRIPTION><DESCRIPTION_LONGDESCRIPTION></DESCRIPTION_LONGDESCRIPTION><HASLD>0</HASLD><IMAGEFILE></IMAGEFILE><LANGCODE>EN</LANGCODE><NODEID>39</NODEID><NODETYPE maxvalue="WFCONDITION">CONDITION</NODETYPE><TITLE>ACTSTART IS NULL?</TITLE><WFNODEID>15854</WFNODEID><XCOORDINATE>5</XCOORDINATE><YCOORDINATE>10</YCOORDINATE><WFACTION><ACTION></ACTION><ACTIONID>136</ACTIONID><CONDITION></CONDITION><CONDITIONCLASS></CONDITIONCLASS><INSTRUCTION>INTERACTION 40</INSTRUCTION><ISPOSITIVE>1</ISPOSITIVE><MEMBERNODEID>40</MEMBERNODEID><OWNERNODEID>39</OWNERNODEID><SEQUENCE xsi:nil="true"></SEQUENCE><WFACTIONID>18852</WFACTIONID></WFACTION><WFACTION><ACTION></ACTION><ACTIONID>137</ACTIONID><CONDITION></CONDITION><CONDITIONCLASS></CONDITIONCLASS><INSTRUCTION>Asset is missing</INSTRUCTION><ISPOSITIVE>0</ISPOSITIVE><MEMBERNODEID>23</MEMBERNODEID><OWNERNODEID>39</OWNERNODEID><SEQUENCE xsi:nil="true"></SEQUENCE><WFACTIONID>18853</WFACTIONID></WFACTION><WFCONDITION><CONDITION>:actstart is null</CONDITION><CUSTOMCLASS></CUSTOMCLASS><WFCONDITIONID>9794</WFCONDITIONID></WFCONDITION></WFNODE><WFNODE><DESCRIPTION>INTERACTION 40</DESCRIPTION><DESCRIPTION_LONGDESCRIPTION></DESCRIPTION_LONGDESCRIPTION><HASLD>0</HASLD><IMAGEFILE></IMAGEFILE><LANGCODE>EN</LANGCODE><NODEID>40</NODEID><NODETYPE maxvalue="WFINTERACTION">INTERACTION</NODETYPE><TITLE>ACTSTARTNULL</TITLE><WFNODEID>15855</WFNODEID><XCOORDINATE>5</XCOORDINATE><YCOORDINATE>11</YCOORDINATE><WFACTION><ACTION></ACTION><ACTIONID>49</ACTIONID><CONDITION></CONDITION><CONDITIONCLASS></CONDITIONCLASS><INSTRUCTION>Actual start is populated?</INSTRUCTION><ISPOSITIVE>1</ISPOSITIVE><MEMBERNODEID>39</MEMBERNODEID><OWNERNODEID>40</OWNERNODEID><SEQUENCE xsi:nil="true"></SEQUENCE><WFACTIONID>18843</WFACTIONID></WFACTION><WFINTERACTION><ACTION>ROUTEWF</ACTION><APP>PLUSPWO</APP><DIRECTIONS>Actual start is not populated</DIRECTIONS><DIRECTIONS_LONGDESCRIPTION>Please ensure that the actual start date is populated.</DIRECTIONS_LONGDESCRIPTION><HASLD>1</HASLD><LANGCODE>EN</LANGCODE><LAUNCHPROCESS></LAUNCHPROCESS><PAGE></PAGE><RELATION></RELATION><TABNAME></TABNAME><WFINTERACTIONID>5934</WFINTERACTIONID><LONGDESCRIPTION><CONTENTUID>469,626</CONTENTUID><LANGCODE>EN</LANGCODE><LDKEY>5934</LDKEY><LDOWNERCOL>DIRECTIONS</LDOWNERCOL><LDOWNERTABLE>WFINTERACTION</LDOWNERTABLE><LDTEXT>Please ensure that the actual start date is populated.</LDTEXT><LONGDESCRIPTIONID>469626</LONGDESCRIPTIONID></LONGDESCRIPTION></WFINTERACTION></WFNODE><WFNODE><DESCRIPTION>INPUT 42</DESCRIPTION><DESCRIPTION_LONGDESCRIPTION></DESCRIPTION_LONGDESCRIPTION><HASLD>0</HASLD><IMAGEFILE></IMAGEFILE><LANGCODE>EN</LANGCODE><NODEID>42</NODEID><NODETYPE maxvalue="WFINPUT">INPUT</NODETYPE><TITLE>CONTEXIT</TITLE><WFNODEID>15856</WFNODEID><XCOORDINATE>9</XCOORDINATE><YCOORDINATE>1</YCOORDINATE><WFINPUT><DISPLAYONE>0</DISPLAYONE><WFINPUTID>4115</WFINPUTID></WFINPUT><WFACTION><ACTION>IRVWODELASSIGN2</ACTION><ACTIONID>93</ACTIONID><CONDITION></CONDITION><CONDITIONCLASS></CONDITIONCLASS><INSTRUCTION>Continue</INSTRUCTION><ISPOSITIVE>1</ISPOSITIVE><MEMBERNODEID>6</MEMBERNODEID><OWNERNODEID>42</OWNERNODEID><SEQUENCE>1</SEQUENCE><WFACTIONID>18844</WFACTIONID></WFACTION><WFACTION><ACTION></ACTION><ACTIONID>94</ACTIONID><CONDITION></CONDITION><CONDITIONCLASS></CONDITIONCLASS><INSTRUCTION>Exit</INSTRUCTION><ISPOSITIVE>1</ISPOSITIVE><MEMBERNODEID>43</MEMBERNODEID><OWNERNODEID>42</OWNERNODEID><SEQUENCE>2</SEQUENCE><WFACTIONID>18845</WFACTIONID></WFACTION></WFNODE><WFNODE><DESCRIPTION>STOP 43</DESCRIPTION><DESCRIPTION_LONGDESCRIPTION></DESCRIPTION_LONGDESCRIPTION><HASLD>0</HASLD><IMAGEFILE></IMAGEFILE><LANGCODE>EN</LANGCODE><NODEID>43</NODEID><NODETYPE maxvalue="WFSTOP">STOP</NODETYPE><TITLE>STOP 43</TITLE><WFNODEID>15857</WFNODEID><XCOORDINATE>13</XCOORDINATE><YCOORDINATE>2</YCOORDINATE><WFSTOP><WFSTOPID>7188</WFSTOPID></WFSTOP></WFNODE><WFNODE><DESCRIPTION>Return Reason = SUBREQ</DESCRIPTION><DESCRIPTION_LONGDESCRIPTION></DESCRIPTION_LONGDESCRIPTION><HASLD>0</HASLD><IMAGEFILE></IMAGEFILE><LANGCODE>EN</LANGCODE><NODEID>44</NODEID><NODETYPE maxvalue="WFCONDITION">CONDITION</NODETYPE><TITLE>QUOTE REQUIRED</TITLE><WFNODEID>15858</WFNODEID><XCOORDINATE>4</XCOORDINATE><YCOORDINATE>12</YCOORDINATE><WFACTION><ACTION></ACTION><ACTIONID>141</ACTIONID><CONDITION></CONDITION><CONDITIONCLASS></CONDITIONCLASS><INSTRUCTION>Actual start is populated?</INSTRUCTION><ISPOSITIVE>1</ISPOSITIVE><MEMBERNODEID>45</MEMBERNODEID><OWNERNODEID>44</OWNERNODEID><SEQUENCE xsi:nil="true"></SEQUENCE><WFACTIONID>18857</WFACTIONID></WFACTION><WFACTION><ACTION></ACTION><ACTIONID>146</ACTIONID><CONDITION></CONDITION><CONDITIONCLASS></CONDITIONCLASS><INSTRUCTION>Actual start populated?</INSTRUCTION><ISPOSITIVE>0</ISPOSITIVE><MEMBERNODEID>21</MEMBERNODEID><OWNERNODEID>44</OWNERNODEID><SEQUENCE xsi:nil="true"></SEQUENCE><WFACTIONID>18862</WFACTIONID></WFACTION><WFCONDITION><CONDITION>:IRV_RETURNSTATUSCODE = 'Quote Required'</CONDITION><CUSTOMCLASS></CUSTOMCLASS><WFCONDITIONID>9795</WFCONDITIONID></WFCONDITION></WFNODE><WFNODE><DESCRIPTION>Actual start is populated?</DESCRIPTION><DESCRIPTION_LONGDESCRIPTION></DESCRIPTION_LONGDESCRIPTION><HASLD>0</HASLD><IMAGEFILE></IMAGEFILE><LANGCODE>EN</LANGCODE><NODEID>45</NODEID><NODETYPE maxvalue="WFCONDITION">CONDITION</NODETYPE><TITLE>ACTSTART IS NULL?</TITLE><WFNODEID>15859</WFNODEID><XCOORDINATE>5</XCOORDINATE><YCOORDINATE>12</YCOORDINATE><WFACTION><ACTION></ACTION><ACTIONID>142</ACTIONID><CONDITION></CONDITION><CONDITIONCLASS></CONDITIONCLASS><INSTRUCTION>INTERACTION 46</INSTRUCTION><ISPOSITIVE>1</ISPOSITIVE><MEMBERNODEID>46</MEMBERNODEID><OWNERNODEID>45</OWNERNODEID><SEQUENCE xsi:nil="true"></SEQUENCE><WFACTIONID>18858</WFACTIONID></WFACTION><WFACTION><ACTION></ACTION><ACTIONID>144</ACTIONID><CONDITION></CONDITION><CONDITIONCLASS></CONDITIONCLASS><INSTRUCTION>INTERACTION 47</INSTRUCTION><ISPOSITIVE>0</ISPOSITIVE><MEMBERNODEID>47</MEMBERNODEID><OWNERNODEID>45</OWNERNODEID><SEQUENCE xsi:nil="true"></SEQUENCE><WFACTIONID>18860</WFACTIONID></WFACTION><WFCONDITION><CONDITION>:actstart is null</CONDITION><CUSTOMCLASS></CUSTOMCLASS><WFCONDITIONID>9796</WFCONDITIONID></WFCONDITION></WFNODE><WFNODE><DESCRIPTION>INTERACTION 46</DESCRIPTION><DESCRIPTION_LONGDESCRIPTION></DESCRIPTION_LONGDESCRIPTION><HASLD>0</HASLD><IMAGEFILE></IMAGEFILE><LANGCODE>EN</LANGCODE><NODEID>46</NODEID><NODETYPE maxvalue="WFINTERACTION">INTERACTION</NODETYPE><TITLE>ACTSTARTNULL</TITLE><WFNODEID>15860</WFNODEID><XCOORDINATE>5</XCOORDINATE><YCOORDINATE>13</YCOORDINATE><WFACTION><ACTION></ACTION><ACTIONID>143</ACTIONID><CONDITION></CONDITION><CONDITIONCLASS></CONDITIONCLASS><INSTRUCTION>Actual start is populated?</INSTRUCTION><ISPOSITIVE>1</ISPOSITIVE><MEMBERNODEID>45</MEMBERNODEID><OWNERNODEID>46</OWNERNODEID><SEQUENCE xsi:nil="true"></SEQUENCE><WFACTIONID>18859</WFACTIONID></WFACTION><WFINTERACTION><ACTION>ROUTEWF</ACTION><APP>PLUSPWO</APP><DIRECTIONS>Actual start is not populated</DIRECTIONS><DIRECTIONS_LONGDESCRIPTION>Please ensure that the actual start date is populated.</DIRECTIONS_LONGDESCRIPTION><HASLD>1</HASLD><LANGCODE>EN</LANGCODE><LAUNCHPROCESS></LAUNCHPROCESS><PAGE></PAGE><RELATION></RELATION><TABNAME></TABNAME><WFINTERACTIONID>5935</WFINTERACTIONID><LONGDESCRIPTION><CONTENTUID>469,627</CONTENTUID><LANGCODE>EN</LANGCODE><LDKEY>5935</LDKEY><LDOWNERCOL>DIRECTIONS</LDOWNERCOL><LDOWNERTABLE>WFINTERACTION</LDOWNERTABLE><LDTEXT>Please ensure that the actual start date is populated.</LDTEXT><LONGDESCRIPTIONID>469627</LONGDESCRIPTIONID></LONGDESCRIPTION></WFINTERACTION></WFNODE><WFNODE><DESCRIPTION>Quote Required</DESCRIPTION><DESCRIPTION_LONGDESCRIPTION></DESCRIPTION_LONGDESCRIPTION><HASLD>0</HASLD><IMAGEFILE></IMAGEFILE><LANGCODE>EN</LANGCODE><NODEID>47</NODEID><NODETYPE maxvalue="WFINTERACTION">INTERACTION</NODETYPE><TITLE>QUOTE REQUIRED</TITLE><WFNODEID>15861</WFNODEID><XCOORDINATE>7</XCOORDINATE><YCOORDINATE>12</YCOORDINATE><WFACTION><ACTION>IRVESTREQOGBBCPROC</ACTION><ACTIONID>145</ACTIONID><CONDITION></CONDITION><CONDITIONCLASS></CONDITIONCLASS><INSTRUCTION>STOP 48</INSTRUCTION><ISPOSITIVE>1</ISPOSITIVE><MEMBERNODEID>48</MEMBERNODEID><OWNERNODEID>47</OWNERNODEID><SEQUENCE xsi:nil="true"></SEQUENCE><WFACTIONID>18861</WFACTIONID></WFACTION><WFINTERACTION><ACTION>ROUTEWF</ACTION><APP>PLUSPWO</APP><DIRECTIONS>Quote Required</DIRECTIONS><DIRECTIONS_LONGDESCRIPTION>This wo was returned for a reason of quote required, the work order status will be changed to ESTREQ and the commercial team notified.</DIRECTIONS_LONGDESCRIPTION><HASLD>1</HASLD><LANGCODE>EN</LANGCODE><LAUNCHPROCESS></LAUNCHPROCESS><PAGE></PAGE><RELATION></RELATION><TABNAME></TABNAME><WFINTERACTIONID>5936</WFINTERACTIONID><LONGDESCRIPTION><CONTENTUID>469,628</CONTENTUID><LANGCODE>EN</LANGCODE><LDKEY>5936</LDKEY><LDOWNERCOL>DIRECTIONS</LDOWNERCOL><LDOWNERTABLE>WFINTERACTION</LDOWNERTABLE><LDTEXT>This wo was returned for a reason of quote required, the work order status will be changed to ESTREQ and the commercial team notified.</LDTEXT><LONGDESCRIPTIONID>469628</LONGDESCRIPTIONID></LONGDESCRIPTION></WFINTERACTION></WFNODE><WFNODE><DESCRIPTION>STOP 48</DESCRIPTION><DESCRIPTION_LONGDESCRIPTION></DESCRIPTION_LONGDESCRIPTION><HASLD>0</HASLD><IMAGEFILE></IMAGEFILE><LANGCODE>EN</LANGCODE><NODEID>48</NODEID><NODETYPE maxvalue="WFSTOP">STOP</NODETYPE><TITLE>STOP 48</TITLE><WFNODEID>15862</WFNODEID><XCOORDINATE>8</XCOORDINATE><YCOORDINATE>12</YCOORDINATE><WFSTOP><WFSTOPID>7189</WFSTOPID></WFSTOP></WFNODE><WFNOTIFICATION><ACTIONID>28</ACTIONID><NODEID>23</NODEID><NOTIFICATIONID>4620</NOTIFICATIONID><TEMPLATEID>IRVASSMAN</TEMPLATEID><UNIQUEID>1</UNIQUEID></WFNOTIFICATION><WFNOTIFICATION><ACTIONID>145</ACTIONID><NODEID>47</NODEID><NOTIFICATIONID>4626</NOTIFICATIONID><TEMPLATEID>IRVBBCPROCQR</TEMPLATEID><UNIQUEID>2</UNIQUEID></WFNOTIFICATION></WFPROCESS></DMWFPROCESSSet></SyncDMWFPROCESS>