<?xml version="1.0" encoding="UTF-8"?><SyncDMCFGGROUP xmlns="http://www.ibm.com/maximo" xmlns:xsi="http://www.w3.org/2001/XMLSchema-instance" creationDateTime="2014-10-09T18:03:05+01:00" transLanguage="EN" baseLanguage="EN" messageID="1412874185263896642" maximoVersion="7 5 20130829-1209 V7510--1"><DMCFGGROUPSet><DMCFGGROUP><CFGGROUPORDER>39</CFGGROUPORDER><CFGOBJGROUP>BBC_QUERY</CFGOBJGROUP><CHANGEBY>TIMMINSA</CHANGEBY><CHANGEDATE>2014-09-18T13:37:40+01:00</CHANGEDATE><DESCRIPTION>BBC Queries</DESCRIPTION><DMCFGGROUPID>93331</DMCFGGROUPID><GROUPTYPE maxvalue="CFGDATA">CFGDATA</GROUPTYPE><INTERNAL>0</INTERNAL><DMCFGOBJECT><CFGOBJECT>DMQUERY</CFGOBJECT><CFGOBJORDER>1</CFGOBJORDER><CHANGEBY>TIMMINSA</CHANGEBY><CHANGEDATE>2014-09-18T13:37:53+01:00</CHANGEDATE><DESCRIPTION>Query migration object for Migration Manager</DESCRIPTION><DMCFGOBJECTID>2797</DMCFGOBJECTID><INTERNAL>0</INTERNAL></DMCFGOBJECT></DMCFGGROUP></DMCFGGROUPSet></SyncDMCFGGROUP>