<?xml version="1.0" encoding="UTF-8"?><SyncDMQUERY xmlns="http://www.ibm.com/maximo" xmlns:xsi="http://www.w3.org/2001/XMLSchema-instance" creationDateTime="2014-10-09T18:03:05+01:00" transLanguage="EN" baseLanguage="EN" messageID="1412874184841104882" maximoVersion="7 5 20130829-1209 V7510--1"><DMQUERYSet><QUERY action="AddChange"><APP>PO</APP><CLAUSE>(historyflag = 0 and siteid = 'GB') and exists (select * from wfassignment where po.poid = wfassignment.ownerid and ownertable = 'PO' and  processname = 'POAPPR' and assignstatus = 'ACTIVE' and roleid &lt;&gt; 'ORIGINATOR' and assigncode = :&amp;personid&amp;)</CLAUSE><CLAUSENAME>POASSIGNAPPR</CLAUSENAME><DESCRIPTION>PO's for my approval.</DESCRIPTION><ISPUBLIC>1</ISPUBLIC><OWNER>TIMMINSA</OWNER><QUERYID>5804</QUERYID></QUERY><QUERY action="AddChange"><APP>INVOICE</APP><CLAUSE>(historyflag = 0 and siteid = 'GB') and (exists (select * from wfassignment where invoice.invoiceid = wfassignment.ownerid and ownertable = 'INVOICE' and  processname in ('SUBINVWF','INVMANASSI','MAINCREWF') and assignstatus = 'ACTIVE' and roleid &lt;&gt; 'ORIGINATOR' and assigncode =  :&amp;personid&amp; ) or irv_issuetype in (select persongroup from persongroupteam where respparty = :&amp;personid&amp; )) and status = 'ENTERED'</CLAUSE><CLAUSENAME>INVASSIGNISSUE</CLAUSENAME><DESCRIPTION>Invoice issue for my attention.</DESCRIPTION><ISPUBLIC>1</ISPUBLIC><OWNER>TIMMINSA</OWNER><QUERYID>5805</QUERYID></QUERY><QUERY action="AddChange"><APP>PO</APP><CLAUSE>(historyflag = 0 and siteid = 'GB') and exists (select * from wfassignment where po.poid = wfassignment.ownerid and ownertable = 'PO' and  processname = 'POAPPR' and assignstatus = 'ACTIVE' and roleid  = 'ORIGINATOR' and assigncode = :&amp;personid&amp;)</CLAUSE><CLAUSENAME>POORIGINATOR</CLAUSENAME><DESCRIPTION>My PO's requiring attention.</DESCRIPTION><ISPUBLIC>1</ISPUBLIC><OWNER>TIMMINSA</OWNER><QUERYID>5904</QUERYID></QUERY><QUERY action="AddChange"><APP>PO</APP><CLAUSE>(historyflag = 0 and siteid = 'GB') and  ponum in (select ponum from postatus where changeby = :&amp;personid&amp; and status = 'WAPPR') and status = 'APPR'</CLAUSE><CLAUSENAME>MYAPPRPOS</CLAUSENAME><DESCRIPTION>My Approved PO's</DESCRIPTION><ISPUBLIC>1</ISPUBLIC><OWNER>TIMMINSA</OWNER><QUERYID>6005</QUERYID></QUERY><QUERY action="AddChange"><APP>INVOICE</APP><CLAUSE>status = 'ENTERED' and irv_issuetype is null and irv_reasoncode is null</CLAUSE><CLAUSENAME>INVREQPROCESSING</CLAUSENAME><DESCRIPTION>Invoice Records Requiring Processing</DESCRIPTION><ISPUBLIC>1</ISPUBLIC><OWNER>TIMMINSA</OWNER><QUERYID>6007</QUERYID></QUERY></DMQUERYSet></SyncDMQUERY>