<?xml version="1.0" encoding="UTF-8"?><SyncDMPACKAGEDEF xmlns="http://www.ibm.com/maximo" xmlns:xsi="http://www.w3.org/2001/XMLSchema-instance" creationDateTime="2014-10-09T17:49:01+01:00" transLanguage="EN" baseLanguage="EN" messageID="1412873341356652708" maximoVersion="7 5 20130829-1209 V7510--1"><DMPACKAGEDEFSet><DMPACKAGEDEF><ACTIVE>0</ACTIVE><BATCHSIZE>100</BATCHSIZE><CHANGEBY>TIMMINSA</CHANGEBY><CHANGEDATE>2014-10-09T17:47:29+01:00</CHANGEDATE><CONTENTID>16aa8f97-a70e-4a69-80bf-4e43e0555152</CONTENTID><DESCRIPTION>Applications</DESCRIPTION><DESCRIPTION_LONGDESCRIPTION></DESCRIPTION_LONGDESCRIPTION><DMPACKAGEDEFID>1413</DMPACKAGEDEFID><DMROLE></DMROLE><HASLD>0</HASLD><LANGCODE>EN</LANGCODE><PKGDEFNAME>BBC_APPS</PKGDEFNAME><SOURCE>BBC-SQL-D01_BBCMAXSIT_dbo</SOURCE><STATUS maxvalue="APPR">APPR</STATUS><STATUSDATE>2014-10-09T17:48:03+01:00</STATUSDATE><TYPE maxvalue="SNAPSHOT">SNAPSHOT</TYPE><XMLACTION maxvalue="ADDCHANGE">AddChange</XMLACTION><DMPKGDEFSTATUS><CHANGEBY>TIMMINSA</CHANGEBY><CONTENTID>4a0b9f2a-f169-4b77-af69-3f778fa63620</CONTENTID><DMPKGDEFSTATUSID>1416</DMPKGDEFSTATUSID><MEMO></MEMO><STATUS maxvalue="WAPPR">WAPPR</STATUS><STATUSDATE>2014-09-18T11:40:00+01:00</STATUSDATE></DMPKGDEFSTATUS><DMPKGDEFSTATUS><CHANGEBY>TIMMINSA</CHANGEBY><CONTENTID>1b115a04-5502-46d1-80f1-2e6cb656fb7f</CONTENTID><DMPKGDEFSTATUSID>1417</DMPKGDEFSTATUSID><MEMO></MEMO><STATUS maxvalue="APPR">APPR</STATUS><STATUSDATE>2014-10-09T17:48:00+01:00</STATUSDATE></DMPKGDEFSTATUS><DMPKGCFGGRPDEF><CFGOBJGROUP>APP MIGRATION</CFGOBJGROUP><CONTENTID>acd1554f-1183-468c-9243-ae74ac9daa7e</CONTENTID><DMPKGCFGGRPDEFID>1529</DMPKGCFGGRPDEFID><DMPKGCFGOBJDEF><CFGOBJECT>DMMAXAPPS</CFGOBJECT><CONTENTID>59ae1079-5ae0-41ed-9540-333101ed70cd</CONTENTID><DMPKGCFGOBJDEFID>1405</DMPKGCFGOBJDEFID><WHERECLAUSE>app in ('INVOICE','PO','PERSONGRP')</WHERECLAUSE></DMPKGCFGOBJDEF></DMPKGCFGGRPDEF><DMPKGDIST><CHANGEBY>TIMMINSA</CHANGEBY><CHANGEDATE>2014-10-09T17:47:29+01:00</CHANGEDATE><CONTENTID>88251219-97e0-46fd-9afc-8891bf1e97da</CONTENTID><DMPKGDISTID>1310</DMPKGDISTID><TARGETNAME>IRVMMFOLDER</TARGETNAME></DMPKGDIST></DMPACKAGEDEF></DMPACKAGEDEFSet></SyncDMPACKAGEDEF>