<?xml version="1.0" encoding="UTF-8"?><SyncDMCFGGROUP xmlns="http://www.ibm.com/maximo" xmlns:xsi="http://www.w3.org/2001/XMLSchema-instance" creationDateTime="2014-10-09T17:49:01+01:00" transLanguage="EN" baseLanguage="EN" messageID="1412873341325381061" maximoVersion="7 5 20130829-1209 V7510--1"><DMCFGGROUPSet><DMCFGGROUP><CFGGROUPORDER>38</CFGGROUPORDER><CFGOBJGROUP>APP MIGRATION</CFGOBJGROUP><CHANGEBY>REISH</CHANGEBY><CHANGEDATE>2014-08-19T13:58:02+01:00</CHANGEDATE><DESCRIPTION>APP MIGRATION</DESCRIPTION><DMCFGGROUPID>93330</DMCFGGROUPID><GROUPTYPE maxvalue="CFGDATA">CFGDATA</GROUPTYPE><INTERNAL>0</INTERNAL><DMCFGOBJECT><CFGOBJECT>DMMAXAPPS</CFGOBJECT><CFGOBJORDER>1</CFGOBJORDER><CHANGEBY>REISH</CHANGEBY><CHANGEDATE>2014-08-19T13:58:03+01:00</CHANGEDATE><DESCRIPTION>Application migration object for Migration Manager</DESCRIPTION><DMCFGOBJECTID>2796</DMCFGOBJECTID><INTERNAL>0</INTERNAL></DMCFGOBJECT></DMCFGGROUP></DMCFGGROUPSet></SyncDMCFGGROUP>