<?xml version="1.0" encoding="UTF-8"?><SyncDMPACKAGEDEF xmlns="http://www.ibm.com/maximo" xmlns:xsi="http://www.w3.org/2001/XMLSchema-instance" creationDateTime="2014-09-02T16:08:38+01:00" transLanguage="EN" baseLanguage="EN" messageID="140967051831394240" maximoVersion="7 5 20130829-1209 V7510--1"><DMPACKAGEDEFSet><DMPACKAGEDEF><ACTIVE>0</ACTIVE><BATCHSIZE>100</BATCHSIZE><CHANGEBY>TIMMINSA</CHANGEBY><CHANGEDATE>2014-09-02T16:07:01+01:00</CHANGEDATE><CONTENTID>b7d848e0-b41f-45f1-b7c9-1449872bc295</CONTENTID><DESCRIPTION>BBC Classifications</DESCRIPTION><DESCRIPTION_LONGDESCRIPTION></DESCRIPTION_LONGDESCRIPTION><DMPACKAGEDEFID>808</DMPACKAGEDEFID><DMROLE></DMROLE><HASLD>0</HASLD><LANGCODE>EN</LANGCODE><PKGDEFNAME>BBC_CLASS</PKGDEFNAME><SOURCE>BBC-SQL-D01_BBCMAXDEV_dbo</SOURCE><STATUS maxvalue="APPR">APPR</STATUS><STATUSDATE>2014-09-02T16:07:46+01:00</STATUSDATE><TYPE maxvalue="SNAPSHOT">SNAPSHOT</TYPE><XMLACTION maxvalue="ADDCHANGE">AddChange</XMLACTION><DMPKGDEFSTATUS><CHANGEBY>TIMMINSA</CHANGEBY><CONTENTID>fd4f369d-bff7-4c22-a358-bdd28c356179</CONTENTID><DMPKGDEFSTATUSID>810</DMPKGDEFSTATUSID><MEMO></MEMO><STATUS maxvalue="WAPPR">WAPPR</STATUS><STATUSDATE>2014-09-02T16:07:00+01:00</STATUSDATE></DMPKGDEFSTATUS><DMPKGDEFSTATUS><CHANGEBY>TIMMINSA</CHANGEBY><CONTENTID>9f0df392-a4ae-41a8-a6da-ec5adf31ee4d</CONTENTID><DMPKGDEFSTATUSID>811</DMPKGDEFSTATUSID><MEMO></MEMO><STATUS maxvalue="APPR">APPR</STATUS><STATUSDATE>2014-09-02T16:07:00+01:00</STATUSDATE></DMPKGDEFSTATUS><DMPKGCFGGRPDEF><CFGOBJGROUP>BBC_CLASS</CFGOBJGROUP><CONTENTID>c8fc310e-dc3d-4a2d-9ee7-ee57681ff8b3</CONTENTID><DMPKGCFGGRPDEFID>907</DMPKGCFGGRPDEFID><DMPKGCFGOBJDEF><CFGOBJECT>DMCLASSIFICATION</CFGOBJECT><CONTENTID>942e060c-89c6-435d-afb3-7bd23ca4b948</CONTENTID><DMPKGCFGOBJDEFID>803</DMPKGCFGOBJDEFID><WHERECLAUSE>CLASSIFICATIONID = 'REGION'</WHERECLAUSE></DMPKGCFGOBJDEF></DMPKGCFGGRPDEF></DMPACKAGEDEF></DMPACKAGEDEFSet></SyncDMPACKAGEDEF>