<?xml version="1.0" encoding="UTF-8"?><SyncDMCLASSIFICATION xmlns="http://www.ibm.com/maximo" xmlns:xsi="http://www.w3.org/2001/XMLSchema-instance" creationDateTime="2014-09-02T16:08:36+01:00" transLanguage="EN" baseLanguage="EN" messageID="1409670516625720215" maximoVersion="7 5 20130829-1209 V7510--1"><DMCLASSIFICATIONSet><CLASSSTRUCTURE action="AddChange"><CLASSIFICATIONID>REGION</CLASSIFICATIONID><CLASSSTRUCTUREID>22350</CLASSSTRUCTUREID><CLASSSTRUCTUREUID>23403</CLASSSTRUCTUREUID><DESCRIPTION>REGION</DESCRIPTION><DESCRIPTION_LONGDESCRIPTION></DESCRIPTION_LONGDESCRIPTION><GENASSETDESC>0</GENASSETDESC><HASCHILDREN>1</HASCHILDREN><HASLD>0</HASLD><HIERARCHYPATH>CONTRACT \ REGION</HIERARCHYPATH><LANGCODE>EN</LANGCODE><ORGID></ORGID><PARENT>22349</PARENT><PLUSPINSERTCUSTOMER></PLUSPINSERTCUSTOMER><PLUSPISGLOBAL>1</PLUSPISGLOBAL><PLUSPROLLDOWN>1</PLUSPROLLDOWN><PLUSPROLLDOWNATTR>1</PLUSPROLLDOWNATTR><SHOWINASSETTOPO>0</SHOWINASSETTOPO><SITEID></SITEID><TYPE></TYPE><USECLASSINDESC>1</USECLASSINDESC><CLASSUSEWITH><CLASSUSEWITHID>11103</CLASSUSEWITHID><DESCRIPTION>Use with Locations</DESCRIPTION><OBJECTNAME>LOCATIONS</OBJECTNAME><OBJECTVALUE maxvalue="LOCATIONS">LOCATIONS</OBJECTVALUE><TOPLEVEL>0</TOPLEVEL></CLASSUSEWITH><CLASSSPEC><APPLYDOWNHIER>0</APPLYDOWNHIER><ASSETATTRIBUTEID>303</ASSETATTRIBUTEID><ASSETATTRID>IRVREG</ASSETATTRID><ATTRDESCPREFIX></ATTRDESCPREFIX><CLASSSPECID>403</CLASSSPECID><CONTINUOUS>0</CONTINUOUS><CS01></CS01><CS02></CS02><CS03></CS03><CS04 xsi:nil="true"></CS04><CS05 xsi:nil="true"></CS05><DATATYPE maxvalue="ALN">ALN</DATATYPE><DOMAINID></DOMAINID><INHERITEDFROM></INHERITEDFROM><INHERITEDFROMID xsi:nil="true"></INHERITEDFROMID><LINEARTYPE></LINEARTYPE><LINKEDTOATTRIBUTE></LINKEDTOATTRIBUTE><LINKEDTOSECTION></LINKEDTOSECTION><LOOKUPNAME></LOOKUPNAME><MEASUREUNITID></MEASUREUNITID><ORGID></ORGID><PLUSPINSERTCUSTOMER></PLUSPINSERTCUSTOMER><PLUSPISGLOBAL>1</PLUSPISGLOBAL><SECTION></SECTION><SITEID></SITEID><TABLEATTRIBUTE></TABLEATTRIBUTE><CLASSSPECUSEWITH><CLASSSPECID>403</CLASSSPECID><CLASSSPECUSEWITHID>403</CLASSSPECUSEWITHID><DEFAULTALNVALUE></DEFAULTALNVALUE><DEFAULTNUMVALUE xsi:nil="true"></DEFAULTNUMVALUE><DEFAULTTABLEVALUE></DEFAULTTABLEVALUE><MANDATORY>0</MANDATORY><OBJECTNAME>LOCATIONS</OBJECTNAME><OBJECTVALUE maxvalue="LOCATIONS">LOCATIONS</OBJECTVALUE><SEQUENCE>1</SEQUENCE><USEINDESC>1</USEINDESC><USEINSPEC>1</USEINSPEC></CLASSSPECUSEWITH></CLASSSPEC><CLASSSPEC><APPLYDOWNHIER>0</APPLYDOWNHIER><ASSETATTRIBUTEID>305</ASSETATTRIBUTEID><ASSETATTRID>NSCREG</ASSETATTRID><ATTRDESCPREFIX></ATTRDESCPREFIX><CLASSSPECID>404</CLASSSPECID><CONTINUOUS>0</CONTINUOUS><CS01></CS01><CS02></CS02><CS03></CS03><CS04 xsi:nil="true"></CS04><CS05 xsi:nil="true"></CS05><DATATYPE maxvalue="ALN">ALN</DATATYPE><DOMAINID></DOMAINID><INHERITEDFROM></INHERITEDFROM><INHERITEDFROMID xsi:nil="true"></INHERITEDFROMID><LINEARTYPE></LINEARTYPE><LINKEDTOATTRIBUTE></LINKEDTOATTRIBUTE><LINKEDTOSECTION></LINKEDTOSECTION><LOOKUPNAME></LOOKUPNAME><MEASUREUNITID></MEASUREUNITID><ORGID></ORGID><PLUSPINSERTCUSTOMER></PLUSPINSERTCUSTOMER><PLUSPISGLOBAL>1</PLUSPISGLOBAL><SECTION></SECTION><SITEID></SITEID><TABLEATTRIBUTE></TABLEATTRIBUTE><CLASSSPECUSEWITH><CLASSSPECID>404</CLASSSPECID><CLASSSPECUSEWITHID>404</CLASSSPECUSEWITHID><DEFAULTALNVALUE></DEFAULTALNVALUE><DEFAULTNUMVALUE xsi:nil="true"></DEFAULTNUMVALUE><DEFAULTTABLEVALUE></DEFAULTTABLEVALUE><MANDATORY>0</MANDATORY><OBJECTNAME>LOCATIONS</OBJECTNAME><OBJECTVALUE maxvalue="LOCATIONS">LOCATIONS</OBJECTVALUE><SEQUENCE>2</SEQUENCE><USEINDESC>1</USEINDESC><USEINSPEC>1</USEINSPEC></CLASSSPECUSEWITH></CLASSSPEC><CLASSSPEC><APPLYDOWNHIER>0</APPLYDOWNHIER><ASSETATTRIBUTEID>307</ASSETATTRIBUTEID><ASSETATTRID>BBCREG</ASSETATTRID><ATTRDESCPREFIX></ATTRDESCPREFIX><CLASSSPECID>405</CLASSSPECID><CONTINUOUS>0</CONTINUOUS><CS01></CS01><CS02></CS02><CS03></CS03><CS04 xsi:nil="true"></CS04><CS05 xsi:nil="true"></CS05><DATATYPE maxvalue="ALN">ALN</DATATYPE><DOMAINID></DOMAINID><INHERITEDFROM></INHERITEDFROM><INHERITEDFROMID xsi:nil="true"></INHERITEDFROMID><LINEARTYPE></LINEARTYPE><LINKEDTOATTRIBUTE></LINKEDTOATTRIBUTE><LINKEDTOSECTION></LINKEDTOSECTION><LOOKUPNAME></LOOKUPNAME><MEASUREUNITID></MEASUREUNITID><ORGID></ORGID><PLUSPINSERTCUSTOMER></PLUSPINSERTCUSTOMER><PLUSPISGLOBAL>1</PLUSPISGLOBAL><SECTION></SECTION><SITEID></SITEID><TABLEATTRIBUTE></TABLEATTRIBUTE><CLASSSPECUSEWITH><CLASSSPECID>405</CLASSSPECID><CLASSSPECUSEWITHID>405</CLASSSPECUSEWITHID><DEFAULTALNVALUE></DEFAULTALNVALUE><DEFAULTNUMVALUE xsi:nil="true"></DEFAULTNUMVALUE><DEFAULTTABLEVALUE></DEFAULTTABLEVALUE><MANDATORY>0</MANDATORY><OBJECTNAME>LOCATIONS</OBJECTNAME><OBJECTVALUE maxvalue="LOCATIONS">LOCATIONS</OBJECTVALUE><SEQUENCE>3</SEQUENCE><USEINDESC>1</USEINDESC><USEINSPEC>1</USEINSPEC></CLASSSPECUSEWITH></CLASSSPEC><CLASSSPEC><APPLYDOWNHIER>0</APPLYDOWNHIER><ASSETATTRIBUTEID>309</ASSETATTRIBUTEID><ASSETATTRID>I25/O25</ASSETATTRID><ATTRDESCPREFIX></ATTRDESCPREFIX><CLASSSPECID>408</CLASSSPECID><CONTINUOUS>0</CONTINUOUS><CS01></CS01><CS02></CS02><CS03></CS03><CS04 xsi:nil="true"></CS04><CS05 xsi:nil="true"></CS05><DATATYPE maxvalue="ALN">ALN</DATATYPE><DOMAINID></DOMAINID><INHERITEDFROM></INHERITEDFROM><INHERITEDFROMID xsi:nil="true"></INHERITEDFROMID><LINEARTYPE></LINEARTYPE><LINKEDTOATTRIBUTE></LINKEDTOATTRIBUTE><LINKEDTOSECTION></LINKEDTOSECTION><LOOKUPNAME></LOOKUPNAME><MEASUREUNITID></MEASUREUNITID><ORGID></ORGID><PLUSPINSERTCUSTOMER></PLUSPINSERTCUSTOMER><PLUSPISGLOBAL>1</PLUSPISGLOBAL><SECTION></SECTION><SITEID></SITEID><TABLEATTRIBUTE></TABLEATTRIBUTE><CLASSSPECUSEWITH><CLASSSPECID>408</CLASSSPECID><CLASSSPECUSEWITHID>408</CLASSSPECUSEWITHID><DEFAULTALNVALUE></DEFAULTALNVALUE><DEFAULTNUMVALUE xsi:nil="true"></DEFAULTNUMVALUE><DEFAULTTABLEVALUE></DEFAULTTABLEVALUE><MANDATORY>0</MANDATORY><OBJECTNAME>LOCATIONS</OBJECTNAME><OBJECTVALUE maxvalue="LOCATIONS">LOCATIONS</OBJECTVALUE><SEQUENCE>4</SEQUENCE><USEINDESC>1</USEINDESC><USEINSPEC>1</USEINSPEC></CLASSSPECUSEWITH></CLASSSPEC></CLASSSTRUCTURE></DMCLASSIFICATIONSet></SyncDMCLASSIFICATION>