<?xml version="1.0" encoding="UTF-8"?><SyncDMCFGGROUP xmlns="http://www.ibm.com/maximo" xmlns:xsi="http://www.w3.org/2001/XMLSchema-instance" creationDateTime="2014-09-18T11:34:18+01:00" transLanguage="EN" baseLanguage="EN" messageID="1411036458063105184" maximoVersion="7 5 20130829-1209 V7510--1"><DMCFGGROUPSet><DMCFGGROUP><CFGGROUPORDER>37</CFGGROUPORDER><CFGOBJGROUP>BBC_PERSON</CFGOBJGROUP><CHANGEBY>TIMMINSA</CHANGEBY><CHANGEDATE>2014-09-18T11:31:27+01:00</CHANGEDATE><DESCRIPTION>Person Groups</DESCRIPTION><DMCFGGROUPID>93031</DMCFGGROUPID><GROUPTYPE maxvalue="CFGDATA">CFGDATA</GROUPTYPE><INTERNAL>0</INTERNAL><DMCFGOBJECT><CFGOBJECT>DMPERSONGROUP</CFGOBJECT><CFGOBJORDER>2</CFGOBJORDER><CHANGEBY>TIMMINSA</CHANGEBY><CHANGEDATE>2014-09-18T11:31:29+01:00</CHANGEDATE><DESCRIPTION>Person group migration object for Migration Manager</DESCRIPTION><DMCFGOBJECTID>2497</DMCFGOBJECTID><INTERNAL>0</INTERNAL></DMCFGOBJECT><DMCFGOBJECT><CFGOBJECT>DMPERSON</CFGOBJECT><CFGOBJORDER>1</CFGOBJORDER><CHANGEBY>TIMMINSA</CHANGEBY><CHANGEDATE>2014-09-18T11:31:47+01:00</CHANGEDATE><DESCRIPTION>Person migration object for Migration Manager</DESCRIPTION><DMCFGOBJECTID>2498</DMCFGOBJECTID><INTERNAL>0</INTERNAL></DMCFGOBJECT></DMCFGGROUP></DMCFGGROUPSet></SyncDMCFGGROUP>