<?xml version="1.0" encoding="UTF-8"?><SyncDMPACKAGEDEF xmlns="http://www.ibm.com/maximo" xmlns:xsi="http://www.w3.org/2001/XMLSchema-instance" creationDateTime="2014-09-18T11:34:18+01:00" transLanguage="EN" baseLanguage="EN" messageID="1411036458094830805" maximoVersion="7 5 20130829-1209 V7510--1"><DMPACKAGEDEFSet><DMPACKAGEDEF><ACTIVE>0</ACTIVE><BATCHSIZE>100</BATCHSIZE><CHANGEBY>TIMMINSA</CHANGEBY><CHANGEDATE>2014-09-18T11:32:29+01:00</CHANGEDATE><CONTENTID>cb7294db-fb22-4104-a390-50f59a3fabe0</CONTENTID><DESCRIPTION>Person/Person Group Package</DESCRIPTION><DESCRIPTION_LONGDESCRIPTION></DESCRIPTION_LONGDESCRIPTION><DMPACKAGEDEFID>1109</DMPACKAGEDEFID><DMROLE></DMROLE><HASLD>0</HASLD><LANGCODE>EN</LANGCODE><PKGDEFNAME>BBC_PERSON</PKGDEFNAME><SOURCE>BBC-SQL-D01_BBCMAXDEV_dbo</SOURCE><STATUS maxvalue="APPR">APPR</STATUS><STATUSDATE>2014-09-18T11:33:29+01:00</STATUSDATE><TYPE maxvalue="SNAPSHOT">SNAPSHOT</TYPE><XMLACTION maxvalue="ADDCHANGE">AddChange</XMLACTION><DMPKGDEFSTATUS><CHANGEBY>TIMMINSA</CHANGEBY><CONTENTID>b2467370-b26c-4369-8db4-a2ebbe51fa9f</CONTENTID><DMPKGDEFSTATUSID>1110</DMPKGDEFSTATUSID><MEMO></MEMO><STATUS maxvalue="WAPPR">WAPPR</STATUS><STATUSDATE>2014-09-18T11:32:00+01:00</STATUSDATE></DMPKGDEFSTATUS><DMPKGDEFSTATUS><CHANGEBY>TIMMINSA</CHANGEBY><CONTENTID>2de159c8-42e4-4c4c-8b7f-2752947ac3ed</CONTENTID><DMPKGDEFSTATUSID>1111</DMPKGDEFSTATUSID><MEMO></MEMO><STATUS maxvalue="APPR">APPR</STATUS><STATUSDATE>2014-09-18T11:33:00+01:00</STATUSDATE></DMPKGDEFSTATUS><DMPKGCFGGRPDEF><CFGOBJGROUP>BBC_PERSON</CFGOBJGROUP><CONTENTID>0e39d632-6a44-43d9-bd60-71fa00047a73</CONTENTID><DMPKGCFGGRPDEFID>1208</DMPKGCFGGRPDEFID><DMPKGCFGOBJDEF><CFGOBJECT>DMPERSONGROUP</CFGOBJECT><CONTENTID>a9a51afd-a7f3-4fa8-a3db-a4182df7a150</CONTENTID><DMPKGCFGOBJDEFID>1104</DMPKGCFGOBJDEFID><WHERECLAUSE>persongroup in ('PO','RECEIPT','INVOICE','HAREA05','HAREA1','HAREA5','HAREA10','HAREA50','HAREA100','HANOLIM','HAEST5','HAEST10','HAEST50','HAEST100','HAOTH10','HAOTH50','HAOTH100','HACAT1','HACAT25','HACAT50','HACAT100','HAAGY1','HAAGY10','HAAGY50','HAAGY100','HAPPM25','HAPPM50','HAPPM100','HASCH5','HASCH10','HASCH25','HASCH50','HASCH100','PIAGENCY','PICAT','PIESTREQ','PIOTHER','PIPPM','PIREACT','PISCHED')</WHERECLAUSE></DMPKGCFGOBJDEF><DMPKGCFGOBJDEF><CFGOBJECT>DMPERSON</CFGOBJECT><CONTENTID>cbd153a3-6a77-4c33-839d-8a7339b06011</CONTENTID><DMPKGCFGOBJDEFID>1103</DMPKGCFGOBJDEFID><WHERECLAUSE>1=2</WHERECLAUSE></DMPKGCFGOBJDEF></DMPKGCFGGRPDEF></DMPACKAGEDEF></DMPACKAGEDEFSet></SyncDMPACKAGEDEF>