<?xml version="1.0" encoding="UTF-8"?><SyncDMPERSONGROUP xmlns="http://www.ibm.com/maximo" xmlns:xsi="http://www.w3.org/2001/XMLSchema-instance" creationDateTime="2014-09-18T11:34:16+01:00" transLanguage="EN" baseLanguage="EN" messageID="1411036456219759803" maximoVersion="7 5 20130829-1209 V7510--1"><DMPERSONGROUPSet><PERSONGROUP action="AddChange"><DESCRIPTION>PO Agency up to £1,000</DESCRIPTION><DESCRIPTION_LONGDESCRIPTION></DESCRIPTION_LONGDESCRIPTION><HASLD>0</HASLD><IRV_APPRLIMIT>1000.0</IRV_APPRLIMIT><IRV_OUTOFHOURS>1</IRV_OUTOFHOURS><IRV_POTYPE>AGENCY</IRV_POTYPE><ISCREWWORKGROUP>0</ISCREWWORKGROUP><LANGCODE>EN</LANGCODE><PERSONGROUP>HAAGY1</PERSONGROUP><PERSONGROUPID>347</PERSONGROUPID><PERSONGROUPTEAM><GROUPDEFAULT>1</GROUPDEFAULT><ORGDEFAULT>0</ORGDEFAULT><PERSONGROUPTEAMID>2972</PERSONGROUPTEAMID><RESPPARTY>HOLTM</RESPPARTY><RESPPARTYGROUP>HOLTM</RESPPARTYGROUP><RESPPARTYGROUPSEQ>1</RESPPARTYGROUPSEQ><RESPPARTYSEQ>1</RESPPARTYSEQ><SITEDEFAULT>0</SITEDEFAULT><USEFORORG></USEFORORG><USEFORSITE></USEFORSITE></PERSONGROUPTEAM></PERSONGROUP><PERSONGROUP action="AddChange"><DESCRIPTION>PO Agency up to £10,000</DESCRIPTION><DESCRIPTION_LONGDESCRIPTION></DESCRIPTION_LONGDESCRIPTION><HASLD>0</HASLD><IRV_APPRLIMIT>10000.0</IRV_APPRLIMIT><IRV_OUTOFHOURS>1</IRV_OUTOFHOURS><IRV_POTYPE>AGENCY</IRV_POTYPE><ISCREWWORKGROUP>0</ISCREWWORKGROUP><LANGCODE>EN</LANGCODE><PERSONGROUP>HAAGY10</PERSONGROUP><PERSONGROUPID>352</PERSONGROUPID><PERSONGROUPTEAM><GROUPDEFAULT>1</GROUPDEFAULT><ORGDEFAULT>0</ORGDEFAULT><PERSONGROUPTEAMID>2973</PERSONGROUPTEAMID><RESPPARTY>HOLTM</RESPPARTY><RESPPARTYGROUP>HOLTM</RESPPARTYGROUP><RESPPARTYGROUPSEQ>1</RESPPARTYGROUPSEQ><RESPPARTYSEQ>1</RESPPARTYSEQ><SITEDEFAULT>0</SITEDEFAULT><USEFORORG></USEFORORG><USEFORSITE></USEFORSITE></PERSONGROUPTEAM></PERSONGROUP><PERSONGROUP action="AddChange"><DESCRIPTION>PO Agency up to £100,000</DESCRIPTION><DESCRIPTION_LONGDESCRIPTION></DESCRIPTION_LONGDESCRIPTION><HASLD>0</HASLD><IRV_APPRLIMIT>100000.0</IRV_APPRLIMIT><IRV_OUTOFHOURS>1</IRV_OUTOFHOURS><IRV_POTYPE>AGENCY</IRV_POTYPE><ISCREWWORKGROUP>0</ISCREWWORKGROUP><LANGCODE>EN</LANGCODE><PERSONGROUP>HAAGY100</PERSONGROUP><PERSONGROUPID>356</PERSONGROUPID><PERSONGROUPTEAM><GROUPDEFAULT>1</GROUPDEFAULT><ORGDEFAULT>0</ORGDEFAULT><PERSONGROUPTEAMID>2974</PERSONGROUPTEAMID><RESPPARTY>HOLTM</RESPPARTY><RESPPARTYGROUP>HOLTM</RESPPARTYGROUP><RESPPARTYGROUPSEQ>1</RESPPARTYGROUPSEQ><RESPPARTYSEQ>1</RESPPARTYSEQ><SITEDEFAULT>0</SITEDEFAULT><USEFORORG></USEFORORG><USEFORSITE></USEFORSITE></PERSONGROUPTEAM></PERSONGROUP><PERSONGROUP action="AddChange"><DESCRIPTION>PO Agency up to £50,000</DESCRIPTION><DESCRIPTION_LONGDESCRIPTION></DESCRIPTION_LONGDESCRIPTION><HASLD>0</HASLD><IRV_APPRLIMIT>50000.0</IRV_APPRLIMIT><IRV_OUTOFHOURS>1</IRV_OUTOFHOURS><IRV_POTYPE>AGENCY</IRV_POTYPE><ISCREWWORKGROUP>0</ISCREWWORKGROUP><LANGCODE>EN</LANGCODE><PERSONGROUP>HAAGY50</PERSONGROUP><PERSONGROUPID>348</PERSONGROUPID><PERSONGROUPTEAM><GROUPDEFAULT>1</GROUPDEFAULT><ORGDEFAULT>0</ORGDEFAULT><PERSONGROUPTEAMID>2975</PERSONGROUPTEAMID><RESPPARTY>HOLTM</RESPPARTY><RESPPARTYGROUP>HOLTM</RESPPARTYGROUP><RESPPARTYGROUPSEQ>1</RESPPARTYGROUPSEQ><RESPPARTYSEQ>1</RESPPARTYSEQ><SITEDEFAULT>0</SITEDEFAULT><USEFORORG></USEFORORG><USEFORSITE></USEFORSITE></PERSONGROUPTEAM></PERSONGROUP><PERSONGROUP action="AddChange"><DESCRIPTION>PO Catering up to £1,000</DESCRIPTION><DESCRIPTION_LONGDESCRIPTION></DESCRIPTION_LONGDESCRIPTION><HASLD>0</HASLD><IRV_APPRLIMIT>1000.0</IRV_APPRLIMIT><IRV_OUTOFHOURS>1</IRV_OUTOFHOURS><IRV_POTYPE>CATERING</IRV_POTYPE><ISCREWWORKGROUP>0</ISCREWWORKGROUP><LANGCODE>EN</LANGCODE><PERSONGROUP>HACAT1</PERSONGROUP><PERSONGROUPID>351</PERSONGROUPID><PERSONGROUPTEAM><GROUPDEFAULT>1</GROUPDEFAULT><ORGDEFAULT>0</ORGDEFAULT><PERSONGROUPTEAMID>2976</PERSONGROUPTEAMID><RESPPARTY>HOLTM</RESPPARTY><RESPPARTYGROUP>HOLTM</RESPPARTYGROUP><RESPPARTYGROUPSEQ>1</RESPPARTYGROUPSEQ><RESPPARTYSEQ>1</RESPPARTYSEQ><SITEDEFAULT>0</SITEDEFAULT><USEFORORG></USEFORORG><USEFORSITE></USEFORSITE></PERSONGROUPTEAM></PERSONGROUP><PERSONGROUP action="AddChange"><DESCRIPTION>PO Catering up to £100,000</DESCRIPTION><DESCRIPTION_LONGDESCRIPTION></DESCRIPTION_LONGDESCRIPTION><HASLD>0</HASLD><IRV_APPRLIMIT>100000.0</IRV_APPRLIMIT><IRV_OUTOFHOURS>1</IRV_OUTOFHOURS><IRV_POTYPE>CATERING</IRV_POTYPE><ISCREWWORKGROUP>0</ISCREWWORKGROUP><LANGCODE>EN</LANGCODE><PERSONGROUP>HACAT100</PERSONGROUP><PERSONGROUPID>350</PERSONGROUPID><PERSONGROUPTEAM><GROUPDEFAULT>1</GROUPDEFAULT><ORGDEFAULT>0</ORGDEFAULT><PERSONGROUPTEAMID>2977</PERSONGROUPTEAMID><RESPPARTY>HOLTM</RESPPARTY><RESPPARTYGROUP>HOLTM</RESPPARTYGROUP><RESPPARTYGROUPSEQ>1</RESPPARTYGROUPSEQ><RESPPARTYSEQ>1</RESPPARTYSEQ><SITEDEFAULT>0</SITEDEFAULT><USEFORORG></USEFORORG><USEFORSITE></USEFORSITE></PERSONGROUPTEAM></PERSONGROUP><PERSONGROUP action="AddChange"><DESCRIPTION>PO Catering up to £25,000</DESCRIPTION><DESCRIPTION_LONGDESCRIPTION></DESCRIPTION_LONGDESCRIPTION><HASLD>0</HASLD><IRV_APPRLIMIT>25000.0</IRV_APPRLIMIT><IRV_OUTOFHOURS>1</IRV_OUTOFHOURS><IRV_POTYPE>CATERING</IRV_POTYPE><ISCREWWORKGROUP>0</ISCREWWORKGROUP><LANGCODE>EN</LANGCODE><PERSONGROUP>HACAT25</PERSONGROUP><PERSONGROUPID>362</PERSONGROUPID><PERSONGROUPTEAM><GROUPDEFAULT>1</GROUPDEFAULT><ORGDEFAULT>0</ORGDEFAULT><PERSONGROUPTEAMID>2978</PERSONGROUPTEAMID><RESPPARTY>HOLTM</RESPPARTY><RESPPARTYGROUP>HOLTM</RESPPARTYGROUP><RESPPARTYGROUPSEQ>1</RESPPARTYGROUPSEQ><RESPPARTYSEQ>1</RESPPARTYSEQ><SITEDEFAULT>0</SITEDEFAULT><USEFORORG></USEFORORG><USEFORSITE></USEFORSITE></PERSONGROUPTEAM></PERSONGROUP><PERSONGROUP action="AddChange"><DESCRIPTION>PO Catering up to £50,000</DESCRIPTION><DESCRIPTION_LONGDESCRIPTION></DESCRIPTION_LONGDESCRIPTION><HASLD>0</HASLD><IRV_APPRLIMIT>50000.0</IRV_APPRLIMIT><IRV_OUTOFHOURS>1</IRV_OUTOFHOURS><IRV_POTYPE>CATERING</IRV_POTYPE><ISCREWWORKGROUP>0</ISCREWWORKGROUP><LANGCODE>EN</LANGCODE><PERSONGROUP>HACAT50</PERSONGROUP><PERSONGROUPID>349</PERSONGROUPID><PERSONGROUPTEAM><GROUPDEFAULT>1</GROUPDEFAULT><ORGDEFAULT>0</ORGDEFAULT><PERSONGROUPTEAMID>2979</PERSONGROUPTEAMID><RESPPARTY>HOLTM</RESPPARTY><RESPPARTYGROUP>HOLTM</RESPPARTYGROUP><RESPPARTYGROUPSEQ>1</RESPPARTYGROUPSEQ><RESPPARTYSEQ>1</RESPPARTYSEQ><SITEDEFAULT>0</SITEDEFAULT><USEFORORG></USEFORORG><USEFORSITE></USEFORSITE></PERSONGROUPTEAM></PERSONGROUP><PERSONGROUP action="AddChange"><DESCRIPTION>PO ESTREQ/Project up to £10,000</DESCRIPTION><DESCRIPTION_LONGDESCRIPTION></DESCRIPTION_LONGDESCRIPTION><HASLD>0</HASLD><IRV_APPRLIMIT>10000.0</IRV_APPRLIMIT><IRV_OUTOFHOURS>1</IRV_OUTOFHOURS><IRV_POTYPE>PROJECT</IRV_POTYPE><ISCREWWORKGROUP>0</ISCREWWORKGROUP><LANGCODE>EN</LANGCODE><PERSONGROUP>HAEST10</PERSONGROUP><PERSONGROUPID>361</PERSONGROUPID><PERSONGROUPTEAM><GROUPDEFAULT>1</GROUPDEFAULT><ORGDEFAULT>0</ORGDEFAULT><PERSONGROUPTEAMID>2980</PERSONGROUPTEAMID><RESPPARTY>HOLTM</RESPPARTY><RESPPARTYGROUP>HOLTM</RESPPARTYGROUP><RESPPARTYGROUPSEQ>1</RESPPARTYGROUPSEQ><RESPPARTYSEQ>1</RESPPARTYSEQ><SITEDEFAULT>0</SITEDEFAULT><USEFORORG></USEFORORG><USEFORSITE></USEFORSITE></PERSONGROUPTEAM><PERSONGROUPTEAM><GROUPDEFAULT>0</GROUPDEFAULT><ORGDEFAULT>0</ORGDEFAULT><PERSONGROUPTEAMID>3102</PERSONGROUPTEAMID><RESPPARTY>KEMPK</RESPPARTY><RESPPARTYGROUP>KEMPK</RESPPARTYGROUP><RESPPARTYGROUPSEQ>2</RESPPARTYGROUPSEQ><RESPPARTYSEQ>2</RESPPARTYSEQ><SITEDEFAULT>0</SITEDEFAULT><USEFORORG></USEFORORG><USEFORSITE></USEFORSITE></PERSONGROUPTEAM></PERSONGROUP><PERSONGROUP action="AddChange"><DESCRIPTION>PO ESTREQ/Project up to £100,000</DESCRIPTION><DESCRIPTION_LONGDESCRIPTION></DESCRIPTION_LONGDESCRIPTION><HASLD>0</HASLD><IRV_APPRLIMIT>100000.0</IRV_APPRLIMIT><IRV_OUTOFHOURS>1</IRV_OUTOFHOURS><IRV_POTYPE>PROJECT</IRV_POTYPE><ISCREWWORKGROUP>0</ISCREWWORKGROUP><LANGCODE>EN</LANGCODE><PERSONGROUP>HAEST100</PERSONGROUP><PERSONGROUPID>353</PERSONGROUPID><PERSONGROUPTEAM><GROUPDEFAULT>0</GROUPDEFAULT><ORGDEFAULT>0</ORGDEFAULT><PERSONGROUPTEAMID>3302</PERSONGROUPTEAMID><RESPPARTY>HOLTM</RESPPARTY><RESPPARTYGROUP>HOLTM</RESPPARTYGROUP><RESPPARTYGROUPSEQ>2</RESPPARTYGROUPSEQ><RESPPARTYSEQ>2</RESPPARTYSEQ><SITEDEFAULT>0</SITEDEFAULT><USEFORORG></USEFORORG><USEFORSITE></USEFORSITE></PERSONGROUPTEAM><PERSONGROUPTEAM><GROUPDEFAULT>1</GROUPDEFAULT><ORGDEFAULT>0</ORGDEFAULT><PERSONGROUPTEAMID>1228</PERSONGROUPTEAMID><RESPPARTY>KEMPK</RESPPARTY><RESPPARTYGROUP>KEMPK</RESPPARTYGROUP><RESPPARTYGROUPSEQ>1</RESPPARTYGROUPSEQ><RESPPARTYSEQ>1</RESPPARTYSEQ><SITEDEFAULT>0</SITEDEFAULT><USEFORORG></USEFORORG><USEFORSITE></USEFORSITE></PERSONGROUPTEAM></PERSONGROUP><PERSONGROUP action="AddChange"><DESCRIPTION>PO ESTREQ/Project up to £5,000</DESCRIPTION><DESCRIPTION_LONGDESCRIPTION></DESCRIPTION_LONGDESCRIPTION><HASLD>0</HASLD><IRV_APPRLIMIT>5000.0</IRV_APPRLIMIT><IRV_OUTOFHOURS>1</IRV_OUTOFHOURS><IRV_POTYPE>PROJECT</IRV_POTYPE><ISCREWWORKGROUP>0</ISCREWWORKGROUP><LANGCODE>EN</LANGCODE><PERSONGROUP>HAEST5</PERSONGROUP><PERSONGROUPID>354</PERSONGROUPID><PERSONGROUPTEAM><GROUPDEFAULT>1</GROUPDEFAULT><ORGDEFAULT>0</ORGDEFAULT><PERSONGROUPTEAMID>2981</PERSONGROUPTEAMID><RESPPARTY>HOLTM</RESPPARTY><RESPPARTYGROUP>HOLTM</RESPPARTYGROUP><RESPPARTYGROUPSEQ>1</RESPPARTYGROUPSEQ><RESPPARTYSEQ>1</RESPPARTYSEQ><SITEDEFAULT>0</SITEDEFAULT><USEFORORG></USEFORORG><USEFORSITE></USEFORSITE></PERSONGROUPTEAM><PERSONGROUPTEAM><GROUPDEFAULT>0</GROUPDEFAULT><ORGDEFAULT>0</ORGDEFAULT><PERSONGROUPTEAMID>3103</PERSONGROUPTEAMID><RESPPARTY>KEMPK</RESPPARTY><RESPPARTYGROUP>KEMPK</RESPPARTYGROUP><RESPPARTYGROUPSEQ>2</RESPPARTYGROUPSEQ><RESPPARTYSEQ>2</RESPPARTYSEQ><SITEDEFAULT>0</SITEDEFAULT><USEFORORG></USEFORORG><USEFORSITE></USEFORSITE></PERSONGROUPTEAM></PERSONGROUP><PERSONGROUP action="AddChange"><DESCRIPTION>PO ESTREQ/Project up to £50,000</DESCRIPTION><DESCRIPTION_LONGDESCRIPTION></DESCRIPTION_LONGDESCRIPTION><HASLD>0</HASLD><IRV_APPRLIMIT>50000.0</IRV_APPRLIMIT><IRV_OUTOFHOURS>1</IRV_OUTOFHOURS><IRV_POTYPE>PROJECT</IRV_POTYPE><ISCREWWORKGROUP>0</ISCREWWORKGROUP><LANGCODE>EN</LANGCODE><PERSONGROUP>HAEST50</PERSONGROUP><PERSONGROUPID>355</PERSONGROUPID><PERSONGROUPTEAM><GROUPDEFAULT>0</GROUPDEFAULT><ORGDEFAULT>0</ORGDEFAULT><PERSONGROUPTEAMID>3304</PERSONGROUPTEAMID><RESPPARTY>HOLTM</RESPPARTY><RESPPARTYGROUP>HOLTM</RESPPARTYGROUP><RESPPARTYGROUPSEQ>2</RESPPARTYGROUPSEQ><RESPPARTYSEQ>2</RESPPARTYSEQ><SITEDEFAULT>0</SITEDEFAULT><USEFORORG></USEFORORG><USEFORSITE></USEFORSITE></PERSONGROUPTEAM><PERSONGROUPTEAM><GROUPDEFAULT>1</GROUPDEFAULT><ORGDEFAULT>0</ORGDEFAULT><PERSONGROUPTEAMID>2383</PERSONGROUPTEAMID><RESPPARTY>KEMPK</RESPPARTY><RESPPARTYGROUP>KEMPK</RESPPARTYGROUP><RESPPARTYGROUPSEQ>1</RESPPARTYGROUPSEQ><RESPPARTYSEQ>1</RESPPARTYSEQ><SITEDEFAULT>0</SITEDEFAULT><USEFORORG></USEFORORG><USEFORSITE></USEFORSITE></PERSONGROUPTEAM></PERSONGROUP><PERSONGROUP action="AddChange"><DESCRIPTION>All POs over £100k</DESCRIPTION><DESCRIPTION_LONGDESCRIPTION></DESCRIPTION_LONGDESCRIPTION><HASLD>0</HASLD><IRV_APPRLIMIT>1.0E7</IRV_APPRLIMIT><IRV_OUTOFHOURS>1</IRV_OUTOFHOURS><IRV_POTYPE></IRV_POTYPE><ISCREWWORKGROUP>0</ISCREWWORKGROUP><LANGCODE>EN</LANGCODE><PERSONGROUP>HANOLIM</PERSONGROUP><PERSONGROUPID>357</PERSONGROUPID><PERSONGROUPTEAM><GROUPDEFAULT>1</GROUPDEFAULT><ORGDEFAULT>0</ORGDEFAULT><PERSONGROUPTEAMID>2621</PERSONGROUPTEAMID><RESPPARTY>HOLTM</RESPPARTY><RESPPARTYGROUP>HOLTM</RESPPARTYGROUP><RESPPARTYGROUPSEQ>1</RESPPARTYGROUPSEQ><RESPPARTYSEQ>1</RESPPARTYSEQ><SITEDEFAULT>0</SITEDEFAULT><USEFORORG></USEFORORG><USEFORSITE></USEFORSITE></PERSONGROUPTEAM><PERSONGROUPTEAM><GROUPDEFAULT>0</GROUPDEFAULT><ORGDEFAULT>0</ORGDEFAULT><PERSONGROUPTEAMID>3031</PERSONGROUPTEAMID><RESPPARTY>ONEILLK</RESPPARTY><RESPPARTYGROUP>ONEILLK</RESPPARTYGROUP><RESPPARTYGROUPSEQ>2</RESPPARTYGROUPSEQ><RESPPARTYSEQ>2</RESPPARTYSEQ><SITEDEFAULT>0</SITEDEFAULT><USEFORORG></USEFORORG><USEFORSITE></USEFORSITE></PERSONGROUPTEAM></PERSONGROUP><PERSONGROUP action="AddChange"><DESCRIPTION>PO Other up to £10,000</DESCRIPTION><DESCRIPTION_LONGDESCRIPTION></DESCRIPTION_LONGDESCRIPTION><HASLD>0</HASLD><IRV_APPRLIMIT>10000.0</IRV_APPRLIMIT><IRV_OUTOFHOURS>1</IRV_OUTOFHOURS><IRV_POTYPE>OTHER</IRV_POTYPE><ISCREWWORKGROUP>0</ISCREWWORKGROUP><LANGCODE>EN</LANGCODE><PERSONGROUP>HAOTH10</PERSONGROUP><PERSONGROUPID>359</PERSONGROUPID><PERSONGROUPTEAM><GROUPDEFAULT>1</GROUPDEFAULT><ORGDEFAULT>0</ORGDEFAULT><PERSONGROUPTEAMID>3011</PERSONGROUPTEAMID><RESPPARTY>HOLTM</RESPPARTY><RESPPARTYGROUP>HOLTM</RESPPARTYGROUP><RESPPARTYGROUPSEQ>1</RESPPARTYGROUPSEQ><RESPPARTYSEQ>1</RESPPARTYSEQ><SITEDEFAULT>0</SITEDEFAULT><USEFORORG></USEFORORG><USEFORSITE></USEFORSITE></PERSONGROUPTEAM></PERSONGROUP><PERSONGROUP action="AddChange"><DESCRIPTION>PO Other up to £100,000</DESCRIPTION><DESCRIPTION_LONGDESCRIPTION></DESCRIPTION_LONGDESCRIPTION><HASLD>0</HASLD><IRV_APPRLIMIT>100000.0</IRV_APPRLIMIT><IRV_OUTOFHOURS>1</IRV_OUTOFHOURS><IRV_POTYPE>OTHER</IRV_POTYPE><ISCREWWORKGROUP>0</ISCREWWORKGROUP><LANGCODE>EN</LANGCODE><PERSONGROUP>HAOTH100</PERSONGROUP><PERSONGROUPID>360</PERSONGROUPID><PERSONGROUPTEAM><GROUPDEFAULT>1</GROUPDEFAULT><ORGDEFAULT>0</ORGDEFAULT><PERSONGROUPTEAMID>3012</PERSONGROUPTEAMID><RESPPARTY>HOLTM</RESPPARTY><RESPPARTYGROUP>HOLTM</RESPPARTYGROUP><RESPPARTYGROUPSEQ>1</RESPPARTYGROUPSEQ><RESPPARTYSEQ>1</RESPPARTYSEQ><SITEDEFAULT>0</SITEDEFAULT><USEFORORG></USEFORORG><USEFORSITE></USEFORSITE></PERSONGROUPTEAM></PERSONGROUP><PERSONGROUP action="AddChange"><DESCRIPTION>PO Other up to £50,000</DESCRIPTION><DESCRIPTION_LONGDESCRIPTION></DESCRIPTION_LONGDESCRIPTION><HASLD>0</HASLD><IRV_APPRLIMIT>50000.0</IRV_APPRLIMIT><IRV_OUTOFHOURS>1</IRV_OUTOFHOURS><IRV_POTYPE>OTHER</IRV_POTYPE><ISCREWWORKGROUP>0</ISCREWWORKGROUP><LANGCODE>EN</LANGCODE><PERSONGROUP>HAOTH50</PERSONGROUP><PERSONGROUPID>364</PERSONGROUPID><PERSONGROUPTEAM><GROUPDEFAULT>1</GROUPDEFAULT><ORGDEFAULT>0</ORGDEFAULT><PERSONGROUPTEAMID>3013</PERSONGROUPTEAMID><RESPPARTY>HOLTM</RESPPARTY><RESPPARTYGROUP>HOLTM</RESPPARTYGROUP><RESPPARTYGROUPSEQ>1</RESPPARTYGROUPSEQ><RESPPARTYSEQ>1</RESPPARTYSEQ><SITEDEFAULT>0</SITEDEFAULT><USEFORORG></USEFORORG><USEFORSITE></USEFORSITE></PERSONGROUPTEAM></PERSONGROUP><PERSONGROUP action="AddChange"><DESCRIPTION>PO PPM up to £100,000</DESCRIPTION><DESCRIPTION_LONGDESCRIPTION></DESCRIPTION_LONGDESCRIPTION><HASLD>0</HASLD><IRV_APPRLIMIT>100000.0</IRV_APPRLIMIT><IRV_OUTOFHOURS>1</IRV_OUTOFHOURS><IRV_POTYPE>PPM</IRV_POTYPE><ISCREWWORKGROUP>0</ISCREWWORKGROUP><LANGCODE>EN</LANGCODE><PERSONGROUP>HAPPM100</PERSONGROUP><PERSONGROUPID>367</PERSONGROUPID><PERSONGROUPTEAM><GROUPDEFAULT>1</GROUPDEFAULT><ORGDEFAULT>0</ORGDEFAULT><PERSONGROUPTEAMID>2207</PERSONGROUPTEAMID><RESPPARTY>HOLTM</RESPPARTY><RESPPARTYGROUP>HOLTM</RESPPARTYGROUP><RESPPARTYGROUPSEQ>1</RESPPARTYGROUPSEQ><RESPPARTYSEQ>1</RESPPARTYSEQ><SITEDEFAULT>0</SITEDEFAULT><USEFORORG></USEFORORG><USEFORSITE></USEFORSITE></PERSONGROUPTEAM></PERSONGROUP><PERSONGROUP action="AddChange"><DESCRIPTION>PO PPM up to £25,000</DESCRIPTION><DESCRIPTION_LONGDESCRIPTION></DESCRIPTION_LONGDESCRIPTION><HASLD>0</HASLD><IRV_APPRLIMIT>25000.0</IRV_APPRLIMIT><IRV_OUTOFHOURS>1</IRV_OUTOFHOURS><IRV_POTYPE>PPM</IRV_POTYPE><ISCREWWORKGROUP>0</ISCREWWORKGROUP><LANGCODE>EN</LANGCODE><PERSONGROUP>HAPPM25</PERSONGROUP><PERSONGROUPID>363</PERSONGROUPID><PERSONGROUPTEAM><GROUPDEFAULT>1</GROUPDEFAULT><ORGDEFAULT>0</ORGDEFAULT><PERSONGROUPTEAMID>2622</PERSONGROUPTEAMID><RESPPARTY>HOLTM</RESPPARTY><RESPPARTYGROUP>HOLTM</RESPPARTYGROUP><RESPPARTYGROUPSEQ>1</RESPPARTYGROUPSEQ><RESPPARTYSEQ>1</RESPPARTYSEQ><SITEDEFAULT>0</SITEDEFAULT><USEFORORG></USEFORORG><USEFORSITE></USEFORSITE></PERSONGROUPTEAM></PERSONGROUP><PERSONGROUP action="AddChange"><DESCRIPTION>PO PPM up to £50,000</DESCRIPTION><DESCRIPTION_LONGDESCRIPTION></DESCRIPTION_LONGDESCRIPTION><HASLD>0</HASLD><IRV_APPRLIMIT>50000.0</IRV_APPRLIMIT><IRV_OUTOFHOURS>1</IRV_OUTOFHOURS><IRV_POTYPE>PPM</IRV_POTYPE><ISCREWWORKGROUP>0</ISCREWWORKGROUP><LANGCODE>EN</LANGCODE><PERSONGROUP>HAPPM50</PERSONGROUP><PERSONGROUPID>368</PERSONGROUPID><PERSONGROUPTEAM><GROUPDEFAULT>1</GROUPDEFAULT><ORGDEFAULT>0</ORGDEFAULT><PERSONGROUPTEAMID>2623</PERSONGROUPTEAMID><RESPPARTY>HOLTM</RESPPARTY><RESPPARTYGROUP>HOLTM</RESPPARTYGROUP><RESPPARTYGROUPSEQ>1</RESPPARTYGROUPSEQ><RESPPARTYSEQ>1</RESPPARTYSEQ><SITEDEFAULT>0</SITEDEFAULT><USEFORORG></USEFORORG><USEFORSITE></USEFORSITE></PERSONGROUPTEAM></PERSONGROUP><PERSONGROUP action="AddChange"><DESCRIPTION>PO Reactive up to £500</DESCRIPTION><DESCRIPTION_LONGDESCRIPTION></DESCRIPTION_LONGDESCRIPTION><HASLD>0</HASLD><IRV_APPRLIMIT>500.0</IRV_APPRLIMIT><IRV_OUTOFHOURS>0</IRV_OUTOFHOURS><IRV_POTYPE>REACTIVE</IRV_POTYPE><ISCREWWORKGROUP>0</ISCREWWORKGROUP><LANGCODE>EN</LANGCODE><PERSONGROUP>HAREA05</PERSONGROUP><PERSONGROUPID>365</PERSONGROUPID><PERSONGROUPTEAM><GROUPDEFAULT>0</GROUPDEFAULT><ORGDEFAULT>0</ORGDEFAULT><PERSONGROUPTEAMID>2537</PERSONGROUPTEAMID><RESPPARTY>AINSWORTHN</RESPPARTY><RESPPARTYGROUP>AINSWORTHN</RESPPARTYGROUP><RESPPARTYGROUPSEQ>10</RESPPARTYGROUPSEQ><RESPPARTYSEQ>10</RESPPARTYSEQ><SITEDEFAULT>0</SITEDEFAULT><USEFORORG></USEFORORG><USEFORSITE></USEFORSITE></PERSONGROUPTEAM><PERSONGROUPTEAM><GROUPDEFAULT>0</GROUPDEFAULT><ORGDEFAULT>0</ORGDEFAULT><PERSONGROUPTEAMID>4205</PERSONGROUPTEAMID><RESPPARTY>AKHTARS2</RESPPARTY><RESPPARTYGROUP>AKHTARS2</RESPPARTYGROUP><RESPPARTYGROUPSEQ>65</RESPPARTYGROUPSEQ><RESPPARTYSEQ>65</RESPPARTYSEQ><SITEDEFAULT>0</SITEDEFAULT><USEFORORG></USEFORORG><USEFORSITE></USEFORSITE></PERSONGROUPTEAM><PERSONGROUPTEAM><GROUPDEFAULT>0</GROUPDEFAULT><ORGDEFAULT>0</ORGDEFAULT><PERSONGROUPTEAMID>3005</PERSONGROUPTEAMID><RESPPARTY>AZEEMM</RESPPARTY><RESPPARTYGROUP>AZEEMM</RESPPARTYGROUP><RESPPARTYGROUPSEQ>40</RESPPARTYGROUPSEQ><RESPPARTYSEQ>40</RESPPARTYSEQ><SITEDEFAULT>0</SITEDEFAULT><USEFORORG></USEFORORG><USEFORSITE></USEFORSITE></PERSONGROUPTEAM><PERSONGROUPTEAM><GROUPDEFAULT>0</GROUPDEFAULT><ORGDEFAULT>0</ORGDEFAULT><PERSONGROUPTEAMID>3309</PERSONGROUPTEAMID><RESPPARTY>BECKFORDJ</RESPPARTY><RESPPARTYGROUP>BECKFORDJ</RESPPARTYGROUP><RESPPARTYGROUPSEQ>55</RESPPARTYGROUPSEQ><RESPPARTYSEQ>55</RESPPARTYSEQ><SITEDEFAULT>0</SITEDEFAULT><USEFORORG></USEFORORG><USEFORSITE></USEFORSITE></PERSONGROUPTEAM><PERSONGROUPTEAM><GROUPDEFAULT>0</GROUPDEFAULT><ORGDEFAULT>0</ORGDEFAULT><PERSONGROUPTEAMID>3903</PERSONGROUPTEAMID><RESPPARTY>BEWLEYK</RESPPARTY><RESPPARTYGROUP>BEWLEYK</RESPPARTYGROUP><RESPPARTYGROUPSEQ>45</RESPPARTYGROUPSEQ><RESPPARTYSEQ>45</RESPPARTYSEQ><SITEDEFAULT>0</SITEDEFAULT><USEFORORG></USEFORORG><USEFORSITE></USEFORSITE></PERSONGROUPTEAM><PERSONGROUPTEAM><GROUPDEFAULT>0</GROUPDEFAULT><ORGDEFAULT>0</ORGDEFAULT><PERSONGROUPTEAMID>2538</PERSONGROUPTEAMID><RESPPARTY>BICKERSTETHM</RESPPARTY><RESPPARTYGROUP>BICKERSTETHM</RESPPARTYGROUP><RESPPARTYGROUPSEQ>11</RESPPARTYGROUPSEQ><RESPPARTYSEQ>11</RESPPARTYSEQ><SITEDEFAULT>0</SITEDEFAULT><USEFORORG></USEFORORG><USEFORSITE></USEFORSITE></PERSONGROUPTEAM><PERSONGROUPTEAM><GROUPDEFAULT>0</GROUPDEFAULT><ORGDEFAULT>0</ORGDEFAULT><PERSONGROUPTEAMID>3030</PERSONGROUPTEAMID><RESPPARTY>BRADDICKW</RESPPARTY><RESPPARTYGROUP>BRADDICKW</RESPPARTYGROUP><RESPPARTYGROUPSEQ>51</RESPPARTYGROUPSEQ><RESPPARTYSEQ>51</RESPPARTYSEQ><SITEDEFAULT>0</SITEDEFAULT><USEFORORG></USEFORORG><USEFORSITE></USEFORSITE></PERSONGROUPTEAM><PERSONGROUPTEAM><GROUPDEFAULT>0</GROUPDEFAULT><ORGDEFAULT>0</ORGDEFAULT><PERSONGROUPTEAMID>2539</PERSONGROUPTEAMID><RESPPARTY>BYFIELDL</RESPPARTY><RESPPARTYGROUP>BYFIELDL</RESPPARTYGROUP><RESPPARTYGROUPSEQ>12</RESPPARTYGROUPSEQ><RESPPARTYSEQ>12</RESPPARTYSEQ><SITEDEFAULT>0</SITEDEFAULT><USEFORORG></USEFORORG><USEFORSITE></USEFORSITE></PERSONGROUPTEAM><PERSONGROUPTEAM><GROUPDEFAULT>0</GROUPDEFAULT><ORGDEFAULT>0</ORGDEFAULT><PERSONGROUPTEAMID>2540</PERSONGROUPTEAMID><RESPPARTY>CARDNOV</RESPPARTY><RESPPARTYGROUP>CARDNOV</RESPPARTYGROUP><RESPPARTYGROUPSEQ>13</RESPPARTYGROUPSEQ><RESPPARTYSEQ>13</RESPPARTYSEQ><SITEDEFAULT>0</SITEDEFAULT><USEFORORG></USEFORORG><USEFORSITE></USEFORSITE></PERSONGROUPTEAM><PERSONGROUPTEAM><GROUPDEFAULT>0</GROUPDEFAULT><ORGDEFAULT>0</ORGDEFAULT><PERSONGROUPTEAMID>3504</PERSONGROUPTEAMID><RESPPARTY>CARROLLM</RESPPARTY><RESPPARTYGROUP>CARROLLM</RESPPARTYGROUP><RESPPARTYGROUPSEQ>61</RESPPARTYGROUPSEQ><RESPPARTYSEQ>61</RESPPARTYSEQ><SITEDEFAULT>0</SITEDEFAULT><USEFORORG></USEFORORG><USEFORSITE></USEFORSITE></PERSONGROUPTEAM><PERSONGROUPTEAM><GROUPDEFAULT>0</GROUPDEFAULT><ORGDEFAULT>0</ORGDEFAULT><PERSONGROUPTEAMID>2541</PERSONGROUPTEAMID><RESPPARTY>CLAYJ</RESPPARTY><RESPPARTYGROUP>CLAYJ</RESPPARTYGROUP><RESPPARTYGROUPSEQ>14</RESPPARTYGROUPSEQ><RESPPARTYSEQ>14</RESPPARTYSEQ><SITEDEFAULT>0</SITEDEFAULT><USEFORORG></USEFORORG><USEFORSITE></USEFORSITE></PERSONGROUPTEAM><PERSONGROUPTEAM><GROUPDEFAULT>0</GROUPDEFAULT><ORGDEFAULT>0</ORGDEFAULT><PERSONGROUPTEAMID>2542</PERSONGROUPTEAMID><RESPPARTY>COLCOMBET</RESPPARTY><RESPPARTYGROUP>COLCOMBET</RESPPARTYGROUP><RESPPARTYGROUPSEQ>15</RESPPARTYGROUPSEQ><RESPPARTYSEQ>15</RESPPARTYSEQ><SITEDEFAULT>0</SITEDEFAULT><USEFORORG></USEFORORG><USEFORSITE></USEFORSITE></PERSONGROUPTEAM><PERSONGROUPTEAM><GROUPDEFAULT>0</GROUPDEFAULT><ORGDEFAULT>0</ORGDEFAULT><PERSONGROUPTEAMID>2543</PERSONGROUPTEAMID><RESPPARTY>CONNELLEYJ</RESPPARTY><RESPPARTYGROUP>CONNELLEYJ</RESPPARTYGROUP><RESPPARTYGROUPSEQ>16</RESPPARTYGROUPSEQ><RESPPARTYSEQ>16</RESPPARTYSEQ><SITEDEFAULT>0</SITEDEFAULT><USEFORORG></USEFORORG><USEFORSITE></USEFORSITE></PERSONGROUPTEAM><PERSONGROUPTEAM><GROUPDEFAULT>0</GROUPDEFAULT><ORGDEFAULT>0</ORGDEFAULT><PERSONGROUPTEAMID>4003</PERSONGROUPTEAMID><RESPPARTY>DAROCHR</RESPPARTY><RESPPARTYGROUP>DAROCHR</RESPPARTYGROUP><RESPPARTYGROUPSEQ>46</RESPPARTYGROUPSEQ><RESPPARTYSEQ>46</RESPPARTYSEQ><SITEDEFAULT>0</SITEDEFAULT><USEFORORG></USEFORORG><USEFORSITE></USEFORSITE></PERSONGROUPTEAM><PERSONGROUPTEAM><GROUPDEFAULT>0</GROUPDEFAULT><ORGDEFAULT>0</ORGDEFAULT><PERSONGROUPTEAMID>2544</PERSONGROUPTEAMID><RESPPARTY>DEVANEYJ</RESPPARTY><RESPPARTYGROUP>DEVANEYJ</RESPPARTYGROUP><RESPPARTYGROUPSEQ>17</RESPPARTYGROUPSEQ><RESPPARTYSEQ>17</RESPPARTYSEQ><SITEDEFAULT>0</SITEDEFAULT><USEFORORG></USEFORORG><USEFORSITE></USEFORSITE></PERSONGROUPTEAM><PERSONGROUPTEAM><GROUPDEFAULT>0</GROUPDEFAULT><ORGDEFAULT>0</ORGDEFAULT><PERSONGROUPTEAMID>2545</PERSONGROUPTEAMID><RESPPARTY>DWYERC</RESPPARTY><RESPPARTYGROUP>DWYERC</RESPPARTYGROUP><RESPPARTYGROUPSEQ>18</RESPPARTYGROUPSEQ><RESPPARTYSEQ>18</RESPPARTYSEQ><SITEDEFAULT>0</SITEDEFAULT><USEFORORG></USEFORORG><USEFORSITE></USEFORSITE></PERSONGROUPTEAM><PERSONGROUPTEAM><GROUPDEFAULT>0</GROUPDEFAULT><ORGDEFAULT>0</ORGDEFAULT><PERSONGROUPTEAMID>2546</PERSONGROUPTEAMID><RESPPARTY>DYERM</RESPPARTY><RESPPARTYGROUP>DYERM</RESPPARTYGROUP><RESPPARTYGROUPSEQ>19</RESPPARTYGROUPSEQ><RESPPARTYSEQ>19</RESPPARTYSEQ><SITEDEFAULT>0</SITEDEFAULT><USEFORORG></USEFORORG><USEFORSITE></USEFORSITE></PERSONGROUPTEAM><PERSONGROUPTEAM><GROUPDEFAULT>0</GROUPDEFAULT><ORGDEFAULT>0</ORGDEFAULT><PERSONGROUPTEAMID>3403</PERSONGROUPTEAMID><RESPPARTY>EELIAR</RESPPARTY><RESPPARTYGROUP>EELIAR</RESPPARTYGROUP><RESPPARTYGROUPSEQ>56</RESPPARTYGROUPSEQ><RESPPARTYSEQ>56</RESPPARTYSEQ><SITEDEFAULT>0</SITEDEFAULT><USEFORORG></USEFORORG><USEFORSITE></USEFORSITE></PERSONGROUPTEAM><PERSONGROUPTEAM><GROUPDEFAULT>0</GROUPDEFAULT><ORGDEFAULT>0</ORGDEFAULT><PERSONGROUPTEAMID>2547</PERSONGROUPTEAMID><RESPPARTY>EMPSONJ</RESPPARTY><RESPPARTYGROUP>EMPSONJ</RESPPARTYGROUP><RESPPARTYGROUPSEQ>20</RESPPARTYGROUPSEQ><RESPPARTYSEQ>20</RESPPARTYSEQ><SITEDEFAULT>0</SITEDEFAULT><USEFORORG></USEFORORG><USEFORSITE></USEFORSITE></PERSONGROUPTEAM><PERSONGROUPTEAM><GROUPDEFAULT>0</GROUPDEFAULT><ORGDEFAULT>0</ORGDEFAULT><PERSONGROUPTEAMID>2548</PERSONGROUPTEAMID><RESPPARTY>FLEMMINGS</RESPPARTY><RESPPARTYGROUP>FLEMMINGS</RESPPARTYGROUP><RESPPARTYGROUPSEQ>21</RESPPARTYGROUPSEQ><RESPPARTYSEQ>21</RESPPARTYSEQ><SITEDEFAULT>0</SITEDEFAULT><USEFORORG></USEFORORG><USEFORSITE></USEFORSITE></PERSONGROUPTEAM><PERSONGROUPTEAM><GROUPDEFAULT>0</GROUPDEFAULT><ORGDEFAULT>0</ORGDEFAULT><PERSONGROUPTEAMID>2549</PERSONGROUPTEAMID><RESPPARTY>FOSTERV</RESPPARTY><RESPPARTYGROUP>FOSTERV</RESPPARTYGROUP><RESPPARTYGROUPSEQ>22</RESPPARTYGROUPSEQ><RESPPARTYSEQ>22</RESPPARTYSEQ><SITEDEFAULT>0</SITEDEFAULT><USEFORORG></USEFORORG><USEFORSITE></USEFORSITE></PERSONGROUPTEAM><PERSONGROUPTEAM><GROUPDEFAULT>0</GROUPDEFAULT><ORGDEFAULT>0</ORGDEFAULT><PERSONGROUPTEAMID>3006</PERSONGROUPTEAMID><RESPPARTY>GARRETTP</RESPPARTY><RESPPARTYGROUP>GARRETTP</RESPPARTYGROUP><RESPPARTYGROUPSEQ>41</RESPPARTYGROUPSEQ><RESPPARTYSEQ>41</RESPPARTYSEQ><SITEDEFAULT>0</SITEDEFAULT><USEFORORG></USEFORORG><USEFORSITE></USEFORSITE></PERSONGROUPTEAM><PERSONGROUPTEAM><GROUPDEFAULT>0</GROUPDEFAULT><ORGDEFAULT>0</ORGDEFAULT><PERSONGROUPTEAMID>2550</PERSONGROUPTEAMID><RESPPARTY>GIBBONS</RESPPARTY><RESPPARTYGROUP>GIBBONS</RESPPARTYGROUP><RESPPARTYGROUPSEQ>23</RESPPARTYGROUPSEQ><RESPPARTYSEQ>23</RESPPARTYSEQ><SITEDEFAULT>0</SITEDEFAULT><USEFORORG></USEFORORG><USEFORSITE></USEFORSITE></PERSONGROUPTEAM><PERSONGROUPTEAM><GROUPDEFAULT>0</GROUPDEFAULT><ORGDEFAULT>0</ORGDEFAULT><PERSONGROUPTEAMID>3002</PERSONGROUPTEAMID><RESPPARTY>HALFORDG</RESPPARTY><RESPPARTYGROUP>HALFORDG</RESPPARTYGROUP><RESPPARTYGROUPSEQ>37</RESPPARTYGROUPSEQ><RESPPARTYSEQ>37</RESPPARTYSEQ><SITEDEFAULT>0</SITEDEFAULT><USEFORORG></USEFORORG><USEFORSITE></USEFORSITE></PERSONGROUPTEAM><PERSONGROUPTEAM><GROUPDEFAULT>0</GROUPDEFAULT><ORGDEFAULT>0</ORGDEFAULT><PERSONGROUPTEAMID>2551</PERSONGROUPTEAMID><RESPPARTY>HARKERA</RESPPARTY><RESPPARTYGROUP>HARKERA</RESPPARTYGROUP><RESPPARTYGROUPSEQ>24</RESPPARTYGROUPSEQ><RESPPARTYSEQ>24</RESPPARTYSEQ><SITEDEFAULT>0</SITEDEFAULT><USEFORORG></USEFORORG><USEFORSITE></USEFORSITE></PERSONGROUPTEAM><PERSONGROUPTEAM><GROUPDEFAULT>0</GROUPDEFAULT><ORGDEFAULT>0</ORGDEFAULT><PERSONGROUPTEAMID>3029</PERSONGROUPTEAMID><RESPPARTY>HAWKETTSH</RESPPARTY><RESPPARTYGROUP>HAWKETTSH</RESPPARTYGROUP><RESPPARTYGROUPSEQ>50</RESPPARTYGROUPSEQ><RESPPARTYSEQ>50</RESPPARTYSEQ><SITEDEFAULT>0</SITEDEFAULT><USEFORORG></USEFORORG><USEFORSITE></USEFORSITE></PERSONGROUPTEAM><PERSONGROUPTEAM><GROUPDEFAULT>0</GROUPDEFAULT><ORGDEFAULT>0</ORGDEFAULT><PERSONGROUPTEAMID>3033</PERSONGROUPTEAMID><RESPPARTY>HOPEWELLJ</RESPPARTY><RESPPARTYGROUP>HOPEWELLJ</RESPPARTYGROUP><RESPPARTYGROUPSEQ>52</RESPPARTYGROUPSEQ><RESPPARTYSEQ>52</RESPPARTYSEQ><SITEDEFAULT>0</SITEDEFAULT><USEFORORG></USEFORORG><USEFORSITE></USEFORSITE></PERSONGROUPTEAM><PERSONGROUPTEAM><GROUPDEFAULT>0</GROUPDEFAULT><ORGDEFAULT>0</ORGDEFAULT><PERSONGROUPTEAMID>3039</PERSONGROUPTEAMID><RESPPARTY>JOHNSOND</RESPPARTY><RESPPARTYGROUP>JOHNSOND</RESPPARTYGROUP><RESPPARTYGROUPSEQ>54</RESPPARTYGROUPSEQ><RESPPARTYSEQ>54</RESPPARTYSEQ><SITEDEFAULT>0</SITEDEFAULT><USEFORORG></USEFORORG><USEFORSITE></USEFORSITE></PERSONGROUPTEAM><PERSONGROUPTEAM><GROUPDEFAULT>0</GROUPDEFAULT><ORGDEFAULT>0</ORGDEFAULT><PERSONGROUPTEAMID>2552</PERSONGROUPTEAMID><RESPPARTY>KEYK</RESPPARTY><RESPPARTYGROUP>KEYK</RESPPARTYGROUP><RESPPARTYGROUPSEQ>25</RESPPARTYGROUPSEQ><RESPPARTYSEQ>25</RESPPARTYSEQ><SITEDEFAULT>0</SITEDEFAULT><USEFORORG></USEFORORG><USEFORSITE></USEFORSITE></PERSONGROUPTEAM><PERSONGROUPTEAM><GROUPDEFAULT>0</GROUPDEFAULT><ORGDEFAULT>0</ORGDEFAULT><PERSONGROUPTEAMID>3502</PERSONGROUPTEAMID><RESPPARTY>KHANT</RESPPARTY><RESPPARTYGROUP>KHANT</RESPPARTYGROUP><RESPPARTYGROUPSEQ>57</RESPPARTYGROUPSEQ><RESPPARTYSEQ>57</RESPPARTYSEQ><SITEDEFAULT>0</SITEDEFAULT><USEFORORG></USEFORORG><USEFORSITE></USEFORSITE></PERSONGROUPTEAM><PERSONGROUPTEAM><GROUPDEFAULT>0</GROUPDEFAULT><ORGDEFAULT>0</ORGDEFAULT><PERSONGROUPTEAMID>4204</PERSONGROUPTEAMID><RESPPARTY>LAMBS2</RESPPARTY><RESPPARTYGROUP>LAMBS2</RESPPARTYGROUP><RESPPARTYGROUPSEQ>64</RESPPARTYGROUPSEQ><RESPPARTYSEQ>64</RESPPARTYSEQ><SITEDEFAULT>0</SITEDEFAULT><USEFORORG></USEFORORG><USEFORSITE></USEFORSITE></PERSONGROUPTEAM><PERSONGROUPTEAM><GROUPDEFAULT>0</GROUPDEFAULT><ORGDEFAULT>0</ORGDEFAULT><PERSONGROUPTEAMID>2553</PERSONGROUPTEAMID><RESPPARTY>LAYTONN</RESPPARTY><RESPPARTYGROUP>LAYTONN</RESPPARTYGROUP><RESPPARTYGROUPSEQ>26</RESPPARTYGROUPSEQ><RESPPARTYSEQ>26</RESPPARTYSEQ><SITEDEFAULT>0</SITEDEFAULT><USEFORORG></USEFORORG><USEFORSITE></USEFORSITE></PERSONGROUPTEAM><PERSONGROUPTEAM><GROUPDEFAULT>0</GROUPDEFAULT><ORGDEFAULT>0</ORGDEFAULT><PERSONGROUPTEAMID>3003</PERSONGROUPTEAMID><RESPPARTY>LEWISO</RESPPARTY><RESPPARTYGROUP>LEWISO</RESPPARTYGROUP><RESPPARTYGROUPSEQ>38</RESPPARTYGROUPSEQ><RESPPARTYSEQ>38</RESPPARTYSEQ><SITEDEFAULT>0</SITEDEFAULT><USEFORORG></USEFORORG><USEFORSITE></USEFORSITE></PERSONGROUPTEAM><PERSONGROUPTEAM><GROUPDEFAULT>0</GROUPDEFAULT><ORGDEFAULT>0</ORGDEFAULT><PERSONGROUPTEAMID>2554</PERSONGROUPTEAMID><RESPPARTY>MCEWANJ</RESPPARTY><RESPPARTYGROUP>MCEWANJ</RESPPARTYGROUP><RESPPARTYGROUPSEQ>27</RESPPARTYGROUPSEQ><RESPPARTYSEQ>27</RESPPARTYSEQ><SITEDEFAULT>0</SITEDEFAULT><USEFORORG></USEFORORG><USEFORSITE></USEFORSITE></PERSONGROUPTEAM><PERSONGROUPTEAM><GROUPDEFAULT>0</GROUPDEFAULT><ORGDEFAULT>0</ORGDEFAULT><PERSONGROUPTEAMID>2555</PERSONGROUPTEAMID><RESPPARTY>MOXOND</RESPPARTY><RESPPARTYGROUP>MOXOND</RESPPARTYGROUP><RESPPARTYGROUPSEQ>28</RESPPARTYGROUPSEQ><RESPPARTYSEQ>28</RESPPARTYSEQ><SITEDEFAULT>0</SITEDEFAULT><USEFORORG></USEFORORG><USEFORSITE></USEFORSITE></PERSONGROUPTEAM><PERSONGROUPTEAM><GROUPDEFAULT>0</GROUPDEFAULT><ORGDEFAULT>0</ORGDEFAULT><PERSONGROUPTEAMID>4103</PERSONGROUPTEAMID><RESPPARTY>MURTAGHC</RESPPARTY><RESPPARTYGROUP>MURTAGHC</RESPPARTYGROUP><RESPPARTYGROUPSEQ>63</RESPPARTYGROUPSEQ><RESPPARTYSEQ>63</RESPPARTYSEQ><SITEDEFAULT>0</SITEDEFAULT><USEFORORG></USEFORORG><USEFORSITE></USEFORSITE></PERSONGROUPTEAM><PERSONGROUPTEAM><GROUPDEFAULT>0</GROUPDEFAULT><ORGDEFAULT>0</ORGDEFAULT><PERSONGROUPTEAMID>3602</PERSONGROUPTEAMID><RESPPARTY>NGWATUNGC</RESPPARTY><RESPPARTYGROUP>NGWATUNGC</RESPPARTYGROUP><RESPPARTYGROUPSEQ>58</RESPPARTYGROUPSEQ><RESPPARTYSEQ>58</RESPPARTYSEQ><SITEDEFAULT>0</SITEDEFAULT><USEFORORG></USEFORORG><USEFORSITE></USEFORSITE></PERSONGROUPTEAM><PERSONGROUPTEAM><GROUPDEFAULT>0</GROUPDEFAULT><ORGDEFAULT>0</ORGDEFAULT><PERSONGROUPTEAMID>3037</PERSONGROUPTEAMID><RESPPARTY>PATELT</RESPPARTY><RESPPARTYGROUP>PATELT</RESPPARTYGROUP><RESPPARTYGROUPSEQ>53</RESPPARTYGROUPSEQ><RESPPARTYSEQ>53</RESPPARTYSEQ><SITEDEFAULT>0</SITEDEFAULT><USEFORORG></USEFORORG><USEFORSITE></USEFORSITE></PERSONGROUPTEAM><PERSONGROUPTEAM><GROUPDEFAULT>0</GROUPDEFAULT><ORGDEFAULT>0</ORGDEFAULT><PERSONGROUPTEAMID>2556</PERSONGROUPTEAMID><RESPPARTY>PELKAM</RESPPARTY><RESPPARTYGROUP>PELKAM</RESPPARTYGROUP><RESPPARTYGROUPSEQ>29</RESPPARTYGROUPSEQ><RESPPARTYSEQ>29</RESPPARTYSEQ><SITEDEFAULT>0</SITEDEFAULT><USEFORORG></USEFORORG><USEFORSITE></USEFORSITE></PERSONGROUPTEAM><PERSONGROUPTEAM><GROUPDEFAULT>0</GROUPDEFAULT><ORGDEFAULT>0</ORGDEFAULT><PERSONGROUPTEAMID>2557</PERSONGROUPTEAMID><RESPPARTY>POAPPR</RESPPARTY><RESPPARTYGROUP>POAPPR</RESPPARTYGROUP><RESPPARTYGROUPSEQ>30</RESPPARTYGROUPSEQ><RESPPARTYSEQ>30</RESPPARTYSEQ><SITEDEFAULT>0</SITEDEFAULT><USEFORORG></USEFORORG><USEFORSITE></USEFORSITE></PERSONGROUPTEAM><PERSONGROUPTEAM><GROUPDEFAULT>0</GROUPDEFAULT><ORGDEFAULT>0</ORGDEFAULT><PERSONGROUPTEAMID>2558</PERSONGROUPTEAMID><RESPPARTY>PROCUREMENT</RESPPARTY><RESPPARTYGROUP>PROCUREMENT</RESPPARTYGROUP><RESPPARTYGROUPSEQ>31</RESPPARTYGROUPSEQ><RESPPARTYSEQ>31</RESPPARTYSEQ><SITEDEFAULT>0</SITEDEFAULT><USEFORORG></USEFORORG><USEFORSITE></USEFORSITE></PERSONGROUPTEAM><PERSONGROUPTEAM><GROUPDEFAULT>0</GROUPDEFAULT><ORGDEFAULT>0</ORGDEFAULT><PERSONGROUPTEAMID>3007</PERSONGROUPTEAMID><RESPPARTY>RANDHAWAM</RESPPARTY><RESPPARTYGROUP>RANDHAWAM</RESPPARTYGROUP><RESPPARTYGROUPSEQ>42</RESPPARTYGROUPSEQ><RESPPARTYSEQ>42</RESPPARTYSEQ><SITEDEFAULT>0</SITEDEFAULT><USEFORORG></USEFORORG><USEFORSITE></USEFORSITE></PERSONGROUPTEAM><PERSONGROUPTEAM><GROUPDEFAULT>0</GROUPDEFAULT><ORGDEFAULT>0</ORGDEFAULT><PERSONGROUPTEAMID>3008</PERSONGROUPTEAMID><RESPPARTY>RANDHAWAP</RESPPARTY><RESPPARTYGROUP>RANDHAWAP</RESPPARTYGROUP><RESPPARTYGROUPSEQ>43</RESPPARTYGROUPSEQ><RESPPARTYSEQ>43</RESPPARTYSEQ><SITEDEFAULT>0</SITEDEFAULT><USEFORORG></USEFORORG><USEFORSITE></USEFORSITE></PERSONGROUPTEAM><PERSONGROUPTEAM><GROUPDEFAULT>0</GROUPDEFAULT><ORGDEFAULT>0</ORGDEFAULT><PERSONGROUPTEAMID>2559</PERSONGROUPTEAMID><RESPPARTY>SHARPC</RESPPARTY><RESPPARTYGROUP>SHARPC</RESPPARTYGROUP><RESPPARTYGROUPSEQ>32</RESPPARTYGROUPSEQ><RESPPARTYSEQ>32</RESPPARTYSEQ><SITEDEFAULT>0</SITEDEFAULT><USEFORORG></USEFORORG><USEFORSITE></USEFORSITE></PERSONGROUPTEAM><PERSONGROUPTEAM><GROUPDEFAULT>0</GROUPDEFAULT><ORGDEFAULT>0</ORGDEFAULT><PERSONGROUPTEAMID>3004</PERSONGROUPTEAMID><RESPPARTY>SHAWT</RESPPARTY><RESPPARTYGROUP>SHAWT</RESPPARTYGROUP><RESPPARTYGROUPSEQ>39</RESPPARTYGROUPSEQ><RESPPARTYSEQ>39</RESPPARTYSEQ><SITEDEFAULT>0</SITEDEFAULT><USEFORORG></USEFORORG><USEFORSITE></USEFORSITE></PERSONGROUPTEAM><PERSONGROUPTEAM><GROUPDEFAULT>0</GROUPDEFAULT><ORGDEFAULT>0</ORGDEFAULT><PERSONGROUPTEAMID>2560</PERSONGROUPTEAMID><RESPPARTY>SILCOCKL</RESPPARTY><RESPPARTYGROUP>SILCOCKL</RESPPARTYGROUP><RESPPARTYGROUPSEQ>33</RESPPARTYGROUPSEQ><RESPPARTYSEQ>33</RESPPARTYSEQ><SITEDEFAULT>0</SITEDEFAULT><USEFORORG></USEFORORG><USEFORSITE></USEFORSITE></PERSONGROUPTEAM><PERSONGROUPTEAM><GROUPDEFAULT>0</GROUPDEFAULT><ORGDEFAULT>0</ORGDEFAULT><PERSONGROUPTEAMID>2561</PERSONGROUPTEAMID><RESPPARTY>SINGHM</RESPPARTY><RESPPARTYGROUP>SINGHM</RESPPARTYGROUP><RESPPARTYGROUPSEQ>34</RESPPARTYGROUPSEQ><RESPPARTYSEQ>34</RESPPARTYSEQ><SITEDEFAULT>0</SITEDEFAULT><USEFORORG></USEFORORG><USEFORSITE></USEFORSITE></PERSONGROUPTEAM><PERSONGROUPTEAM><GROUPDEFAULT>0</GROUPDEFAULT><ORGDEFAULT>0</ORGDEFAULT><PERSONGROUPTEAMID>3009</PERSONGROUPTEAMID><RESPPARTY>SKOCZYLASD</RESPPARTY><RESPPARTYGROUP>SKOCZYLASD</RESPPARTYGROUP><RESPPARTYGROUPSEQ>44</RESPPARTYGROUPSEQ><RESPPARTYSEQ>44</RESPPARTYSEQ><SITEDEFAULT>0</SITEDEFAULT><USEFORORG></USEFORORG><USEFORSITE></USEFORSITE></PERSONGROUPTEAM><PERSONGROUPTEAM><GROUPDEFAULT>0</GROUPDEFAULT><ORGDEFAULT>0</ORGDEFAULT><PERSONGROUPTEAMID>2562</PERSONGROUPTEAMID><RESPPARTY>TEWD</RESPPARTY><RESPPARTYGROUP>TEWD</RESPPARTYGROUP><RESPPARTYGROUPSEQ>35</RESPPARTYGROUPSEQ><RESPPARTYSEQ>35</RESPPARTYSEQ><SITEDEFAULT>0</SITEDEFAULT><USEFORORG></USEFORORG><USEFORSITE></USEFORSITE></PERSONGROUPTEAM><PERSONGROUPTEAM><GROUPDEFAULT>1</GROUPDEFAULT><ORGDEFAULT>0</ORGDEFAULT><PERSONGROUPTEAMID>2563</PERSONGROUPTEAMID><RESPPARTY>THORNLEYL</RESPPARTY><RESPPARTYGROUP>THORNLEYL</RESPPARTYGROUP><RESPPARTYGROUPSEQ>36</RESPPARTYGROUPSEQ><RESPPARTYSEQ>36</RESPPARTYSEQ><SITEDEFAULT>0</SITEDEFAULT><USEFORORG></USEFORORG><USEFORSITE></USEFORSITE></PERSONGROUPTEAM><PERSONGROUPTEAM><GROUPDEFAULT>0</GROUPDEFAULT><ORGDEFAULT>0</ORGDEFAULT><PERSONGROUPTEAMID>4203</PERSONGROUPTEAMID><RESPPARTY>WALKERD</RESPPARTY><RESPPARTYGROUP>WALKERD</RESPPARTYGROUP><RESPPARTYGROUPSEQ>60</RESPPARTYGROUPSEQ><RESPPARTYSEQ>60</RESPPARTYSEQ><SITEDEFAULT>0</SITEDEFAULT><USEFORORG></USEFORORG><USEFORSITE></USEFORSITE></PERSONGROUPTEAM><PERSONGROUPTEAM><GROUPDEFAULT>0</GROUPDEFAULT><ORGDEFAULT>0</ORGDEFAULT><PERSONGROUPTEAMID>3505</PERSONGROUPTEAMID><RESPPARTY>WARMINGTONS</RESPPARTY><RESPPARTYGROUP>WARMINGTONS</RESPPARTYGROUP><RESPPARTYGROUPSEQ>62</RESPPARTYGROUPSEQ><RESPPARTYSEQ>62</RESPPARTYSEQ><SITEDEFAULT>0</SITEDEFAULT><USEFORORG></USEFORORG><USEFORSITE></USEFORSITE></PERSONGROUPTEAM><PERSONGROUPTEAM><GROUPDEFAULT>0</GROUPDEFAULT><ORGDEFAULT>0</ORGDEFAULT><PERSONGROUPTEAMID>4206</PERSONGROUPTEAMID><RESPPARTY>WILCOXK</RESPPARTY><RESPPARTYGROUP>WILCOXK</RESPPARTYGROUP><RESPPARTYGROUPSEQ>66</RESPPARTYGROUPSEQ><RESPPARTYSEQ>66</RESPPARTYSEQ><SITEDEFAULT>0</SITEDEFAULT><USEFORORG></USEFORORG><USEFORSITE></USEFORSITE></PERSONGROUPTEAM></PERSONGROUP><PERSONGROUP action="AddChange"><DESCRIPTION>PO Reactive up to £1,000</DESCRIPTION><DESCRIPTION_LONGDESCRIPTION></DESCRIPTION_LONGDESCRIPTION><HASLD>0</HASLD><IRV_APPRLIMIT>1000.0</IRV_APPRLIMIT><IRV_OUTOFHOURS>1</IRV_OUTOFHOURS><IRV_POTYPE>REACTIVE</IRV_POTYPE><ISCREWWORKGROUP>0</ISCREWWORKGROUP><LANGCODE>EN</LANGCODE><PERSONGROUP>HAREA1</PERSONGROUP><PERSONGROUPID>366</PERSONGROUPID><PERSONGROUPTEAM><GROUPDEFAULT>0</GROUPDEFAULT><ORGDEFAULT>0</ORGDEFAULT><PERSONGROUPTEAMID>2483</PERSONGROUPTEAMID><RESPPARTY>AINSWORTHN</RESPPARTY><RESPPARTYGROUP>AINSWORTHN</RESPPARTYGROUP><RESPPARTYGROUPSEQ>10</RESPPARTYGROUPSEQ><RESPPARTYSEQ>10</RESPPARTYSEQ><SITEDEFAULT>0</SITEDEFAULT><USEFORORG></USEFORORG><USEFORSITE></USEFORSITE></PERSONGROUPTEAM><PERSONGROUPTEAM><GROUPDEFAULT>0</GROUPDEFAULT><ORGDEFAULT>0</ORGDEFAULT><PERSONGROUPTEAMID>4210</PERSONGROUPTEAMID><RESPPARTY>AKHTARS2</RESPPARTY><RESPPARTYGROUP>AKHTARS2</RESPPARTYGROUP><RESPPARTYGROUPSEQ>69</RESPPARTYGROUPSEQ><RESPPARTYSEQ>69</RESPPARTYSEQ><SITEDEFAULT>0</SITEDEFAULT><USEFORORG></USEFORORG><USEFORSITE></USEFORSITE></PERSONGROUPTEAM><PERSONGROUPTEAM><GROUPDEFAULT>0</GROUPDEFAULT><ORGDEFAULT>0</ORGDEFAULT><PERSONGROUPTEAMID>2958</PERSONGROUPTEAMID><RESPPARTY>AZEEMM</RESPPARTY><RESPPARTYGROUP>AZEEMM</RESPPARTYGROUP><RESPPARTYGROUPSEQ>52</RESPPARTYGROUPSEQ><RESPPARTYSEQ>52</RESPPARTYSEQ><SITEDEFAULT>0</SITEDEFAULT><USEFORORG></USEFORORG><USEFORSITE></USEFORSITE></PERSONGROUPTEAM><PERSONGROUPTEAM><GROUPDEFAULT>0</GROUPDEFAULT><ORGDEFAULT>0</ORGDEFAULT><PERSONGROUPTEAMID>3904</PERSONGROUPTEAMID><RESPPARTY>BEWLEYK</RESPPARTY><RESPPARTYGROUP>BEWLEYK</RESPPARTYGROUP><RESPPARTYGROUPSEQ>58</RESPPARTYGROUPSEQ><RESPPARTYSEQ>58</RESPPARTYSEQ><SITEDEFAULT>0</SITEDEFAULT><USEFORORG></USEFORORG><USEFORSITE></USEFORSITE></PERSONGROUPTEAM><PERSONGROUPTEAM><GROUPDEFAULT>0</GROUPDEFAULT><ORGDEFAULT>0</ORGDEFAULT><PERSONGROUPTEAMID>2484</PERSONGROUPTEAMID><RESPPARTY>BICKERSTETHM</RESPPARTY><RESPPARTYGROUP>BICKERSTETHM</RESPPARTYGROUP><RESPPARTYGROUPSEQ>11</RESPPARTYGROUPSEQ><RESPPARTYSEQ>11</RESPPARTYSEQ><SITEDEFAULT>0</SITEDEFAULT><USEFORORG></USEFORORG><USEFORSITE></USEFORSITE></PERSONGROUPTEAM><PERSONGROUPTEAM><GROUPDEFAULT>0</GROUPDEFAULT><ORGDEFAULT>0</ORGDEFAULT><PERSONGROUPTEAMID>3045</PERSONGROUPTEAMID><RESPPARTY>BRADDICKW</RESPPARTY><RESPPARTYGROUP>BRADDICKW</RESPPARTYGROUP><RESPPARTYGROUPSEQ>61</RESPPARTYGROUPSEQ><RESPPARTYSEQ>61</RESPPARTYSEQ><SITEDEFAULT>0</SITEDEFAULT><USEFORORG></USEFORORG><USEFORSITE></USEFORSITE></PERSONGROUPTEAM><PERSONGROUPTEAM><GROUPDEFAULT>0</GROUPDEFAULT><ORGDEFAULT>0</ORGDEFAULT><PERSONGROUPTEAMID>2486</PERSONGROUPTEAMID><RESPPARTY>BYFIELDL</RESPPARTY><RESPPARTYGROUP>BYFIELDL</RESPPARTYGROUP><RESPPARTYGROUPSEQ>12</RESPPARTYGROUPSEQ><RESPPARTYSEQ>12</RESPPARTYSEQ><SITEDEFAULT>0</SITEDEFAULT><USEFORORG></USEFORORG><USEFORSITE></USEFORSITE></PERSONGROUPTEAM><PERSONGROUPTEAM><GROUPDEFAULT>0</GROUPDEFAULT><ORGDEFAULT>0</ORGDEFAULT><PERSONGROUPTEAMID>2488</PERSONGROUPTEAMID><RESPPARTY>CARDNOV</RESPPARTY><RESPPARTYGROUP>CARDNOV</RESPPARTYGROUP><RESPPARTYGROUPSEQ>13</RESPPARTYGROUPSEQ><RESPPARTYSEQ>13</RESPPARTYSEQ><SITEDEFAULT>0</SITEDEFAULT><USEFORORG></USEFORORG><USEFORSITE></USEFORSITE></PERSONGROUPTEAM><PERSONGROUPTEAM><GROUPDEFAULT>0</GROUPDEFAULT><ORGDEFAULT>0</ORGDEFAULT><PERSONGROUPTEAMID>3506</PERSONGROUPTEAMID><RESPPARTY>CARROLLM</RESPPARTY><RESPPARTYGROUP>CARROLLM</RESPPARTYGROUP><RESPPARTYGROUPSEQ>62</RESPPARTYGROUPSEQ><RESPPARTYSEQ>62</RESPPARTYSEQ><SITEDEFAULT>0</SITEDEFAULT><USEFORORG></USEFORORG><USEFORSITE></USEFORSITE></PERSONGROUPTEAM><PERSONGROUPTEAM><GROUPDEFAULT>0</GROUPDEFAULT><ORGDEFAULT>0</ORGDEFAULT><PERSONGROUPTEAMID>2490</PERSONGROUPTEAMID><RESPPARTY>CLAYJ</RESPPARTY><RESPPARTYGROUP>CLAYJ</RESPPARTYGROUP><RESPPARTYGROUPSEQ>14</RESPPARTYGROUPSEQ><RESPPARTYSEQ>14</RESPPARTYSEQ><SITEDEFAULT>0</SITEDEFAULT><USEFORORG></USEFORORG><USEFORSITE></USEFORSITE></PERSONGROUPTEAM><PERSONGROUPTEAM><GROUPDEFAULT>0</GROUPDEFAULT><ORGDEFAULT>0</ORGDEFAULT><PERSONGROUPTEAMID>2492</PERSONGROUPTEAMID><RESPPARTY>COLCOMBET</RESPPARTY><RESPPARTYGROUP>COLCOMBET</RESPPARTYGROUP><RESPPARTYGROUPSEQ>15</RESPPARTYGROUPSEQ><RESPPARTYSEQ>15</RESPPARTYSEQ><SITEDEFAULT>0</SITEDEFAULT><USEFORORG></USEFORORG><USEFORSITE></USEFORSITE></PERSONGROUPTEAM><PERSONGROUPTEAM><GROUPDEFAULT>0</GROUPDEFAULT><ORGDEFAULT>0</ORGDEFAULT><PERSONGROUPTEAMID>2931</PERSONGROUPTEAMID><RESPPARTY>COLEM</RESPPARTY><RESPPARTYGROUP>COLEM</RESPPARTYGROUP><RESPPARTYGROUPSEQ>41</RESPPARTYGROUPSEQ><RESPPARTYSEQ>41</RESPPARTYSEQ><SITEDEFAULT>0</SITEDEFAULT><USEFORORG></USEFORORG><USEFORSITE></USEFORSITE></PERSONGROUPTEAM><PERSONGROUPTEAM><GROUPDEFAULT>0</GROUPDEFAULT><ORGDEFAULT>0</ORGDEFAULT><PERSONGROUPTEAMID>2494</PERSONGROUPTEAMID><RESPPARTY>CONNELLEYJ</RESPPARTY><RESPPARTYGROUP>CONNELLEYJ</RESPPARTYGROUP><RESPPARTYGROUPSEQ>16</RESPPARTYGROUPSEQ><RESPPARTYSEQ>16</RESPPARTYSEQ><SITEDEFAULT>0</SITEDEFAULT><USEFORORG></USEFORORG><USEFORSITE></USEFORSITE></PERSONGROUPTEAM><PERSONGROUPTEAM><GROUPDEFAULT>0</GROUPDEFAULT><ORGDEFAULT>0</ORGDEFAULT><PERSONGROUPTEAMID>4004</PERSONGROUPTEAMID><RESPPARTY>DAROCHR</RESPPARTY><RESPPARTYGROUP>DAROCHR</RESPPARTYGROUP><RESPPARTYGROUPSEQ>66</RESPPARTYGROUPSEQ><RESPPARTYSEQ>66</RESPPARTYSEQ><SITEDEFAULT>0</SITEDEFAULT><USEFORORG></USEFORORG><USEFORSITE></USEFORSITE></PERSONGROUPTEAM><PERSONGROUPTEAM><GROUPDEFAULT>0</GROUPDEFAULT><ORGDEFAULT>0</ORGDEFAULT><PERSONGROUPTEAMID>2496</PERSONGROUPTEAMID><RESPPARTY>DEVANEYJ</RESPPARTY><RESPPARTYGROUP>DEVANEYJ</RESPPARTYGROUP><RESPPARTYGROUPSEQ>17</RESPPARTYGROUPSEQ><RESPPARTYSEQ>17</RESPPARTYSEQ><SITEDEFAULT>0</SITEDEFAULT><USEFORORG></USEFORORG><USEFORSITE></USEFORSITE></PERSONGROUPTEAM><PERSONGROUPTEAM><GROUPDEFAULT>0</GROUPDEFAULT><ORGDEFAULT>0</ORGDEFAULT><PERSONGROUPTEAMID>2498</PERSONGROUPTEAMID><RESPPARTY>DWYERC</RESPPARTY><RESPPARTYGROUP>DWYERC</RESPPARTYGROUP><RESPPARTYGROUPSEQ>18</RESPPARTYGROUPSEQ><RESPPARTYSEQ>18</RESPPARTYSEQ><SITEDEFAULT>0</SITEDEFAULT><USEFORORG></USEFORORG><USEFORSITE></USEFORSITE></PERSONGROUPTEAM><PERSONGROUPTEAM><GROUPDEFAULT>0</GROUPDEFAULT><ORGDEFAULT>0</ORGDEFAULT><PERSONGROUPTEAMID>2500</PERSONGROUPTEAMID><RESPPARTY>DYERM</RESPPARTY><RESPPARTYGROUP>DYERM</RESPPARTYGROUP><RESPPARTYGROUPSEQ>19</RESPPARTYGROUPSEQ><RESPPARTYSEQ>19</RESPPARTYSEQ><SITEDEFAULT>0</SITEDEFAULT><USEFORORG></USEFORORG><USEFORSITE></USEFORSITE></PERSONGROUPTEAM><PERSONGROUPTEAM><GROUPDEFAULT>0</GROUPDEFAULT><ORGDEFAULT>0</ORGDEFAULT><PERSONGROUPTEAMID>3404</PERSONGROUPTEAMID><RESPPARTY>EELIAR</RESPPARTY><RESPPARTYGROUP>EELIAR</RESPPARTYGROUP><RESPPARTYGROUPSEQ>63</RESPPARTYGROUPSEQ><RESPPARTYSEQ>63</RESPPARTYSEQ><SITEDEFAULT>0</SITEDEFAULT><USEFORORG></USEFORORG><USEFORSITE></USEFORSITE></PERSONGROUPTEAM><PERSONGROUPTEAM><GROUPDEFAULT>0</GROUPDEFAULT><ORGDEFAULT>0</ORGDEFAULT><PERSONGROUPTEAMID>2503</PERSONGROUPTEAMID><RESPPARTY>EMPSONJ</RESPPARTY><RESPPARTYGROUP>EMPSONJ</RESPPARTYGROUP><RESPPARTYGROUPSEQ>20</RESPPARTYGROUPSEQ><RESPPARTYSEQ>20</RESPPARTYSEQ><SITEDEFAULT>0</SITEDEFAULT><USEFORORG></USEFORORG><USEFORSITE></USEFORSITE></PERSONGROUPTEAM><PERSONGROUPTEAM><GROUPDEFAULT>0</GROUPDEFAULT><ORGDEFAULT>0</ORGDEFAULT><PERSONGROUPTEAMID>2505</PERSONGROUPTEAMID><RESPPARTY>FLEMMINGS</RESPPARTY><RESPPARTYGROUP>FLEMMINGS</RESPPARTYGROUP><RESPPARTYGROUPSEQ>21</RESPPARTYGROUPSEQ><RESPPARTYSEQ>21</RESPPARTYSEQ><SITEDEFAULT>0</SITEDEFAULT><USEFORORG></USEFORORG><USEFORSITE></USEFORSITE></PERSONGROUPTEAM><PERSONGROUPTEAM><GROUPDEFAULT>0</GROUPDEFAULT><ORGDEFAULT>0</ORGDEFAULT><PERSONGROUPTEAMID>2507</PERSONGROUPTEAMID><RESPPARTY>FOSTERV</RESPPARTY><RESPPARTYGROUP>FOSTERV</RESPPARTYGROUP><RESPPARTYGROUPSEQ>22</RESPPARTYGROUPSEQ><RESPPARTYSEQ>22</RESPPARTYSEQ><SITEDEFAULT>0</SITEDEFAULT><USEFORORG></USEFORORG><USEFORSITE></USEFORSITE></PERSONGROUPTEAM><PERSONGROUPTEAM><GROUPDEFAULT>0</GROUPDEFAULT><ORGDEFAULT>0</ORGDEFAULT><PERSONGROUPTEAMID>2960</PERSONGROUPTEAMID><RESPPARTY>GARRETTP</RESPPARTY><RESPPARTYGROUP>GARRETTP</RESPPARTYGROUP><RESPPARTYGROUPSEQ>54</RESPPARTYGROUPSEQ><RESPPARTYSEQ>54</RESPPARTYSEQ><SITEDEFAULT>0</SITEDEFAULT><USEFORORG></USEFORORG><USEFORSITE></USEFORSITE></PERSONGROUPTEAM><PERSONGROUPTEAM><GROUPDEFAULT>0</GROUPDEFAULT><ORGDEFAULT>0</ORGDEFAULT><PERSONGROUPTEAMID>2509</PERSONGROUPTEAMID><RESPPARTY>GIBBONS</RESPPARTY><RESPPARTYGROUP>GIBBONS</RESPPARTYGROUP><RESPPARTYGROUPSEQ>23</RESPPARTYGROUPSEQ><RESPPARTYSEQ>23</RESPPARTYSEQ><SITEDEFAULT>0</SITEDEFAULT><USEFORORG></USEFORORG><USEFORSITE></USEFORSITE></PERSONGROUPTEAM><PERSONGROUPTEAM><GROUPDEFAULT>0</GROUPDEFAULT><ORGDEFAULT>0</ORGDEFAULT><PERSONGROUPTEAMID>2956</PERSONGROUPTEAMID><RESPPARTY>HALFORDG</RESPPARTY><RESPPARTYGROUP>HALFORDG</RESPPARTYGROUP><RESPPARTYGROUPSEQ>49</RESPPARTYGROUPSEQ><RESPPARTYSEQ>49</RESPPARTYSEQ><SITEDEFAULT>0</SITEDEFAULT><USEFORORG></USEFORORG><USEFORSITE></USEFORSITE></PERSONGROUPTEAM><PERSONGROUPTEAM><GROUPDEFAULT>0</GROUPDEFAULT><ORGDEFAULT>0</ORGDEFAULT><PERSONGROUPTEAMID>2511</PERSONGROUPTEAMID><RESPPARTY>HARKERA</RESPPARTY><RESPPARTYGROUP>HARKERA</RESPPARTYGROUP><RESPPARTYGROUPSEQ>24</RESPPARTYGROUPSEQ><RESPPARTYSEQ>24</RESPPARTYSEQ><SITEDEFAULT>0</SITEDEFAULT><USEFORORG></USEFORORG><USEFORSITE></USEFORSITE></PERSONGROUPTEAM><PERSONGROUPTEAM><GROUPDEFAULT>0</GROUPDEFAULT><ORGDEFAULT>0</ORGDEFAULT><PERSONGROUPTEAMID>3040</PERSONGROUPTEAMID><RESPPARTY>HAWKETTSH</RESPPARTY><RESPPARTYGROUP>HAWKETTSH</RESPPARTYGROUP><RESPPARTYGROUPSEQ>60</RESPPARTYGROUPSEQ><RESPPARTYSEQ>60</RESPPARTYSEQ><SITEDEFAULT>0</SITEDEFAULT><USEFORORG></USEFORORG><USEFORSITE></USEFORSITE></PERSONGROUPTEAM><PERSONGROUPTEAM><GROUPDEFAULT>0</GROUPDEFAULT><ORGDEFAULT>0</ORGDEFAULT><PERSONGROUPTEAMID>2932</PERSONGROUPTEAMID><RESPPARTY>HOLTM</RESPPARTY><RESPPARTYGROUP>HOLTM</RESPPARTYGROUP><RESPPARTYGROUPSEQ>42</RESPPARTYGROUPSEQ><RESPPARTYSEQ>42</RESPPARTYSEQ><SITEDEFAULT>0</SITEDEFAULT><USEFORORG></USEFORORG><USEFORSITE></USEFORSITE></PERSONGROUPTEAM><PERSONGROUPTEAM><GROUPDEFAULT>0</GROUPDEFAULT><ORGDEFAULT>0</ORGDEFAULT><PERSONGROUPTEAMID>3024</PERSONGROUPTEAMID><RESPPARTY>HOPEWELLJ</RESPPARTY><RESPPARTYGROUP>HOPEWELLJ</RESPPARTYGROUP><RESPPARTYGROUPSEQ>59</RESPPARTYGROUPSEQ><RESPPARTYSEQ>59</RESPPARTYSEQ><SITEDEFAULT>0</SITEDEFAULT><USEFORORG></USEFORORG><USEFORSITE></USEFORSITE></PERSONGROUPTEAM><PERSONGROUPTEAM><GROUPDEFAULT>0</GROUPDEFAULT><ORGDEFAULT>0</ORGDEFAULT><PERSONGROUPTEAMID>2933</PERSONGROUPTEAMID><RESPPARTY>JOHNSOND</RESPPARTY><RESPPARTYGROUP>JOHNSOND</RESPPARTYGROUP><RESPPARTYGROUPSEQ>43</RESPPARTYGROUPSEQ><RESPPARTYSEQ>43</RESPPARTYSEQ><SITEDEFAULT>0</SITEDEFAULT><USEFORORG></USEFORORG><USEFORSITE></USEFORSITE></PERSONGROUPTEAM><PERSONGROUPTEAM><GROUPDEFAULT>0</GROUPDEFAULT><ORGDEFAULT>0</ORGDEFAULT><PERSONGROUPTEAMID>2934</PERSONGROUPTEAMID><RESPPARTY>KEMPK</RESPPARTY><RESPPARTYGROUP>KEMPK</RESPPARTYGROUP><RESPPARTYGROUPSEQ>44</RESPPARTYGROUPSEQ><RESPPARTYSEQ>44</RESPPARTYSEQ><SITEDEFAULT>0</SITEDEFAULT><USEFORORG></USEFORORG><USEFORSITE></USEFORSITE></PERSONGROUPTEAM><PERSONGROUPTEAM><GROUPDEFAULT>0</GROUPDEFAULT><ORGDEFAULT>0</ORGDEFAULT><PERSONGROUPTEAMID>2513</PERSONGROUPTEAMID><RESPPARTY>KEYK</RESPPARTY><RESPPARTYGROUP>KEYK</RESPPARTYGROUP><RESPPARTYGROUPSEQ>25</RESPPARTYGROUPSEQ><RESPPARTYSEQ>25</RESPPARTYSEQ><SITEDEFAULT>0</SITEDEFAULT><USEFORORG></USEFORORG><USEFORSITE></USEFORSITE></PERSONGROUPTEAM><PERSONGROUPTEAM><GROUPDEFAULT>0</GROUPDEFAULT><ORGDEFAULT>0</ORGDEFAULT><PERSONGROUPTEAMID>4209</PERSONGROUPTEAMID><RESPPARTY>LAMBS2</RESPPARTY><RESPPARTYGROUP>LAMBS2</RESPPARTYGROUP><RESPPARTYGROUPSEQ>68</RESPPARTYGROUPSEQ><RESPPARTYSEQ>68</RESPPARTYSEQ><SITEDEFAULT>0</SITEDEFAULT><USEFORORG></USEFORORG><USEFORSITE></USEFORSITE></PERSONGROUPTEAM><PERSONGROUPTEAM><GROUPDEFAULT>0</GROUPDEFAULT><ORGDEFAULT>0</ORGDEFAULT><PERSONGROUPTEAMID>2516</PERSONGROUPTEAMID><RESPPARTY>LAYTONN</RESPPARTY><RESPPARTYGROUP>LAYTONN</RESPPARTYGROUP><RESPPARTYGROUPSEQ>26</RESPPARTYGROUPSEQ><RESPPARTYSEQ>26</RESPPARTYSEQ><SITEDEFAULT>0</SITEDEFAULT><USEFORORG></USEFORORG><USEFORSITE></USEFORSITE></PERSONGROUPTEAM><PERSONGROUPTEAM><GROUPDEFAULT>0</GROUPDEFAULT><ORGDEFAULT>0</ORGDEFAULT><PERSONGROUPTEAMID>2957</PERSONGROUPTEAMID><RESPPARTY>LEWISO</RESPPARTY><RESPPARTYGROUP>LEWISO</RESPPARTYGROUP><RESPPARTYGROUPSEQ>50</RESPPARTYGROUPSEQ><RESPPARTYSEQ>50</RESPPARTYSEQ><SITEDEFAULT>0</SITEDEFAULT><USEFORORG></USEFORORG><USEFORSITE></USEFORSITE></PERSONGROUPTEAM><PERSONGROUPTEAM><GROUPDEFAULT>0</GROUPDEFAULT><ORGDEFAULT>0</ORGDEFAULT><PERSONGROUPTEAMID>2935</PERSONGROUPTEAMID><RESPPARTY>LYNCHR</RESPPARTY><RESPPARTYGROUP>LYNCHR</RESPPARTYGROUP><RESPPARTYGROUPSEQ>45</RESPPARTYGROUPSEQ><RESPPARTYSEQ>45</RESPPARTYSEQ><SITEDEFAULT>0</SITEDEFAULT><USEFORORG></USEFORORG><USEFORSITE></USEFORSITE></PERSONGROUPTEAM><PERSONGROUPTEAM><GROUPDEFAULT>0</GROUPDEFAULT><ORGDEFAULT>0</ORGDEFAULT><PERSONGROUPTEAMID>2518</PERSONGROUPTEAMID><RESPPARTY>MCEWANJ</RESPPARTY><RESPPARTYGROUP>MCEWANJ</RESPPARTYGROUP><RESPPARTYGROUPSEQ>27</RESPPARTYGROUPSEQ><RESPPARTYSEQ>27</RESPPARTYSEQ><SITEDEFAULT>0</SITEDEFAULT><USEFORORG></USEFORORG><USEFORSITE></USEFORSITE></PERSONGROUPTEAM><PERSONGROUPTEAM><GROUPDEFAULT>0</GROUPDEFAULT><ORGDEFAULT>0</ORGDEFAULT><PERSONGROUPTEAMID>2520</PERSONGROUPTEAMID><RESPPARTY>MOXOND</RESPPARTY><RESPPARTYGROUP>MOXOND</RESPPARTYGROUP><RESPPARTYGROUPSEQ>28</RESPPARTYGROUPSEQ><RESPPARTYSEQ>28</RESPPARTYSEQ><SITEDEFAULT>0</SITEDEFAULT><USEFORORG></USEFORORG><USEFORSITE></USEFORSITE></PERSONGROUPTEAM><PERSONGROUPTEAM><GROUPDEFAULT>0</GROUPDEFAULT><ORGDEFAULT>0</ORGDEFAULT><PERSONGROUPTEAMID>4104</PERSONGROUPTEAMID><RESPPARTY>MURTAGHC</RESPPARTY><RESPPARTYGROUP>MURTAGHC</RESPPARTYGROUP><RESPPARTYGROUPSEQ>67</RESPPARTYGROUPSEQ><RESPPARTYSEQ>67</RESPPARTYSEQ><SITEDEFAULT>0</SITEDEFAULT><USEFORORG></USEFORORG><USEFORSITE></USEFORSITE></PERSONGROUPTEAM><PERSONGROUPTEAM><GROUPDEFAULT>0</GROUPDEFAULT><ORGDEFAULT>0</ORGDEFAULT><PERSONGROUPTEAMID>3604</PERSONGROUPTEAMID><RESPPARTY>NGWATUNGC</RESPPARTY><RESPPARTYGROUP>NGWATUNGC</RESPPARTYGROUP><RESPPARTYGROUPSEQ>65</RESPPARTYGROUPSEQ><RESPPARTYSEQ>65</RESPPARTYSEQ><SITEDEFAULT>0</SITEDEFAULT><USEFORORG></USEFORORG><USEFORSITE></USEFORSITE></PERSONGROUPTEAM><PERSONGROUPTEAM><GROUPDEFAULT>0</GROUPDEFAULT><ORGDEFAULT>0</ORGDEFAULT><PERSONGROUPTEAMID>2940</PERSONGROUPTEAMID><RESPPARTY>ONEILLK</RESPPARTY><RESPPARTYGROUP>ONEILLK</RESPPARTYGROUP><RESPPARTYGROUPSEQ>46</RESPPARTYGROUPSEQ><RESPPARTYSEQ>46</RESPPARTYSEQ><SITEDEFAULT>0</SITEDEFAULT><USEFORORG></USEFORORG><USEFORSITE></USEFORSITE></PERSONGROUPTEAM><PERSONGROUPTEAM><GROUPDEFAULT>0</GROUPDEFAULT><ORGDEFAULT>0</ORGDEFAULT><PERSONGROUPTEAMID>2941</PERSONGROUPTEAMID><RESPPARTY>PATELT</RESPPARTY><RESPPARTYGROUP>PATELT</RESPPARTYGROUP><RESPPARTYGROUPSEQ>47</RESPPARTYGROUPSEQ><RESPPARTYSEQ>47</RESPPARTYSEQ><SITEDEFAULT>0</SITEDEFAULT><USEFORORG></USEFORORG><USEFORSITE></USEFORSITE></PERSONGROUPTEAM><PERSONGROUPTEAM><GROUPDEFAULT>0</GROUPDEFAULT><ORGDEFAULT>0</ORGDEFAULT><PERSONGROUPTEAMID>2522</PERSONGROUPTEAMID><RESPPARTY>PELKAM</RESPPARTY><RESPPARTYGROUP>PELKAM</RESPPARTYGROUP><RESPPARTYGROUPSEQ>29</RESPPARTYGROUPSEQ><RESPPARTYSEQ>29</RESPPARTYSEQ><SITEDEFAULT>0</SITEDEFAULT><USEFORORG></USEFORORG><USEFORSITE></USEFORSITE></PERSONGROUPTEAM><PERSONGROUPTEAM><GROUPDEFAULT>0</GROUPDEFAULT><ORGDEFAULT>0</ORGDEFAULT><PERSONGROUPTEAMID>607</PERSONGROUPTEAMID><RESPPARTY>POAPPR</RESPPARTY><RESPPARTYGROUP>POAPPR</RESPPARTYGROUP><RESPPARTYGROUPSEQ>30</RESPPARTYGROUPSEQ><RESPPARTYSEQ>30</RESPPARTYSEQ><SITEDEFAULT>0</SITEDEFAULT><USEFORORG></USEFORORG><USEFORSITE></USEFORSITE></PERSONGROUPTEAM><PERSONGROUPTEAM><GROUPDEFAULT>0</GROUPDEFAULT><ORGDEFAULT>0</ORGDEFAULT><PERSONGROUPTEAMID>2525</PERSONGROUPTEAMID><RESPPARTY>PROCUREMENT</RESPPARTY><RESPPARTYGROUP>PROCUREMENT</RESPPARTYGROUP><RESPPARTYGROUPSEQ>31</RESPPARTYGROUPSEQ><RESPPARTYSEQ>31</RESPPARTYSEQ><SITEDEFAULT>0</SITEDEFAULT><USEFORORG></USEFORORG><USEFORSITE></USEFORSITE></PERSONGROUPTEAM><PERSONGROUPTEAM><GROUPDEFAULT>0</GROUPDEFAULT><ORGDEFAULT>0</ORGDEFAULT><PERSONGROUPTEAMID>2961</PERSONGROUPTEAMID><RESPPARTY>RANDHAWAM</RESPPARTY><RESPPARTYGROUP>RANDHAWAM</RESPPARTYGROUP><RESPPARTYGROUPSEQ>55</RESPPARTYGROUPSEQ><RESPPARTYSEQ>55</RESPPARTYSEQ><SITEDEFAULT>0</SITEDEFAULT><USEFORORG></USEFORORG><USEFORSITE></USEFORSITE></PERSONGROUPTEAM><PERSONGROUPTEAM><GROUPDEFAULT>0</GROUPDEFAULT><ORGDEFAULT>0</ORGDEFAULT><PERSONGROUPTEAMID>2962</PERSONGROUPTEAMID><RESPPARTY>RANDHAWAP</RESPPARTY><RESPPARTYGROUP>RANDHAWAP</RESPPARTYGROUP><RESPPARTYGROUPSEQ>56</RESPPARTYGROUPSEQ><RESPPARTYSEQ>56</RESPPARTYSEQ><SITEDEFAULT>0</SITEDEFAULT><USEFORORG></USEFORORG><USEFORSITE></USEFORSITE></PERSONGROUPTEAM><PERSONGROUPTEAM><GROUPDEFAULT>0</GROUPDEFAULT><ORGDEFAULT>0</ORGDEFAULT><PERSONGROUPTEAMID>2527</PERSONGROUPTEAMID><RESPPARTY>SHARPC</RESPPARTY><RESPPARTYGROUP>SHARPC</RESPPARTYGROUP><RESPPARTYGROUPSEQ>32</RESPPARTYGROUPSEQ><RESPPARTYSEQ>32</RESPPARTYSEQ><SITEDEFAULT>0</SITEDEFAULT><USEFORORG></USEFORORG><USEFORSITE></USEFORSITE></PERSONGROUPTEAM><PERSONGROUPTEAM><GROUPDEFAULT>0</GROUPDEFAULT><ORGDEFAULT>0</ORGDEFAULT><PERSONGROUPTEAMID>2959</PERSONGROUPTEAMID><RESPPARTY>SHAWT</RESPPARTY><RESPPARTYGROUP>SHAWT</RESPPARTYGROUP><RESPPARTYGROUPSEQ>53</RESPPARTYGROUPSEQ><RESPPARTYSEQ>53</RESPPARTYSEQ><SITEDEFAULT>0</SITEDEFAULT><USEFORORG></USEFORORG><USEFORSITE></USEFORSITE></PERSONGROUPTEAM><PERSONGROUPTEAM><GROUPDEFAULT>0</GROUPDEFAULT><ORGDEFAULT>0</ORGDEFAULT><PERSONGROUPTEAMID>2529</PERSONGROUPTEAMID><RESPPARTY>SILCOCKL</RESPPARTY><RESPPARTYGROUP>SILCOCKL</RESPPARTYGROUP><RESPPARTYGROUPSEQ>33</RESPPARTYGROUPSEQ><RESPPARTYSEQ>33</RESPPARTYSEQ><SITEDEFAULT>0</SITEDEFAULT><USEFORORG></USEFORORG><USEFORSITE></USEFORSITE></PERSONGROUPTEAM><PERSONGROUPTEAM><GROUPDEFAULT>0</GROUPDEFAULT><ORGDEFAULT>0</ORGDEFAULT><PERSONGROUPTEAMID>2531</PERSONGROUPTEAMID><RESPPARTY>SINGHM</RESPPARTY><RESPPARTYGROUP>SINGHM</RESPPARTYGROUP><RESPPARTYGROUPSEQ>34</RESPPARTYGROUPSEQ><RESPPARTYSEQ>34</RESPPARTYSEQ><SITEDEFAULT>0</SITEDEFAULT><USEFORORG></USEFORORG><USEFORSITE></USEFORSITE></PERSONGROUPTEAM><PERSONGROUPTEAM><GROUPDEFAULT>0</GROUPDEFAULT><ORGDEFAULT>0</ORGDEFAULT><PERSONGROUPTEAMID>2966</PERSONGROUPTEAMID><RESPPARTY>SKOCZYLASD</RESPPARTY><RESPPARTYGROUP>SKOCZYLASD</RESPPARTYGROUP><RESPPARTYGROUPSEQ>57</RESPPARTYGROUPSEQ><RESPPARTYSEQ>57</RESPPARTYSEQ><SITEDEFAULT>0</SITEDEFAULT><USEFORORG></USEFORORG><USEFORSITE></USEFORSITE></PERSONGROUPTEAM><PERSONGROUPTEAM><GROUPDEFAULT>0</GROUPDEFAULT><ORGDEFAULT>0</ORGDEFAULT><PERSONGROUPTEAMID>2943</PERSONGROUPTEAMID><RESPPARTY>STEADT</RESPPARTY><RESPPARTYGROUP>STEADT</RESPPARTYGROUP><RESPPARTYGROUPSEQ>48</RESPPARTYGROUPSEQ><RESPPARTYSEQ>48</RESPPARTYSEQ><SITEDEFAULT>0</SITEDEFAULT><USEFORORG></USEFORORG><USEFORSITE></USEFORSITE></PERSONGROUPTEAM><PERSONGROUPTEAM><GROUPDEFAULT>0</GROUPDEFAULT><ORGDEFAULT>0</ORGDEFAULT><PERSONGROUPTEAMID>2533</PERSONGROUPTEAMID><RESPPARTY>TEWD</RESPPARTY><RESPPARTYGROUP>TEWD</RESPPARTYGROUP><RESPPARTYGROUPSEQ>35</RESPPARTYGROUPSEQ><RESPPARTYSEQ>35</RESPPARTYSEQ><SITEDEFAULT>0</SITEDEFAULT><USEFORORG></USEFORORG><USEFORSITE></USEFORSITE></PERSONGROUPTEAM><PERSONGROUPTEAM><GROUPDEFAULT>1</GROUPDEFAULT><ORGDEFAULT>0</ORGDEFAULT><PERSONGROUPTEAMID>2535</PERSONGROUPTEAMID><RESPPARTY>THORNLEYL</RESPPARTY><RESPPARTYGROUP>THORNLEYL</RESPPARTYGROUP><RESPPARTYGROUPSEQ>36</RESPPARTYGROUPSEQ><RESPPARTYSEQ>36</RESPPARTYSEQ><SITEDEFAULT>0</SITEDEFAULT><USEFORORG></USEFORORG><USEFORSITE></USEFORSITE></PERSONGROUPTEAM><PERSONGROUPTEAM><GROUPDEFAULT>0</GROUPDEFAULT><ORGDEFAULT>0</ORGDEFAULT><PERSONGROUPTEAMID>4208</PERSONGROUPTEAMID><RESPPARTY>WALKERD</RESPPARTY><RESPPARTYGROUP>WALKERD</RESPPARTYGROUP><RESPPARTYGROUPSEQ>40</RESPPARTYGROUPSEQ><RESPPARTYSEQ>40</RESPPARTYSEQ><SITEDEFAULT>0</SITEDEFAULT><USEFORORG></USEFORORG><USEFORSITE></USEFORSITE></PERSONGROUPTEAM><PERSONGROUPTEAM><GROUPDEFAULT>0</GROUPDEFAULT><ORGDEFAULT>0</ORGDEFAULT><PERSONGROUPTEAMID>3507</PERSONGROUPTEAMID><RESPPARTY>WARMINGTONS</RESPPARTY><RESPPARTYGROUP>WARMINGTONS</RESPPARTYGROUP><RESPPARTYGROUPSEQ>64</RESPPARTYGROUPSEQ><RESPPARTYSEQ>64</RESPPARTYSEQ><SITEDEFAULT>0</SITEDEFAULT><USEFORORG></USEFORORG><USEFORSITE></USEFORSITE></PERSONGROUPTEAM><PERSONGROUPTEAM><GROUPDEFAULT>0</GROUPDEFAULT><ORGDEFAULT>0</ORGDEFAULT><PERSONGROUPTEAMID>4211</PERSONGROUPTEAMID><RESPPARTY>WILCOXK</RESPPARTY><RESPPARTYGROUP>WILCOXK</RESPPARTYGROUP><RESPPARTYGROUPSEQ>70</RESPPARTYGROUPSEQ><RESPPARTYSEQ>70</RESPPARTYSEQ><SITEDEFAULT>0</SITEDEFAULT><USEFORORG></USEFORORG><USEFORSITE></USEFORSITE></PERSONGROUPTEAM></PERSONGROUP><PERSONGROUP action="AddChange"><DESCRIPTION>PO Reactive up to £10,000</DESCRIPTION><DESCRIPTION_LONGDESCRIPTION></DESCRIPTION_LONGDESCRIPTION><HASLD>0</HASLD><IRV_APPRLIMIT>10000.0</IRV_APPRLIMIT><IRV_OUTOFHOURS>1</IRV_OUTOFHOURS><IRV_POTYPE>REACTIVE</IRV_POTYPE><ISCREWWORKGROUP>0</ISCREWWORKGROUP><LANGCODE>EN</LANGCODE><PERSONGROUP>HAREA10</PERSONGROUP><PERSONGROUPID>369</PERSONGROUPID><PERSONGROUPTEAM><GROUPDEFAULT>0</GROUPDEFAULT><ORGDEFAULT>0</ORGDEFAULT><PERSONGROUPTEAMID>3905</PERSONGROUPTEAMID><RESPPARTY>BEWLEYK</RESPPARTY><RESPPARTYGROUP>BEWLEYK</RESPPARTYGROUP><RESPPARTYGROUPSEQ>10</RESPPARTYGROUPSEQ><RESPPARTYSEQ>10</RESPPARTYSEQ><SITEDEFAULT>0</SITEDEFAULT><USEFORORG></USEFORORG><USEFORSITE></USEFORSITE></PERSONGROUPTEAM><PERSONGROUPTEAM><GROUPDEFAULT>0</GROUPDEFAULT><ORGDEFAULT>0</ORGDEFAULT><PERSONGROUPTEAMID>2908</PERSONGROUPTEAMID><RESPPARTY>BRADDICKW</RESPPARTY><RESPPARTYGROUP>BRADDICKW</RESPPARTYGROUP><RESPPARTYGROUPSEQ>4</RESPPARTYGROUPSEQ><RESPPARTYSEQ>4</RESPPARTYSEQ><SITEDEFAULT>0</SITEDEFAULT><USEFORORG></USEFORORG><USEFORSITE></USEFORSITE></PERSONGROUPTEAM><PERSONGROUPTEAM><GROUPDEFAULT>0</GROUPDEFAULT><ORGDEFAULT>0</ORGDEFAULT><PERSONGROUPTEAMID>2906</PERSONGROUPTEAMID><RESPPARTY>COLBOURNES</RESPPARTY><RESPPARTYGROUP>COLBOURNES</RESPPARTYGROUP><RESPPARTYGROUPSEQ>3</RESPPARTYGROUPSEQ><RESPPARTYSEQ>3</RESPPARTYSEQ><SITEDEFAULT>0</SITEDEFAULT><USEFORORG></USEFORORG><USEFORSITE></USEFORSITE></PERSONGROUPTEAM><PERSONGROUPTEAM><GROUPDEFAULT>0</GROUPDEFAULT><ORGDEFAULT>0</ORGDEFAULT><PERSONGROUPTEAMID>4005</PERSONGROUPTEAMID><RESPPARTY>DAROCHR</RESPPARTY><RESPPARTYGROUP>DAROCHR</RESPPARTYGROUP><RESPPARTYGROUPSEQ>15</RESPPARTYGROUPSEQ><RESPPARTYSEQ>15</RESPPARTYSEQ><SITEDEFAULT>0</SITEDEFAULT><USEFORORG></USEFORORG><USEFORSITE></USEFORSITE></PERSONGROUPTEAM><PERSONGROUPTEAM><GROUPDEFAULT>0</GROUPDEFAULT><ORGDEFAULT>0</ORGDEFAULT><PERSONGROUPTEAMID>3402</PERSONGROUPTEAMID><RESPPARTY>EELIAR</RESPPARTY><RESPPARTYGROUP>EELIAR</RESPPARTYGROUP><RESPPARTYGROUPSEQ>20</RESPPARTYGROUPSEQ><RESPPARTYSEQ>20</RESPPARTYSEQ><SITEDEFAULT>0</SITEDEFAULT><USEFORORG></USEFORORG><USEFORSITE></USEFORSITE></PERSONGROUPTEAM><PERSONGROUPTEAM><GROUPDEFAULT>0</GROUPDEFAULT><ORGDEFAULT>0</ORGDEFAULT><PERSONGROUPTEAMID>3042</PERSONGROUPTEAMID><RESPPARTY>HAWKETTSH</RESPPARTY><RESPPARTYGROUP>HAWKETTSH</RESPPARTYGROUP><RESPPARTYGROUPSEQ>11</RESPPARTYGROUPSEQ><RESPPARTYSEQ>11</RESPPARTYSEQ><SITEDEFAULT>0</SITEDEFAULT><USEFORORG></USEFORORG><USEFORSITE></USEFORSITE></PERSONGROUPTEAM><PERSONGROUPTEAM><GROUPDEFAULT>1</GROUPDEFAULT><ORGDEFAULT>0</ORGDEFAULT><PERSONGROUPTEAMID>2907</PERSONGROUPTEAMID><RESPPARTY>HOLTM</RESPPARTY><RESPPARTYGROUP>HOLTM</RESPPARTYGROUP><RESPPARTYGROUPSEQ>1</RESPPARTYGROUPSEQ><RESPPARTYSEQ>1</RESPPARTYSEQ><SITEDEFAULT>0</SITEDEFAULT><USEFORORG></USEFORORG><USEFORSITE></USEFORSITE></PERSONGROUPTEAM><PERSONGROUPTEAM><GROUPDEFAULT>0</GROUPDEFAULT><ORGDEFAULT>0</ORGDEFAULT><PERSONGROUPTEAMID>3034</PERSONGROUPTEAMID><RESPPARTY>HOPEWELLJ</RESPPARTY><RESPPARTYGROUP>HOPEWELLJ</RESPPARTYGROUP><RESPPARTYGROUPSEQ>12</RESPPARTYGROUPSEQ><RESPPARTYSEQ>12</RESPPARTYSEQ><SITEDEFAULT>0</SITEDEFAULT><USEFORORG></USEFORORG><USEFORSITE></USEFORSITE></PERSONGROUPTEAM><PERSONGROUPTEAM><GROUPDEFAULT>0</GROUPDEFAULT><ORGDEFAULT>0</ORGDEFAULT><PERSONGROUPTEAMID>2909</PERSONGROUPTEAMID><RESPPARTY>JOHNSOND</RESPPARTY><RESPPARTYGROUP>JOHNSOND</RESPPARTYGROUP><RESPPARTYGROUPSEQ>2</RESPPARTYGROUPSEQ><RESPPARTYSEQ>2</RESPPARTYSEQ><SITEDEFAULT>0</SITEDEFAULT><USEFORORG></USEFORORG><USEFORSITE></USEFORSITE></PERSONGROUPTEAM><PERSONGROUPTEAM><GROUPDEFAULT>0</GROUPDEFAULT><ORGDEFAULT>0</ORGDEFAULT><PERSONGROUPTEAMID>2910</PERSONGROUPTEAMID><RESPPARTY>KEMPK</RESPPARTY><RESPPARTYGROUP>KEMPK</RESPPARTYGROUP><RESPPARTYGROUPSEQ>5</RESPPARTYGROUPSEQ><RESPPARTYSEQ>5</RESPPARTYSEQ><SITEDEFAULT>0</SITEDEFAULT><USEFORORG></USEFORORG><USEFORSITE></USEFORSITE></PERSONGROUPTEAM><PERSONGROUPTEAM><GROUPDEFAULT>0</GROUPDEFAULT><ORGDEFAULT>0</ORGDEFAULT><PERSONGROUPTEAMID>3605</PERSONGROUPTEAMID><RESPPARTY>NGWATUNGC</RESPPARTY><RESPPARTYGROUP>NGWATUNGC</RESPPARTYGROUP><RESPPARTYGROUPSEQ>13</RESPPARTYGROUPSEQ><RESPPARTYSEQ>13</RESPPARTYSEQ><SITEDEFAULT>0</SITEDEFAULT><USEFORORG></USEFORORG><USEFORSITE></USEFORSITE></PERSONGROUPTEAM><PERSONGROUPTEAM><GROUPDEFAULT>0</GROUPDEFAULT><ORGDEFAULT>0</ORGDEFAULT><PERSONGROUPTEAMID>2911</PERSONGROUPTEAMID><RESPPARTY>ONEILLK</RESPPARTY><RESPPARTYGROUP>ONEILLK</RESPPARTYGROUP><RESPPARTYGROUPSEQ>6</RESPPARTYGROUPSEQ><RESPPARTYSEQ>6</RESPPARTYSEQ><SITEDEFAULT>0</SITEDEFAULT><USEFORORG></USEFORORG><USEFORSITE></USEFORSITE></PERSONGROUPTEAM><PERSONGROUPTEAM><GROUPDEFAULT>0</GROUPDEFAULT><ORGDEFAULT>0</ORGDEFAULT><PERSONGROUPTEAMID>2912</PERSONGROUPTEAMID><RESPPARTY>PATELT</RESPPARTY><RESPPARTYGROUP>PATELT</RESPPARTYGROUP><RESPPARTYGROUPSEQ>7</RESPPARTYGROUPSEQ><RESPPARTYSEQ>7</RESPPARTYSEQ><SITEDEFAULT>0</SITEDEFAULT><USEFORORG></USEFORORG><USEFORSITE></USEFORSITE></PERSONGROUPTEAM><PERSONGROUPTEAM><GROUPDEFAULT>0</GROUPDEFAULT><ORGDEFAULT>0</ORGDEFAULT><PERSONGROUPTEAMID>2913</PERSONGROUPTEAMID><RESPPARTY>SINGHH</RESPPARTY><RESPPARTYGROUP>SINGHH</RESPPARTYGROUP><RESPPARTYGROUPSEQ>8</RESPPARTYGROUPSEQ><RESPPARTYSEQ>8</RESPPARTYSEQ><SITEDEFAULT>0</SITEDEFAULT><USEFORORG></USEFORORG><USEFORSITE></USEFORSITE></PERSONGROUPTEAM></PERSONGROUP><PERSONGROUP action="AddChange"><DESCRIPTION>PO Reactive up to £100,000</DESCRIPTION><DESCRIPTION_LONGDESCRIPTION></DESCRIPTION_LONGDESCRIPTION><HASLD>0</HASLD><IRV_APPRLIMIT>100000.0</IRV_APPRLIMIT><IRV_OUTOFHOURS>1</IRV_OUTOFHOURS><IRV_POTYPE>REACTIVE</IRV_POTYPE><ISCREWWORKGROUP>0</ISCREWWORKGROUP><LANGCODE>EN</LANGCODE><PERSONGROUP>HAREA100</PERSONGROUP><PERSONGROUPID>370</PERSONGROUPID><PERSONGROUPTEAM><GROUPDEFAULT>1</GROUPDEFAULT><ORGDEFAULT>0</ORGDEFAULT><PERSONGROUPTEAMID>2202</PERSONGROUPTEAMID><RESPPARTY>HOLTM</RESPPARTY><RESPPARTYGROUP>HOLTM</RESPPARTYGROUP><RESPPARTYGROUPSEQ>100</RESPPARTYGROUPSEQ><RESPPARTYSEQ>100</RESPPARTYSEQ><SITEDEFAULT>0</SITEDEFAULT><USEFORORG></USEFORORG><USEFORSITE></USEFORSITE></PERSONGROUPTEAM><PERSONGROUPTEAM><GROUPDEFAULT>0</GROUPDEFAULT><ORGDEFAULT>0</ORGDEFAULT><PERSONGROUPTEAMID>2591</PERSONGROUPTEAMID><RESPPARTY>HOPEWELLJ</RESPPARTY><RESPPARTYGROUP>HOPEWELLJ</RESPPARTYGROUP><RESPPARTYGROUPSEQ>101</RESPPARTYGROUPSEQ><RESPPARTYSEQ>101</RESPPARTYSEQ><SITEDEFAULT>0</SITEDEFAULT><USEFORORG></USEFORORG><USEFORSITE></USEFORSITE></PERSONGROUPTEAM><PERSONGROUPTEAM><GROUPDEFAULT>0</GROUPDEFAULT><ORGDEFAULT>0</ORGDEFAULT><PERSONGROUPTEAMID>1229</PERSONGROUPTEAMID><RESPPARTY>KEMPK</RESPPARTY><RESPPARTYGROUP>KEMPK</RESPPARTYGROUP><RESPPARTYGROUPSEQ>102</RESPPARTYGROUPSEQ><RESPPARTYSEQ>102</RESPPARTYSEQ><SITEDEFAULT>0</SITEDEFAULT><USEFORORG></USEFORORG><USEFORSITE></USEFORSITE></PERSONGROUPTEAM><PERSONGROUPTEAM><GROUPDEFAULT>0</GROUPDEFAULT><ORGDEFAULT>0</ORGDEFAULT><PERSONGROUPTEAMID>2597</PERSONGROUPTEAMID><RESPPARTY>ONEILLK</RESPPARTY><RESPPARTYGROUP>ONEILLK</RESPPARTYGROUP><RESPPARTYGROUPSEQ>103</RESPPARTYGROUPSEQ><RESPPARTYSEQ>103</RESPPARTYSEQ><SITEDEFAULT>0</SITEDEFAULT><USEFORORG></USEFORORG><USEFORSITE></USEFORSITE></PERSONGROUPTEAM><PERSONGROUPTEAM><GROUPDEFAULT>0</GROUPDEFAULT><ORGDEFAULT>0</ORGDEFAULT><PERSONGROUPTEAMID>2599</PERSONGROUPTEAMID><RESPPARTY>SINGHH</RESPPARTY><RESPPARTYGROUP>SINGHH</RESPPARTYGROUP><RESPPARTYGROUPSEQ>104</RESPPARTYGROUPSEQ><RESPPARTYSEQ>104</RESPPARTYSEQ><SITEDEFAULT>0</SITEDEFAULT><USEFORORG></USEFORORG><USEFORSITE></USEFORSITE></PERSONGROUPTEAM></PERSONGROUP><PERSONGROUP action="AddChange"><DESCRIPTION>PO Reactive up to £5,000</DESCRIPTION><DESCRIPTION_LONGDESCRIPTION></DESCRIPTION_LONGDESCRIPTION><HASLD>0</HASLD><IRV_APPRLIMIT>5000.0</IRV_APPRLIMIT><IRV_OUTOFHOURS>1</IRV_OUTOFHOURS><IRV_POTYPE>REACTIVE</IRV_POTYPE><ISCREWWORKGROUP>0</ISCREWWORKGROUP><LANGCODE>EN</LANGCODE><PERSONGROUP>HAREA5</PERSONGROUP><PERSONGROUPID>371</PERSONGROUPID><PERSONGROUPTEAM><GROUPDEFAULT>0</GROUPDEFAULT><ORGDEFAULT>0</ORGDEFAULT><PERSONGROUPTEAMID>2759</PERSONGROUPTEAMID><RESPPARTY>BEDDALLHURDMANJ</RESPPARTY><RESPPARTYGROUP>BEDDALLHURDMANJ</RESPPARTYGROUP><RESPPARTYGROUPSEQ>112</RESPPARTYGROUPSEQ><RESPPARTYSEQ>112</RESPPARTYSEQ><SITEDEFAULT>0</SITEDEFAULT><USEFORORG></USEFORORG><USEFORSITE></USEFORSITE></PERSONGROUPTEAM><PERSONGROUPTEAM><GROUPDEFAULT>1</GROUPDEFAULT><ORGDEFAULT>0</ORGDEFAULT><PERSONGROUPTEAMID>2817</PERSONGROUPTEAMID><RESPPARTY>BRADDICKW</RESPPARTY><RESPPARTYGROUP>BRADDICKW</RESPPARTYGROUP><RESPPARTYGROUPSEQ>101</RESPPARTYGROUPSEQ><RESPPARTYSEQ>101</RESPPARTYSEQ><SITEDEFAULT>0</SITEDEFAULT><USEFORORG></USEFORORG><USEFORSITE></USEFORSITE></PERSONGROUPTEAM><PERSONGROUPTEAM><GROUPDEFAULT>0</GROUPDEFAULT><ORGDEFAULT>0</ORGDEFAULT><PERSONGROUPTEAMID>2818</PERSONGROUPTEAMID><RESPPARTY>CARROLLM</RESPPARTY><RESPPARTYGROUP>CARROLLM</RESPPARTYGROUP><RESPPARTYGROUPSEQ>102</RESPPARTYGROUPSEQ><RESPPARTYSEQ>102</RESPPARTYSEQ><SITEDEFAULT>0</SITEDEFAULT><USEFORORG></USEFORORG><USEFORSITE></USEFORSITE></PERSONGROUPTEAM><PERSONGROUPTEAM><GROUPDEFAULT>0</GROUPDEFAULT><ORGDEFAULT>0</ORGDEFAULT><PERSONGROUPTEAMID>2819</PERSONGROUPTEAMID><RESPPARTY>COLBOURNES</RESPPARTY><RESPPARTYGROUP>COLBOURNES</RESPPARTYGROUP><RESPPARTYGROUPSEQ>103</RESPPARTYGROUPSEQ><RESPPARTYSEQ>103</RESPPARTYSEQ><SITEDEFAULT>0</SITEDEFAULT><USEFORORG></USEFORORG><USEFORSITE></USEFORSITE></PERSONGROUPTEAM><PERSONGROUPTEAM><GROUPDEFAULT>0</GROUPDEFAULT><ORGDEFAULT>0</ORGDEFAULT><PERSONGROUPTEAMID>4006</PERSONGROUPTEAMID><RESPPARTY>DAROCHR</RESPPARTY><RESPPARTYGROUP>DAROCHR</RESPPARTYGROUP><RESPPARTYGROUPSEQ>117</RESPPARTYGROUPSEQ><RESPPARTYSEQ>117</RESPPARTYSEQ><SITEDEFAULT>0</SITEDEFAULT><USEFORORG></USEFORORG><USEFORSITE></USEFORSITE></PERSONGROUPTEAM><PERSONGROUPTEAM><GROUPDEFAULT>0</GROUPDEFAULT><ORGDEFAULT>0</ORGDEFAULT><PERSONGROUPTEAMID>3041</PERSONGROUPTEAMID><RESPPARTY>HAWKETTSH</RESPPARTY><RESPPARTYGROUP>HAWKETTSH</RESPPARTYGROUP><RESPPARTYGROUPSEQ>114</RESPPARTYGROUPSEQ><RESPPARTYSEQ>114</RESPPARTYSEQ><SITEDEFAULT>0</SITEDEFAULT><USEFORORG></USEFORORG><USEFORSITE></USEFORSITE></PERSONGROUPTEAM><PERSONGROUPTEAM><GROUPDEFAULT>0</GROUPDEFAULT><ORGDEFAULT>0</ORGDEFAULT><PERSONGROUPTEAMID>2820</PERSONGROUPTEAMID><RESPPARTY>HOLTM</RESPPARTY><RESPPARTYGROUP>HOLTM</RESPPARTYGROUP><RESPPARTYGROUPSEQ>104</RESPPARTYGROUPSEQ><RESPPARTYSEQ>104</RESPPARTYSEQ><SITEDEFAULT>0</SITEDEFAULT><USEFORORG></USEFORORG><USEFORSITE></USEFORSITE></PERSONGROUPTEAM><PERSONGROUPTEAM><GROUPDEFAULT>0</GROUPDEFAULT><ORGDEFAULT>0</ORGDEFAULT><PERSONGROUPTEAMID>3035</PERSONGROUPTEAMID><RESPPARTY>HOPEWELLJ</RESPPARTY><RESPPARTYGROUP>HOPEWELLJ</RESPPARTYGROUP><RESPPARTYGROUPSEQ>113</RESPPARTYGROUPSEQ><RESPPARTYSEQ>113</RESPPARTYSEQ><SITEDEFAULT>0</SITEDEFAULT><USEFORORG></USEFORORG><USEFORSITE></USEFORSITE></PERSONGROUPTEAM><PERSONGROUPTEAM><GROUPDEFAULT>0</GROUPDEFAULT><ORGDEFAULT>0</ORGDEFAULT><PERSONGROUPTEAMID>2821</PERSONGROUPTEAMID><RESPPARTY>JOHNSOND</RESPPARTY><RESPPARTYGROUP>JOHNSOND</RESPPARTYGROUP><RESPPARTYGROUPSEQ>105</RESPPARTYGROUPSEQ><RESPPARTYSEQ>105</RESPPARTYSEQ><SITEDEFAULT>0</SITEDEFAULT><USEFORORG></USEFORORG><USEFORSITE></USEFORSITE></PERSONGROUPTEAM><PERSONGROUPTEAM><GROUPDEFAULT>0</GROUPDEFAULT><ORGDEFAULT>0</ORGDEFAULT><PERSONGROUPTEAMID>2822</PERSONGROUPTEAMID><RESPPARTY>KEMPK</RESPPARTY><RESPPARTYGROUP>KEMPK</RESPPARTYGROUP><RESPPARTYGROUPSEQ>106</RESPPARTYGROUPSEQ><RESPPARTYSEQ>106</RESPPARTYSEQ><SITEDEFAULT>0</SITEDEFAULT><USEFORORG></USEFORORG><USEFORSITE></USEFORSITE></PERSONGROUPTEAM><PERSONGROUPTEAM><GROUPDEFAULT>0</GROUPDEFAULT><ORGDEFAULT>0</ORGDEFAULT><PERSONGROUPTEAMID>3606</PERSONGROUPTEAMID><RESPPARTY>NGWATUNGC</RESPPARTY><RESPPARTYGROUP>NGWATUNGC</RESPPARTYGROUP><RESPPARTYGROUPSEQ>116</RESPPARTYGROUPSEQ><RESPPARTYSEQ>116</RESPPARTYSEQ><SITEDEFAULT>0</SITEDEFAULT><USEFORORG></USEFORORG><USEFORSITE></USEFORSITE></PERSONGROUPTEAM><PERSONGROUPTEAM><GROUPDEFAULT>0</GROUPDEFAULT><ORGDEFAULT>0</ORGDEFAULT><PERSONGROUPTEAMID>2823</PERSONGROUPTEAMID><RESPPARTY>ONEILLK</RESPPARTY><RESPPARTYGROUP>ONEILLK</RESPPARTYGROUP><RESPPARTYGROUPSEQ>107</RESPPARTYGROUPSEQ><RESPPARTYSEQ>107</RESPPARTYSEQ><SITEDEFAULT>0</SITEDEFAULT><USEFORORG></USEFORORG><USEFORSITE></USEFORSITE></PERSONGROUPTEAM><PERSONGROUPTEAM><GROUPDEFAULT>0</GROUPDEFAULT><ORGDEFAULT>0</ORGDEFAULT><PERSONGROUPTEAMID>2824</PERSONGROUPTEAMID><RESPPARTY>PATELT</RESPPARTY><RESPPARTYGROUP>PATELT</RESPPARTYGROUP><RESPPARTYGROUPSEQ>108</RESPPARTYGROUPSEQ><RESPPARTYSEQ>108</RESPPARTYSEQ><SITEDEFAULT>0</SITEDEFAULT><USEFORORG></USEFORORG><USEFORSITE></USEFORSITE></PERSONGROUPTEAM><PERSONGROUPTEAM><GROUPDEFAULT>0</GROUPDEFAULT><ORGDEFAULT>0</ORGDEFAULT><PERSONGROUPTEAMID>2825</PERSONGROUPTEAMID><RESPPARTY>SINGHH</RESPPARTY><RESPPARTYGROUP>SINGHH</RESPPARTYGROUP><RESPPARTYGROUPSEQ>109</RESPPARTYGROUPSEQ><RESPPARTYSEQ>109</RESPPARTYSEQ><SITEDEFAULT>0</SITEDEFAULT><USEFORORG></USEFORORG><USEFORSITE></USEFORSITE></PERSONGROUPTEAM><PERSONGROUPTEAM><GROUPDEFAULT>0</GROUPDEFAULT><ORGDEFAULT>0</ORGDEFAULT><PERSONGROUPTEAMID>4405</PERSONGROUPTEAMID><RESPPARTY>TIMMINSA</RESPPARTY><RESPPARTYGROUP>TIMMINSA</RESPPARTYGROUP><RESPPARTYGROUPSEQ>165</RESPPARTYGROUPSEQ><RESPPARTYSEQ>165</RESPPARTYSEQ><SITEDEFAULT>0</SITEDEFAULT><USEFORORG></USEFORORG><USEFORSITE></USEFORSITE></PERSONGROUPTEAM><PERSONGROUPTEAM><GROUPDEFAULT>0</GROUPDEFAULT><ORGDEFAULT>0</ORGDEFAULT><PERSONGROUPTEAMID>2826</PERSONGROUPTEAMID><RESPPARTY>WALKERC</RESPPARTY><RESPPARTYGROUP>WALKERC</RESPPARTYGROUP><RESPPARTYGROUPSEQ>110</RESPPARTYGROUPSEQ><RESPPARTYSEQ>110</RESPPARTYSEQ><SITEDEFAULT>0</SITEDEFAULT><USEFORORG></USEFORORG><USEFORSITE></USEFORSITE></PERSONGROUPTEAM><PERSONGROUPTEAM><GROUPDEFAULT>0</GROUPDEFAULT><ORGDEFAULT>0</ORGDEFAULT><PERSONGROUPTEAMID>3503</PERSONGROUPTEAMID><RESPPARTY>WARMINGTONS</RESPPARTY><RESPPARTYGROUP>WARMINGTONS</RESPPARTYGROUP><RESPPARTYGROUPSEQ>115</RESPPARTYGROUPSEQ><RESPPARTYSEQ>115</RESPPARTYSEQ><SITEDEFAULT>0</SITEDEFAULT><USEFORORG></USEFORORG><USEFORSITE></USEFORSITE></PERSONGROUPTEAM></PERSONGROUP><PERSONGROUP action="AddChange"><DESCRIPTION>PO Reactive up to £50,000</DESCRIPTION><DESCRIPTION_LONGDESCRIPTION></DESCRIPTION_LONGDESCRIPTION><HASLD>0</HASLD><IRV_APPRLIMIT>50000.0</IRV_APPRLIMIT><IRV_OUTOFHOURS>1</IRV_OUTOFHOURS><IRV_POTYPE>REACTIVE</IRV_POTYPE><ISCREWWORKGROUP>0</ISCREWWORKGROUP><LANGCODE>EN</LANGCODE><PERSONGROUP>HAREA50</PERSONGROUP><PERSONGROUPID>374</PERSONGROUPID><PERSONGROUPTEAM><GROUPDEFAULT>0</GROUPDEFAULT><ORGDEFAULT>0</ORGDEFAULT><PERSONGROUPTEAMID>3046</PERSONGROUPTEAMID><RESPPARTY>BRADDICKW</RESPPARTY><RESPPARTYGROUP>BRADDICKW</RESPPARTYGROUP><RESPPARTYGROUPSEQ>106</RESPPARTYGROUPSEQ><RESPPARTYSEQ>106</RESPPARTYSEQ><SITEDEFAULT>0</SITEDEFAULT><USEFORORG></USEFORORG><USEFORSITE></USEFORSITE></PERSONGROUPTEAM><PERSONGROUPTEAM><GROUPDEFAULT>0</GROUPDEFAULT><ORGDEFAULT>0</ORGDEFAULT><PERSONGROUPTEAMID>3043</PERSONGROUPTEAMID><RESPPARTY>HAWKETTSH</RESPPARTY><RESPPARTYGROUP>HAWKETTSH</RESPPARTYGROUP><RESPPARTYGROUPSEQ>105</RESPPARTYGROUPSEQ><RESPPARTYSEQ>105</RESPPARTYSEQ><SITEDEFAULT>0</SITEDEFAULT><USEFORORG></USEFORORG><USEFORSITE></USEFORSITE></PERSONGROUPTEAM><PERSONGROUPTEAM><GROUPDEFAULT>1</GROUPDEFAULT><ORGDEFAULT>0</ORGDEFAULT><PERSONGROUPTEAMID>2617</PERSONGROUPTEAMID><RESPPARTY>HOLTM</RESPPARTY><RESPPARTYGROUP>HOLTM</RESPPARTYGROUP><RESPPARTYGROUPSEQ>100</RESPPARTYGROUPSEQ><RESPPARTYSEQ>100</RESPPARTYSEQ><SITEDEFAULT>0</SITEDEFAULT><USEFORORG></USEFORORG><USEFORSITE></USEFORSITE></PERSONGROUPTEAM><PERSONGROUPTEAM><GROUPDEFAULT>0</GROUPDEFAULT><ORGDEFAULT>0</ORGDEFAULT><PERSONGROUPTEAMID>3036</PERSONGROUPTEAMID><RESPPARTY>HOPEWELLJ</RESPPARTY><RESPPARTYGROUP>HOPEWELLJ</RESPPARTYGROUP><RESPPARTYGROUPSEQ>104</RESPPARTYGROUPSEQ><RESPPARTYSEQ>104</RESPPARTYSEQ><SITEDEFAULT>0</SITEDEFAULT><USEFORORG></USEFORORG><USEFORSITE></USEFORSITE></PERSONGROUPTEAM><PERSONGROUPTEAM><GROUPDEFAULT>0</GROUPDEFAULT><ORGDEFAULT>0</ORGDEFAULT><PERSONGROUPTEAMID>2827</PERSONGROUPTEAMID><RESPPARTY>KEMPK</RESPPARTY><RESPPARTYGROUP>KEMPK</RESPPARTYGROUP><RESPPARTYGROUPSEQ>101</RESPPARTYGROUPSEQ><RESPPARTYSEQ>101</RESPPARTYSEQ><SITEDEFAULT>0</SITEDEFAULT><USEFORORG></USEFORORG><USEFORSITE></USEFORSITE></PERSONGROUPTEAM><PERSONGROUPTEAM><GROUPDEFAULT>0</GROUPDEFAULT><ORGDEFAULT>0</ORGDEFAULT><PERSONGROUPTEAMID>2828</PERSONGROUPTEAMID><RESPPARTY>ONEILLK</RESPPARTY><RESPPARTYGROUP>ONEILLK</RESPPARTYGROUP><RESPPARTYGROUPSEQ>102</RESPPARTYGROUPSEQ><RESPPARTYSEQ>102</RESPPARTYSEQ><SITEDEFAULT>0</SITEDEFAULT><USEFORORG></USEFORORG><USEFORSITE></USEFORSITE></PERSONGROUPTEAM><PERSONGROUPTEAM><GROUPDEFAULT>0</GROUPDEFAULT><ORGDEFAULT>0</ORGDEFAULT><PERSONGROUPTEAMID>2829</PERSONGROUPTEAMID><RESPPARTY>SINGHH</RESPPARTY><RESPPARTYGROUP>SINGHH</RESPPARTYGROUP><RESPPARTYGROUPSEQ>103</RESPPARTYGROUPSEQ><RESPPARTYSEQ>103</RESPPARTYSEQ><SITEDEFAULT>0</SITEDEFAULT><USEFORORG></USEFORORG><USEFORSITE></USEFORSITE></PERSONGROUPTEAM></PERSONGROUP><PERSONGROUP action="AddChange"><DESCRIPTION>PO Scheduled up to £10,000</DESCRIPTION><DESCRIPTION_LONGDESCRIPTION></DESCRIPTION_LONGDESCRIPTION><HASLD>0</HASLD><IRV_APPRLIMIT>10000.0</IRV_APPRLIMIT><IRV_OUTOFHOURS>1</IRV_OUTOFHOURS><IRV_POTYPE>SCHEDULED</IRV_POTYPE><ISCREWWORKGROUP>0</ISCREWWORKGROUP><LANGCODE>EN</LANGCODE><PERSONGROUP>HASCH10</PERSONGROUP><PERSONGROUPID>373</PERSONGROUPID><PERSONGROUPTEAM><GROUPDEFAULT>1</GROUPDEFAULT><ORGDEFAULT>0</ORGDEFAULT><PERSONGROUPTEAMID>2982</PERSONGROUPTEAMID><RESPPARTY>HOLTM</RESPPARTY><RESPPARTYGROUP>HOLTM</RESPPARTYGROUP><RESPPARTYGROUPSEQ>1</RESPPARTYGROUPSEQ><RESPPARTYSEQ>1</RESPPARTYSEQ><SITEDEFAULT>0</SITEDEFAULT><USEFORORG></USEFORORG><USEFORSITE></USEFORSITE></PERSONGROUPTEAM></PERSONGROUP><PERSONGROUP action="AddChange"><DESCRIPTION>PO Scheduled up to £100,000</DESCRIPTION><DESCRIPTION_LONGDESCRIPTION></DESCRIPTION_LONGDESCRIPTION><HASLD>0</HASLD><IRV_APPRLIMIT>100000.0</IRV_APPRLIMIT><IRV_OUTOFHOURS>1</IRV_OUTOFHOURS><IRV_POTYPE>SCHEDULED</IRV_POTYPE><ISCREWWORKGROUP>0</ISCREWWORKGROUP><LANGCODE>EN</LANGCODE><PERSONGROUP>HASCH100</PERSONGROUP><PERSONGROUPID>372</PERSONGROUPID><PERSONGROUPTEAM><GROUPDEFAULT>1</GROUPDEFAULT><ORGDEFAULT>0</ORGDEFAULT><PERSONGROUPTEAMID>2983</PERSONGROUPTEAMID><RESPPARTY>HOLTM</RESPPARTY><RESPPARTYGROUP>HOLTM</RESPPARTYGROUP><RESPPARTYGROUPSEQ>1</RESPPARTYGROUPSEQ><RESPPARTYSEQ>1</RESPPARTYSEQ><SITEDEFAULT>0</SITEDEFAULT><USEFORORG></USEFORORG><USEFORSITE></USEFORSITE></PERSONGROUPTEAM></PERSONGROUP><PERSONGROUP action="AddChange"><DESCRIPTION>PO Scheduled up to £25,000</DESCRIPTION><DESCRIPTION_LONGDESCRIPTION></DESCRIPTION_LONGDESCRIPTION><HASLD>0</HASLD><IRV_APPRLIMIT>25000.0</IRV_APPRLIMIT><IRV_OUTOFHOURS>1</IRV_OUTOFHOURS><IRV_POTYPE>SCHEDULED</IRV_POTYPE><ISCREWWORKGROUP>0</ISCREWWORKGROUP><LANGCODE>EN</LANGCODE><PERSONGROUP>HASCH25</PERSONGROUP><PERSONGROUPID>378</PERSONGROUPID><PERSONGROUPTEAM><GROUPDEFAULT>1</GROUPDEFAULT><ORGDEFAULT>0</ORGDEFAULT><PERSONGROUPTEAMID>2984</PERSONGROUPTEAMID><RESPPARTY>HOLTM</RESPPARTY><RESPPARTYGROUP>HOLTM</RESPPARTYGROUP><RESPPARTYGROUPSEQ>1</RESPPARTYGROUPSEQ><RESPPARTYSEQ>1</RESPPARTYSEQ><SITEDEFAULT>0</SITEDEFAULT><USEFORORG></USEFORORG><USEFORSITE></USEFORSITE></PERSONGROUPTEAM></PERSONGROUP><PERSONGROUP action="AddChange"><DESCRIPTION>PO Scheduled up to £5,000</DESCRIPTION><DESCRIPTION_LONGDESCRIPTION></DESCRIPTION_LONGDESCRIPTION><HASLD>0</HASLD><IRV_APPRLIMIT>5000.0</IRV_APPRLIMIT><IRV_OUTOFHOURS>1</IRV_OUTOFHOURS><IRV_POTYPE>SCHEDULED</IRV_POTYPE><ISCREWWORKGROUP>0</ISCREWWORKGROUP><LANGCODE>EN</LANGCODE><PERSONGROUP>HASCH5</PERSONGROUP><PERSONGROUPID>375</PERSONGROUPID><PERSONGROUPTEAM><GROUPDEFAULT>1</GROUPDEFAULT><ORGDEFAULT>0</ORGDEFAULT><PERSONGROUPTEAMID>2985</PERSONGROUPTEAMID><RESPPARTY>HOLTM</RESPPARTY><RESPPARTYGROUP>HOLTM</RESPPARTYGROUP><RESPPARTYGROUPSEQ>1</RESPPARTYGROUPSEQ><RESPPARTYSEQ>1</RESPPARTYSEQ><SITEDEFAULT>0</SITEDEFAULT><USEFORORG></USEFORORG><USEFORSITE></USEFORSITE></PERSONGROUPTEAM></PERSONGROUP><PERSONGROUP action="AddChange"><DESCRIPTION>PO Scheduled up to £50,000</DESCRIPTION><DESCRIPTION_LONGDESCRIPTION></DESCRIPTION_LONGDESCRIPTION><HASLD>0</HASLD><IRV_APPRLIMIT>50000.0</IRV_APPRLIMIT><IRV_OUTOFHOURS>1</IRV_OUTOFHOURS><IRV_POTYPE>SCHEDULED</IRV_POTYPE><ISCREWWORKGROUP>0</ISCREWWORKGROUP><LANGCODE>EN</LANGCODE><PERSONGROUP>HASCH50</PERSONGROUP><PERSONGROUPID>376</PERSONGROUPID><PERSONGROUPTEAM><GROUPDEFAULT>1</GROUPDEFAULT><ORGDEFAULT>0</ORGDEFAULT><PERSONGROUPTEAMID>2986</PERSONGROUPTEAMID><RESPPARTY>HOLTM</RESPPARTY><RESPPARTYGROUP>HOLTM</RESPPARTYGROUP><RESPPARTYGROUPSEQ>1</RESPPARTYGROUPSEQ><RESPPARTYSEQ>1</RESPPARTYSEQ><SITEDEFAULT>0</SITEDEFAULT><USEFORORG></USEFORORG><USEFORSITE></USEFORSITE></PERSONGROUPTEAM></PERSONGROUP><PERSONGROUP action="AddChange"><DESCRIPTION>AP Clerk</DESCRIPTION><DESCRIPTION_LONGDESCRIPTION></DESCRIPTION_LONGDESCRIPTION><HASLD>0</HASLD><IRV_APPRLIMIT xsi:nil="true"></IRV_APPRLIMIT><IRV_OUTOFHOURS>1</IRV_OUTOFHOURS><IRV_POTYPE></IRV_POTYPE><ISCREWWORKGROUP>0</ISCREWWORKGROUP><LANGCODE>EN</LANGCODE><PERSONGROUP>INVOICE</PERSONGROUP><PERSONGROUPID>1303</PERSONGROUPID><PERSONGROUPTEAM><GROUPDEFAULT>0</GROUPDEFAULT><ORGDEFAULT>0</ORGDEFAULT><PERSONGROUPTEAMID>4509</PERSONGROUPTEAMID><RESPPARTY>APCLERK</RESPPARTY><RESPPARTYGROUP>APCLERK</RESPPARTYGROUP><RESPPARTYGROUPSEQ>2</RESPPARTYGROUPSEQ><RESPPARTYSEQ>2</RESPPARTYSEQ><SITEDEFAULT>0</SITEDEFAULT><USEFORORG></USEFORORG><USEFORSITE></USEFORSITE></PERSONGROUPTEAM><PERSONGROUPTEAM><GROUPDEFAULT>0</GROUPDEFAULT><ORGDEFAULT>0</ORGDEFAULT><PERSONGROUPTEAMID>4510</PERSONGROUPTEAMID><RESPPARTY>DUDLEYM</RESPPARTY><RESPPARTYGROUP>DUDLEYM</RESPPARTYGROUP><RESPPARTYGROUPSEQ>3</RESPPARTYGROUPSEQ><RESPPARTYSEQ>3</RESPPARTYSEQ><SITEDEFAULT>0</SITEDEFAULT><USEFORORG></USEFORORG><USEFORSITE></USEFORSITE></PERSONGROUPTEAM><PERSONGROUPTEAM><GROUPDEFAULT>0</GROUPDEFAULT><ORGDEFAULT>0</ORGDEFAULT><PERSONGROUPTEAMID>4511</PERSONGROUPTEAMID><RESPPARTY>KEMPK</RESPPARTY><RESPPARTYGROUP>KEMPK</RESPPARTYGROUP><RESPPARTYGROUPSEQ>4</RESPPARTYGROUPSEQ><RESPPARTYSEQ>4</RESPPARTYSEQ><SITEDEFAULT>0</SITEDEFAULT><USEFORORG></USEFORORG><USEFORSITE></USEFORSITE></PERSONGROUPTEAM><PERSONGROUPTEAM><GROUPDEFAULT>1</GROUPDEFAULT><ORGDEFAULT>0</ORGDEFAULT><PERSONGROUPTEAMID>4508</PERSONGROUPTEAMID><RESPPARTY>POAPPR1</RESPPARTY><RESPPARTYGROUP>POAPPR1</RESPPARTYGROUP><RESPPARTYGROUPSEQ>1</RESPPARTYGROUPSEQ><RESPPARTYSEQ>1</RESPPARTYSEQ><SITEDEFAULT>0</SITEDEFAULT><USEFORORG></USEFORORG><USEFORSITE></USEFORSITE></PERSONGROUPTEAM><PERSONGROUPTEAM><GROUPDEFAULT>0</GROUPDEFAULT><ORGDEFAULT>0</ORGDEFAULT><PERSONGROUPTEAMID>4512</PERSONGROUPTEAMID><RESPPARTY>TIMMINSA</RESPPARTY><RESPPARTYGROUP>TIMMINSA</RESPPARTYGROUP><RESPPARTYGROUPSEQ>5</RESPPARTYGROUPSEQ><RESPPARTYSEQ>5</RESPPARTYSEQ><SITEDEFAULT>0</SITEDEFAULT><USEFORORG></USEFORORG><USEFORSITE></USEFORSITE></PERSONGROUPTEAM></PERSONGROUP><PERSONGROUP action="AddChange"><DESCRIPTION>Approval group Agency &lt;=£100</DESCRIPTION><DESCRIPTION_LONGDESCRIPTION></DESCRIPTION_LONGDESCRIPTION><HASLD>0</HASLD><IRV_APPRLIMIT>100.0</IRV_APPRLIMIT><IRV_OUTOFHOURS>1</IRV_OUTOFHOURS><IRV_POTYPE>AGENCY</IRV_POTYPE><ISCREWWORKGROUP>0</ISCREWWORKGROUP><LANGCODE>EN</LANGCODE><PERSONGROUP>PIAGENCY</PERSONGROUP><PERSONGROUPID>377</PERSONGROUPID><PERSONGROUPTEAM><GROUPDEFAULT>1</GROUPDEFAULT><ORGDEFAULT>0</ORGDEFAULT><PERSONGROUPTEAMID>2991</PERSONGROUPTEAMID><RESPPARTY>HOLTM</RESPPARTY><RESPPARTYGROUP>HOLTM</RESPPARTYGROUP><RESPPARTYGROUPSEQ>1</RESPPARTYGROUPSEQ><RESPPARTYSEQ>1</RESPPARTYSEQ><SITEDEFAULT>0</SITEDEFAULT><USEFORORG></USEFORORG><USEFORSITE></USEFORSITE></PERSONGROUPTEAM></PERSONGROUP><PERSONGROUP action="AddChange"><DESCRIPTION>Approval group catering &lt;=£100</DESCRIPTION><DESCRIPTION_LONGDESCRIPTION></DESCRIPTION_LONGDESCRIPTION><HASLD>0</HASLD><IRV_APPRLIMIT>100.0</IRV_APPRLIMIT><IRV_OUTOFHOURS>1</IRV_OUTOFHOURS><IRV_POTYPE>CATERING</IRV_POTYPE><ISCREWWORKGROUP>0</ISCREWWORKGROUP><LANGCODE>EN</LANGCODE><PERSONGROUP>PICAT</PERSONGROUP><PERSONGROUPID>383</PERSONGROUPID><PERSONGROUPTEAM><GROUPDEFAULT>1</GROUPDEFAULT><ORGDEFAULT>0</ORGDEFAULT><PERSONGROUPTEAMID>2992</PERSONGROUPTEAMID><RESPPARTY>HOLTM</RESPPARTY><RESPPARTYGROUP>HOLTM</RESPPARTYGROUP><RESPPARTYGROUPSEQ>1</RESPPARTYGROUPSEQ><RESPPARTYSEQ>1</RESPPARTYSEQ><SITEDEFAULT>0</SITEDEFAULT><USEFORORG></USEFORORG><USEFORSITE></USEFORSITE></PERSONGROUPTEAM></PERSONGROUP><PERSONGROUP action="AddChange"><DESCRIPTION>Approval group ESTREQ &lt;=£100</DESCRIPTION><DESCRIPTION_LONGDESCRIPTION></DESCRIPTION_LONGDESCRIPTION><HASLD>0</HASLD><IRV_APPRLIMIT>100.0</IRV_APPRLIMIT><IRV_OUTOFHOURS>1</IRV_OUTOFHOURS><IRV_POTYPE>PROJECT</IRV_POTYPE><ISCREWWORKGROUP>0</ISCREWWORKGROUP><LANGCODE>EN</LANGCODE><PERSONGROUP>PIESTREQ</PERSONGROUP><PERSONGROUPID>380</PERSONGROUPID><PERSONGROUPTEAM><GROUPDEFAULT>1</GROUPDEFAULT><ORGDEFAULT>0</ORGDEFAULT><PERSONGROUPTEAMID>2993</PERSONGROUPTEAMID><RESPPARTY>HOLTM</RESPPARTY><RESPPARTYGROUP>HOLTM</RESPPARTYGROUP><RESPPARTYGROUPSEQ>1</RESPPARTYGROUPSEQ><RESPPARTYSEQ>1</RESPPARTYSEQ><SITEDEFAULT>0</SITEDEFAULT><USEFORORG></USEFORORG><USEFORSITE></USEFORSITE></PERSONGROUPTEAM><PERSONGROUPTEAM><GROUPDEFAULT>0</GROUPDEFAULT><ORGDEFAULT>0</ORGDEFAULT><PERSONGROUPTEAMID>3105</PERSONGROUPTEAMID><RESPPARTY>KEMPK</RESPPARTY><RESPPARTYGROUP>KEMPK</RESPPARTYGROUP><RESPPARTYGROUPSEQ>2</RESPPARTYGROUPSEQ><RESPPARTYSEQ>2</RESPPARTYSEQ><SITEDEFAULT>0</SITEDEFAULT><USEFORORG></USEFORORG><USEFORSITE></USEFORSITE></PERSONGROUPTEAM></PERSONGROUP><PERSONGROUP action="AddChange"><DESCRIPTION>Approval group Other &lt;=£100</DESCRIPTION><DESCRIPTION_LONGDESCRIPTION></DESCRIPTION_LONGDESCRIPTION><HASLD>0</HASLD><IRV_APPRLIMIT>100.0</IRV_APPRLIMIT><IRV_OUTOFHOURS>1</IRV_OUTOFHOURS><IRV_POTYPE>OTHER</IRV_POTYPE><ISCREWWORKGROUP>0</ISCREWWORKGROUP><LANGCODE>EN</LANGCODE><PERSONGROUP>PIOTHER</PERSONGROUP><PERSONGROUPID>382</PERSONGROUPID><PERSONGROUPTEAM><GROUPDEFAULT>1</GROUPDEFAULT><ORGDEFAULT>0</ORGDEFAULT><PERSONGROUPTEAMID>3305</PERSONGROUPTEAMID><RESPPARTY>HOLTM</RESPPARTY><RESPPARTYGROUP>HOLTM</RESPPARTYGROUP><RESPPARTYGROUPSEQ>2</RESPPARTYGROUPSEQ><RESPPARTYSEQ>2</RESPPARTYSEQ><SITEDEFAULT>0</SITEDEFAULT><USEFORORG></USEFORORG><USEFORSITE></USEFORSITE></PERSONGROUPTEAM></PERSONGROUP><PERSONGROUP action="AddChange"><DESCRIPTION>Approval group PPM Hard Services &lt;=£100</DESCRIPTION><DESCRIPTION_LONGDESCRIPTION></DESCRIPTION_LONGDESCRIPTION><HASLD>0</HASLD><IRV_APPRLIMIT>100.0</IRV_APPRLIMIT><IRV_OUTOFHOURS>1</IRV_OUTOFHOURS><IRV_POTYPE>PPM</IRV_POTYPE><ISCREWWORKGROUP>0</ISCREWWORKGROUP><LANGCODE>EN</LANGCODE><PERSONGROUP>PIPPM</PERSONGROUP><PERSONGROUPID>381</PERSONGROUPID><PERSONGROUPTEAM><GROUPDEFAULT>1</GROUPDEFAULT><ORGDEFAULT>0</ORGDEFAULT><PERSONGROUPTEAMID>3306</PERSONGROUPTEAMID><RESPPARTY>HOLTM</RESPPARTY><RESPPARTYGROUP>HOLTM</RESPPARTYGROUP><RESPPARTYGROUPSEQ>2</RESPPARTYGROUPSEQ><RESPPARTYSEQ>2</RESPPARTYSEQ><SITEDEFAULT>0</SITEDEFAULT><USEFORORG></USEFORORG><USEFORSITE></USEFORSITE></PERSONGROUPTEAM></PERSONGROUP><PERSONGROUP action="AddChange"><DESCRIPTION>Approval group reactive &lt;=£100</DESCRIPTION><DESCRIPTION_LONGDESCRIPTION></DESCRIPTION_LONGDESCRIPTION><HASLD>0</HASLD><IRV_APPRLIMIT>100.0</IRV_APPRLIMIT><IRV_OUTOFHOURS>1</IRV_OUTOFHOURS><IRV_POTYPE>REACTIVE</IRV_POTYPE><ISCREWWORKGROUP>0</ISCREWWORKGROUP><LANGCODE>EN</LANGCODE><PERSONGROUP>PIREACT</PERSONGROUP><PERSONGROUPID>384</PERSONGROUPID><PERSONGROUPTEAM><GROUPDEFAULT>1</GROUPDEFAULT><ORGDEFAULT>0</ORGDEFAULT><PERSONGROUPTEAMID>2996</PERSONGROUPTEAMID><RESPPARTY>HOLTM</RESPPARTY><RESPPARTYGROUP>HOLTM</RESPPARTYGROUP><RESPPARTYGROUPSEQ>1</RESPPARTYGROUPSEQ><RESPPARTYSEQ>1</RESPPARTYSEQ><SITEDEFAULT>0</SITEDEFAULT><USEFORORG></USEFORORG><USEFORSITE></USEFORSITE></PERSONGROUPTEAM></PERSONGROUP><PERSONGROUP action="AddChange"><DESCRIPTION>Approval group Scheduled Soft Services &lt;=£100</DESCRIPTION><DESCRIPTION_LONGDESCRIPTION></DESCRIPTION_LONGDESCRIPTION><HASLD>0</HASLD><IRV_APPRLIMIT>100.0</IRV_APPRLIMIT><IRV_OUTOFHOURS>1</IRV_OUTOFHOURS><IRV_POTYPE>SCHEDULED</IRV_POTYPE><ISCREWWORKGROUP>0</ISCREWWORKGROUP><LANGCODE>EN</LANGCODE><PERSONGROUP>PISCHED</PERSONGROUP><PERSONGROUPID>387</PERSONGROUPID><PERSONGROUPTEAM><GROUPDEFAULT>1</GROUPDEFAULT><ORGDEFAULT>0</ORGDEFAULT><PERSONGROUPTEAMID>2997</PERSONGROUPTEAMID><RESPPARTY>HOLTM</RESPPARTY><RESPPARTYGROUP>HOLTM</RESPPARTYGROUP><RESPPARTYGROUPSEQ>1</RESPPARTYGROUPSEQ><RESPPARTYSEQ>1</RESPPARTYSEQ><SITEDEFAULT>0</SITEDEFAULT><USEFORORG></USEFORORG><USEFORSITE></USEFORSITE></PERSONGROUPTEAM></PERSONGROUP><PERSONGROUP action="AddChange"><DESCRIPTION>Procurement Group.</DESCRIPTION><DESCRIPTION_LONGDESCRIPTION></DESCRIPTION_LONGDESCRIPTION><HASLD>0</HASLD><IRV_APPRLIMIT xsi:nil="true"></IRV_APPRLIMIT><IRV_OUTOFHOURS>1</IRV_OUTOFHOURS><IRV_POTYPE></IRV_POTYPE><ISCREWWORKGROUP>0</ISCREWWORKGROUP><LANGCODE>EN</LANGCODE><PERSONGROUP>PO</PERSONGROUP><PERSONGROUPID>1302</PERSONGROUPID><PERSONGROUPTEAM><GROUPDEFAULT>0</GROUPDEFAULT><ORGDEFAULT>0</ORGDEFAULT><PERSONGROUPTEAMID>4506</PERSONGROUPTEAMID><RESPPARTY>DAROCHR</RESPPARTY><RESPPARTYGROUP>DAROCHR</RESPPARTYGROUP><RESPPARTYGROUPSEQ>5</RESPPARTYGROUPSEQ><RESPPARTYSEQ>5</RESPPARTYSEQ><SITEDEFAULT>0</SITEDEFAULT><USEFORORG></USEFORORG><USEFORSITE></USEFORSITE></PERSONGROUPTEAM><PERSONGROUPTEAM><GROUPDEFAULT>0</GROUPDEFAULT><ORGDEFAULT>0</ORGDEFAULT><PERSONGROUPTEAMID>4503</PERSONGROUPTEAMID><RESPPARTY>HAWKETTSH</RESPPARTY><RESPPARTYGROUP>HAWKETTSH</RESPPARTYGROUP><RESPPARTYGROUPSEQ>2</RESPPARTYGROUPSEQ><RESPPARTYSEQ>2</RESPPARTYSEQ><SITEDEFAULT>0</SITEDEFAULT><USEFORORG></USEFORORG><USEFORSITE></USEFORSITE></PERSONGROUPTEAM><PERSONGROUPTEAM><GROUPDEFAULT>0</GROUPDEFAULT><ORGDEFAULT>0</ORGDEFAULT><PERSONGROUPTEAMID>4505</PERSONGROUPTEAMID><RESPPARTY>JOHNSOND</RESPPARTY><RESPPARTYGROUP>JOHNSOND</RESPPARTYGROUP><RESPPARTYGROUPSEQ>4</RESPPARTYGROUPSEQ><RESPPARTYSEQ>4</RESPPARTYSEQ><SITEDEFAULT>0</SITEDEFAULT><USEFORORG></USEFORORG><USEFORSITE></USEFORSITE></PERSONGROUPTEAM><PERSONGROUPTEAM><GROUPDEFAULT>0</GROUPDEFAULT><ORGDEFAULT>0</ORGDEFAULT><PERSONGROUPTEAMID>4504</PERSONGROUPTEAMID><RESPPARTY>KEMPK</RESPPARTY><RESPPARTYGROUP>KEMPK</RESPPARTYGROUP><RESPPARTYGROUPSEQ>3</RESPPARTYGROUPSEQ><RESPPARTYSEQ>3</RESPPARTYSEQ><SITEDEFAULT>0</SITEDEFAULT><USEFORORG></USEFORORG><USEFORSITE></USEFORSITE></PERSONGROUPTEAM><PERSONGROUPTEAM><GROUPDEFAULT>1</GROUPDEFAULT><ORGDEFAULT>0</ORGDEFAULT><PERSONGROUPTEAMID>4502</PERSONGROUPTEAMID><RESPPARTY>PROCUREMENT</RESPPARTY><RESPPARTYGROUP>PROCUREMENT</RESPPARTYGROUP><RESPPARTYGROUPSEQ>1</RESPPARTYGROUPSEQ><RESPPARTYSEQ>1</RESPPARTYSEQ><SITEDEFAULT>0</SITEDEFAULT><USEFORORG></USEFORORG><USEFORSITE></USEFORSITE></PERSONGROUPTEAM><PERSONGROUPTEAM><GROUPDEFAULT>0</GROUPDEFAULT><ORGDEFAULT>0</ORGDEFAULT><PERSONGROUPTEAMID>4507</PERSONGROUPTEAMID><RESPPARTY>TIMMINSA</RESPPARTY><RESPPARTYGROUP>TIMMINSA</RESPPARTYGROUP><RESPPARTYGROUPSEQ>6</RESPPARTYGROUPSEQ><RESPPARTYSEQ>6</RESPPARTYSEQ><SITEDEFAULT>0</SITEDEFAULT><USEFORORG></USEFORORG><USEFORSITE></USEFORSITE></PERSONGROUPTEAM></PERSONGROUP><PERSONGROUP action="AddChange"><DESCRIPTION>Receipting Clerk Group</DESCRIPTION><DESCRIPTION_LONGDESCRIPTION></DESCRIPTION_LONGDESCRIPTION><HASLD>0</HASLD><IRV_APPRLIMIT xsi:nil="true"></IRV_APPRLIMIT><IRV_OUTOFHOURS>1</IRV_OUTOFHOURS><IRV_POTYPE></IRV_POTYPE><ISCREWWORKGROUP>0</ISCREWWORKGROUP><LANGCODE>EN</LANGCODE><PERSONGROUP>RECEIPT</PERSONGROUP><PERSONGROUPID>1304</PERSONGROUPID><PERSONGROUPTEAM><GROUPDEFAULT>0</GROUPDEFAULT><ORGDEFAULT>0</ORGDEFAULT><PERSONGROUPTEAMID>4517</PERSONGROUPTEAMID><RESPPARTY>DAROCHR</RESPPARTY><RESPPARTYGROUP>DAROCHR</RESPPARTYGROUP><RESPPARTYGROUPSEQ>6</RESPPARTYGROUPSEQ><RESPPARTYSEQ>6</RESPPARTYSEQ><SITEDEFAULT>0</SITEDEFAULT><USEFORORG></USEFORORG><USEFORSITE></USEFORSITE></PERSONGROUPTEAM><PERSONGROUPTEAM><GROUPDEFAULT>0</GROUPDEFAULT><ORGDEFAULT>0</ORGDEFAULT><PERSONGROUPTEAMID>4514</PERSONGROUPTEAMID><RESPPARTY>JOHNSOND</RESPPARTY><RESPPARTYGROUP>JOHNSOND</RESPPARTYGROUP><RESPPARTYGROUPSEQ>2</RESPPARTYGROUPSEQ><RESPPARTYSEQ>2</RESPPARTYSEQ><SITEDEFAULT>0</SITEDEFAULT><USEFORORG></USEFORORG><USEFORSITE></USEFORSITE></PERSONGROUPTEAM><PERSONGROUPTEAM><GROUPDEFAULT>0</GROUPDEFAULT><ORGDEFAULT>0</ORGDEFAULT><PERSONGROUPTEAMID>4516</PERSONGROUPTEAMID><RESPPARTY>KEMPK</RESPPARTY><RESPPARTYGROUP>KEMPK</RESPPARTYGROUP><RESPPARTYGROUPSEQ>4</RESPPARTYGROUPSEQ><RESPPARTYSEQ>4</RESPPARTYSEQ><SITEDEFAULT>0</SITEDEFAULT><USEFORORG></USEFORORG><USEFORSITE></USEFORSITE></PERSONGROUPTEAM><PERSONGROUPTEAM><GROUPDEFAULT>0</GROUPDEFAULT><ORGDEFAULT>0</ORGDEFAULT><PERSONGROUPTEAMID>4515</PERSONGROUPTEAMID><RESPPARTY>NGWATUNGC</RESPPARTY><RESPPARTYGROUP>NGWATUNGC</RESPPARTYGROUP><RESPPARTYGROUPSEQ>3</RESPPARTYGROUPSEQ><RESPPARTYSEQ>3</RESPPARTYSEQ><SITEDEFAULT>0</SITEDEFAULT><USEFORORG></USEFORORG><USEFORSITE></USEFORSITE></PERSONGROUPTEAM><PERSONGROUPTEAM><GROUPDEFAULT>1</GROUPDEFAULT><ORGDEFAULT>0</ORGDEFAULT><PERSONGROUPTEAMID>4513</PERSONGROUPTEAMID><RESPPARTY>RECEIPTS</RESPPARTY><RESPPARTYGROUP>RECEIPTS</RESPPARTYGROUP><RESPPARTYGROUPSEQ>1</RESPPARTYGROUPSEQ><RESPPARTYSEQ>1</RESPPARTYSEQ><SITEDEFAULT>0</SITEDEFAULT><USEFORORG></USEFORORG><USEFORSITE></USEFORSITE></PERSONGROUPTEAM><PERSONGROUPTEAM><GROUPDEFAULT>0</GROUPDEFAULT><ORGDEFAULT>0</ORGDEFAULT><PERSONGROUPTEAMID>4518</PERSONGROUPTEAMID><RESPPARTY>TIMMINSA</RESPPARTY><RESPPARTYGROUP>TIMMINSA</RESPPARTYGROUP><RESPPARTYGROUPSEQ>7</RESPPARTYGROUPSEQ><RESPPARTYSEQ>7</RESPPARTYSEQ><SITEDEFAULT>0</SITEDEFAULT><USEFORORG></USEFORORG><USEFORSITE></USEFORSITE></PERSONGROUPTEAM></PERSONGROUP></DMPERSONGROUPSet></SyncDMPERSONGROUP>