<?xml version="1.0" encoding="UTF-8"?><SyncDMCFGGROUP xmlns="http://www.ibm.com/maximo" xmlns:xsi="http://www.w3.org/2001/XMLSchema-instance" creationDateTime="2014-09-03T10:47:24+01:00" transLanguage="EN" baseLanguage="EN" messageID="140973764415944383" maximoVersion="7 5 20130829-1209 V7510--1"><DMCFGGROUPSet><DMCFGGROUP><CFGGROUPORDER>34</CFGGROUPORDER><CFGOBJGROUP>BBC_CLASS</CFGOBJGROUP><CHANGEBY>TIMMINSA</CHANGEBY><CHANGEDATE>2014-09-02T16:06:29+01:00</CHANGEDATE><DESCRIPTION>BBC Classifications</DESCRIPTION><DMCFGGROUPID>92931</DMCFGGROUPID><GROUPTYPE maxvalue="CFGDATA">CFGDATA</GROUPTYPE><INTERNAL>0</INTERNAL><DMCFGOBJECT><CFGOBJECT>DMCLASSIFICATION</CFGOBJECT><CFGOBJORDER>1</CFGOBJORDER><CHANGEBY>TIMMINSA</CHANGEBY><CHANGEDATE>2014-09-02T16:06:49+01:00</CHANGEDATE><DESCRIPTION>Classification migration object for Migration Manager</DESCRIPTION><DMCFGOBJECTID>2397</DMCFGOBJECTID><INTERNAL>0</INTERNAL></DMCFGOBJECT><DMCFGOBJECT><CFGOBJECT>DMCLASSATTRIBUTE</CFGOBJECT><CFGOBJORDER>2</CFGOBJORDER><CHANGEBY>TIMMINSA</CHANGEBY><CHANGEDATE>2014-09-03T09:30:35+01:00</CHANGEDATE><DESCRIPTION>Classification Attributes</DESCRIPTION><DMCFGOBJECTID>2402</DMCFGOBJECTID><INTERNAL>0</INTERNAL></DMCFGOBJECT></DMCFGGROUP></DMCFGGROUPSet></SyncDMCFGGROUP>