<?xml version="1.0" encoding="UTF-8"?><SyncDMPACKAGE xmlns="http://www.ibm.com/maximo" xmlns:xsi="http://www.w3.org/2001/XMLSchema-instance" creationDateTime="2014-09-03T10:47:24+01:00" transLanguage="EN" baseLanguage="EN" messageID="1409737644205347421" maximoVersion="7 5 20130829-1209 V7510--1"><DMPACKAGESet><DMPACKAGE><CHANGEBY>TIMMINSA</CHANGEBY><CONTENTID>78255d7c-de21-46e8-9fca-fe4245c18ab1</CONTENTID><CREATEBY>TIMMINSA</CREATEBY><CREATEDATE>2014-09-03T10:46:42+01:00</CREATEDATE><DMPACKAGEID>816</DMPACKAGEID><FILENAME></FILENAME><PACKAGE>BBC_CLASS_BBC-SQL-D01_BBCMAXDEV_dbo_20140903104642</PACKAGE><PKGDEFNAME>BBC_CLASS</PKGDEFNAME><PROGRESSSTATUS maxvalue="CREATED">CREATED</PROGRESSSTATUS><README></README><REDISTRIBUTESRC></REDISTRIBUTESRC><SOURCE>BBC-SQL-D01_BBCMAXDEV_dbo</SOURCE><STATUS maxvalue="CREATED">CREATED</STATUS><STATUSDATE>2014-09-03T10:47:24+01:00</STATUSDATE><DMPKGSTATUS><CHANGEBY>TIMMINSA</CHANGEBY><CHANGEDATE>2014-09-03T10:47:23+01:00</CHANGEDATE><CONTENTID>9fc7a95f-e616-49ee-97f5-bebc93c806ce</CONTENTID><DMPKGSTATUSID>873</DMPKGSTATUSID><MEMO>Progress status changed in product environment BBC-SQL-D01_BBCMAXDEV_dbo from CREATE_NEW while creating package</MEMO><PROGRESSSTATUS maxvalue="CREATED_CFGDATA">CREATED_CFGDATA</PROGRESSSTATUS><REDISTRIBUTESRC></REDISTRIBUTESRC><STATUS maxvalue="CREATE_INPROGRESS">CREATE_INPROGRESS</STATUS></DMPKGSTATUS><DMPKGSTATUS><CHANGEBY>TIMMINSA</CHANGEBY><CHANGEDATE>2014-09-03T10:47:24+01:00</CHANGEDATE><CONTENTID>4e308cd1-962c-48d8-924a-e2c1625d7372</CONTENTID><DMPKGSTATUSID>875</DMPKGSTATUSID><MEMO>Progress status changed in product environment BBC-SQL-D01_BBCMAXDEV_dbo from CREATED_PKGMETADATA while creating package</MEMO><PROGRESSSTATUS maxvalue="CREATED_MANIFEST">CREATED_MANIFEST</PROGRESSSTATUS><REDISTRIBUTESRC></REDISTRIBUTESRC><STATUS maxvalue="CREATE_INPROGRESS">CREATE_INPROGRESS</STATUS></DMPKGSTATUS><DMPKGSTATUS><CHANGEBY>TIMMINSA</CHANGEBY><CHANGEDATE>2014-09-03T10:47:24+01:00</CHANGEDATE><CONTENTID>91fd4eb8-658c-4478-8c1f-fe2b97aaed65</CONTENTID><DMPKGSTATUSID>874</DMPKGSTATUSID><MEMO>Progress status changed in product environment BBC-SQL-D01_BBCMAXDEV_dbo from CREATED_CFGDATA while creating package</MEMO><PROGRESSSTATUS maxvalue="CREATED_PKGMETADATA">CREATED_PKGMETADATA</PROGRESSSTATUS><REDISTRIBUTESRC></REDISTRIBUTESRC><STATUS maxvalue="CREATE_INPROGRESS">CREATE_INPROGRESS</STATUS></DMPKGSTATUS><DMPKGSTATUS><CHANGEBY>TIMMINSA</CHANGEBY><CHANGEDATE>2014-09-03T10:46:42+01:00</CHANGEDATE><CONTENTID>33c372cb-357c-4051-ad69-746456e4ee52</CONTENTID><DMPKGSTATUSID>872</DMPKGSTATUSID><MEMO>Progress status changed in product environment BBC-SQL-D01_BBCMAXDEV_dbo while creating package.</MEMO><PROGRESSSTATUS maxvalue="CREATE_NEW">CREATE_NEW</PROGRESSSTATUS><REDISTRIBUTESRC></REDISTRIBUTESRC><STATUS maxvalue="CREATE_NEW">CREATE_NEW</STATUS></DMPKGSTATUS><DMPKGSTATUS><CHANGEBY>TIMMINSA</CHANGEBY><CHANGEDATE>2014-09-03T10:47:24+01:00</CHANGEDATE><CONTENTID>d2be386d-f693-4be2-9678-409d1213e618</CONTENTID><DMPKGSTATUSID>876</DMPKGSTATUSID><MEMO>Progress status changed in product environment BBC-SQL-D01_BBCMAXDEV_dbo from CREATED_MANIFEST while creating package</MEMO><PROGRESSSTATUS maxvalue="CREATED">CREATED</PROGRESSSTATUS><REDISTRIBUTESRC></REDISTRIBUTESRC><STATUS maxvalue="CREATED">CREATED</STATUS></DMPKGSTATUS></DMPACKAGE></DMPACKAGESet></SyncDMPACKAGE>