<?xml version="1.0" encoding="UTF-8"?><SyncDMPACKAGE xmlns="http://www.ibm.com/maximo" xmlns:xsi="http://www.w3.org/2001/XMLSchema-instance" creationDateTime="2014-11-06T13:20:04+00:00" transLanguage="EN" baseLanguage="EN" messageID="1415280004697437811" maximoVersion="7 5 20130829-1209 V7510--1"><DMPACKAGESet><DMPACKAGE><CHANGEBY>TIMMINSA</CHANGEBY><CONTENTID>59b5392c-f3a7-483e-b2eb-96927502fc28</CONTENTID><CREATEBY>TIMMINSA</CREATEBY><CREATEDATE>2014-11-06T13:19:20+00:00</CREATEDATE><DMPACKAGEID>1602</DMPACKAGEID><FILENAME></FILENAME><PACKAGE>BBC_ESC_BBC-SQL-D01_BBCMAXSIT_dbo_20141106131920</PACKAGE><PKGDEFNAME>BBC_ESC</PKGDEFNAME><PROGRESSSTATUS maxvalue="CREATED">CREATED</PROGRESSSTATUS><README></README><REDISTRIBUTESRC></REDISTRIBUTESRC><SOURCE>BBC-SQL-D01_BBCMAXSIT_dbo</SOURCE><STATUS maxvalue="CREATED">CREATED</STATUS><STATUSDATE>2014-11-06T13:20:04+00:00</STATUSDATE><DMPKGSTATUS><CHANGEBY>TIMMINSA</CHANGEBY><CHANGEDATE>2014-11-06T13:20:04+00:00</CHANGEDATE><CONTENTID>369e266a-832c-42e1-9c41-17aa89704d84</CONTENTID><DMPKGSTATUSID>1703</DMPKGSTATUSID><MEMO>Progress status changed in product environment BBC-SQL-D01_BBCMAXSIT_dbo from CREATE_NEW while creating package</MEMO><PROGRESSSTATUS maxvalue="CREATED_CFGDATA">CREATED_CFGDATA</PROGRESSSTATUS><REDISTRIBUTESRC></REDISTRIBUTESRC><STATUS maxvalue="CREATE_INPROGRESS">CREATE_INPROGRESS</STATUS></DMPKGSTATUS><DMPKGSTATUS><CHANGEBY>TIMMINSA</CHANGEBY><CHANGEDATE>2014-11-06T13:20:04+00:00</CHANGEDATE><CONTENTID>d641661e-5453-44c9-80ef-b9656cb57221</CONTENTID><DMPKGSTATUSID>1705</DMPKGSTATUSID><MEMO>Progress status changed in product environment BBC-SQL-D01_BBCMAXSIT_dbo from CREATED_PKGMETADATA while creating package</MEMO><PROGRESSSTATUS maxvalue="CREATED_MANIFEST">CREATED_MANIFEST</PROGRESSSTATUS><REDISTRIBUTESRC></REDISTRIBUTESRC><STATUS maxvalue="CREATE_INPROGRESS">CREATE_INPROGRESS</STATUS></DMPKGSTATUS><DMPKGSTATUS><CHANGEBY>TIMMINSA</CHANGEBY><CHANGEDATE>2014-11-06T13:20:04+00:00</CHANGEDATE><CONTENTID>7f4384c2-4168-4b1c-9f8d-1206579b4cb1</CONTENTID><DMPKGSTATUSID>1704</DMPKGSTATUSID><MEMO>Progress status changed in product environment BBC-SQL-D01_BBCMAXSIT_dbo from CREATED_CFGDATA while creating package</MEMO><PROGRESSSTATUS maxvalue="CREATED_PKGMETADATA">CREATED_PKGMETADATA</PROGRESSSTATUS><REDISTRIBUTESRC></REDISTRIBUTESRC><STATUS maxvalue="CREATE_INPROGRESS">CREATE_INPROGRESS</STATUS></DMPKGSTATUS><DMPKGSTATUS><CHANGEBY>TIMMINSA</CHANGEBY><CHANGEDATE>2014-11-06T13:19:20+00:00</CHANGEDATE><CONTENTID>481f76bb-2c91-4e9c-b71b-a21a47b1ba4f</CONTENTID><DMPKGSTATUSID>1702</DMPKGSTATUSID><MEMO>Progress status changed in product environment BBC-SQL-D01_BBCMAXSIT_dbo while creating package.</MEMO><PROGRESSSTATUS maxvalue="CREATE_NEW">CREATE_NEW</PROGRESSSTATUS><REDISTRIBUTESRC></REDISTRIBUTESRC><STATUS maxvalue="CREATE_NEW">CREATE_NEW</STATUS></DMPKGSTATUS><DMPKGSTATUS><CHANGEBY>TIMMINSA</CHANGEBY><CHANGEDATE>2014-11-06T13:20:04+00:00</CHANGEDATE><CONTENTID>fe3738d3-dcde-4843-b0ef-b78e56d8da69</CONTENTID><DMPKGSTATUSID>1706</DMPKGSTATUSID><MEMO>Progress status changed in product environment BBC-SQL-D01_BBCMAXSIT_dbo from CREATED_MANIFEST while creating package</MEMO><PROGRESSSTATUS maxvalue="CREATED">CREATED</PROGRESSSTATUS><REDISTRIBUTESRC></REDISTRIBUTESRC><STATUS maxvalue="CREATED">CREATED</STATUS></DMPKGSTATUS></DMPACKAGE></DMPACKAGESet></SyncDMPACKAGE>