<?xml version="1.0" encoding="UTF-8"?><SyncDMCRONTASKDEF xmlns="http://www.ibm.com/maximo" xmlns:xsi="http://www.w3.org/2001/XMLSchema-instance" creationDateTime="2014-11-06T13:20:03+00:00" transLanguage="EN" baseLanguage="EN" messageID="1415280003087392038" maximoVersion="7 5 20130829-1209 V7510--1"><DMCRONTASKDEFSet><CRONTASKDEF action="AddChange"><ACCESSLEVEL maxvalue="FULL">FULL</ACCESSLEVEL><CLASSNAME>psdi.app.escalation.engine.EscalationCronTask</CLASSNAME><CRONTASKDEFID>6</CRONTASKDEFID><CRONTASKNAME>ESCALATION</CRONTASKNAME><DESCRIPTION>Performs Escalations</DESCRIPTION><DESCRIPTION_LONGDESCRIPTION></DESCRIPTION_LONGDESCRIPTION><HASLD>0</HASLD><LANGCODE>EN</LANGCODE><CRONTASKINSTANCE><ACTIVE>0</ACTIVE><AUTOREMOVAL>0</AUTOREMOVAL><CRONTASKINSTANCEID>2013</CRONTASKINSTANCEID><DESCRIPTION>Generated by the response plan.</DESCRIPTION><DESCRIPTION_LONGDESCRIPTION></DESCRIPTION_LONGDESCRIPTION><HASLD>0</HASLD><INSTANCENAME>ESC1037</INSTANCENAME><KEEPHISTORY>1</KEEPHISTORY><LANGCODE>EN</LANGCODE><MAXHISTORY>1000</MAXHISTORY><NEXTRUNTMOVERWRITE xsi:nil="true"></NEXTRUNTMOVERWRITE><RELOADREQTIME>2014-01-16T14:26:14+00:00</RELOADREQTIME><RUNASUSERID>MAXADMIN</RUNASUSERID><SCHEDULE>1y,0,0,0,1,0,*,*,*,*</SCHEDULE></CRONTASKINSTANCE><CRONTASKINSTANCE><ACTIVE>0</ACTIVE><AUTOREMOVAL>0</AUTOREMOVAL><CRONTASKINSTANCEID>2213</CRONTASKINSTANCEID><DESCRIPTION>Generated by the response plan.</DESCRIPTION><DESCRIPTION_LONGDESCRIPTION></DESCRIPTION_LONGDESCRIPTION><HASLD>0</HASLD><INSTANCENAME>ESC1040</INSTANCENAME><KEEPHISTORY>1</KEEPHISTORY><LANGCODE>EN</LANGCODE><MAXHISTORY>1000</MAXHISTORY><NEXTRUNTMOVERWRITE xsi:nil="true"></NEXTRUNTMOVERWRITE><RELOADREQTIME>2014-01-31T10:32:10+00:00</RELOADREQTIME><RUNASUSERID>MAXADMIN</RUNASUSERID><SCHEDULE>1y,0,0,0,1,0,*,*,*,*</SCHEDULE></CRONTASKINSTANCE><CRONTASKINSTANCE><ACTIVE>0</ACTIVE><AUTOREMOVAL>0</AUTOREMOVAL><CRONTASKINSTANCEID>3013</CRONTASKINSTANCEID><DESCRIPTION>Generated by the response plan.</DESCRIPTION><DESCRIPTION_LONGDESCRIPTION></DESCRIPTION_LONGDESCRIPTION><HASLD>0</HASLD><INSTANCENAME>ESC1042</INSTANCENAME><KEEPHISTORY>1</KEEPHISTORY><LANGCODE>EN</LANGCODE><MAXHISTORY>1000</MAXHISTORY><NEXTRUNTMOVERWRITE xsi:nil="true"></NEXTRUNTMOVERWRITE><RELOADREQTIME>2014-02-13T11:21:26+00:00</RELOADREQTIME><RUNASUSERID>MAXADMIN</RUNASUSERID><SCHEDULE>1y,0,0,0,1,0,*,*,*,*</SCHEDULE></CRONTASKINSTANCE><CRONTASKINSTANCE><ACTIVE>0</ACTIVE><AUTOREMOVAL>0</AUTOREMOVAL><CRONTASKINSTANCEID>3113</CRONTASKINSTANCEID><DESCRIPTION>Generated by the response plan.</DESCRIPTION><DESCRIPTION_LONGDESCRIPTION></DESCRIPTION_LONGDESCRIPTION><HASLD>0</HASLD><INSTANCENAME>ESC1044</INSTANCENAME><KEEPHISTORY>1</KEEPHISTORY><LANGCODE>EN</LANGCODE><MAXHISTORY>1000</MAXHISTORY><NEXTRUNTMOVERWRITE xsi:nil="true"></NEXTRUNTMOVERWRITE><RELOADREQTIME>2014-02-19T07:43:46+00:00</RELOADREQTIME><RUNASUSERID>MAXADMIN</RUNASUSERID><SCHEDULE>1y,0,0,0,1,0,*,*,*,*</SCHEDULE></CRONTASKINSTANCE><CRONTASKINSTANCE><ACTIVE>0</ACTIVE><AUTOREMOVAL>0</AUTOREMOVAL><CRONTASKINSTANCEID>3213</CRONTASKINSTANCEID><DESCRIPTION>Generated by the response plan.</DESCRIPTION><DESCRIPTION_LONGDESCRIPTION></DESCRIPTION_LONGDESCRIPTION><HASLD>0</HASLD><INSTANCENAME>ESC1047</INSTANCENAME><KEEPHISTORY>1</KEEPHISTORY><LANGCODE>EN</LANGCODE><MAXHISTORY>1000</MAXHISTORY><NEXTRUNTMOVERWRITE xsi:nil="true"></NEXTRUNTMOVERWRITE><RELOADREQTIME>2014-02-24T13:36:14+00:00</RELOADREQTIME><RUNASUSERID>MAXADMIN</RUNASUSERID><SCHEDULE>1y,0,0,0,1,0,*,*,*,*</SCHEDULE></CRONTASKINSTANCE><CRONTASKINSTANCE><ACTIVE>0</ACTIVE><AUTOREMOVAL>0</AUTOREMOVAL><CRONTASKINSTANCEID>3313</CRONTASKINSTANCEID><DESCRIPTION>Generated by the response plan.</DESCRIPTION><DESCRIPTION_LONGDESCRIPTION></DESCRIPTION_LONGDESCRIPTION><HASLD>0</HASLD><INSTANCENAME>ESC1048</INSTANCENAME><KEEPHISTORY>1</KEEPHISTORY><LANGCODE>EN</LANGCODE><MAXHISTORY>1000</MAXHISTORY><NEXTRUNTMOVERWRITE xsi:nil="true"></NEXTRUNTMOVERWRITE><RELOADREQTIME>2014-02-26T11:20:49+00:00</RELOADREQTIME><RUNASUSERID>MAXADMIN</RUNASUSERID><SCHEDULE>1y,0,0,0,1,0,*,*,*,*</SCHEDULE></CRONTASKINSTANCE><CRONTASKINSTANCE><ACTIVE>0</ACTIVE><AUTOREMOVAL>0</AUTOREMOVAL><CRONTASKINSTANCEID>3314</CRONTASKINSTANCEID><DESCRIPTION>Generated by the response plan.</DESCRIPTION><DESCRIPTION_LONGDESCRIPTION></DESCRIPTION_LONGDESCRIPTION><HASLD>0</HASLD><INSTANCENAME>ESC1049</INSTANCENAME><KEEPHISTORY>1</KEEPHISTORY><LANGCODE>EN</LANGCODE><MAXHISTORY>1000</MAXHISTORY><NEXTRUNTMOVERWRITE xsi:nil="true"></NEXTRUNTMOVERWRITE><RELOADREQTIME>2014-02-27T14:33:56+00:00</RELOADREQTIME><RUNASUSERID>MAXADMIN</RUNASUSERID><SCHEDULE>1y,0,0,0,1,0,*,*,*,*</SCHEDULE></CRONTASKINSTANCE><CRONTASKINSTANCE><ACTIVE>0</ACTIVE><AUTOREMOVAL>0</AUTOREMOVAL><CRONTASKINSTANCEID>3315</CRONTASKINSTANCEID><DESCRIPTION>Generated by the response plan.</DESCRIPTION><DESCRIPTION_LONGDESCRIPTION></DESCRIPTION_LONGDESCRIPTION><HASLD>0</HASLD><INSTANCENAME>ESC1050</INSTANCENAME><KEEPHISTORY>1</KEEPHISTORY><LANGCODE>EN</LANGCODE><MAXHISTORY>1000</MAXHISTORY><NEXTRUNTMOVERWRITE xsi:nil="true"></NEXTRUNTMOVERWRITE><RELOADREQTIME>2014-02-27T16:14:35+00:00</RELOADREQTIME><RUNASUSERID>MAXADMIN</RUNASUSERID><SCHEDULE>1y,0,0,0,1,0,*,*,*,*</SCHEDULE></CRONTASKINSTANCE><CRONTASKINSTANCE><ACTIVE>0</ACTIVE><AUTOREMOVAL>0</AUTOREMOVAL><CRONTASKINSTANCEID>3327</CRONTASKINSTANCEID><DESCRIPTION>Generated by the response plan.</DESCRIPTION><DESCRIPTION_LONGDESCRIPTION></DESCRIPTION_LONGDESCRIPTION><HASLD>0</HASLD><INSTANCENAME>ESC1062</INSTANCENAME><KEEPHISTORY>1</KEEPHISTORY><LANGCODE>EN</LANGCODE><MAXHISTORY>1000</MAXHISTORY><NEXTRUNTMOVERWRITE xsi:nil="true"></NEXTRUNTMOVERWRITE><RELOADREQTIME>2014-02-27T16:30:01+00:00</RELOADREQTIME><RUNASUSERID>MAXADMIN</RUNASUSERID><SCHEDULE>1y,0,0,0,1,0,*,*,*,*</SCHEDULE></CRONTASKINSTANCE><CRONTASKINSTANCE><ACTIVE>0</ACTIVE><AUTOREMOVAL>0</AUTOREMOVAL><CRONTASKINSTANCEID>3328</CRONTASKINSTANCEID><DESCRIPTION>Generated by the response plan.</DESCRIPTION><DESCRIPTION_LONGDESCRIPTION></DESCRIPTION_LONGDESCRIPTION><HASLD>0</HASLD><INSTANCENAME>ESC1063</INSTANCENAME><KEEPHISTORY>1</KEEPHISTORY><LANGCODE>EN</LANGCODE><MAXHISTORY>1000</MAXHISTORY><NEXTRUNTMOVERWRITE xsi:nil="true"></NEXTRUNTMOVERWRITE><RELOADREQTIME>2014-02-27T16:30:23+00:00</RELOADREQTIME><RUNASUSERID>MAXADMIN</RUNASUSERID><SCHEDULE>1y,0,0,0,1,0,*,*,*,*</SCHEDULE></CRONTASKINSTANCE><CRONTASKINSTANCE><ACTIVE>0</ACTIVE><AUTOREMOVAL>0</AUTOREMOVAL><CRONTASKINSTANCEID>3329</CRONTASKINSTANCEID><DESCRIPTION>Generated by the response plan.</DESCRIPTION><DESCRIPTION_LONGDESCRIPTION></DESCRIPTION_LONGDESCRIPTION><HASLD>0</HASLD><INSTANCENAME>ESC1064</INSTANCENAME><KEEPHISTORY>1</KEEPHISTORY><LANGCODE>EN</LANGCODE><MAXHISTORY>1000</MAXHISTORY><NEXTRUNTMOVERWRITE xsi:nil="true"></NEXTRUNTMOVERWRITE><RELOADREQTIME>2014-02-27T16:30:31+00:00</RELOADREQTIME><RUNASUSERID>MAXADMIN</RUNASUSERID><SCHEDULE>1y,0,0,0,1,0,*,*,*,*</SCHEDULE></CRONTASKINSTANCE><CRONTASKINSTANCE><ACTIVE>0</ACTIVE><AUTOREMOVAL>0</AUTOREMOVAL><CRONTASKINSTANCEID>3330</CRONTASKINSTANCEID><DESCRIPTION>Generated by the response plan.</DESCRIPTION><DESCRIPTION_LONGDESCRIPTION></DESCRIPTION_LONGDESCRIPTION><HASLD>0</HASLD><INSTANCENAME>ESC1065</INSTANCENAME><KEEPHISTORY>1</KEEPHISTORY><LANGCODE>EN</LANGCODE><MAXHISTORY>1000</MAXHISTORY><NEXTRUNTMOVERWRITE xsi:nil="true"></NEXTRUNTMOVERWRITE><RELOADREQTIME>2014-02-27T16:30:37+00:00</RELOADREQTIME><RUNASUSERID>MAXADMIN</RUNASUSERID><SCHEDULE>1y,0,0,0,1,0,*,*,*,*</SCHEDULE></CRONTASKINSTANCE><CRONTASKINSTANCE><ACTIVE>0</ACTIVE><AUTOREMOVAL>0</AUTOREMOVAL><CRONTASKINSTANCEID>3331</CRONTASKINSTANCEID><DESCRIPTION>Generated by the response plan.</DESCRIPTION><DESCRIPTION_LONGDESCRIPTION></DESCRIPTION_LONGDESCRIPTION><HASLD>0</HASLD><INSTANCENAME>ESC1066</INSTANCENAME><KEEPHISTORY>1</KEEPHISTORY><LANGCODE>EN</LANGCODE><MAXHISTORY>1000</MAXHISTORY><NEXTRUNTMOVERWRITE xsi:nil="true"></NEXTRUNTMOVERWRITE><RELOADREQTIME>2014-02-27T16:30:46+00:00</RELOADREQTIME><RUNASUSERID>MAXADMIN</RUNASUSERID><SCHEDULE>1y,0,0,0,1,0,*,*,*,*</SCHEDULE></CRONTASKINSTANCE><CRONTASKINSTANCE><ACTIVE>0</ACTIVE><AUTOREMOVAL>0</AUTOREMOVAL><CRONTASKINSTANCEID>3332</CRONTASKINSTANCEID><DESCRIPTION>Generated by the response plan.</DESCRIPTION><DESCRIPTION_LONGDESCRIPTION></DESCRIPTION_LONGDESCRIPTION><HASLD>0</HASLD><INSTANCENAME>ESC1067</INSTANCENAME><KEEPHISTORY>1</KEEPHISTORY><LANGCODE>EN</LANGCODE><MAXHISTORY>1000</MAXHISTORY><NEXTRUNTMOVERWRITE xsi:nil="true"></NEXTRUNTMOVERWRITE><RELOADREQTIME>2014-02-27T16:30:52+00:00</RELOADREQTIME><RUNASUSERID>MAXADMIN</RUNASUSERID><SCHEDULE>1y,0,0,0,1,0,*,*,*,*</SCHEDULE></CRONTASKINSTANCE><CRONTASKINSTANCE><ACTIVE>0</ACTIVE><AUTOREMOVAL>0</AUTOREMOVAL><CRONTASKINSTANCEID>3914</CRONTASKINSTANCEID><DESCRIPTION>Generated by the response plan.</DESCRIPTION><DESCRIPTION_LONGDESCRIPTION></DESCRIPTION_LONGDESCRIPTION><HASLD>0</HASLD><INSTANCENAME>ESC1077</INSTANCENAME><KEEPHISTORY>1</KEEPHISTORY><LANGCODE>EN</LANGCODE><MAXHISTORY>1000</MAXHISTORY><NEXTRUNTMOVERWRITE xsi:nil="true"></NEXTRUNTMOVERWRITE><RELOADREQTIME>2014-03-21T14:39:39+00:00</RELOADREQTIME><RUNASUSERID>MAXADMIN</RUNASUSERID><SCHEDULE>1y,0,0,0,1,0,*,*,*,*</SCHEDULE></CRONTASKINSTANCE><CRONTASKINSTANCE><ACTIVE>0</ACTIVE><AUTOREMOVAL>0</AUTOREMOVAL><CRONTASKINSTANCEID>5413</CRONTASKINSTANCEID><DESCRIPTION>Generated by the response plan.</DESCRIPTION><DESCRIPTION_LONGDESCRIPTION></DESCRIPTION_LONGDESCRIPTION><HASLD>0</HASLD><INSTANCENAME>ESC1081</INSTANCENAME><KEEPHISTORY>1</KEEPHISTORY><LANGCODE>EN</LANGCODE><MAXHISTORY>1000</MAXHISTORY><NEXTRUNTMOVERWRITE xsi:nil="true"></NEXTRUNTMOVERWRITE><RELOADREQTIME>2014-04-04T13:35:27+01:00</RELOADREQTIME><RUNASUSERID>MAXADMIN</RUNASUSERID><SCHEDULE>1y,0,0,0,1,0,*,*,*,*</SCHEDULE></CRONTASKINSTANCE><CRONTASKINSTANCE><ACTIVE>0</ACTIVE><AUTOREMOVAL>0</AUTOREMOVAL><CRONTASKINSTANCEID>5414</CRONTASKINSTANCEID><DESCRIPTION>Generated by the response plan.</DESCRIPTION><DESCRIPTION_LONGDESCRIPTION></DESCRIPTION_LONGDESCRIPTION><HASLD>0</HASLD><INSTANCENAME>ESC1082</INSTANCENAME><KEEPHISTORY>1</KEEPHISTORY><LANGCODE>EN</LANGCODE><MAXHISTORY>1000</MAXHISTORY><NEXTRUNTMOVERWRITE xsi:nil="true"></NEXTRUNTMOVERWRITE><RELOADREQTIME>2014-04-04T13:38:41+01:00</RELOADREQTIME><RUNASUSERID>MAXADMIN</RUNASUSERID><SCHEDULE>1y,0,0,0,1,0,*,*,*,*</SCHEDULE></CRONTASKINSTANCE><CRONTASKINSTANCE><ACTIVE>0</ACTIVE><AUTOREMOVAL>0</AUTOREMOVAL><CRONTASKINSTANCEID>5415</CRONTASKINSTANCEID><DESCRIPTION>Generated by the response plan.</DESCRIPTION><DESCRIPTION_LONGDESCRIPTION></DESCRIPTION_LONGDESCRIPTION><HASLD>0</HASLD><INSTANCENAME>ESC1083</INSTANCENAME><KEEPHISTORY>1</KEEPHISTORY><LANGCODE>EN</LANGCODE><MAXHISTORY>1000</MAXHISTORY><NEXTRUNTMOVERWRITE xsi:nil="true"></NEXTRUNTMOVERWRITE><RELOADREQTIME>2014-04-04T13:40:50+01:00</RELOADREQTIME><RUNASUSERID>MAXADMIN</RUNASUSERID><SCHEDULE>1y,0,0,0,1,0,*,*,*,*</SCHEDULE></CRONTASKINSTANCE><CRONTASKINSTANCE><ACTIVE>0</ACTIVE><AUTOREMOVAL>0</AUTOREMOVAL><CRONTASKINSTANCEID>5738</CRONTASKINSTANCEID><DESCRIPTION>Generated by the response plan.</DESCRIPTION><DESCRIPTION_LONGDESCRIPTION></DESCRIPTION_LONGDESCRIPTION><HASLD>0</HASLD><INSTANCENAME>ESC1084</INSTANCENAME><KEEPHISTORY>1</KEEPHISTORY><LANGCODE>EN</LANGCODE><MAXHISTORY>1000</MAXHISTORY><NEXTRUNTMOVERWRITE xsi:nil="true"></NEXTRUNTMOVERWRITE><RELOADREQTIME>2014-04-30T11:16:08+01:00</RELOADREQTIME><RUNASUSERID>MAXADMIN</RUNASUSERID><SCHEDULE>1y,0,0,0,1,0,*,*,*,*</SCHEDULE></CRONTASKINSTANCE><CRONTASKINSTANCE><ACTIVE>0</ACTIVE><AUTOREMOVAL>0</AUTOREMOVAL><CRONTASKINSTANCEID>5739</CRONTASKINSTANCEID><DESCRIPTION>Generated by the response plan.</DESCRIPTION><DESCRIPTION_LONGDESCRIPTION></DESCRIPTION_LONGDESCRIPTION><HASLD>0</HASLD><INSTANCENAME>ESC1085</INSTANCENAME><KEEPHISTORY>1</KEEPHISTORY><LANGCODE>EN</LANGCODE><MAXHISTORY>1000</MAXHISTORY><NEXTRUNTMOVERWRITE xsi:nil="true"></NEXTRUNTMOVERWRITE><RELOADREQTIME>2014-04-30T11:30:12+01:00</RELOADREQTIME><RUNASUSERID>MAXADMIN</RUNASUSERID><SCHEDULE>1y,0,0,0,1,0,*,*,*,*</SCHEDULE></CRONTASKINSTANCE><CRONTASKINSTANCE><ACTIVE>0</ACTIVE><AUTOREMOVAL>0</AUTOREMOVAL><CRONTASKINSTANCEID>5740</CRONTASKINSTANCEID><DESCRIPTION>Generated by the response plan.</DESCRIPTION><DESCRIPTION_LONGDESCRIPTION></DESCRIPTION_LONGDESCRIPTION><HASLD>0</HASLD><INSTANCENAME>ESC1086</INSTANCENAME><KEEPHISTORY>1</KEEPHISTORY><LANGCODE>EN</LANGCODE><MAXHISTORY>1000</MAXHISTORY><NEXTRUNTMOVERWRITE xsi:nil="true"></NEXTRUNTMOVERWRITE><RELOADREQTIME>2014-04-30T11:35:00+01:00</RELOADREQTIME><RUNASUSERID>MAXADMIN</RUNASUSERID><SCHEDULE>1y,0,0,0,1,0,*,*,*,*</SCHEDULE></CRONTASKINSTANCE><CRONTASKINSTANCE><ACTIVE>0</ACTIVE><AUTOREMOVAL>0</AUTOREMOVAL><CRONTASKINSTANCEID>5741</CRONTASKINSTANCEID><DESCRIPTION>Generated by the response plan.</DESCRIPTION><DESCRIPTION_LONGDESCRIPTION></DESCRIPTION_LONGDESCRIPTION><HASLD>0</HASLD><INSTANCENAME>ESC1087</INSTANCENAME><KEEPHISTORY>1</KEEPHISTORY><LANGCODE>EN</LANGCODE><MAXHISTORY>1000</MAXHISTORY><NEXTRUNTMOVERWRITE xsi:nil="true"></NEXTRUNTMOVERWRITE><RELOADREQTIME>2014-04-30T11:39:36+01:00</RELOADREQTIME><RUNASUSERID>MAXADMIN</RUNASUSERID><SCHEDULE>1y,0,0,0,1,0,*,*,*,*</SCHEDULE></CRONTASKINSTANCE><CRONTASKINSTANCE><ACTIVE>0</ACTIVE><AUTOREMOVAL>0</AUTOREMOVAL><CRONTASKINSTANCEID>5742</CRONTASKINSTANCEID><DESCRIPTION>Generated by the response plan.</DESCRIPTION><DESCRIPTION_LONGDESCRIPTION></DESCRIPTION_LONGDESCRIPTION><HASLD>0</HASLD><INSTANCENAME>ESC1088</INSTANCENAME><KEEPHISTORY>1</KEEPHISTORY><LANGCODE>EN</LANGCODE><MAXHISTORY>1000</MAXHISTORY><NEXTRUNTMOVERWRITE xsi:nil="true"></NEXTRUNTMOVERWRITE><RELOADREQTIME>2014-04-30T11:41:52+01:00</RELOADREQTIME><RUNASUSERID>MAXADMIN</RUNASUSERID><SCHEDULE>1y,0,0,0,1,0,*,*,*,*</SCHEDULE></CRONTASKINSTANCE><CRONTASKINSTANCE><ACTIVE>0</ACTIVE><AUTOREMOVAL>0</AUTOREMOVAL><CRONTASKINSTANCEID>5743</CRONTASKINSTANCEID><DESCRIPTION>Generated by the response plan.</DESCRIPTION><DESCRIPTION_LONGDESCRIPTION></DESCRIPTION_LONGDESCRIPTION><HASLD>0</HASLD><INSTANCENAME>ESC1089</INSTANCENAME><KEEPHISTORY>1</KEEPHISTORY><LANGCODE>EN</LANGCODE><MAXHISTORY>1000</MAXHISTORY><NEXTRUNTMOVERWRITE xsi:nil="true"></NEXTRUNTMOVERWRITE><RELOADREQTIME>2014-04-30T11:44:07+01:00</RELOADREQTIME><RUNASUSERID>MAXADMIN</RUNASUSERID><SCHEDULE>1y,0,0,0,1,0,*,*,*,*</SCHEDULE></CRONTASKINSTANCE><CRONTASKINSTANCE><ACTIVE>0</ACTIVE><AUTOREMOVAL>0</AUTOREMOVAL><CRONTASKINSTANCEID>5744</CRONTASKINSTANCEID><DESCRIPTION>Generated by the response plan.</DESCRIPTION><DESCRIPTION_LONGDESCRIPTION></DESCRIPTION_LONGDESCRIPTION><HASLD>0</HASLD><INSTANCENAME>ESC1090</INSTANCENAME><KEEPHISTORY>1</KEEPHISTORY><LANGCODE>EN</LANGCODE><MAXHISTORY>1000</MAXHISTORY><NEXTRUNTMOVERWRITE xsi:nil="true"></NEXTRUNTMOVERWRITE><RELOADREQTIME>2014-04-30T11:58:35+01:00</RELOADREQTIME><RUNASUSERID>MAXADMIN</RUNASUSERID><SCHEDULE>1y,0,0,0,1,0,*,*,*,*</SCHEDULE></CRONTASKINSTANCE><CRONTASKINSTANCE><ACTIVE>0</ACTIVE><AUTOREMOVAL>0</AUTOREMOVAL><CRONTASKINSTANCEID>5745</CRONTASKINSTANCEID><DESCRIPTION>Generated by the response plan.</DESCRIPTION><DESCRIPTION_LONGDESCRIPTION></DESCRIPTION_LONGDESCRIPTION><HASLD>0</HASLD><INSTANCENAME>ESC1091</INSTANCENAME><KEEPHISTORY>1</KEEPHISTORY><LANGCODE>EN</LANGCODE><MAXHISTORY>1000</MAXHISTORY><NEXTRUNTMOVERWRITE xsi:nil="true"></NEXTRUNTMOVERWRITE><RELOADREQTIME>2014-04-30T12:02:11+01:00</RELOADREQTIME><RUNASUSERID>MAXADMIN</RUNASUSERID><SCHEDULE>1y,0,0,0,1,0,*,*,*,*</SCHEDULE></CRONTASKINSTANCE><CRONTASKINSTANCE><ACTIVE>0</ACTIVE><AUTOREMOVAL>0</AUTOREMOVAL><CRONTASKINSTANCEID>5746</CRONTASKINSTANCEID><DESCRIPTION>Generated by the response plan.</DESCRIPTION><DESCRIPTION_LONGDESCRIPTION></DESCRIPTION_LONGDESCRIPTION><HASLD>0</HASLD><INSTANCENAME>ESC1092</INSTANCENAME><KEEPHISTORY>1</KEEPHISTORY><LANGCODE>EN</LANGCODE><MAXHISTORY>1000</MAXHISTORY><NEXTRUNTMOVERWRITE xsi:nil="true"></NEXTRUNTMOVERWRITE><RELOADREQTIME>2014-04-30T12:14:18+01:00</RELOADREQTIME><RUNASUSERID>MAXADMIN</RUNASUSERID><SCHEDULE>1y,0,0,0,1,0,*,*,*,*</SCHEDULE></CRONTASKINSTANCE><CRONTASKINSTANCE><ACTIVE>0</ACTIVE><AUTOREMOVAL>0</AUTOREMOVAL><CRONTASKINSTANCEID>5747</CRONTASKINSTANCEID><DESCRIPTION>Generated by the response plan.</DESCRIPTION><DESCRIPTION_LONGDESCRIPTION></DESCRIPTION_LONGDESCRIPTION><HASLD>0</HASLD><INSTANCENAME>ESC1093</INSTANCENAME><KEEPHISTORY>1</KEEPHISTORY><LANGCODE>EN</LANGCODE><MAXHISTORY>1000</MAXHISTORY><NEXTRUNTMOVERWRITE xsi:nil="true"></NEXTRUNTMOVERWRITE><RELOADREQTIME>2014-04-30T12:17:09+01:00</RELOADREQTIME><RUNASUSERID>MAXADMIN</RUNASUSERID><SCHEDULE>1y,0,0,0,1,0,*,*,*,*</SCHEDULE></CRONTASKINSTANCE><CRONTASKINSTANCE><ACTIVE>0</ACTIVE><AUTOREMOVAL>0</AUTOREMOVAL><CRONTASKINSTANCEID>5748</CRONTASKINSTANCEID><DESCRIPTION>Generated by the response plan.</DESCRIPTION><DESCRIPTION_LONGDESCRIPTION></DESCRIPTION_LONGDESCRIPTION><HASLD>0</HASLD><INSTANCENAME>ESC1094</INSTANCENAME><KEEPHISTORY>1</KEEPHISTORY><LANGCODE>EN</LANGCODE><MAXHISTORY>1000</MAXHISTORY><NEXTRUNTMOVERWRITE xsi:nil="true"></NEXTRUNTMOVERWRITE><RELOADREQTIME>2014-04-30T12:33:00+01:00</RELOADREQTIME><RUNASUSERID>MAXADMIN</RUNASUSERID><SCHEDULE>1y,0,0,0,1,0,*,*,*,*</SCHEDULE></CRONTASKINSTANCE><CRONTASKINSTANCE><ACTIVE>0</ACTIVE><AUTOREMOVAL>0</AUTOREMOVAL><CRONTASKINSTANCEID>5749</CRONTASKINSTANCEID><DESCRIPTION>Generated by the response plan.</DESCRIPTION><DESCRIPTION_LONGDESCRIPTION></DESCRIPTION_LONGDESCRIPTION><HASLD>0</HASLD><INSTANCENAME>ESC1095</INSTANCENAME><KEEPHISTORY>1</KEEPHISTORY><LANGCODE>EN</LANGCODE><MAXHISTORY>1000</MAXHISTORY><NEXTRUNTMOVERWRITE xsi:nil="true"></NEXTRUNTMOVERWRITE><RELOADREQTIME>2014-04-30T13:46:38+01:00</RELOADREQTIME><RUNASUSERID>MAXADMIN</RUNASUSERID><SCHEDULE>1y,0,0,0,1,0,*,*,*,*</SCHEDULE></CRONTASKINSTANCE><CRONTASKINSTANCE><ACTIVE>0</ACTIVE><AUTOREMOVAL>0</AUTOREMOVAL><CRONTASKINSTANCEID>5750</CRONTASKINSTANCEID><DESCRIPTION>Generated by the response plan.</DESCRIPTION><DESCRIPTION_LONGDESCRIPTION></DESCRIPTION_LONGDESCRIPTION><HASLD>0</HASLD><INSTANCENAME>ESC1096</INSTANCENAME><KEEPHISTORY>1</KEEPHISTORY><LANGCODE>EN</LANGCODE><MAXHISTORY>1000</MAXHISTORY><NEXTRUNTMOVERWRITE xsi:nil="true"></NEXTRUNTMOVERWRITE><RELOADREQTIME>2014-04-30T13:50:52+01:00</RELOADREQTIME><RUNASUSERID>MAXADMIN</RUNASUSERID><SCHEDULE>1y,0,0,0,1,0,*,*,*,*</SCHEDULE></CRONTASKINSTANCE><CRONTASKINSTANCE><ACTIVE>0</ACTIVE><AUTOREMOVAL>0</AUTOREMOVAL><CRONTASKINSTANCEID>5751</CRONTASKINSTANCEID><DESCRIPTION>Generated by the response plan.</DESCRIPTION><DESCRIPTION_LONGDESCRIPTION></DESCRIPTION_LONGDESCRIPTION><HASLD>0</HASLD><INSTANCENAME>ESC1097</INSTANCENAME><KEEPHISTORY>1</KEEPHISTORY><LANGCODE>EN</LANGCODE><MAXHISTORY>1000</MAXHISTORY><NEXTRUNTMOVERWRITE xsi:nil="true"></NEXTRUNTMOVERWRITE><RELOADREQTIME>2014-04-30T13:56:03+01:00</RELOADREQTIME><RUNASUSERID>MAXADMIN</RUNASUSERID><SCHEDULE>1y,0,0,0,1,0,*,*,*,*</SCHEDULE></CRONTASKINSTANCE><CRONTASKINSTANCE><ACTIVE>0</ACTIVE><AUTOREMOVAL>0</AUTOREMOVAL><CRONTASKINSTANCEID>5752</CRONTASKINSTANCEID><DESCRIPTION>Generated by the response plan.</DESCRIPTION><DESCRIPTION_LONGDESCRIPTION></DESCRIPTION_LONGDESCRIPTION><HASLD>0</HASLD><INSTANCENAME>ESC1098</INSTANCENAME><KEEPHISTORY>1</KEEPHISTORY><LANGCODE>EN</LANGCODE><MAXHISTORY>1000</MAXHISTORY><NEXTRUNTMOVERWRITE xsi:nil="true"></NEXTRUNTMOVERWRITE><RELOADREQTIME>2014-04-30T17:18:20+01:00</RELOADREQTIME><RUNASUSERID>MAXADMIN</RUNASUSERID><SCHEDULE>1y,0,0,0,1,0,*,*,*,*</SCHEDULE></CRONTASKINSTANCE><CRONTASKINSTANCE><ACTIVE>0</ACTIVE><AUTOREMOVAL>0</AUTOREMOVAL><CRONTASKINSTANCEID>5753</CRONTASKINSTANCEID><DESCRIPTION>Generated by the response plan.</DESCRIPTION><DESCRIPTION_LONGDESCRIPTION></DESCRIPTION_LONGDESCRIPTION><HASLD>0</HASLD><INSTANCENAME>ESC1099</INSTANCENAME><KEEPHISTORY>1</KEEPHISTORY><LANGCODE>EN</LANGCODE><MAXHISTORY>1000</MAXHISTORY><NEXTRUNTMOVERWRITE xsi:nil="true"></NEXTRUNTMOVERWRITE><RELOADREQTIME>2014-04-30T17:21:43+01:00</RELOADREQTIME><RUNASUSERID>MAXADMIN</RUNASUSERID><SCHEDULE>1y,0,0,0,1,0,*,*,*,*</SCHEDULE></CRONTASKINSTANCE><CRONTASKINSTANCE><ACTIVE>0</ACTIVE><AUTOREMOVAL>0</AUTOREMOVAL><CRONTASKINSTANCEID>5754</CRONTASKINSTANCEID><DESCRIPTION>Generated by the response plan.</DESCRIPTION><DESCRIPTION_LONGDESCRIPTION></DESCRIPTION_LONGDESCRIPTION><HASLD>0</HASLD><INSTANCENAME>ESC1100</INSTANCENAME><KEEPHISTORY>1</KEEPHISTORY><LANGCODE>EN</LANGCODE><MAXHISTORY>1000</MAXHISTORY><NEXTRUNTMOVERWRITE xsi:nil="true"></NEXTRUNTMOVERWRITE><RELOADREQTIME>2014-04-30T17:27:59+01:00</RELOADREQTIME><RUNASUSERID>MAXADMIN</RUNASUSERID><SCHEDULE>1y,0,0,0,1,0,*,*,*,*</SCHEDULE></CRONTASKINSTANCE><CRONTASKINSTANCE><ACTIVE>0</ACTIVE><AUTOREMOVAL>0</AUTOREMOVAL><CRONTASKINSTANCEID>5755</CRONTASKINSTANCEID><DESCRIPTION>Generated by the response plan.</DESCRIPTION><DESCRIPTION_LONGDESCRIPTION></DESCRIPTION_LONGDESCRIPTION><HASLD>0</HASLD><INSTANCENAME>ESC1101</INSTANCENAME><KEEPHISTORY>1</KEEPHISTORY><LANGCODE>EN</LANGCODE><MAXHISTORY>1000</MAXHISTORY><NEXTRUNTMOVERWRITE xsi:nil="true"></NEXTRUNTMOVERWRITE><RELOADREQTIME>2014-04-30T17:33:31+01:00</RELOADREQTIME><RUNASUSERID>MAXADMIN</RUNASUSERID><SCHEDULE>1y,0,0,0,1,0,*,*,*,*</SCHEDULE></CRONTASKINSTANCE><CRONTASKINSTANCE><ACTIVE>0</ACTIVE><AUTOREMOVAL>0</AUTOREMOVAL><CRONTASKINSTANCEID>5756</CRONTASKINSTANCEID><DESCRIPTION>Generated by the response plan.</DESCRIPTION><DESCRIPTION_LONGDESCRIPTION></DESCRIPTION_LONGDESCRIPTION><HASLD>0</HASLD><INSTANCENAME>ESC1102</INSTANCENAME><KEEPHISTORY>1</KEEPHISTORY><LANGCODE>EN</LANGCODE><MAXHISTORY>1000</MAXHISTORY><NEXTRUNTMOVERWRITE xsi:nil="true"></NEXTRUNTMOVERWRITE><RELOADREQTIME>2014-04-30T17:36:42+01:00</RELOADREQTIME><RUNASUSERID>MAXADMIN</RUNASUSERID><SCHEDULE>1y,0,0,0,1,0,*,*,*,*</SCHEDULE></CRONTASKINSTANCE><CRONTASKINSTANCE><ACTIVE>0</ACTIVE><AUTOREMOVAL>0</AUTOREMOVAL><CRONTASKINSTANCEID>5757</CRONTASKINSTANCEID><DESCRIPTION>Generated by the response plan.</DESCRIPTION><DESCRIPTION_LONGDESCRIPTION></DESCRIPTION_LONGDESCRIPTION><HASLD>0</HASLD><INSTANCENAME>ESC1103</INSTANCENAME><KEEPHISTORY>1</KEEPHISTORY><LANGCODE>EN</LANGCODE><MAXHISTORY>1000</MAXHISTORY><NEXTRUNTMOVERWRITE xsi:nil="true"></NEXTRUNTMOVERWRITE><RELOADREQTIME>2014-04-30T17:39:31+01:00</RELOADREQTIME><RUNASUSERID>MAXADMIN</RUNASUSERID><SCHEDULE>1y,0,0,0,1,0,*,*,*,*</SCHEDULE></CRONTASKINSTANCE><CRONTASKINSTANCE><ACTIVE>0</ACTIVE><AUTOREMOVAL>0</AUTOREMOVAL><CRONTASKINSTANCEID>7115</CRONTASKINSTANCEID><DESCRIPTION>Generated by the response plan.</DESCRIPTION><DESCRIPTION_LONGDESCRIPTION></DESCRIPTION_LONGDESCRIPTION><HASLD>0</HASLD><INSTANCENAME>ESC1104</INSTANCENAME><KEEPHISTORY>1</KEEPHISTORY><LANGCODE>EN</LANGCODE><MAXHISTORY>1000</MAXHISTORY><NEXTRUNTMOVERWRITE xsi:nil="true"></NEXTRUNTMOVERWRITE><RELOADREQTIME>2014-05-23T14:51:43+01:00</RELOADREQTIME><RUNASUSERID>MAXADMIN</RUNASUSERID><SCHEDULE>1y,0,0,0,1,0,*,*,*,*</SCHEDULE></CRONTASKINSTANCE><CRONTASKINSTANCE><ACTIVE>0</ACTIVE><AUTOREMOVAL>0</AUTOREMOVAL><CRONTASKINSTANCEID>7223</CRONTASKINSTANCEID><DESCRIPTION>Generated by the response plan.</DESCRIPTION><DESCRIPTION_LONGDESCRIPTION></DESCRIPTION_LONGDESCRIPTION><HASLD>0</HASLD><INSTANCENAME>ESC1105</INSTANCENAME><KEEPHISTORY>1</KEEPHISTORY><LANGCODE>EN</LANGCODE><MAXHISTORY>1000</MAXHISTORY><NEXTRUNTMOVERWRITE xsi:nil="true"></NEXTRUNTMOVERWRITE><RELOADREQTIME>2014-06-03T16:15:43+01:00</RELOADREQTIME><RUNASUSERID>MAXADMIN</RUNASUSERID><SCHEDULE>1y,0,0,0,1,0,*,*,*,*</SCHEDULE></CRONTASKINSTANCE><CRONTASKINSTANCE><ACTIVE>0</ACTIVE><AUTOREMOVAL>0</AUTOREMOVAL><CRONTASKINSTANCEID>7225</CRONTASKINSTANCEID><DESCRIPTION>Generated by the response plan.</DESCRIPTION><DESCRIPTION_LONGDESCRIPTION></DESCRIPTION_LONGDESCRIPTION><HASLD>0</HASLD><INSTANCENAME>ESC1106</INSTANCENAME><KEEPHISTORY>1</KEEPHISTORY><LANGCODE>EN</LANGCODE><MAXHISTORY>1000</MAXHISTORY><NEXTRUNTMOVERWRITE xsi:nil="true"></NEXTRUNTMOVERWRITE><RELOADREQTIME>2014-06-03T16:30:51+01:00</RELOADREQTIME><RUNASUSERID>MAXADMIN</RUNASUSERID><SCHEDULE>1y,0,0,0,1,0,*,*,*,*</SCHEDULE></CRONTASKINSTANCE><CRONTASKINSTANCE><ACTIVE>0</ACTIVE><AUTOREMOVAL>0</AUTOREMOVAL><CRONTASKINSTANCEID>7226</CRONTASKINSTANCEID><DESCRIPTION>Generated by the response plan.</DESCRIPTION><DESCRIPTION_LONGDESCRIPTION></DESCRIPTION_LONGDESCRIPTION><HASLD>0</HASLD><INSTANCENAME>ESC1107</INSTANCENAME><KEEPHISTORY>1</KEEPHISTORY><LANGCODE>EN</LANGCODE><MAXHISTORY>1000</MAXHISTORY><NEXTRUNTMOVERWRITE xsi:nil="true"></NEXTRUNTMOVERWRITE><RELOADREQTIME>2014-06-03T16:49:54+01:00</RELOADREQTIME><RUNASUSERID>MAXADMIN</RUNASUSERID><SCHEDULE>1y,0,0,0,1,0,*,*,*,*</SCHEDULE></CRONTASKINSTANCE><CRONTASKINSTANCE><ACTIVE>0</ACTIVE><AUTOREMOVAL>0</AUTOREMOVAL><CRONTASKINSTANCEID>7227</CRONTASKINSTANCEID><DESCRIPTION>Generated by the response plan.</DESCRIPTION><DESCRIPTION_LONGDESCRIPTION></DESCRIPTION_LONGDESCRIPTION><HASLD>0</HASLD><INSTANCENAME>ESC1108</INSTANCENAME><KEEPHISTORY>1</KEEPHISTORY><LANGCODE>EN</LANGCODE><MAXHISTORY>1000</MAXHISTORY><NEXTRUNTMOVERWRITE xsi:nil="true"></NEXTRUNTMOVERWRITE><RELOADREQTIME>2014-06-03T17:01:02+01:00</RELOADREQTIME><RUNASUSERID>MAXADMIN</RUNASUSERID><SCHEDULE>1y,0,0,0,1,0,*,*,*,*</SCHEDULE></CRONTASKINSTANCE><CRONTASKINSTANCE><ACTIVE>0</ACTIVE><AUTOREMOVAL>0</AUTOREMOVAL><CRONTASKINSTANCEID>7228</CRONTASKINSTANCEID><DESCRIPTION>Generated by the response plan.</DESCRIPTION><DESCRIPTION_LONGDESCRIPTION></DESCRIPTION_LONGDESCRIPTION><HASLD>0</HASLD><INSTANCENAME>ESC1109</INSTANCENAME><KEEPHISTORY>1</KEEPHISTORY><LANGCODE>EN</LANGCODE><MAXHISTORY>1000</MAXHISTORY><NEXTRUNTMOVERWRITE xsi:nil="true"></NEXTRUNTMOVERWRITE><RELOADREQTIME>2014-06-04T17:28:17+01:00</RELOADREQTIME><RUNASUSERID>MAXADMIN</RUNASUSERID><SCHEDULE>1y,0,0,0,1,0,*,*,*,*</SCHEDULE></CRONTASKINSTANCE><CRONTASKINSTANCE><ACTIVE>0</ACTIVE><AUTOREMOVAL>0</AUTOREMOVAL><CRONTASKINSTANCEID>7229</CRONTASKINSTANCEID><DESCRIPTION>Generated by the response plan.</DESCRIPTION><DESCRIPTION_LONGDESCRIPTION></DESCRIPTION_LONGDESCRIPTION><HASLD>0</HASLD><INSTANCENAME>ESC1110</INSTANCENAME><KEEPHISTORY>1</KEEPHISTORY><LANGCODE>EN</LANGCODE><MAXHISTORY>1000</MAXHISTORY><NEXTRUNTMOVERWRITE xsi:nil="true"></NEXTRUNTMOVERWRITE><RELOADREQTIME>2014-06-04T17:32:00+01:00</RELOADREQTIME><RUNASUSERID>MAXADMIN</RUNASUSERID><SCHEDULE>1y,0,0,0,1,0,*,*,*,*</SCHEDULE></CRONTASKINSTANCE><CRONTASKINSTANCE><ACTIVE>0</ACTIVE><AUTOREMOVAL>0</AUTOREMOVAL><CRONTASKINSTANCEID>8814</CRONTASKINSTANCEID><DESCRIPTION>Generated by the response plan.</DESCRIPTION><DESCRIPTION_LONGDESCRIPTION></DESCRIPTION_LONGDESCRIPTION><HASLD>0</HASLD><INSTANCENAME>ESC1111</INSTANCENAME><KEEPHISTORY>1</KEEPHISTORY><LANGCODE>EN</LANGCODE><MAXHISTORY>1000</MAXHISTORY><NEXTRUNTMOVERWRITE xsi:nil="true"></NEXTRUNTMOVERWRITE><RELOADREQTIME>2014-06-20T17:39:43+01:00</RELOADREQTIME><RUNASUSERID>MAXADMIN</RUNASUSERID><SCHEDULE>1y,0,0,0,1,0,*,*,*,*</SCHEDULE></CRONTASKINSTANCE><CRONTASKINSTANCE><ACTIVE>0</ACTIVE><AUTOREMOVAL>0</AUTOREMOVAL><CRONTASKINSTANCEID>8815</CRONTASKINSTANCEID><DESCRIPTION>Generated by the response plan.</DESCRIPTION><DESCRIPTION_LONGDESCRIPTION></DESCRIPTION_LONGDESCRIPTION><HASLD>0</HASLD><INSTANCENAME>ESC1112</INSTANCENAME><KEEPHISTORY>1</KEEPHISTORY><LANGCODE>EN</LANGCODE><MAXHISTORY>1000</MAXHISTORY><NEXTRUNTMOVERWRITE xsi:nil="true"></NEXTRUNTMOVERWRITE><RELOADREQTIME>2014-06-20T17:46:17+01:00</RELOADREQTIME><RUNASUSERID>MAXADMIN</RUNASUSERID><SCHEDULE>1y,0,0,0,1,0,*,*,*,*</SCHEDULE></CRONTASKINSTANCE><CRONTASKINSTANCE><ACTIVE>0</ACTIVE><AUTOREMOVAL>0</AUTOREMOVAL><CRONTASKINSTANCEID>8816</CRONTASKINSTANCEID><DESCRIPTION>Generated by the response plan.</DESCRIPTION><DESCRIPTION_LONGDESCRIPTION></DESCRIPTION_LONGDESCRIPTION><HASLD>0</HASLD><INSTANCENAME>ESC1113</INSTANCENAME><KEEPHISTORY>1</KEEPHISTORY><LANGCODE>EN</LANGCODE><MAXHISTORY>1000</MAXHISTORY><NEXTRUNTMOVERWRITE xsi:nil="true"></NEXTRUNTMOVERWRITE><RELOADREQTIME>2014-06-20T17:49:40+01:00</RELOADREQTIME><RUNASUSERID>MAXADMIN</RUNASUSERID><SCHEDULE>1y,0,0,0,1,0,*,*,*,*</SCHEDULE></CRONTASKINSTANCE><CRONTASKINSTANCE><ACTIVE>0</ACTIVE><AUTOREMOVAL>0</AUTOREMOVAL><CRONTASKINSTANCEID>8817</CRONTASKINSTANCEID><DESCRIPTION>Generated by the response plan.</DESCRIPTION><DESCRIPTION_LONGDESCRIPTION></DESCRIPTION_LONGDESCRIPTION><HASLD>0</HASLD><INSTANCENAME>ESC1114</INSTANCENAME><KEEPHISTORY>1</KEEPHISTORY><LANGCODE>EN</LANGCODE><MAXHISTORY>1000</MAXHISTORY><NEXTRUNTMOVERWRITE xsi:nil="true"></NEXTRUNTMOVERWRITE><RELOADREQTIME>2014-06-20T17:51:48+01:00</RELOADREQTIME><RUNASUSERID>MAXADMIN</RUNASUSERID><SCHEDULE>1y,0,0,0,1,0,*,*,*,*</SCHEDULE></CRONTASKINSTANCE><CRONTASKINSTANCE><ACTIVE>0</ACTIVE><AUTOREMOVAL>0</AUTOREMOVAL><CRONTASKINSTANCEID>8818</CRONTASKINSTANCEID><DESCRIPTION>Generated by the response plan.</DESCRIPTION><DESCRIPTION_LONGDESCRIPTION></DESCRIPTION_LONGDESCRIPTION><HASLD>0</HASLD><INSTANCENAME>ESC1115</INSTANCENAME><KEEPHISTORY>1</KEEPHISTORY><LANGCODE>EN</LANGCODE><MAXHISTORY>1000</MAXHISTORY><NEXTRUNTMOVERWRITE xsi:nil="true"></NEXTRUNTMOVERWRITE><RELOADREQTIME>2014-06-20T18:06:53+01:00</RELOADREQTIME><RUNASUSERID>MAXADMIN</RUNASUSERID><SCHEDULE>1y,0,0,0,1,0,*,*,*,*</SCHEDULE></CRONTASKINSTANCE><CRONTASKINSTANCE><ACTIVE>0</ACTIVE><AUTOREMOVAL>0</AUTOREMOVAL><CRONTASKINSTANCEID>8819</CRONTASKINSTANCEID><DESCRIPTION>Generated by the response plan.</DESCRIPTION><DESCRIPTION_LONGDESCRIPTION></DESCRIPTION_LONGDESCRIPTION><HASLD>0</HASLD><INSTANCENAME>ESC1116</INSTANCENAME><KEEPHISTORY>1</KEEPHISTORY><LANGCODE>EN</LANGCODE><MAXHISTORY>1000</MAXHISTORY><NEXTRUNTMOVERWRITE xsi:nil="true"></NEXTRUNTMOVERWRITE><RELOADREQTIME>2014-06-20T18:08:09+01:00</RELOADREQTIME><RUNASUSERID>MAXADMIN</RUNASUSERID><SCHEDULE>1y,0,0,0,1,0,*,*,*,*</SCHEDULE></CRONTASKINSTANCE><CRONTASKINSTANCE><ACTIVE>0</ACTIVE><AUTOREMOVAL>0</AUTOREMOVAL><CRONTASKINSTANCEID>8820</CRONTASKINSTANCEID><DESCRIPTION>Generated by the response plan.</DESCRIPTION><DESCRIPTION_LONGDESCRIPTION></DESCRIPTION_LONGDESCRIPTION><HASLD>0</HASLD><INSTANCENAME>ESC1117</INSTANCENAME><KEEPHISTORY>1</KEEPHISTORY><LANGCODE>EN</LANGCODE><MAXHISTORY>1000</MAXHISTORY><NEXTRUNTMOVERWRITE xsi:nil="true"></NEXTRUNTMOVERWRITE><RELOADREQTIME>2014-06-20T18:08:56+01:00</RELOADREQTIME><RUNASUSERID>MAXADMIN</RUNASUSERID><SCHEDULE>1y,0,0,0,1,0,*,*,*,*</SCHEDULE></CRONTASKINSTANCE><CRONTASKINSTANCE><ACTIVE>0</ACTIVE><AUTOREMOVAL>0</AUTOREMOVAL><CRONTASKINSTANCEID>8821</CRONTASKINSTANCEID><DESCRIPTION>Generated by the response plan.</DESCRIPTION><DESCRIPTION_LONGDESCRIPTION></DESCRIPTION_LONGDESCRIPTION><HASLD>0</HASLD><INSTANCENAME>ESC1118</INSTANCENAME><KEEPHISTORY>1</KEEPHISTORY><LANGCODE>EN</LANGCODE><MAXHISTORY>1000</MAXHISTORY><NEXTRUNTMOVERWRITE xsi:nil="true"></NEXTRUNTMOVERWRITE><RELOADREQTIME>2014-06-20T18:09:49+01:00</RELOADREQTIME><RUNASUSERID>MAXADMIN</RUNASUSERID><SCHEDULE>1y,0,0,0,1,0,*,*,*,*</SCHEDULE></CRONTASKINSTANCE><CRONTASKINSTANCE><ACTIVE>0</ACTIVE><AUTOREMOVAL>0</AUTOREMOVAL><CRONTASKINSTANCEID>8822</CRONTASKINSTANCEID><DESCRIPTION>Generated by the response plan.</DESCRIPTION><DESCRIPTION_LONGDESCRIPTION></DESCRIPTION_LONGDESCRIPTION><HASLD>0</HASLD><INSTANCENAME>ESC1119</INSTANCENAME><KEEPHISTORY>1</KEEPHISTORY><LANGCODE>EN</LANGCODE><MAXHISTORY>1000</MAXHISTORY><NEXTRUNTMOVERWRITE xsi:nil="true"></NEXTRUNTMOVERWRITE><RELOADREQTIME>2014-06-20T18:11:42+01:00</RELOADREQTIME><RUNASUSERID>MAXADMIN</RUNASUSERID><SCHEDULE>1y,0,0,0,1,0,*,*,*,*</SCHEDULE></CRONTASKINSTANCE><CRONTASKINSTANCE><ACTIVE>0</ACTIVE><AUTOREMOVAL>0</AUTOREMOVAL><CRONTASKINSTANCEID>8823</CRONTASKINSTANCEID><DESCRIPTION>Generated by the response plan.</DESCRIPTION><DESCRIPTION_LONGDESCRIPTION></DESCRIPTION_LONGDESCRIPTION><HASLD>0</HASLD><INSTANCENAME>ESC1120</INSTANCENAME><KEEPHISTORY>1</KEEPHISTORY><LANGCODE>EN</LANGCODE><MAXHISTORY>1000</MAXHISTORY><NEXTRUNTMOVERWRITE xsi:nil="true"></NEXTRUNTMOVERWRITE><RELOADREQTIME>2014-06-20T18:14:37+01:00</RELOADREQTIME><RUNASUSERID>MAXADMIN</RUNASUSERID><SCHEDULE>1y,0,0,0,1,0,*,*,*,*</SCHEDULE></CRONTASKINSTANCE><CRONTASKINSTANCE><ACTIVE>0</ACTIVE><AUTOREMOVAL>0</AUTOREMOVAL><CRONTASKINSTANCEID>8825</CRONTASKINSTANCEID><DESCRIPTION>Generated by the response plan.</DESCRIPTION><DESCRIPTION_LONGDESCRIPTION></DESCRIPTION_LONGDESCRIPTION><HASLD>0</HASLD><INSTANCENAME>ESC1122</INSTANCENAME><KEEPHISTORY>1</KEEPHISTORY><LANGCODE>EN</LANGCODE><MAXHISTORY>1000</MAXHISTORY><NEXTRUNTMOVERWRITE xsi:nil="true"></NEXTRUNTMOVERWRITE><RELOADREQTIME>2014-06-20T18:15:57+01:00</RELOADREQTIME><RUNASUSERID>MAXADMIN</RUNASUSERID><SCHEDULE>1y,0,0,0,1,0,*,*,*,*</SCHEDULE></CRONTASKINSTANCE><CRONTASKINSTANCE><ACTIVE>0</ACTIVE><AUTOREMOVAL>0</AUTOREMOVAL><CRONTASKINSTANCEID>8826</CRONTASKINSTANCEID><DESCRIPTION>Generated by the response plan.</DESCRIPTION><DESCRIPTION_LONGDESCRIPTION></DESCRIPTION_LONGDESCRIPTION><HASLD>0</HASLD><INSTANCENAME>ESC1123</INSTANCENAME><KEEPHISTORY>1</KEEPHISTORY><LANGCODE>EN</LANGCODE><MAXHISTORY>1000</MAXHISTORY><NEXTRUNTMOVERWRITE xsi:nil="true"></NEXTRUNTMOVERWRITE><RELOADREQTIME>2014-06-20T18:16:40+01:00</RELOADREQTIME><RUNASUSERID>MAXADMIN</RUNASUSERID><SCHEDULE>1y,0,0,0,1,0,*,*,*,*</SCHEDULE></CRONTASKINSTANCE><CRONTASKINSTANCE><ACTIVE>0</ACTIVE><AUTOREMOVAL>0</AUTOREMOVAL><CRONTASKINSTANCEID>8827</CRONTASKINSTANCEID><DESCRIPTION>Generated by the response plan.</DESCRIPTION><DESCRIPTION_LONGDESCRIPTION></DESCRIPTION_LONGDESCRIPTION><HASLD>0</HASLD><INSTANCENAME>ESC1124</INSTANCENAME><KEEPHISTORY>1</KEEPHISTORY><LANGCODE>EN</LANGCODE><MAXHISTORY>1000</MAXHISTORY><NEXTRUNTMOVERWRITE xsi:nil="true"></NEXTRUNTMOVERWRITE><RELOADREQTIME>2014-06-20T18:22:55+01:00</RELOADREQTIME><RUNASUSERID>MAXADMIN</RUNASUSERID><SCHEDULE>1y,0,0,0,1,0,*,*,*,*</SCHEDULE></CRONTASKINSTANCE><CRONTASKINSTANCE><ACTIVE>0</ACTIVE><AUTOREMOVAL>0</AUTOREMOVAL><CRONTASKINSTANCEID>8828</CRONTASKINSTANCEID><DESCRIPTION>Generated by the response plan.</DESCRIPTION><DESCRIPTION_LONGDESCRIPTION></DESCRIPTION_LONGDESCRIPTION><HASLD>0</HASLD><INSTANCENAME>ESC1125</INSTANCENAME><KEEPHISTORY>1</KEEPHISTORY><LANGCODE>EN</LANGCODE><MAXHISTORY>1000</MAXHISTORY><NEXTRUNTMOVERWRITE xsi:nil="true"></NEXTRUNTMOVERWRITE><RELOADREQTIME>2014-06-20T18:24:43+01:00</RELOADREQTIME><RUNASUSERID>MAXADMIN</RUNASUSERID><SCHEDULE>1y,0,0,0,1,0,*,*,*,*</SCHEDULE></CRONTASKINSTANCE><CRONTASKINSTANCE><ACTIVE>0</ACTIVE><AUTOREMOVAL>0</AUTOREMOVAL><CRONTASKINSTANCEID>8829</CRONTASKINSTANCEID><DESCRIPTION>Generated by the response plan.</DESCRIPTION><DESCRIPTION_LONGDESCRIPTION></DESCRIPTION_LONGDESCRIPTION><HASLD>0</HASLD><INSTANCENAME>ESC1126</INSTANCENAME><KEEPHISTORY>1</KEEPHISTORY><LANGCODE>EN</LANGCODE><MAXHISTORY>1000</MAXHISTORY><NEXTRUNTMOVERWRITE xsi:nil="true"></NEXTRUNTMOVERWRITE><RELOADREQTIME>2014-06-20T18:25:22+01:00</RELOADREQTIME><RUNASUSERID>MAXADMIN</RUNASUSERID><SCHEDULE>1y,0,0,0,1,0,*,*,*,*</SCHEDULE></CRONTASKINSTANCE><CRONTASKINSTANCE><ACTIVE>0</ACTIVE><AUTOREMOVAL>0</AUTOREMOVAL><CRONTASKINSTANCEID>8830</CRONTASKINSTANCEID><DESCRIPTION>Generated by the response plan.</DESCRIPTION><DESCRIPTION_LONGDESCRIPTION></DESCRIPTION_LONGDESCRIPTION><HASLD>0</HASLD><INSTANCENAME>ESC1127</INSTANCENAME><KEEPHISTORY>1</KEEPHISTORY><LANGCODE>EN</LANGCODE><MAXHISTORY>1000</MAXHISTORY><NEXTRUNTMOVERWRITE xsi:nil="true"></NEXTRUNTMOVERWRITE><RELOADREQTIME>2014-06-20T18:30:17+01:00</RELOADREQTIME><RUNASUSERID>MAXADMIN</RUNASUSERID><SCHEDULE>1y,0,0,0,1,0,*,*,*,*</SCHEDULE></CRONTASKINSTANCE><CRONTASKINSTANCE><ACTIVE>0</ACTIVE><AUTOREMOVAL>0</AUTOREMOVAL><CRONTASKINSTANCEID>8216</CRONTASKINSTANCEID><DESCRIPTION>Generated by the response plan.</DESCRIPTION><DESCRIPTION_LONGDESCRIPTION></DESCRIPTION_LONGDESCRIPTION><HASLD>0</HASLD><INSTANCENAME>ESC1128</INSTANCENAME><KEEPHISTORY>1</KEEPHISTORY><LANGCODE>EN</LANGCODE><MAXHISTORY>1000</MAXHISTORY><NEXTRUNTMOVERWRITE xsi:nil="true"></NEXTRUNTMOVERWRITE><RELOADREQTIME>2014-06-26T17:31:20+01:00</RELOADREQTIME><RUNASUSERID>MAXADMIN</RUNASUSERID><SCHEDULE>1y,0,0,0,1,0,*,*,*,*</SCHEDULE></CRONTASKINSTANCE><CRONTASKINSTANCE><ACTIVE>0</ACTIVE><AUTOREMOVAL>0</AUTOREMOVAL><CRONTASKINSTANCEID>8217</CRONTASKINSTANCEID><DESCRIPTION>Generated by the response plan.</DESCRIPTION><DESCRIPTION_LONGDESCRIPTION></DESCRIPTION_LONGDESCRIPTION><HASLD>0</HASLD><INSTANCENAME>ESC1129</INSTANCENAME><KEEPHISTORY>1</KEEPHISTORY><LANGCODE>EN</LANGCODE><MAXHISTORY>1000</MAXHISTORY><NEXTRUNTMOVERWRITE xsi:nil="true"></NEXTRUNTMOVERWRITE><RELOADREQTIME>2014-06-26T17:40:00+01:00</RELOADREQTIME><RUNASUSERID>MAXADMIN</RUNASUSERID><SCHEDULE>1y,0,0,0,1,0,*,*,*,*</SCHEDULE></CRONTASKINSTANCE><CRONTASKINSTANCE><ACTIVE>0</ACTIVE><AUTOREMOVAL>0</AUTOREMOVAL><CRONTASKINSTANCEID>8220</CRONTASKINSTANCEID><DESCRIPTION>Generated by the response plan.</DESCRIPTION><DESCRIPTION_LONGDESCRIPTION></DESCRIPTION_LONGDESCRIPTION><HASLD>0</HASLD><INSTANCENAME>ESC1131</INSTANCENAME><KEEPHISTORY>1</KEEPHISTORY><LANGCODE>EN</LANGCODE><MAXHISTORY>1000</MAXHISTORY><NEXTRUNTMOVERWRITE xsi:nil="true"></NEXTRUNTMOVERWRITE><RELOADREQTIME>2014-06-30T09:19:58+01:00</RELOADREQTIME><RUNASUSERID>MAXADMIN</RUNASUSERID><SCHEDULE>1y,0,0,0,1,0,*,*,*,*</SCHEDULE></CRONTASKINSTANCE><CRONTASKINSTANCE><ACTIVE>0</ACTIVE><AUTOREMOVAL>0</AUTOREMOVAL><CRONTASKINSTANCEID>8221</CRONTASKINSTANCEID><DESCRIPTION>Generated by the response plan.</DESCRIPTION><DESCRIPTION_LONGDESCRIPTION></DESCRIPTION_LONGDESCRIPTION><HASLD>0</HASLD><INSTANCENAME>ESC1132</INSTANCENAME><KEEPHISTORY>1</KEEPHISTORY><LANGCODE>EN</LANGCODE><MAXHISTORY>1000</MAXHISTORY><NEXTRUNTMOVERWRITE xsi:nil="true"></NEXTRUNTMOVERWRITE><RELOADREQTIME>2014-06-30T09:27:42+01:00</RELOADREQTIME><RUNASUSERID>MAXADMIN</RUNASUSERID><SCHEDULE>1y,0,0,0,1,0,*,*,*,*</SCHEDULE></CRONTASKINSTANCE><CRONTASKINSTANCE><ACTIVE>0</ACTIVE><AUTOREMOVAL>0</AUTOREMOVAL><CRONTASKINSTANCEID>8222</CRONTASKINSTANCEID><DESCRIPTION>Generated by the response plan.</DESCRIPTION><DESCRIPTION_LONGDESCRIPTION></DESCRIPTION_LONGDESCRIPTION><HASLD>0</HASLD><INSTANCENAME>ESC1133</INSTANCENAME><KEEPHISTORY>1</KEEPHISTORY><LANGCODE>EN</LANGCODE><MAXHISTORY>1000</MAXHISTORY><NEXTRUNTMOVERWRITE xsi:nil="true"></NEXTRUNTMOVERWRITE><RELOADREQTIME>2014-06-30T09:32:45+01:00</RELOADREQTIME><RUNASUSERID>MAXADMIN</RUNASUSERID><SCHEDULE>1y,0,0,0,1,0,*,*,*,*</SCHEDULE></CRONTASKINSTANCE><CRONTASKINSTANCE><ACTIVE>0</ACTIVE><AUTOREMOVAL>0</AUTOREMOVAL><CRONTASKINSTANCEID>8223</CRONTASKINSTANCEID><DESCRIPTION>Generated by the response plan.</DESCRIPTION><DESCRIPTION_LONGDESCRIPTION></DESCRIPTION_LONGDESCRIPTION><HASLD>0</HASLD><INSTANCENAME>ESC1134</INSTANCENAME><KEEPHISTORY>1</KEEPHISTORY><LANGCODE>EN</LANGCODE><MAXHISTORY>1000</MAXHISTORY><NEXTRUNTMOVERWRITE xsi:nil="true"></NEXTRUNTMOVERWRITE><RELOADREQTIME>2014-06-30T09:36:26+01:00</RELOADREQTIME><RUNASUSERID>MAXADMIN</RUNASUSERID><SCHEDULE>1y,0,0,0,1,0,*,*,*,*</SCHEDULE></CRONTASKINSTANCE><CRONTASKINSTANCE><ACTIVE>0</ACTIVE><AUTOREMOVAL>0</AUTOREMOVAL><CRONTASKINSTANCEID>8224</CRONTASKINSTANCEID><DESCRIPTION>Generated by the response plan.</DESCRIPTION><DESCRIPTION_LONGDESCRIPTION></DESCRIPTION_LONGDESCRIPTION><HASLD>0</HASLD><INSTANCENAME>ESC1135</INSTANCENAME><KEEPHISTORY>1</KEEPHISTORY><LANGCODE>EN</LANGCODE><MAXHISTORY>1000</MAXHISTORY><NEXTRUNTMOVERWRITE xsi:nil="true"></NEXTRUNTMOVERWRITE><RELOADREQTIME>2014-06-30T09:41:05+01:00</RELOADREQTIME><RUNASUSERID>MAXADMIN</RUNASUSERID><SCHEDULE>1y,0,0,0,1,0,*,*,*,*</SCHEDULE></CRONTASKINSTANCE><CRONTASKINSTANCE><ACTIVE>0</ACTIVE><AUTOREMOVAL>0</AUTOREMOVAL><CRONTASKINSTANCEID>8225</CRONTASKINSTANCEID><DESCRIPTION>Generated by the response plan.</DESCRIPTION><DESCRIPTION_LONGDESCRIPTION></DESCRIPTION_LONGDESCRIPTION><HASLD>0</HASLD><INSTANCENAME>ESC1136</INSTANCENAME><KEEPHISTORY>1</KEEPHISTORY><LANGCODE>EN</LANGCODE><MAXHISTORY>1000</MAXHISTORY><NEXTRUNTMOVERWRITE xsi:nil="true"></NEXTRUNTMOVERWRITE><RELOADREQTIME>2014-06-30T09:46:49+01:00</RELOADREQTIME><RUNASUSERID>MAXADMIN</RUNASUSERID><SCHEDULE>1y,0,0,0,1,0,*,*,*,*</SCHEDULE></CRONTASKINSTANCE><CRONTASKINSTANCE><ACTIVE>0</ACTIVE><AUTOREMOVAL>0</AUTOREMOVAL><CRONTASKINSTANCEID>8226</CRONTASKINSTANCEID><DESCRIPTION>Generated by the response plan.</DESCRIPTION><DESCRIPTION_LONGDESCRIPTION></DESCRIPTION_LONGDESCRIPTION><HASLD>0</HASLD><INSTANCENAME>ESC1137</INSTANCENAME><KEEPHISTORY>1</KEEPHISTORY><LANGCODE>EN</LANGCODE><MAXHISTORY>1000</MAXHISTORY><NEXTRUNTMOVERWRITE xsi:nil="true"></NEXTRUNTMOVERWRITE><RELOADREQTIME>2014-06-30T09:49:03+01:00</RELOADREQTIME><RUNASUSERID>MAXADMIN</RUNASUSERID><SCHEDULE>1y,0,0,0,1,0,*,*,*,*</SCHEDULE></CRONTASKINSTANCE><CRONTASKINSTANCE><ACTIVE>0</ACTIVE><AUTOREMOVAL>0</AUTOREMOVAL><CRONTASKINSTANCEID>8227</CRONTASKINSTANCEID><DESCRIPTION>Generated by the response plan.</DESCRIPTION><DESCRIPTION_LONGDESCRIPTION></DESCRIPTION_LONGDESCRIPTION><HASLD>0</HASLD><INSTANCENAME>ESC1138</INSTANCENAME><KEEPHISTORY>1</KEEPHISTORY><LANGCODE>EN</LANGCODE><MAXHISTORY>1000</MAXHISTORY><NEXTRUNTMOVERWRITE xsi:nil="true"></NEXTRUNTMOVERWRITE><RELOADREQTIME>2014-06-30T09:59:54+01:00</RELOADREQTIME><RUNASUSERID>MAXADMIN</RUNASUSERID><SCHEDULE>1y,0,0,0,1,0,*,*,*,*</SCHEDULE></CRONTASKINSTANCE><CRONTASKINSTANCE><ACTIVE>0</ACTIVE><AUTOREMOVAL>0</AUTOREMOVAL><CRONTASKINSTANCEID>14615</CRONTASKINSTANCEID><DESCRIPTION>Generated by the response plan.</DESCRIPTION><DESCRIPTION_LONGDESCRIPTION></DESCRIPTION_LONGDESCRIPTION><HASLD>0</HASLD><INSTANCENAME>ESC1140</INSTANCENAME><KEEPHISTORY>1</KEEPHISTORY><LANGCODE>EN</LANGCODE><MAXHISTORY>1000</MAXHISTORY><NEXTRUNTMOVERWRITE xsi:nil="true"></NEXTRUNTMOVERWRITE><RELOADREQTIME>2014-09-26T14:51:43+01:00</RELOADREQTIME><RUNASUSERID>MAXADMIN</RUNASUSERID><SCHEDULE>1y,0,0,0,1,0,*,*,*,*</SCHEDULE></CRONTASKINSTANCE><CRONTASKINSTANCE><ACTIVE>0</ACTIVE><AUTOREMOVAL>0</AUTOREMOVAL><CRONTASKINSTANCEID>14616</CRONTASKINSTANCEID><DESCRIPTION>Generated by the response plan.</DESCRIPTION><DESCRIPTION_LONGDESCRIPTION></DESCRIPTION_LONGDESCRIPTION><HASLD>0</HASLD><INSTANCENAME>ESC1141</INSTANCENAME><KEEPHISTORY>1</KEEPHISTORY><LANGCODE>EN</LANGCODE><MAXHISTORY>1000</MAXHISTORY><NEXTRUNTMOVERWRITE xsi:nil="true"></NEXTRUNTMOVERWRITE><RELOADREQTIME>2014-09-26T14:57:14+01:00</RELOADREQTIME><RUNASUSERID>MAXADMIN</RUNASUSERID><SCHEDULE>1y,0,0,0,1,0,*,*,*,*</SCHEDULE></CRONTASKINSTANCE><CRONTASKINSTANCE><ACTIVE>0</ACTIVE><AUTOREMOVAL>0</AUTOREMOVAL><CRONTASKINSTANCEID>14617</CRONTASKINSTANCEID><DESCRIPTION>Generated by the response plan.</DESCRIPTION><DESCRIPTION_LONGDESCRIPTION></DESCRIPTION_LONGDESCRIPTION><HASLD>0</HASLD><INSTANCENAME>ESC1142</INSTANCENAME><KEEPHISTORY>1</KEEPHISTORY><LANGCODE>EN</LANGCODE><MAXHISTORY>1000</MAXHISTORY><NEXTRUNTMOVERWRITE xsi:nil="true"></NEXTRUNTMOVERWRITE><RELOADREQTIME>2014-10-18T11:04:29+01:00</RELOADREQTIME><RUNASUSERID>MAXADMIN</RUNASUSERID><SCHEDULE>1y,0,0,0,1,0,*,*,*,*</SCHEDULE></CRONTASKINSTANCE><CRONTASKINSTANCE><ACTIVE>0</ACTIVE><AUTOREMOVAL>0</AUTOREMOVAL><CRONTASKINSTANCEID>14618</CRONTASKINSTANCEID><DESCRIPTION>Generated by the response plan.</DESCRIPTION><DESCRIPTION_LONGDESCRIPTION></DESCRIPTION_LONGDESCRIPTION><HASLD>0</HASLD><INSTANCENAME>ESC1143</INSTANCENAME><KEEPHISTORY>1</KEEPHISTORY><LANGCODE>EN</LANGCODE><MAXHISTORY>1000</MAXHISTORY><NEXTRUNTMOVERWRITE xsi:nil="true"></NEXTRUNTMOVERWRITE><RELOADREQTIME>2014-09-26T15:11:33+01:00</RELOADREQTIME><RUNASUSERID>MAXADMIN</RUNASUSERID><SCHEDULE>1y,0,0,0,1,0,*,*,*,*</SCHEDULE></CRONTASKINSTANCE><CRONTASKINSTANCE><ACTIVE>0</ACTIVE><AUTOREMOVAL>0</AUTOREMOVAL><CRONTASKINSTANCEID>14619</CRONTASKINSTANCEID><DESCRIPTION>Generated by the response plan.</DESCRIPTION><DESCRIPTION_LONGDESCRIPTION></DESCRIPTION_LONGDESCRIPTION><HASLD>0</HASLD><INSTANCENAME>ESC1144</INSTANCENAME><KEEPHISTORY>1</KEEPHISTORY><LANGCODE>EN</LANGCODE><MAXHISTORY>1000</MAXHISTORY><NEXTRUNTMOVERWRITE xsi:nil="true"></NEXTRUNTMOVERWRITE><RELOADREQTIME>2014-09-26T15:15:03+01:00</RELOADREQTIME><RUNASUSERID>MAXADMIN</RUNASUSERID><SCHEDULE>1y,0,0,0,1,0,*,*,*,*</SCHEDULE></CRONTASKINSTANCE><CRONTASKINSTANCE><ACTIVE>0</ACTIVE><AUTOREMOVAL>0</AUTOREMOVAL><CRONTASKINSTANCEID>14620</CRONTASKINSTANCEID><DESCRIPTION>Generated by the response plan.</DESCRIPTION><DESCRIPTION_LONGDESCRIPTION></DESCRIPTION_LONGDESCRIPTION><HASLD>0</HASLD><INSTANCENAME>ESC1145</INSTANCENAME><KEEPHISTORY>1</KEEPHISTORY><LANGCODE>EN</LANGCODE><MAXHISTORY>1000</MAXHISTORY><NEXTRUNTMOVERWRITE xsi:nil="true"></NEXTRUNTMOVERWRITE><RELOADREQTIME>2014-09-26T15:19:19+01:00</RELOADREQTIME><RUNASUSERID>MAXADMIN</RUNASUSERID><SCHEDULE>1y,0,0,0,1,0,*,*,*,*</SCHEDULE></CRONTASKINSTANCE><CRONTASKINSTANCE><ACTIVE>0</ACTIVE><AUTOREMOVAL>0</AUTOREMOVAL><CRONTASKINSTANCEID>14621</CRONTASKINSTANCEID><DESCRIPTION>Generated by the response plan.</DESCRIPTION><DESCRIPTION_LONGDESCRIPTION></DESCRIPTION_LONGDESCRIPTION><HASLD>0</HASLD><INSTANCENAME>ESC1146</INSTANCENAME><KEEPHISTORY>1</KEEPHISTORY><LANGCODE>EN</LANGCODE><MAXHISTORY>1000</MAXHISTORY><NEXTRUNTMOVERWRITE xsi:nil="true"></NEXTRUNTMOVERWRITE><RELOADREQTIME>2014-09-26T15:26:01+01:00</RELOADREQTIME><RUNASUSERID>MAXADMIN</RUNASUSERID><SCHEDULE>1y,0,0,0,1,0,*,*,*,*</SCHEDULE></CRONTASKINSTANCE><CRONTASKINSTANCE><ACTIVE>0</ACTIVE><AUTOREMOVAL>0</AUTOREMOVAL><CRONTASKINSTANCEID>14622</CRONTASKINSTANCEID><DESCRIPTION>Generated by the response plan.</DESCRIPTION><DESCRIPTION_LONGDESCRIPTION></DESCRIPTION_LONGDESCRIPTION><HASLD>0</HASLD><INSTANCENAME>ESC1147</INSTANCENAME><KEEPHISTORY>1</KEEPHISTORY><LANGCODE>EN</LANGCODE><MAXHISTORY>1000</MAXHISTORY><NEXTRUNTMOVERWRITE xsi:nil="true"></NEXTRUNTMOVERWRITE><RELOADREQTIME>2014-09-26T15:48:59+01:00</RELOADREQTIME><RUNASUSERID>MAXADMIN</RUNASUSERID><SCHEDULE>1y,0,0,0,1,0,*,*,*,*</SCHEDULE></CRONTASKINSTANCE><CRONTASKINSTANCE><ACTIVE>0</ACTIVE><AUTOREMOVAL>0</AUTOREMOVAL><CRONTASKINSTANCEID>14623</CRONTASKINSTANCEID><DESCRIPTION>Generated by the response plan.</DESCRIPTION><DESCRIPTION_LONGDESCRIPTION></DESCRIPTION_LONGDESCRIPTION><HASLD>0</HASLD><INSTANCENAME>ESC1148</INSTANCENAME><KEEPHISTORY>1</KEEPHISTORY><LANGCODE>EN</LANGCODE><MAXHISTORY>1000</MAXHISTORY><NEXTRUNTMOVERWRITE xsi:nil="true"></NEXTRUNTMOVERWRITE><RELOADREQTIME>2014-09-26T15:53:38+01:00</RELOADREQTIME><RUNASUSERID>MAXADMIN</RUNASUSERID><SCHEDULE>1y,0,0,0,1,0,*,*,*,*</SCHEDULE></CRONTASKINSTANCE><CRONTASKINSTANCE><ACTIVE>0</ACTIVE><AUTOREMOVAL>0</AUTOREMOVAL><CRONTASKINSTANCEID>14624</CRONTASKINSTANCEID><DESCRIPTION>Generated by the response plan.</DESCRIPTION><DESCRIPTION_LONGDESCRIPTION></DESCRIPTION_LONGDESCRIPTION><HASLD>0</HASLD><INSTANCENAME>ESC1149</INSTANCENAME><KEEPHISTORY>1</KEEPHISTORY><LANGCODE>EN</LANGCODE><MAXHISTORY>1000</MAXHISTORY><NEXTRUNTMOVERWRITE xsi:nil="true"></NEXTRUNTMOVERWRITE><RELOADREQTIME>2014-09-26T15:57:49+01:00</RELOADREQTIME><RUNASUSERID>MAXADMIN</RUNASUSERID><SCHEDULE>1y,0,0,0,1,0,*,*,*,*</SCHEDULE></CRONTASKINSTANCE><CRONTASKINSTANCE><ACTIVE>0</ACTIVE><AUTOREMOVAL>0</AUTOREMOVAL><CRONTASKINSTANCEID>14625</CRONTASKINSTANCEID><DESCRIPTION>Generated by the response plan.</DESCRIPTION><DESCRIPTION_LONGDESCRIPTION></DESCRIPTION_LONGDESCRIPTION><HASLD>0</HASLD><INSTANCENAME>ESC1150</INSTANCENAME><KEEPHISTORY>1</KEEPHISTORY><LANGCODE>EN</LANGCODE><MAXHISTORY>1000</MAXHISTORY><NEXTRUNTMOVERWRITE xsi:nil="true"></NEXTRUNTMOVERWRITE><RELOADREQTIME>2014-09-26T16:19:21+01:00</RELOADREQTIME><RUNASUSERID>MAXADMIN</RUNASUSERID><SCHEDULE>1y,0,0,0,1,0,*,*,*,*</SCHEDULE></CRONTASKINSTANCE><CRONTASKINSTANCE><ACTIVE>0</ACTIVE><AUTOREMOVAL>0</AUTOREMOVAL><CRONTASKINSTANCEID>14626</CRONTASKINSTANCEID><DESCRIPTION>Generated by the response plan.</DESCRIPTION><DESCRIPTION_LONGDESCRIPTION></DESCRIPTION_LONGDESCRIPTION><HASLD>0</HASLD><INSTANCENAME>ESC1151</INSTANCENAME><KEEPHISTORY>1</KEEPHISTORY><LANGCODE>EN</LANGCODE><MAXHISTORY>1000</MAXHISTORY><NEXTRUNTMOVERWRITE xsi:nil="true"></NEXTRUNTMOVERWRITE><RELOADREQTIME>2014-09-26T16:26:00+01:00</RELOADREQTIME><RUNASUSERID>MAXADMIN</RUNASUSERID><SCHEDULE>1y,0,0,0,1,0,*,*,*,*</SCHEDULE></CRONTASKINSTANCE><CRONTASKINSTANCE><ACTIVE>0</ACTIVE><AUTOREMOVAL>0</AUTOREMOVAL><CRONTASKINSTANCEID>14627</CRONTASKINSTANCEID><DESCRIPTION>Generated by the response plan.</DESCRIPTION><DESCRIPTION_LONGDESCRIPTION></DESCRIPTION_LONGDESCRIPTION><HASLD>0</HASLD><INSTANCENAME>ESC1152</INSTANCENAME><KEEPHISTORY>1</KEEPHISTORY><LANGCODE>EN</LANGCODE><MAXHISTORY>1000</MAXHISTORY><NEXTRUNTMOVERWRITE xsi:nil="true"></NEXTRUNTMOVERWRITE><RELOADREQTIME>2014-09-26T16:29:29+01:00</RELOADREQTIME><RUNASUSERID>MAXADMIN</RUNASUSERID><SCHEDULE>1y,0,0,0,1,0,*,*,*,*</SCHEDULE></CRONTASKINSTANCE><CRONTASKINSTANCE><ACTIVE>0</ACTIVE><AUTOREMOVAL>0</AUTOREMOVAL><CRONTASKINSTANCEID>14628</CRONTASKINSTANCEID><DESCRIPTION>Generated by the response plan.</DESCRIPTION><DESCRIPTION_LONGDESCRIPTION></DESCRIPTION_LONGDESCRIPTION><HASLD>0</HASLD><INSTANCENAME>ESC1153</INSTANCENAME><KEEPHISTORY>1</KEEPHISTORY><LANGCODE>EN</LANGCODE><MAXHISTORY>1000</MAXHISTORY><NEXTRUNTMOVERWRITE xsi:nil="true"></NEXTRUNTMOVERWRITE><RELOADREQTIME>2014-09-26T16:32:32+01:00</RELOADREQTIME><RUNASUSERID>MAXADMIN</RUNASUSERID><SCHEDULE>1y,0,0,0,1,0,*,*,*,*</SCHEDULE></CRONTASKINSTANCE><CRONTASKINSTANCE><ACTIVE>0</ACTIVE><AUTOREMOVAL>0</AUTOREMOVAL><CRONTASKINSTANCEID>14629</CRONTASKINSTANCEID><DESCRIPTION>Generated by the response plan.</DESCRIPTION><DESCRIPTION_LONGDESCRIPTION></DESCRIPTION_LONGDESCRIPTION><HASLD>0</HASLD><INSTANCENAME>ESC1154</INSTANCENAME><KEEPHISTORY>1</KEEPHISTORY><LANGCODE>EN</LANGCODE><MAXHISTORY>1000</MAXHISTORY><NEXTRUNTMOVERWRITE xsi:nil="true"></NEXTRUNTMOVERWRITE><RELOADREQTIME>2014-09-26T16:38:28+01:00</RELOADREQTIME><RUNASUSERID>MAXADMIN</RUNASUSERID><SCHEDULE>1y,0,0,0,1,0,*,*,*,*</SCHEDULE></CRONTASKINSTANCE><CRONTASKINSTANCE><ACTIVE>0</ACTIVE><AUTOREMOVAL>0</AUTOREMOVAL><CRONTASKINSTANCEID>14630</CRONTASKINSTANCEID><DESCRIPTION>Generated by the response plan.</DESCRIPTION><DESCRIPTION_LONGDESCRIPTION></DESCRIPTION_LONGDESCRIPTION><HASLD>0</HASLD><INSTANCENAME>ESC1155</INSTANCENAME><KEEPHISTORY>1</KEEPHISTORY><LANGCODE>EN</LANGCODE><MAXHISTORY>1000</MAXHISTORY><NEXTRUNTMOVERWRITE xsi:nil="true"></NEXTRUNTMOVERWRITE><RELOADREQTIME>2014-09-26T16:41:15+01:00</RELOADREQTIME><RUNASUSERID>MAXADMIN</RUNASUSERID><SCHEDULE>1y,0,0,0,1,0,*,*,*,*</SCHEDULE></CRONTASKINSTANCE><CRONTASKINSTANCE><ACTIVE>0</ACTIVE><AUTOREMOVAL>0</AUTOREMOVAL><CRONTASKINSTANCEID>14631</CRONTASKINSTANCEID><DESCRIPTION>Generated by the response plan.</DESCRIPTION><DESCRIPTION_LONGDESCRIPTION></DESCRIPTION_LONGDESCRIPTION><HASLD>0</HASLD><INSTANCENAME>ESC1156</INSTANCENAME><KEEPHISTORY>1</KEEPHISTORY><LANGCODE>EN</LANGCODE><MAXHISTORY>1000</MAXHISTORY><NEXTRUNTMOVERWRITE xsi:nil="true"></NEXTRUNTMOVERWRITE><RELOADREQTIME>2014-09-26T16:44:27+01:00</RELOADREQTIME><RUNASUSERID>MAXADMIN</RUNASUSERID><SCHEDULE>1y,0,0,0,1,0,*,*,*,*</SCHEDULE></CRONTASKINSTANCE><CRONTASKINSTANCE><ACTIVE>0</ACTIVE><AUTOREMOVAL>0</AUTOREMOVAL><CRONTASKINSTANCEID>14632</CRONTASKINSTANCEID><DESCRIPTION>Generated by the response plan.</DESCRIPTION><DESCRIPTION_LONGDESCRIPTION></DESCRIPTION_LONGDESCRIPTION><HASLD>0</HASLD><INSTANCENAME>ESC1157</INSTANCENAME><KEEPHISTORY>1</KEEPHISTORY><LANGCODE>EN</LANGCODE><MAXHISTORY>1000</MAXHISTORY><NEXTRUNTMOVERWRITE xsi:nil="true"></NEXTRUNTMOVERWRITE><RELOADREQTIME>2014-09-26T16:49:40+01:00</RELOADREQTIME><RUNASUSERID>MAXADMIN</RUNASUSERID><SCHEDULE>1y,0,0,0,1,0,*,*,*,*</SCHEDULE></CRONTASKINSTANCE><CRONTASKINSTANCE><ACTIVE>0</ACTIVE><AUTOREMOVAL>0</AUTOREMOVAL><CRONTASKINSTANCEID>14633</CRONTASKINSTANCEID><DESCRIPTION>Generated by the response plan.</DESCRIPTION><DESCRIPTION_LONGDESCRIPTION></DESCRIPTION_LONGDESCRIPTION><HASLD>0</HASLD><INSTANCENAME>ESC1158</INSTANCENAME><KEEPHISTORY>1</KEEPHISTORY><LANGCODE>EN</LANGCODE><MAXHISTORY>1000</MAXHISTORY><NEXTRUNTMOVERWRITE xsi:nil="true"></NEXTRUNTMOVERWRITE><RELOADREQTIME>2014-09-26T16:53:46+01:00</RELOADREQTIME><RUNASUSERID>MAXADMIN</RUNASUSERID><SCHEDULE>1y,0,0,0,1,0,*,*,*,*</SCHEDULE></CRONTASKINSTANCE><CRONTASKINSTANCE><ACTIVE>0</ACTIVE><AUTOREMOVAL>0</AUTOREMOVAL><CRONTASKINSTANCEID>14634</CRONTASKINSTANCEID><DESCRIPTION>Generated by the response plan.</DESCRIPTION><DESCRIPTION_LONGDESCRIPTION></DESCRIPTION_LONGDESCRIPTION><HASLD>0</HASLD><INSTANCENAME>ESC1159</INSTANCENAME><KEEPHISTORY>1</KEEPHISTORY><LANGCODE>EN</LANGCODE><MAXHISTORY>1000</MAXHISTORY><NEXTRUNTMOVERWRITE xsi:nil="true"></NEXTRUNTMOVERWRITE><RELOADREQTIME>2014-09-26T17:01:58+01:00</RELOADREQTIME><RUNASUSERID>MAXADMIN</RUNASUSERID><SCHEDULE>1y,0,0,0,1,0,*,*,*,*</SCHEDULE></CRONTASKINSTANCE><CRONTASKINSTANCE><ACTIVE>0</ACTIVE><AUTOREMOVAL>0</AUTOREMOVAL><CRONTASKINSTANCEID>14635</CRONTASKINSTANCEID><DESCRIPTION>Generated by the response plan.</DESCRIPTION><DESCRIPTION_LONGDESCRIPTION></DESCRIPTION_LONGDESCRIPTION><HASLD>0</HASLD><INSTANCENAME>ESC1160</INSTANCENAME><KEEPHISTORY>1</KEEPHISTORY><LANGCODE>EN</LANGCODE><MAXHISTORY>1000</MAXHISTORY><NEXTRUNTMOVERWRITE xsi:nil="true"></NEXTRUNTMOVERWRITE><RELOADREQTIME>2014-09-26T17:05:33+01:00</RELOADREQTIME><RUNASUSERID>MAXADMIN</RUNASUSERID><SCHEDULE>1y,0,0,0,1,0,*,*,*,*</SCHEDULE></CRONTASKINSTANCE><CRONTASKINSTANCE><ACTIVE>0</ACTIVE><AUTOREMOVAL>0</AUTOREMOVAL><CRONTASKINSTANCEID>14636</CRONTASKINSTANCEID><DESCRIPTION>Generated by the response plan.</DESCRIPTION><DESCRIPTION_LONGDESCRIPTION></DESCRIPTION_LONGDESCRIPTION><HASLD>0</HASLD><INSTANCENAME>ESC1161</INSTANCENAME><KEEPHISTORY>1</KEEPHISTORY><LANGCODE>EN</LANGCODE><MAXHISTORY>1000</MAXHISTORY><NEXTRUNTMOVERWRITE xsi:nil="true"></NEXTRUNTMOVERWRITE><RELOADREQTIME>2014-09-26T17:11:11+01:00</RELOADREQTIME><RUNASUSERID>MAXADMIN</RUNASUSERID><SCHEDULE>1y,0,0,0,1,0,*,*,*,*</SCHEDULE></CRONTASKINSTANCE><CRONTASKINSTANCE><ACTIVE>0</ACTIVE><AUTOREMOVAL>0</AUTOREMOVAL><CRONTASKINSTANCEID>14919</CRONTASKINSTANCEID><DESCRIPTION>Generated by the response plan.</DESCRIPTION><DESCRIPTION_LONGDESCRIPTION></DESCRIPTION_LONGDESCRIPTION><HASLD>0</HASLD><INSTANCENAME>ESC1163</INSTANCENAME><KEEPHISTORY>1</KEEPHISTORY><LANGCODE>EN</LANGCODE><MAXHISTORY>1000</MAXHISTORY><NEXTRUNTMOVERWRITE xsi:nil="true"></NEXTRUNTMOVERWRITE><RELOADREQTIME>2014-10-24T15:18:38+01:00</RELOADREQTIME><RUNASUSERID>MAXADMIN</RUNASUSERID><SCHEDULE>1y,0,0,0,1,0,*,*,*,*</SCHEDULE></CRONTASKINSTANCE><CRONTASKINSTANCE><ACTIVE>1</ACTIVE><AUTOREMOVAL>0</AUTOREMOVAL><CRONTASKINSTANCEID>13</CRONTASKINSTANCEID><DESCRIPTION>Delete the expired bulletin messages</DESCRIPTION><DESCRIPTION_LONGDESCRIPTION></DESCRIPTION_LONGDESCRIPTION><HASLD>0</HASLD><INSTANCENAME>ESCESCBLTNEXP</INSTANCENAME><KEEPHISTORY>0</KEEPHISTORY><LANGCODE>EN</LANGCODE><MAXHISTORY xsi:nil="true"></MAXHISTORY><NEXTRUNTMOVERWRITE xsi:nil="true"></NEXTRUNTMOVERWRITE><RELOADREQTIME>2014-01-08T19:25:32+00:00</RELOADREQTIME><RUNASUSERID>MAXADMIN</RUNASUSERID><SCHEDULE>24h,*,0,*,*,*,*,*,*,*</SCHEDULE></CRONTASKINSTANCE><CRONTASKINSTANCE><ACTIVE>1</ACTIVE><AUTOREMOVAL>0</AUTOREMOVAL><CRONTASKINSTANCEID>14913</CRONTASKINSTANCEID><DESCRIPTION>Set the invoice issue status. **Only Run One Time on P2P Rework!**</DESCRIPTION><DESCRIPTION_LONGDESCRIPTION></DESCRIPTION_LONGDESCRIPTION><HASLD>0</HASLD><INSTANCENAME>ESCIRV_MANINVISS</INSTANCENAME><KEEPHISTORY>1</KEEPHISTORY><LANGCODE>EN</LANGCODE><MAXHISTORY>1000</MAXHISTORY><NEXTRUNTMOVERWRITE xsi:nil="true"></NEXTRUNTMOVERWRITE><RELOADREQTIME>2014-10-01T13:49:09+01:00</RELOADREQTIME><RUNASUSERID>MAXADMIN</RUNASUSERID><SCHEDULE>2m,*,*,*,*,*,*,*,*,*</SCHEDULE></CRONTASKINSTANCE><CRONTASKINSTANCE><ACTIVE>1</ACTIVE><AUTOREMOVAL>0</AUTOREMOVAL><CRONTASKINSTANCEID>10313</CRONTASKINSTANCEID><DESCRIPTION>P3 SLA Date Calculation</DESCRIPTION><DESCRIPTION_LONGDESCRIPTION></DESCRIPTION_LONGDESCRIPTION><HASLD>0</HASLD><INSTANCENAME>ESCIRV_P3SLA</INSTANCENAME><KEEPHISTORY>1</KEEPHISTORY><LANGCODE>EN</LANGCODE><MAXHISTORY>1000</MAXHISTORY><NEXTRUNTMOVERWRITE xsi:nil="true"></NEXTRUNTMOVERWRITE><RELOADREQTIME>2014-08-04T21:32:29+01:00</RELOADREQTIME><RUNASUSERID>MAXADMIN</RUNASUSERID><SCHEDULE>1m,*,*,*,*,*,*,*,*,*</SCHEDULE></CRONTASKINSTANCE><CRONTASKINSTANCE><ACTIVE>1</ACTIVE><AUTOREMOVAL>0</AUTOREMOVAL><CRONTASKINSTANCEID>3514</CRONTASKINSTANCEID><DESCRIPTION>work order closure escalations</DESCRIPTION><DESCRIPTION_LONGDESCRIPTION></DESCRIPTION_LONGDESCRIPTION><HASLD>0</HASLD><INSTANCENAME>ESCIRVCOMP</INSTANCENAME><KEEPHISTORY>1</KEEPHISTORY><LANGCODE>EN</LANGCODE><MAXHISTORY>1000</MAXHISTORY><NEXTRUNTMOVERWRITE xsi:nil="true"></NEXTRUNTMOVERWRITE><RELOADREQTIME>2014-03-05T16:23:03+00:00</RELOADREQTIME><RUNASUSERID>MAXADMIN</RUNASUSERID><SCHEDULE>10m,*,*,*,*,*,*,*,*,*</SCHEDULE></CRONTASKINSTANCE><CRONTASKINSTANCE><ACTIVE>0</ACTIVE><AUTOREMOVAL>0</AUTOREMOVAL><CRONTASKINSTANCEID>2214</CRONTASKINSTANCEID><DESCRIPTION>Disqulified Companies</DESCRIPTION><DESCRIPTION_LONGDESCRIPTION></DESCRIPTION_LONGDESCRIPTION><HASLD>0</HASLD><INSTANCENAME>ESCIRVCOMPDIS</INSTANCENAME><KEEPHISTORY>1</KEEPHISTORY><LANGCODE>EN</LANGCODE><MAXHISTORY>1000</MAXHISTORY><NEXTRUNTMOVERWRITE xsi:nil="true"></NEXTRUNTMOVERWRITE><RELOADREQTIME>2014-01-31T15:51:03+00:00</RELOADREQTIME><RUNASUSERID>MAXADMIN</RUNASUSERID><SCHEDULE>30s,*,*,*,*,*,*,*,*,*</SCHEDULE></CRONTASKINSTANCE><CRONTASKINSTANCE><ACTIVE>1</ACTIVE><AUTOREMOVAL>0</AUTOREMOVAL><CRONTASKINSTANCEID>2913</CRONTASKINSTANCEID><DESCRIPTION>Generate the labour transaction records on work completion (for mobile)</DESCRIPTION><DESCRIPTION_LONGDESCRIPTION></DESCRIPTION_LONGDESCRIPTION><HASLD>0</HASLD><INSTANCENAME>ESCIRVGENLABTRANS</INSTANCENAME><KEEPHISTORY>1</KEEPHISTORY><LANGCODE>EN</LANGCODE><MAXHISTORY>1000</MAXHISTORY><NEXTRUNTMOVERWRITE xsi:nil="true"></NEXTRUNTMOVERWRITE><RELOADREQTIME>2014-08-26T18:07:37+01:00</RELOADREQTIME><RUNASUSERID>MAXADMIN</RUNASUSERID><SCHEDULE>30s,*,*,*,*,*,*,*,*,*</SCHEDULE></CRONTASKINSTANCE><CRONTASKINSTANCE><ACTIVE>1</ACTIVE><AUTOREMOVAL>0</AUTOREMOVAL><CRONTASKINSTANCEID>9113</CRONTASKINSTANCEID><DESCRIPTION>Labor assignment Escalation</DESCRIPTION><DESCRIPTION_LONGDESCRIPTION></DESCRIPTION_LONGDESCRIPTION><HASLD>0</HASLD><INSTANCENAME>ESCIRVLABASS</INSTANCENAME><KEEPHISTORY>1</KEEPHISTORY><LANGCODE>EN</LANGCODE><MAXHISTORY>1000</MAXHISTORY><NEXTRUNTMOVERWRITE xsi:nil="true"></NEXTRUNTMOVERWRITE><RELOADREQTIME>2014-07-24T11:05:05+01:00</RELOADREQTIME><RUNASUSERID>MAXADMIN</RUNASUSERID><SCHEDULE>1m,*,*,*,*,*,*,*,*,*</SCHEDULE></CRONTASKINSTANCE><CRONTASKINSTANCE><ACTIVE>1</ACTIVE><AUTOREMOVAL>0</AUTOREMOVAL><CRONTASKINSTANCEID>3913</CRONTASKINSTANCEID><DESCRIPTION>Set the SR Actual Dates from WO values</DESCRIPTION><DESCRIPTION_LONGDESCRIPTION></DESCRIPTION_LONGDESCRIPTION><HASLD>0</HASLD><INSTANCENAME>ESCIRVSRACTDATES</INSTANCENAME><KEEPHISTORY>1</KEEPHISTORY><LANGCODE>EN</LANGCODE><MAXHISTORY>1000</MAXHISTORY><NEXTRUNTMOVERWRITE xsi:nil="true"></NEXTRUNTMOVERWRITE><RELOADREQTIME>2014-03-21T09:22:23+00:00</RELOADREQTIME><RUNASUSERID>MAXADMIN</RUNASUSERID><SCHEDULE>1m,*,*,*,*,*,*,*,*,*</SCHEDULE></CRONTASKINSTANCE><CRONTASKINSTANCE><ACTIVE>1</ACTIVE><AUTOREMOVAL>0</AUTOREMOVAL><CRONTASKINSTANCEID>3515</CRONTASKINSTANCEID><DESCRIPTION>CLOSE the SR record when the work order is FINCOMP</DESCRIPTION><DESCRIPTION_LONGDESCRIPTION></DESCRIPTION_LONGDESCRIPTION><HASLD>0</HASLD><INSTANCENAME>ESCIRVSRCOMP</INSTANCENAME><KEEPHISTORY>1</KEEPHISTORY><LANGCODE>EN</LANGCODE><MAXHISTORY>1000</MAXHISTORY><NEXTRUNTMOVERWRITE xsi:nil="true"></NEXTRUNTMOVERWRITE><RELOADREQTIME>2014-05-09T11:32:03+01:00</RELOADREQTIME><RUNASUSERID>MAXADMIN</RUNASUSERID><SCHEDULE>60d,0,0,2,*,*,*,*,*,*</SCHEDULE></CRONTASKINSTANCE><CRONTASKINSTANCE><ACTIVE>1</ACTIVE><AUTOREMOVAL>0</AUTOREMOVAL><CRONTASKINSTANCEID>3613</CRONTASKINSTANCEID><DESCRIPTION>Update the SR Status if a work item has been dispatched from the work order app instead of from SR</DESCRIPTION><DESCRIPTION_LONGDESCRIPTION></DESCRIPTION_LONGDESCRIPTION><HASLD>0</HASLD><INSTANCENAME>ESCIRVSRINPROG</INSTANCENAME><KEEPHISTORY>1</KEEPHISTORY><LANGCODE>EN</LANGCODE><MAXHISTORY>1000</MAXHISTORY><NEXTRUNTMOVERWRITE xsi:nil="true"></NEXTRUNTMOVERWRITE><RELOADREQTIME>2014-03-19T09:08:40+00:00</RELOADREQTIME><RUNASUSERID>MAXADMIN</RUNASUSERID><SCHEDULE>1m,*,0,*,*,*,*,*,*,*</SCHEDULE></CRONTASKINSTANCE><CRONTASKINSTANCE><ACTIVE>1</ACTIVE><AUTOREMOVAL>0</AUTOREMOVAL><CRONTASKINSTANCEID>4113</CRONTASKINSTANCEID><DESCRIPTION>SR Raised Notification</DESCRIPTION><DESCRIPTION_LONGDESCRIPTION></DESCRIPTION_LONGDESCRIPTION><HASLD>0</HASLD><INSTANCENAME>ESCIRVSRNOTI</INSTANCENAME><KEEPHISTORY>1</KEEPHISTORY><LANGCODE>EN</LANGCODE><MAXHISTORY>1000</MAXHISTORY><NEXTRUNTMOVERWRITE xsi:nil="true"></NEXTRUNTMOVERWRITE><RELOADREQTIME>2014-10-31T10:31:51+00:00</RELOADREQTIME><RUNASUSERID>MAXADMIN</RUNASUSERID><SCHEDULE>2m,*,*,*,*,*,*,*,*,*</SCHEDULE></CRONTASKINSTANCE><CRONTASKINSTANCE><ACTIVE>1</ACTIVE><AUTOREMOVAL>0</AUTOREMOVAL><CRONTASKINSTANCEID>3513</CRONTASKINSTANCEID><DESCRIPTION>Auto SR Resolution on work completion</DESCRIPTION><DESCRIPTION_LONGDESCRIPTION></DESCRIPTION_LONGDESCRIPTION><HASLD>0</HASLD><INSTANCENAME>ESCIRVSRRES</INSTANCENAME><KEEPHISTORY>1</KEEPHISTORY><LANGCODE>EN</LANGCODE><MAXHISTORY>1000</MAXHISTORY><NEXTRUNTMOVERWRITE xsi:nil="true"></NEXTRUNTMOVERWRITE><RELOADREQTIME>2014-10-31T12:15:39+00:00</RELOADREQTIME><RUNASUSERID>MAXADMIN</RUNASUSERID><SCHEDULE>1m,*,0,*,*,*,*,*,*,*</SCHEDULE></CRONTASKINSTANCE><CRONTASKINSTANCE><ACTIVE>1</ACTIVE><AUTOREMOVAL>0</AUTOREMOVAL><CRONTASKINSTANCEID>15613</CRONTASKINSTANCEID><DESCRIPTION>Auto SR Resolution on work completion</DESCRIPTION><DESCRIPTION_LONGDESCRIPTION></DESCRIPTION_LONGDESCRIPTION><HASLD>0</HASLD><INSTANCENAME>ESCIRVSRRESNOT</INSTANCENAME><KEEPHISTORY>1</KEEPHISTORY><LANGCODE>EN</LANGCODE><MAXHISTORY>1000</MAXHISTORY><NEXTRUNTMOVERWRITE xsi:nil="true"></NEXTRUNTMOVERWRITE><RELOADREQTIME>2014-11-06T10:11:29+00:00</RELOADREQTIME><RUNASUSERID>MAXADMIN</RUNASUSERID><SCHEDULE>1m,*,0,*,*,*,*,*,*,*</SCHEDULE></CRONTASKINSTANCE><CRONTASKINSTANCE><ACTIVE>1</ACTIVE><AUTOREMOVAL>0</AUTOREMOVAL><CRONTASKINSTANCEID>2113</CRONTASKINSTANCEID><DESCRIPTION>Process new self service requests</DESCRIPTION><DESCRIPTION_LONGDESCRIPTION></DESCRIPTION_LONGDESCRIPTION><HASLD>0</HASLD><INSTANCENAME>ESCIRVSSR</INSTANCENAME><KEEPHISTORY>1</KEEPHISTORY><LANGCODE>EN</LANGCODE><MAXHISTORY>1000</MAXHISTORY><NEXTRUNTMOVERWRITE xsi:nil="true"></NEXTRUNTMOVERWRITE><RELOADREQTIME>2014-03-12T15:09:06+00:00</RELOADREQTIME><RUNASUSERID>MAXADMIN</RUNASUSERID><SCHEDULE>30s,*,*,*,*,*,*,*,*,*</SCHEDULE></CRONTASKINSTANCE><CRONTASKINSTANCE><ACTIVE>0</ACTIVE><AUTOREMOVAL>0</AUTOREMOVAL><CRONTASKINSTANCEID>15614</CRONTASKINSTANCEID><DESCRIPTION>Copy target to start dates</DESCRIPTION><DESCRIPTION_LONGDESCRIPTION></DESCRIPTION_LONGDESCRIPTION><HASLD>0</HASLD><INSTANCENAME>ESCIRVSTARTTIMES</INSTANCENAME><KEEPHISTORY>1</KEEPHISTORY><LANGCODE>EN</LANGCODE><MAXHISTORY>1000</MAXHISTORY><NEXTRUNTMOVERWRITE xsi:nil="true"></NEXTRUNTMOVERWRITE><RELOADREQTIME>2014-08-20T10:48:27+01:00</RELOADREQTIME><RUNASUSERID>MAXADMIN</RUNASUSERID><SCHEDULE>1m,*,*,*,*,*,*,*,*,*</SCHEDULE></CRONTASKINSTANCE><CRONTASKINSTANCE><ACTIVE>1</ACTIVE><AUTOREMOVAL>0</AUTOREMOVAL><CRONTASKINSTANCEID>3813</CRONTASKINSTANCEID><DESCRIPTION>Financial Limit Escalation</DESCRIPTION><DESCRIPTION_LONGDESCRIPTION></DESCRIPTION_LONGDESCRIPTION><HASLD>0</HASLD><INSTANCENAME>ESCIRVWOCOSTESC</INSTANCENAME><KEEPHISTORY>1</KEEPHISTORY><LANGCODE>EN</LANGCODE><MAXHISTORY>1000</MAXHISTORY><NEXTRUNTMOVERWRITE xsi:nil="true"></NEXTRUNTMOVERWRITE><RELOADREQTIME>2014-03-25T14:56:45+00:00</RELOADREQTIME><RUNASUSERID>MAXADMIN</RUNASUSERID><SCHEDULE>1m,*,*,*,*,*,*,*,*,*</SCHEDULE></CRONTASKINSTANCE><CRONTASKINSTANCE><ACTIVE>1</ACTIVE><AUTOREMOVAL>0</AUTOREMOVAL><CRONTASKINSTANCEID>1113</CRONTASKINSTANCEID><DESCRIPTION>Maximo for E-mail: send E-mail from work flow assignment</DESCRIPTION><DESCRIPTION_LONGDESCRIPTION></DESCRIPTION_LONGDESCRIPTION><HASLD>0</HASLD><INSTANCENAME>ESCMFMAILSENDWFM</INSTANCENAME><KEEPHISTORY>1</KEEPHISTORY><LANGCODE>EN</LANGCODE><MAXHISTORY>1000</MAXHISTORY><NEXTRUNTMOVERWRITE xsi:nil="true"></NEXTRUNTMOVERWRITE><RELOADREQTIME>2014-03-19T10:55:42+00:00</RELOADREQTIME><RUNASUSERID>MAXADMIN</RUNASUSERID><SCHEDULE>3m,*,*,*,*,*,*,*,*,*</SCHEDULE></CRONTASKINSTANCE><CRONTASKINSTANCE><ACTIVE>1</ACTIVE><AUTOREMOVAL>0</AUTOREMOVAL><CRONTASKINSTANCEID>1114</CRONTASKINSTANCEID><DESCRIPTION>Maximo for E-mail: send E-mail from workorder app</DESCRIPTION><DESCRIPTION_LONGDESCRIPTION></DESCRIPTION_LONGDESCRIPTION><HASLD>0</HASLD><INSTANCENAME>ESCMFMAILSENDWO</INSTANCENAME><KEEPHISTORY>1</KEEPHISTORY><LANGCODE>EN</LANGCODE><MAXHISTORY>1000</MAXHISTORY><NEXTRUNTMOVERWRITE xsi:nil="true"></NEXTRUNTMOVERWRITE><RELOADREQTIME>2014-07-24T10:30:05+01:00</RELOADREQTIME><RUNASUSERID>MAXADMIN</RUNASUSERID><SCHEDULE>3m,*,*,*,*,*,*,*,*,*</SCHEDULE></CRONTASKINSTANCE><CRONTASKINSTANCE><ACTIVE>1</ACTIVE><AUTOREMOVAL>0</AUTOREMOVAL><CRONTASKINSTANCEID>1713</CRONTASKINSTANCEID><DESCRIPTION>Purge records from OslcTransaction table</DESCRIPTION><DESCRIPTION_LONGDESCRIPTION></DESCRIPTION_LONGDESCRIPTION><HASLD>0</HASLD><INSTANCENAME>ESCOSLCTXN</INSTANCENAME><KEEPHISTORY>1</KEEPHISTORY><LANGCODE>EN</LANGCODE><MAXHISTORY>1000</MAXHISTORY><NEXTRUNTMOVERWRITE xsi:nil="true"></NEXTRUNTMOVERWRITE><RELOADREQTIME>2014-01-09T11:00:17+00:00</RELOADREQTIME><RUNASUSERID>MAXADMIN</RUNASUSERID><SCHEDULE>5m,*,*,*,*,*,*,*,*,*</SCHEDULE></CRONTASKINSTANCE><CRONTASKINSTANCE><ACTIVE>1</ACTIVE><AUTOREMOVAL>0</AUTOREMOVAL><CRONTASKINSTANCEID>713</CRONTASKINSTANCEID><DESCRIPTION>Promote Computers to Assets</DESCRIPTION><DESCRIPTION_LONGDESCRIPTION></DESCRIPTION_LONGDESCRIPTION><HASLD>0</HASLD><INSTANCENAME>ESCPROMOTECOMP</INSTANCENAME><KEEPHISTORY>1</KEEPHISTORY><LANGCODE>EN</LANGCODE><MAXHISTORY>1000</MAXHISTORY><NEXTRUNTMOVERWRITE xsi:nil="true"></NEXTRUNTMOVERWRITE><RELOADREQTIME>2014-01-08T19:38:54+00:00</RELOADREQTIME><RUNASUSERID>MAXADMIN</RUNASUSERID><SCHEDULE>1d,0,0,3,*,*,*,*,*,*</SCHEDULE></CRONTASKINSTANCE><CRONTASKINSTANCE><ACTIVE>1</ACTIVE><AUTOREMOVAL>0</AUTOREMOVAL><CRONTASKINSTANCEID>714</CRONTASKINSTANCEID><DESCRIPTION>Promote Network Devices to Assets</DESCRIPTION><DESCRIPTION_LONGDESCRIPTION></DESCRIPTION_LONGDESCRIPTION><HASLD>0</HASLD><INSTANCENAME>ESCPROMOTENETD</INSTANCENAME><KEEPHISTORY>1</KEEPHISTORY><LANGCODE>EN</LANGCODE><MAXHISTORY>1000</MAXHISTORY><NEXTRUNTMOVERWRITE xsi:nil="true"></NEXTRUNTMOVERWRITE><RELOADREQTIME>2014-01-08T19:38:54+00:00</RELOADREQTIME><RUNASUSERID>MAXADMIN</RUNASUSERID><SCHEDULE>1d,0,0,3,*,*,*,*,*,*</SCHEDULE></CRONTASKINSTANCE><CRONTASKINSTANCE><ACTIVE>1</ACTIVE><AUTOREMOVAL>0</AUTOREMOVAL><CRONTASKINSTANCEID>715</CRONTASKINSTANCEID><DESCRIPTION>Promote Network Printers to Assets</DESCRIPTION><DESCRIPTION_LONGDESCRIPTION></DESCRIPTION_LONGDESCRIPTION><HASLD>0</HASLD><INSTANCENAME>ESCPROMOTENETP</INSTANCENAME><KEEPHISTORY>1</KEEPHISTORY><LANGCODE>EN</LANGCODE><MAXHISTORY>1000</MAXHISTORY><NEXTRUNTMOVERWRITE xsi:nil="true"></NEXTRUNTMOVERWRITE><RELOADREQTIME>2014-01-08T19:38:54+00:00</RELOADREQTIME><RUNASUSERID>MAXADMIN</RUNASUSERID><SCHEDULE>1d,0,0,3,*,*,*,*,*,*</SCHEDULE></CRONTASKINSTANCE></CRONTASKDEF></DMCRONTASKDEFSet></SyncDMCRONTASKDEF>