<?xml version="1.0" encoding="UTF-8"?><SyncDMESCALATION xmlns="http://www.ibm.com/maximo" xmlns:xsi="http://www.w3.org/2001/XMLSchema-instance" creationDateTime="2014-11-06T13:20:02+00:00" transLanguage="EN" baseLanguage="EN" messageID="1415280002962722285" maximoVersion="7 5 20130829-1209 V7510--1"><DMESCALATIONSet><ESCALATION action="AddChange"><ACTIVE>1</ACTIVE><CHANGEBY>TIMMINSA</CHANGEBY><CHANGEDATE>2014-10-31T12:15:38+00:00</CHANGEDATE><CONDITION>class='SR' and status in('INPROG','QUEUED') and (Select count(*) from workorder where origrecordid=sr.ticketid and origrecordclass='SR' and status not in (Select value from synonymdomain where domainid='WOSTATUS' and maxvalue='CAN')) = (Select count(*) from workorder where origrecordid=sr.ticketid and origrecordclass='SR' and IRVFURTHERWORKHDINF = 0 and status in (Select value from synonymdomain where domainid='WOSTATUS' and maxvalue in ('COMP','FINCOMP'))) and (Select count(*) from workorder where origrecordid=sr.ticketid and origrecordclass='SR' and status not in (Select value from synonymdomain where domainid='WOSTATUS' and maxvalue='CAN')) &gt; 0</CONDITION><CRONTASKNAME>ESCALATION</CRONTASKNAME><DESCRIPTION>Auto SR Resolution on work completion</DESCRIPTION><DESCRIPTION_LONGDESCRIPTION></DESCRIPTION_LONGDESCRIPTION><ESCALATION>IRVSRRES</ESCALATION><ESCALATIONID>1620</ESCALATIONID><ESCCALENDAR></ESCCALENDAR><ESCCALORGID></ESCCALORGID><ESCSHIFT></ESCSHIFT><ESCSTATUSFLAG>0</ESCSTATUSFLAG><HASLD>0</HASLD><INSTANCENAME>ESCIRVSRRES</INSTANCENAME><LANGCODE>EN</LANGCODE><OBJECTNAME>SR</OBJECTNAME><ORGID></ORGID><PLUSPONDEMAND>0</PLUSPONDEMAND><PLUSPSOURCEAPP>ESCALATION</PLUSPSOURCEAPP><SCHEDULE>1m,*,0,*,*,*,*,*,*,*</SCHEDULE><SITEID></SITEID><SLANUM></SLANUM><ESCREFPOINT><ACTION>1075</ACTION><CALCCALENDAR></CALCCALENDAR><CALCORGID></CALCORGID><CALCSHIFT></CALCSHIFT><ELAPSEDINTERVAL xsi:nil="true"></ELAPSEDINTERVAL><EVENTATTRIBUTE></EVENTATTRIBUTE><EVENTCONDITION></EVENTCONDITION><INTERVALUOM></INTERVALUOM><REFPOINTID>1518</REFPOINTID><REFPOINTNUM>1</REFPOINTNUM><REPEAT>1</REPEAT></ESCREFPOINT></ESCALATION><ESCALATION action="AddChange"><ACTIVE>1</ACTIVE><CHANGEBY>TIMMINSA</CHANGEBY><CHANGEDATE>2014-11-06T10:11:28+00:00</CHANGEDATE><CONDITION>status in('RESOLVED','CLOSED') and
(select COUNT(*) from esccommlog,escalation where escalation.escalationid=esccommlog.uniqueid and ownerid = sr.ticketuid and escalation.escalation in ('IRVSRRES','IRVSRRESNOT')) &lt; 1
and (Select count(*) from workorder where origrecordid=sr.ticketid and origrecordclass='SR') &gt; 0</CONDITION><CRONTASKNAME>ESCALATION</CRONTASKNAME><DESCRIPTION>Auto SR Resolution on work completion</DESCRIPTION><DESCRIPTION_LONGDESCRIPTION></DESCRIPTION_LONGDESCRIPTION><ESCALATION>IRVSRRESNOT</ESCALATION><ESCALATIONID>3525</ESCALATIONID><ESCCALENDAR></ESCCALENDAR><ESCCALORGID></ESCCALORGID><ESCSHIFT></ESCSHIFT><ESCSTATUSFLAG>0</ESCSTATUSFLAG><HASLD>0</HASLD><INSTANCENAME>ESCIRVSRRESNOT</INSTANCENAME><LANGCODE>EN</LANGCODE><OBJECTNAME>SR</OBJECTNAME><ORGID></ORGID><PLUSPONDEMAND>0</PLUSPONDEMAND><PLUSPSOURCEAPP>ESCALATION</PLUSPSOURCEAPP><SCHEDULE>1m,*,0,*,*,*,*,*,*,*</SCHEDULE><SITEID></SITEID><SLANUM></SLANUM><ESCREFPOINT><ACTION>1152</ACTION><CALCCALENDAR></CALCCALENDAR><CALCORGID></CALCORGID><CALCSHIFT></CALCSHIFT><ELAPSEDINTERVAL xsi:nil="true"></ELAPSEDINTERVAL><EVENTATTRIBUTE></EVENTATTRIBUTE><EVENTCONDITION></EVENTCONDITION><INTERVALUOM></INTERVALUOM><REFPOINTID>3322</REFPOINTID><REFPOINTNUM>1</REFPOINTNUM><REPEAT>1</REPEAT><ESCNOTIFICATION><ESCNOTIFICATIONID>508</ESCNOTIFICATIONID><REFPOINTID>3322</REFPOINTID><TEMPLATEID>IRVSRCOMPCUST</TEMPLATEID></ESCNOTIFICATION></ESCREFPOINT></ESCALATION></DMESCALATIONSet></SyncDMESCALATION>