<?xml version="1.0" encoding="UTF-8"?><SyncDMPACKAGEDEF xmlns="http://www.ibm.com/maximo" xmlns:xsi="http://www.w3.org/2001/XMLSchema-instance" creationDateTime="2014-09-18T11:02:04+01:00" transLanguage="EN" baseLanguage="EN" messageID="1411034524806145920" maximoVersion="7 5 20130829-1209 V7510--1"><DMPACKAGEDEFSet><DMPACKAGEDEF><ACTIVE>0</ACTIVE><BATCHSIZE>100</BATCHSIZE><CHANGEBY>REISH</CHANGEBY><CHANGEDATE>2014-08-13T12:49:06+01:00</CHANGEDATE><CONTENTID>bfb65e4b-25ee-4729-a3af-05eca89594b9</CONTENTID><DESCRIPTION>BBC AUTOSCRIPT PACK</DESCRIPTION><DESCRIPTION_LONGDESCRIPTION></DESCRIPTION_LONGDESCRIPTION><DMPACKAGEDEFID>411</DMPACKAGEDEFID><DMROLE></DMROLE><HASLD>0</HASLD><LANGCODE>EN</LANGCODE><PKGDEFNAME>BBC_AUTOSCRIPT</PKGDEFNAME><SOURCE>BBC-SQL-D01_BBCMAXDEV_dbo</SOURCE><STATUS maxvalue="APPR">APPR</STATUS><STATUSDATE>2014-08-13T12:52:38+01:00</STATUSDATE><TYPE maxvalue="SNAPSHOT">SNAPSHOT</TYPE><XMLACTION maxvalue="ADDCHANGE">AddChange</XMLACTION><DMPKGDEFSTATUS><CHANGEBY>REISH</CHANGEBY><CONTENTID>8c333fae-947e-4b77-a200-f17ad5764a2b</CONTENTID><DMPKGDEFSTATUSID>416</DMPKGDEFSTATUSID><MEMO></MEMO><STATUS maxvalue="WAPPR">WAPPR</STATUS><STATUSDATE>2014-07-08T13:02:00+01:00</STATUSDATE></DMPKGDEFSTATUS><DMPKGDEFSTATUS><CHANGEBY>REISH</CHANGEBY><CONTENTID>7d85ac51-50bd-4df7-84aa-48fee4ed1955</CONTENTID><DMPKGDEFSTATUSID>417</DMPKGDEFSTATUSID><MEMO></MEMO><STATUS maxvalue="APPR">APPR</STATUS><STATUSDATE>2014-08-13T12:52:00+01:00</STATUSDATE></DMPKGDEFSTATUS><DMPKGCFGGRPDEF><CFGOBJGROUP>SCRIPTCFG</CFGOBJGROUP><CONTENTID>799acc47-5608-42e2-abc9-db08c941011b</CONTENTID><DMPKGCFGGRPDEFID>510</DMPKGCFGGRPDEFID><DMPKGCFGOBJDEF><CFGOBJECT>DMSCRIPT</CFGOBJECT><CONTENTID>e6da6f5c-7070-44a9-8281-ddd8eb132b63</CONTENTID><DMPKGCFGOBJDEFID>409</DMPKGCFGOBJDEFID><WHERECLAUSE>autoscript in ('IRV_SETAPPRGRP','IRV_INVVAL','IRV_SETINVAPPRGRP')</WHERECLAUSE></DMPKGCFGOBJDEF><DMPKGCFGOBJDEF><CFGOBJECT>DMLAUNCHPOINT</CFGOBJECT><CONTENTID>9ac85002-520d-4681-850d-9a9bc0936bcc</CONTENTID><DMPKGCFGOBJDEFID>410</DMPKGCFGOBJDEFID><WHERECLAUSE>launchpointname  in ('IRV_SETAPPRGRP','IRV_INVVAL','IRV_SETINVAPPRGRP')</WHERECLAUSE></DMPKGCFGOBJDEF></DMPKGCFGGRPDEF><DMPKGDIST><CHANGEBY>REISH</CHANGEBY><CHANGEDATE>2014-08-13T12:49:06+01:00</CHANGEDATE><CONTENTID>44f83718-4a3d-4f86-8eed-d245dc56a983</CONTENTID><DMPKGDISTID>406</DMPKGDISTID><TARGETNAME>IRVMMFOLDER</TARGETNAME></DMPKGDIST></DMPACKAGEDEF></DMPACKAGEDEFSet></SyncDMPACKAGEDEF>