<?xml version="1.0" encoding="UTF-8"?><SyncDMPACKAGEDEF xmlns="http://www.ibm.com/maximo" xmlns:xsi="http://www.w3.org/2001/XMLSchema-instance" creationDateTime="2014-09-18T13:24:22+01:00" transLanguage="EN" baseLanguage="EN" messageID="141104306235663375" maximoVersion="7 5 20130829-1209 V7510--1"><DMPACKAGEDEFSet><DMPACKAGEDEF><ACTIVE>0</ACTIVE><BATCHSIZE>100</BATCHSIZE><CHANGEBY>TIMMINSA</CHANGEBY><CHANGEDATE>2014-09-18T11:25:33+01:00</CHANGEDATE><CONTENTID>66f6c876-b6c2-4a96-a723-bce2860a0e53</CONTENTID><DESCRIPTION>BBC Roles</DESCRIPTION><DESCRIPTION_LONGDESCRIPTION></DESCRIPTION_LONGDESCRIPTION><DMPACKAGEDEFID>1108</DMPACKAGEDEFID><DMROLE></DMROLE><HASLD>0</HASLD><LANGCODE>EN</LANGCODE><PKGDEFNAME>BBC_ROLES</PKGDEFNAME><SOURCE>BBC-SQL-D01_BBCMAXDEV_dbo</SOURCE><STATUS maxvalue="APPR">APPR</STATUS><STATUSDATE>2014-09-18T11:26:00+01:00</STATUSDATE><TYPE maxvalue="SNAPSHOT">SNAPSHOT</TYPE><XMLACTION maxvalue="ADDCHANGE">AddChange</XMLACTION><DMPKGDEFSTATUS><CHANGEBY>TIMMINSA</CHANGEBY><CONTENTID>df2532ae-1b08-49f0-a289-fcce0857fb1b</CONTENTID><DMPKGDEFSTATUSID>1108</DMPKGDEFSTATUSID><MEMO></MEMO><STATUS maxvalue="WAPPR">WAPPR</STATUS><STATUSDATE>2014-09-18T11:25:00+01:00</STATUSDATE></DMPKGDEFSTATUS><DMPKGDEFSTATUS><CHANGEBY>TIMMINSA</CHANGEBY><CONTENTID>6f9c6e47-d7dd-47e1-abad-84597821fd66</CONTENTID><DMPKGDEFSTATUSID>1109</DMPKGDEFSTATUSID><MEMO></MEMO><STATUS maxvalue="APPR">APPR</STATUS><STATUSDATE>2014-09-18T11:26:00+01:00</STATUSDATE></DMPKGDEFSTATUS><DMPKGCFGGRPDEF><CFGOBJGROUP>BBC_ROLES</CFGOBJGROUP><CONTENTID>517a5686-8988-43d4-b0c7-0d7a8bb3e1f7</CONTENTID><DMPKGCFGGRPDEFID>1207</DMPKGCFGGRPDEFID><DMPKGCFGOBJDEF><CFGOBJECT>DMROLE</CFGOBJECT><CONTENTID>4c0a76bb-84e5-4fc0-a4b5-06c427de514c</CONTENTID><DMPKGCFGOBJDEFID>1102</DMPKGCFGOBJDEFID><WHERECLAUSE>maxrole in ('POAPPR','IRV_TOLAPP','IRV_INVISS')</WHERECLAUSE></DMPKGCFGOBJDEF></DMPKGCFGGRPDEF><DMPKGDIST><CHANGEBY>TIMMINSA</CHANGEBY><CHANGEDATE>2014-09-18T11:27:54+01:00</CHANGEDATE><CONTENTID>a7b072db-11a2-423f-8c7c-7ef0b6a5144c</CONTENTID><DMPKGDISTID>1102</DMPKGDISTID><TARGETNAME>IRVMMFOLDER</TARGETNAME></DMPKGDIST></DMPACKAGEDEF></DMPACKAGEDEFSet></SyncDMPACKAGEDEF>