<?xml version="1.0" encoding="UTF-8"?><SyncDMCFGGROUP xmlns="http://www.ibm.com/maximo" xmlns:xsi="http://www.w3.org/2001/XMLSchema-instance" creationDateTime="2014-09-18T13:24:22+01:00" transLanguage="EN" baseLanguage="EN" messageID="1411043062325238615" maximoVersion="7 5 20130829-1209 V7510--1"><DMCFGGROUPSet><DMCFGGROUP><CFGGROUPORDER>36</CFGGROUPORDER><CFGOBJGROUP>BBC_ROLES</CFGOBJGROUP><CHANGEBY>TIMMINSA</CHANGEBY><CHANGEDATE>2014-09-18T11:24:56+01:00</CHANGEDATE><DESCRIPTION>BBC Roles</DESCRIPTION><DMCFGGROUPID>93030</DMCFGGROUPID><GROUPTYPE maxvalue="CFGDATA">CFGDATA</GROUPTYPE><INTERNAL>0</INTERNAL><DMCFGOBJECT><CFGOBJECT>DMROLE</CFGOBJECT><CFGOBJORDER>1</CFGOBJORDER><CHANGEBY>TIMMINSA</CHANGEBY><CHANGEDATE>2014-09-18T11:25:17+01:00</CHANGEDATE><DESCRIPTION>Role migration object for Migration Manager</DESCRIPTION><DMCFGOBJECTID>2496</DMCFGOBJECTID><INTERNAL>0</INTERNAL></DMCFGOBJECT></DMCFGGROUP></DMCFGGROUPSet></SyncDMCFGGROUP>