<?xml version="1.0" encoding="UTF-8"?><SyncDMREPORT xmlns="http://www.ibm.com/maximo" xmlns:xsi="http://www.w3.org/2001/XMLSchema-instance" creationDateTime="2015-02-23T15:07:21+00:00" transLanguage="EN" baseLanguage="EN" messageID="142470404163646282" maximoVersion="7 5 20130829-1209 V7510--1"><DMREPORTSet><REPORT action="AddChange"><APPNAME>PLUSPLOC</APPNAME><ATTACHEDDOC>0</ATTACHEDDOC><BASETABLENAME>LOCATIONS</BASETABLENAME><DESCRIPTION>Location Data</DESCRIPTION><DESTINATIONFOLDER></DESTINATIONFOLDER><DETAIL>0</DETAIL><DISPLAYORDER xsi:nil="true"></DISPLAYORDER><DP>0</DP><DPLOC maxvalue="NONE">NONE</DPLOC><EDITENABLED>0</EDITENABLED><EXCLUDEDYNAMICWHERE>0</EXCLUDEDYNAMICWHERE><LANGCODE>EN</LANGCODE><LASTRUNBY>POOLA</LASTRUNBY><LASTRUNDATE>2015-02-23T12:32:08+00:00</LASTRUNDATE><LASTRUNDURATION>0:00:09</LASTRUNDURATION><NOREQUESTPAGE>0</NOREQUESTPAGE><PACKAGE></PACKAGE><PACKAGELOC></PACKAGELOC><PAD>0</PAD><PADLOC maxvalue="NONE">NONE</PADLOC><PRIORITY xsi:nil="true"></PRIORITY><QL>0</QL><QLLOC maxvalue="NONE">NONE</QLLOC><RECORDLIMIT xsi:nil="true"></RECORDLIMIT><REPORTFOLDER>PLUSPLOC</REPORTFOLDER><REPORTID>5281</REPORTID><REPORTNAME>irvlocdata.rptdesign</REPORTNAME><REPORTNUM>1339</REPORTNUM><RUNTYPE maxvalue="BIRT">BIRT</RUNTYPE><SCHEDULEONLY>0</SCHEDULEONLY><TOOLBARICON maxvalue="NONE">NONE</TOOLBARICON><TOOLBARLOCATION maxvalue="NONE">NONE</TOOLBARLOCATION><TOOLBARSEQUENCE xsi:nil="true"></TOOLBARSEQUENCE><USERID></USERID><USEWHEREWITHPARAM>0</USEWHEREWITHPARAM><REPORTAPPAUTH><GROUPNAME>MAXADMIN</GROUPNAME><REPORTAPPAUTHID>826</REPORTAPPAUTHID><RUNTYPE maxvalue="BIRT">BIRT</RUNTYPE></REPORTAPPAUTH><REPORTAPPAUTH><GROUPNAME>TYPE1G</GROUPNAME><REPORTAPPAUTHID>1357</REPORTAPPAUTHID><RUNTYPE maxvalue="BIRT">BIRT</RUNTYPE></REPORTAPPAUTH><REPORTAPPAUTH><GROUPNAME>TYPE1A</GROUPNAME><REPORTAPPAUTHID>1487</REPORTAPPAUTHID><RUNTYPE maxvalue="BIRT">BIRT</RUNTYPE></REPORTAPPAUTH></REPORT><REPORT action="AddChange"><APPNAME>PLUSPSR</APPNAME><ATTACHEDDOC>0</ATTACHEDDOC><BASETABLENAME>SR</BASETABLENAME><DESCRIPTION>Service Request Performance Report</DESCRIPTION><DESTINATIONFOLDER></DESTINATIONFOLDER><DETAIL>0</DETAIL><DISPLAYORDER xsi:nil="true"></DISPLAYORDER><DP>0</DP><DPLOC maxvalue="NONE">NONE</DPLOC><EDITENABLED>0</EDITENABLED><EXCLUDEDYNAMICWHERE>0</EXCLUDEDYNAMICWHERE><LANGCODE>EN</LANGCODE><LASTRUNBY>POOLA</LASTRUNBY><LASTRUNDATE>2015-02-23T12:09:44+00:00</LASTRUNDATE><LASTRUNDURATION>0:00:26</LASTRUNDURATION><NOREQUESTPAGE>0</NOREQUESTPAGE><PACKAGE></PACKAGE><PACKAGELOC></PACKAGELOC><PAD>0</PAD><PADLOC maxvalue="NONE">NONE</PADLOC><PRIORITY xsi:nil="true"></PRIORITY><QL>0</QL><QLLOC maxvalue="NONE">NONE</QLLOC><RECORDLIMIT xsi:nil="true"></RECORDLIMIT><REPORTFOLDER>PLUSPSR</REPORTFOLDER><REPORTID>5180</REPORTID><REPORTNAME>irvsrperformance.rptdesign</REPORTNAME><REPORTNUM>1337</REPORTNUM><RUNTYPE maxvalue="BIRT">BIRT</RUNTYPE><SCHEDULEONLY>0</SCHEDULEONLY><TOOLBARICON maxvalue="NONE">NONE</TOOLBARICON><TOOLBARLOCATION maxvalue="NONE">NONE</TOOLBARLOCATION><TOOLBARSEQUENCE xsi:nil="true"></TOOLBARSEQUENCE><USERID></USERID><USEWHEREWITHPARAM>1</USEWHEREWITHPARAM><REPORTLOOKUP><ATTRIBUTENAME></ATTRIBUTENAME><DEFAULTVALUE></DEFAULTVALUE><HIDDEN>0</HIDDEN><LABELOVERRIDE>Completion Date</LABELOVERRIDE><LOOKUPNAME>datelookup</LOOKUPNAME><MULTILOOKUP>1</MULTILOOKUP><OPERATOR></OPERATOR><PARAMETERNAME>compdate</PARAMETERNAME><REPORTLOOKUPID>1648</REPORTLOOKUPID><REPORTNUM>1337</REPORTNUM><REQUIRED>0</REQUIRED><SEQUENCE>3</SEQUENCE></REPORTLOOKUP><REPORTLOOKUP><ATTRIBUTENAME></ATTRIBUTENAME><DEFAULTVALUE></DEFAULTVALUE><HIDDEN>0</HIDDEN><LABELOVERRIDE>End Date</LABELOVERRIDE><LOOKUPNAME>datelookup</LOOKUPNAME><MULTILOOKUP>0</MULTILOOKUP><OPERATOR></OPERATOR><PARAMETERNAME>enddate</PARAMETERNAME><REPORTLOOKUPID>1647</REPORTLOOKUPID><REPORTNUM>1337</REPORTNUM><REQUIRED>0</REQUIRED><SEQUENCE>2</SEQUENCE></REPORTLOOKUP><REPORTLOOKUP><ATTRIBUTENAME>location</ATTRIBUTENAME><DEFAULTVALUE></DEFAULTVALUE><HIDDEN>0</HIDDEN><LABELOVERRIDE>Location</LABELOVERRIDE><LOOKUPNAME>irvplusplocations</LOOKUPNAME><MULTILOOKUP>1</MULTILOOKUP><OPERATOR></OPERATOR><PARAMETERNAME>location</PARAMETERNAME><REPORTLOOKUPID>1649</REPORTLOOKUPID><REPORTNUM>1337</REPORTNUM><REQUIRED>0</REQUIRED><SEQUENCE>4</SEQUENCE></REPORTLOOKUP><REPORTLOOKUP><ATTRIBUTENAME>owner</ATTRIBUTENAME><DEFAULTVALUE></DEFAULTVALUE><HIDDEN>0</HIDDEN><LABELOVERRIDE>Owner</LABELOVERRIDE><LOOKUPNAME>person</LOOKUPNAME><MULTILOOKUP>1</MULTILOOKUP><OPERATOR></OPERATOR><PARAMETERNAME>owner</PARAMETERNAME><REPORTLOOKUPID>1653</REPORTLOOKUPID><REPORTNUM>1337</REPORTNUM><REQUIRED>0</REQUIRED><SEQUENCE>8</SEQUENCE></REPORTLOOKUP><REPORTLOOKUP><ATTRIBUTENAME>ownergroup</ATTRIBUTENAME><DEFAULTVALUE></DEFAULTVALUE><HIDDEN>0</HIDDEN><LABELOVERRIDE>Owner Group</LABELOVERRIDE><LOOKUPNAME>persongroup</LOOKUPNAME><MULTILOOKUP>1</MULTILOOKUP><OPERATOR></OPERATOR><PARAMETERNAME>ownergroup</PARAMETERNAME><REPORTLOOKUPID>1652</REPORTLOOKUPID><REPORTNUM>1337</REPORTNUM><REQUIRED>0</REQUIRED><SEQUENCE>7</SEQUENCE></REPORTLOOKUP><REPORTLOOKUP><ATTRIBUTENAME></ATTRIBUTENAME><DEFAULTVALUE></DEFAULTVALUE><HIDDEN>0</HIDDEN><LABELOVERRIDE>Start Date</LABELOVERRIDE><LOOKUPNAME>datelookup</LOOKUPNAME><MULTILOOKUP>0</MULTILOOKUP><OPERATOR></OPERATOR><PARAMETERNAME>startdate</PARAMETERNAME><REPORTLOOKUPID>1646</REPORTLOOKUPID><REPORTNUM>1337</REPORTNUM><REQUIRED>0</REQUIRED><SEQUENCE>1</SEQUENCE></REPORTLOOKUP><REPORTLOOKUP><ATTRIBUTENAME>status</ATTRIBUTENAME><DEFAULTVALUE></DEFAULTVALUE><HIDDEN>0</HIDDEN><LABELOVERRIDE>Status</LABELOVERRIDE><LOOKUPNAME>VALUELIST</LOOKUPNAME><MULTILOOKUP>1</MULTILOOKUP><OPERATOR></OPERATOR><PARAMETERNAME>status</PARAMETERNAME><REPORTLOOKUPID>1650</REPORTLOOKUPID><REPORTNUM>1337</REPORTNUM><REQUIRED>0</REQUIRED><SEQUENCE>5</SEQUENCE></REPORTLOOKUP><REPORTLOOKUP><ATTRIBUTENAME>vendor</ATTRIBUTENAME><DEFAULTVALUE></DEFAULTVALUE><HIDDEN>0</HIDDEN><LABELOVERRIDE>Vendor</LABELOVERRIDE><LOOKUPNAME>vendors</LOOKUPNAME><MULTILOOKUP>1</MULTILOOKUP><OPERATOR></OPERATOR><PARAMETERNAME>vendor</PARAMETERNAME><REPORTLOOKUPID>1651</REPORTLOOKUPID><REPORTNUM>1337</REPORTNUM><REQUIRED>0</REQUIRED><SEQUENCE>6</SEQUENCE></REPORTLOOKUP><REPORTAPPAUTH><GROUPNAME>MAXADMIN</GROUPNAME><REPORTAPPAUTHID>834</REPORTAPPAUTHID><RUNTYPE maxvalue="BIRT">BIRT</RUNTYPE></REPORTAPPAUTH><REPORTAPPAUTH><GROUPNAME>TYPE2G</GROUPNAME><REPORTAPPAUTHID>858</REPORTAPPAUTHID><RUNTYPE maxvalue="BIRT">BIRT</RUNTYPE></REPORTAPPAUTH><REPORTAPPAUTH><GROUPNAME>TYPE1G</GROUPNAME><REPORTAPPAUTHID>1259</REPORTAPPAUTHID><RUNTYPE maxvalue="BIRT">BIRT</RUNTYPE></REPORTAPPAUTH><REPORTAPPAUTH><GROUPNAME>TYPE2B</GROUPNAME><REPORTAPPAUTHID>2056</REPORTAPPAUTHID><RUNTYPE maxvalue="BIRT">BIRT</RUNTYPE></REPORTAPPAUTH><REPORTAPPAUTH><GROUPNAME>TYPE2A</GROUPNAME><REPORTAPPAUTHID>894</REPORTAPPAUTHID><RUNTYPE maxvalue="BIRT">BIRT</RUNTYPE></REPORTAPPAUTH><REPORTAPPAUTH><GROUPNAME>TYPE1A</GROUPNAME><REPORTAPPAUTHID>1490</REPORTAPPAUTHID><RUNTYPE maxvalue="BIRT">BIRT</RUNTYPE></REPORTAPPAUTH></REPORT><REPORT action="AddChange"><APPNAME>PLUSPSR</APPNAME><ATTACHEDDOC>0</ATTACHEDDOC><BASETABLENAME>SR</BASETABLENAME><DESCRIPTION>Work Order Performance</DESCRIPTION><DESTINATIONFOLDER></DESTINATIONFOLDER><DETAIL>0</DETAIL><DISPLAYORDER xsi:nil="true"></DISPLAYORDER><DP>0</DP><DPLOC maxvalue="NONE">NONE</DPLOC><EDITENABLED>0</EDITENABLED><EXCLUDEDYNAMICWHERE>0</EXCLUDEDYNAMICWHERE><LANGCODE>EN</LANGCODE><LASTRUNBY>POOLA</LASTRUNBY><LASTRUNDATE>2015-02-23T14:26:58+00:00</LASTRUNDATE><LASTRUNDURATION>0:00:34</LASTRUNDURATION><NOREQUESTPAGE>0</NOREQUESTPAGE><PACKAGE></PACKAGE><PACKAGELOC></PACKAGELOC><PAD>0</PAD><PADLOC maxvalue="NONE">NONE</PADLOC><PRIORITY xsi:nil="true"></PRIORITY><QL>0</QL><QLLOC maxvalue="NONE">NONE</QLLOC><RECORDLIMIT xsi:nil="true"></RECORDLIMIT><REPORTFOLDER>PLUSPSR</REPORTFOLDER><REPORTID>5280</REPORTID><REPORTNAME>irvwoperformance.rptdesign</REPORTNAME><REPORTNUM>1338</REPORTNUM><RUNTYPE maxvalue="BIRT">BIRT</RUNTYPE><SCHEDULEONLY>0</SCHEDULEONLY><TOOLBARICON maxvalue="NONE">NONE</TOOLBARICON><TOOLBARLOCATION maxvalue="NONE">NONE</TOOLBARLOCATION><TOOLBARSEQUENCE xsi:nil="true"></TOOLBARSEQUENCE><USERID></USERID><USEWHEREWITHPARAM>0</USEWHEREWITHPARAM><REPORTLOOKUP><ATTRIBUTENAME>workorder.assignment.laborcode</ATTRIBUTENAME><DEFAULTVALUE></DEFAULTVALUE><HIDDEN>0</HIDDEN><LABELOVERRIDE>Assignee</LABELOVERRIDE><LOOKUPNAME>laborcodecraftskill</LOOKUPNAME><MULTILOOKUP>1</MULTILOOKUP><OPERATOR></OPERATOR><PARAMETERNAME>assignee</PARAMETERNAME><REPORTLOOKUPID>1854</REPORTLOOKUPID><REPORTNUM>1338</REPORTNUM><REQUIRED>0</REQUIRED><SEQUENCE>9</SEQUENCE></REPORTLOOKUP><REPORTLOOKUP><ATTRIBUTENAME></ATTRIBUTENAME><DEFAULTVALUE></DEFAULTVALUE><HIDDEN>0</HIDDEN><LABELOVERRIDE>Completion Date</LABELOVERRIDE><LOOKUPNAME>datelookup</LOOKUPNAME><MULTILOOKUP>1</MULTILOOKUP><OPERATOR></OPERATOR><PARAMETERNAME>compdate</PARAMETERNAME><REPORTLOOKUPID>1848</REPORTLOOKUPID><REPORTNUM>1338</REPORTNUM><REQUIRED>0</REQUIRED><SEQUENCE>3</SEQUENCE></REPORTLOOKUP><REPORTLOOKUP><ATTRIBUTENAME></ATTRIBUTENAME><DEFAULTVALUE></DEFAULTVALUE><HIDDEN>0</HIDDEN><LABELOVERRIDE>End Date</LABELOVERRIDE><LOOKUPNAME>datelookup</LOOKUPNAME><MULTILOOKUP>0</MULTILOOKUP><OPERATOR></OPERATOR><PARAMETERNAME>enddate</PARAMETERNAME><REPORTLOOKUPID>1847</REPORTLOOKUPID><REPORTNUM>1338</REPORTNUM><REQUIRED>0</REQUIRED><SEQUENCE>2</SEQUENCE></REPORTLOOKUP><REPORTLOOKUP><ATTRIBUTENAME>location</ATTRIBUTENAME><DEFAULTVALUE></DEFAULTVALUE><HIDDEN>0</HIDDEN><LABELOVERRIDE>Location</LABELOVERRIDE><LOOKUPNAME>irvplusplocations</LOOKUPNAME><MULTILOOKUP>1</MULTILOOKUP><OPERATOR></OPERATOR><PARAMETERNAME>location</PARAMETERNAME><REPORTLOOKUPID>1849</REPORTLOOKUPID><REPORTNUM>1338</REPORTNUM><REQUIRED>0</REQUIRED><SEQUENCE>4</SEQUENCE></REPORTLOOKUP><REPORTLOOKUP><ATTRIBUTENAME>owner</ATTRIBUTENAME><DEFAULTVALUE></DEFAULTVALUE><HIDDEN>0</HIDDEN><LABELOVERRIDE>Owner</LABELOVERRIDE><LOOKUPNAME>person</LOOKUPNAME><MULTILOOKUP>1</MULTILOOKUP><OPERATOR></OPERATOR><PARAMETERNAME>owner</PARAMETERNAME><REPORTLOOKUPID>1853</REPORTLOOKUPID><REPORTNUM>1338</REPORTNUM><REQUIRED>0</REQUIRED><SEQUENCE>8</SEQUENCE></REPORTLOOKUP><REPORTLOOKUP><ATTRIBUTENAME>ownergroup</ATTRIBUTENAME><DEFAULTVALUE></DEFAULTVALUE><HIDDEN>0</HIDDEN><LABELOVERRIDE>Owner Group</LABELOVERRIDE><LOOKUPNAME>persongroup</LOOKUPNAME><MULTILOOKUP>1</MULTILOOKUP><OPERATOR></OPERATOR><PARAMETERNAME>ownergroup</PARAMETERNAME><REPORTLOOKUPID>1852</REPORTLOOKUPID><REPORTNUM>1338</REPORTNUM><REQUIRED>0</REQUIRED><SEQUENCE>7</SEQUENCE></REPORTLOOKUP><REPORTLOOKUP><ATTRIBUTENAME></ATTRIBUTENAME><DEFAULTVALUE></DEFAULTVALUE><HIDDEN>0</HIDDEN><LABELOVERRIDE>Start Date</LABELOVERRIDE><LOOKUPNAME>datelookup</LOOKUPNAME><MULTILOOKUP>0</MULTILOOKUP><OPERATOR></OPERATOR><PARAMETERNAME>startdate</PARAMETERNAME><REPORTLOOKUPID>1846</REPORTLOOKUPID><REPORTNUM>1338</REPORTNUM><REQUIRED>0</REQUIRED><SEQUENCE>1</SEQUENCE></REPORTLOOKUP><REPORTLOOKUP><ATTRIBUTENAME>status</ATTRIBUTENAME><DEFAULTVALUE></DEFAULTVALUE><HIDDEN>0</HIDDEN><LABELOVERRIDE>Status</LABELOVERRIDE><LOOKUPNAME>VALUELIST</LOOKUPNAME><MULTILOOKUP>1</MULTILOOKUP><OPERATOR></OPERATOR><PARAMETERNAME>status</PARAMETERNAME><REPORTLOOKUPID>1850</REPORTLOOKUPID><REPORTNUM>1338</REPORTNUM><REQUIRED>0</REQUIRED><SEQUENCE>5</SEQUENCE></REPORTLOOKUP><REPORTLOOKUP><ATTRIBUTENAME>vendor</ATTRIBUTENAME><DEFAULTVALUE></DEFAULTVALUE><HIDDEN>0</HIDDEN><LABELOVERRIDE>Vendor</LABELOVERRIDE><LOOKUPNAME>vendors</LOOKUPNAME><MULTILOOKUP>1</MULTILOOKUP><OPERATOR></OPERATOR><PARAMETERNAME>vendor</PARAMETERNAME><REPORTLOOKUPID>1851</REPORTLOOKUPID><REPORTNUM>1338</REPORTNUM><REQUIRED>0</REQUIRED><SEQUENCE>6</SEQUENCE></REPORTLOOKUP><REPORTAPPAUTH><GROUPNAME>MAXADMIN</GROUPNAME><REPORTAPPAUTHID>834</REPORTAPPAUTHID><RUNTYPE maxvalue="BIRT">BIRT</RUNTYPE></REPORTAPPAUTH><REPORTAPPAUTH><GROUPNAME>TYPE2G</GROUPNAME><REPORTAPPAUTHID>858</REPORTAPPAUTHID><RUNTYPE maxvalue="BIRT">BIRT</RUNTYPE></REPORTAPPAUTH><REPORTAPPAUTH><GROUPNAME>TYPE1G</GROUPNAME><REPORTAPPAUTHID>1259</REPORTAPPAUTHID><RUNTYPE maxvalue="BIRT">BIRT</RUNTYPE></REPORTAPPAUTH><REPORTAPPAUTH><GROUPNAME>TYPE2B</GROUPNAME><REPORTAPPAUTHID>2056</REPORTAPPAUTHID><RUNTYPE maxvalue="BIRT">BIRT</RUNTYPE></REPORTAPPAUTH><REPORTAPPAUTH><GROUPNAME>TYPE2A</GROUPNAME><REPORTAPPAUTHID>894</REPORTAPPAUTHID><RUNTYPE maxvalue="BIRT">BIRT</RUNTYPE></REPORTAPPAUTH><REPORTAPPAUTH><GROUPNAME>TYPE1A</GROUPNAME><REPORTAPPAUTHID>1490</REPORTAPPAUTHID><RUNTYPE maxvalue="BIRT">BIRT</RUNTYPE></REPORTAPPAUTH></REPORT><REPORT action="AddChange"><APPNAME>PLUSPWO</APPNAME><ATTACHEDDOC>0</ATTACHEDDOC><BASETABLENAME>WORKORDER</BASETABLENAME><DESCRIPTION>Work Order Analysis</DESCRIPTION><DESTINATIONFOLDER></DESTINATIONFOLDER><DETAIL>0</DETAIL><DISPLAYORDER xsi:nil="true"></DISPLAYORDER><DP>0</DP><DPLOC maxvalue="NONE">NONE</DPLOC><EDITENABLED>0</EDITENABLED><EXCLUDEDYNAMICWHERE>0</EXCLUDEDYNAMICWHERE><LANGCODE>EN</LANGCODE><LASTRUNBY>LLOYDA</LASTRUNBY><LASTRUNDATE>2015-02-23T13:02:30+00:00</LASTRUNDATE><LASTRUNDURATION>0:07:54</LASTRUNDURATION><NOREQUESTPAGE>0</NOREQUESTPAGE><PACKAGE></PACKAGE><PACKAGELOC></PACKAGELOC><PAD>0</PAD><PADLOC maxvalue="NONE">NONE</PADLOC><PRIORITY xsi:nil="true"></PRIORITY><QL>0</QL><QLLOC maxvalue="NONE">NONE</QLLOC><RECORDLIMIT xsi:nil="true"></RECORDLIMIT><REPORTFOLDER>PLUSPWO</REPORTFOLDER><REPORTID>3780</REPORTID><REPORTNAME>irvppmwoanalysis.rptdesign</REPORTNAME><REPORTNUM>1318</REPORTNUM><RUNTYPE maxvalue="BIRT">BIRT</RUNTYPE><SCHEDULEONLY>0</SCHEDULEONLY><TOOLBARICON maxvalue="NONE">NONE</TOOLBARICON><TOOLBARLOCATION maxvalue="NONE">NONE</TOOLBARLOCATION><TOOLBARSEQUENCE xsi:nil="true"></TOOLBARSEQUENCE><USERID></USERID><USEWHEREWITHPARAM>1</USEWHEREWITHPARAM><REPORTLOOKUP><ATTRIBUTENAME>assetnum</ATTRIBUTENAME><DEFAULTVALUE></DEFAULTVALUE><HIDDEN>0</HIDDEN><LABELOVERRIDE>Asset Number</LABELOVERRIDE><LOOKUPNAME>pluspasset</LOOKUPNAME><MULTILOOKUP>1</MULTILOOKUP><OPERATOR></OPERATOR><PARAMETERNAME>assetnum</PARAMETERNAME><REPORTLOOKUPID>1546</REPORTLOOKUPID><REPORTNUM>1318</REPORTNUM><REQUIRED>0</REQUIRED><SEQUENCE>5</SEQUENCE></REPORTLOOKUP><REPORTLOOKUP><ATTRIBUTENAME></ATTRIBUTENAME><DEFAULTVALUE></DEFAULTVALUE><HIDDEN>0</HIDDEN><LABELOVERRIDE>Finish Date/ Time</LABELOVERRIDE><LOOKUPNAME>datelookup</LOOKUPNAME><MULTILOOKUP>0</MULTILOOKUP><OPERATOR></OPERATOR><PARAMETERNAME>enddate</PARAMETERNAME><REPORTLOOKUPID>1547</REPORTLOOKUPID><REPORTNUM>1318</REPORTNUM><REQUIRED>0</REQUIRED><SEQUENCE>2</SEQUENCE></REPORTLOOKUP><REPORTLOOKUP><ATTRIBUTENAME>failurecode</ATTRIBUTENAME><DEFAULTVALUE></DEFAULTVALUE><HIDDEN>0</HIDDEN><LABELOVERRIDE>Failure Class</LABELOVERRIDE><LOOKUPNAME>failurecode</LOOKUPNAME><MULTILOOKUP>0</MULTILOOKUP><OPERATOR></OPERATOR><PARAMETERNAME>failurecode</PARAMETERNAME><REPORTLOOKUPID>1548</REPORTLOOKUPID><REPORTNUM>1318</REPORTNUM><REQUIRED>0</REQUIRED><SEQUENCE>10</SEQUENCE></REPORTLOOKUP><REPORTLOOKUP><ATTRIBUTENAME>pm.frequency</ATTRIBUTENAME><DEFAULTVALUE></DEFAULTVALUE><HIDDEN>0</HIDDEN><LABELOVERRIDE>Frequency</LABELOVERRIDE><LOOKUPNAME></LOOKUPNAME><MULTILOOKUP>1</MULTILOOKUP><OPERATOR></OPERATOR><PARAMETERNAME>frequency</PARAMETERNAME><REPORTLOOKUPID>1549</REPORTLOOKUPID><REPORTNUM>1318</REPORTNUM><REQUIRED>0</REQUIRED><SEQUENCE>8</SEQUENCE></REPORTLOOKUP><REPORTLOOKUP><ATTRIBUTENAME>pm.frequnit</ATTRIBUTENAME><DEFAULTVALUE></DEFAULTVALUE><HIDDEN>0</HIDDEN><LABELOVERRIDE>Frequency Units</LABELOVERRIDE><LOOKUPNAME>valuelist</LOOKUPNAME><MULTILOOKUP>1</MULTILOOKUP><OPERATOR></OPERATOR><PARAMETERNAME>frequnit</PARAMETERNAME><REPORTLOOKUPID>1550</REPORTLOOKUPID><REPORTNUM>1318</REPORTNUM><REQUIRED>0</REQUIRED><SEQUENCE>7</SEQUENCE></REPORTLOOKUP><REPORTLOOKUP><ATTRIBUTENAME>irv_checstatus</ATTRIBUTENAME><DEFAULTVALUE></DEFAULTVALUE><HIDDEN>0</HIDDEN><LABELOVERRIDE>Statutory Documentation</LABELOVERRIDE><LOOKUPNAME>valuelist</LOOKUPNAME><MULTILOOKUP>1</MULTILOOKUP><OPERATOR></OPERATOR><PARAMETERNAME>irv_checstatus</PARAMETERNAME><REPORTLOOKUPID>1551</REPORTLOOKUPID><REPORTNUM>1318</REPORTNUM><REQUIRED>0</REQUIRED><SEQUENCE>16</SEQUENCE></REPORTLOOKUP><REPORTLOOKUP><ATTRIBUTENAME>irv_servprio</ATTRIBUTENAME><DEFAULTVALUE></DEFAULTVALUE><HIDDEN>0</HIDDEN><LABELOVERRIDE>PMWO Criticality</LABELOVERRIDE><LOOKUPNAME>valuelist</LOOKUPNAME><MULTILOOKUP>1</MULTILOOKUP><OPERATOR></OPERATOR><PARAMETERNAME>irv_servprio</PARAMETERNAME><REPORTLOOKUPID>1552</REPORTLOOKUPID><REPORTNUM>1318</REPORTNUM><REQUIRED>0</REQUIRED><SEQUENCE>9</SEQUENCE></REPORTLOOKUP><REPORTLOOKUP><ATTRIBUTENAME>jpnum</ATTRIBUTENAME><DEFAULTVALUE></DEFAULTVALUE><HIDDEN>0</HIDDEN><LABELOVERRIDE>Job Plan</LABELOVERRIDE><LOOKUPNAME>jobplan</LOOKUPNAME><MULTILOOKUP>1</MULTILOOKUP><OPERATOR></OPERATOR><PARAMETERNAME>jpnum</PARAMETERNAME><REPORTLOOKUPID>1553</REPORTLOOKUPID><REPORTNUM>1318</REPORTNUM><REQUIRED>0</REQUIRED><SEQUENCE>14</SEQUENCE></REPORTLOOKUP><REPORTLOOKUP><ATTRIBUTENAME>location.locancestor.ancestor</ATTRIBUTENAME><DEFAULTVALUE></DEFAULTVALUE><HIDDEN>0</HIDDEN><LABELOVERRIDE>Search Location Hierarchy</LABELOVERRIDE><LOOKUPNAME>irvplusplocations</LOOKUPNAME><MULTILOOKUP>1</MULTILOOKUP><OPERATOR></OPERATOR><PARAMETERNAME>location</PARAMETERNAME><REPORTLOOKUPID>1554</REPORTLOOKUPID><REPORTNUM>1318</REPORTNUM><REQUIRED>0</REQUIRED><SEQUENCE>4</SEQUENCE></REPORTLOOKUP><REPORTLOOKUP><ATTRIBUTENAME>location.IRV_CUSTPRIORITY</ATTRIBUTENAME><DEFAULTVALUE></DEFAULTVALUE><HIDDEN>0</HIDDEN><LABELOVERRIDE>Location Criticallity</LABELOVERRIDE><LOOKUPNAME>valuelist</LOOKUPNAME><MULTILOOKUP>1</MULTILOOKUP><OPERATOR></OPERATOR><PARAMETERNAME>loccrit</PARAMETERNAME><REPORTLOOKUPID>1555</REPORTLOOKUPID><REPORTNUM>1318</REPORTNUM><REQUIRED>0</REQUIRED><SEQUENCE>12</SEQUENCE></REPORTLOOKUP><REPORTLOOKUP><ATTRIBUTENAME></ATTRIBUTENAME><DEFAULTVALUE></DEFAULTVALUE><HIDDEN>0</HIDDEN><LABELOVERRIDE>Overdue</LABELOVERRIDE><LOOKUPNAME></LOOKUPNAME><MULTILOOKUP>0</MULTILOOKUP><OPERATOR></OPERATOR><PARAMETERNAME>overdue</PARAMETERNAME><REPORTLOOKUPID>1556</REPORTLOOKUPID><REPORTNUM>1318</REPORTNUM><REQUIRED>0</REQUIRED><SEQUENCE>15</SEQUENCE></REPORTLOOKUP><REPORTLOOKUP><ATTRIBUTENAME>problemcode</ATTRIBUTENAME><DEFAULTVALUE></DEFAULTVALUE><HIDDEN>0</HIDDEN><LABELOVERRIDE>Failure Code</LABELOVERRIDE><LOOKUPNAME>failurecode</LOOKUPNAME><MULTILOOKUP>0</MULTILOOKUP><OPERATOR></OPERATOR><PARAMETERNAME>problemcode</PARAMETERNAME><REPORTLOOKUPID>1557</REPORTLOOKUPID><REPORTNUM>1318</REPORTNUM><REQUIRED>0</REQUIRED><SEQUENCE>11</SEQUENCE></REPORTLOOKUP><REPORTLOOKUP><ATTRIBUTENAME>irvregspec.alnvalue</ATTRIBUTENAME><DEFAULTVALUE></DEFAULTVALUE><HIDDEN>0</HIDDEN><LABELOVERRIDE>Region</LABELOVERRIDE><LOOKUPNAME>valuelist</LOOKUPNAME><MULTILOOKUP>1</MULTILOOKUP><OPERATOR></OPERATOR><PARAMETERNAME>region</PARAMETERNAME><REPORTLOOKUPID>1558</REPORTLOOKUPID><REPORTNUM>1318</REPORTNUM><REQUIRED>0</REQUIRED><SEQUENCE>3</SEQUENCE></REPORTLOOKUP><REPORTLOOKUP><ATTRIBUTENAME></ATTRIBUTENAME><DEFAULTVALUE></DEFAULTVALUE><HIDDEN>0</HIDDEN><LABELOVERRIDE>Start Date/ Time</LABELOVERRIDE><LOOKUPNAME>datelookup</LOOKUPNAME><MULTILOOKUP>0</MULTILOOKUP><OPERATOR></OPERATOR><PARAMETERNAME>startdate</PARAMETERNAME><REPORTLOOKUPID>1559</REPORTLOOKUPID><REPORTNUM>1318</REPORTNUM><REQUIRED>0</REQUIRED><SEQUENCE>1</SEQUENCE></REPORTLOOKUP><REPORTLOOKUP><ATTRIBUTENAME>status</ATTRIBUTENAME><DEFAULTVALUE></DEFAULTVALUE><HIDDEN>0</HIDDEN><LABELOVERRIDE>Status</LABELOVERRIDE><LOOKUPNAME>valuelist</LOOKUPNAME><MULTILOOKUP>1</MULTILOOKUP><OPERATOR></OPERATOR><PARAMETERNAME>status</PARAMETERNAME><REPORTLOOKUPID>1560</REPORTLOOKUPID><REPORTNUM>1318</REPORTNUM><REQUIRED>0</REQUIRED><SEQUENCE>17</SEQUENCE></REPORTLOOKUP><REPORTLOOKUP><ATTRIBUTENAME>vendor</ATTRIBUTENAME><DEFAULTVALUE></DEFAULTVALUE><HIDDEN>0</HIDDEN><LABELOVERRIDE>Vendor</LABELOVERRIDE><LOOKUPNAME>vendors</LOOKUPNAME><MULTILOOKUP>1</MULTILOOKUP><OPERATOR></OPERATOR><PARAMETERNAME>vendor</PARAMETERNAME><REPORTLOOKUPID>1561</REPORTLOOKUPID><REPORTNUM>1318</REPORTNUM><REQUIRED>0</REQUIRED><SEQUENCE>13</SEQUENCE></REPORTLOOKUP><REPORTLOOKUP><ATTRIBUTENAME>worktype</ATTRIBUTENAME><DEFAULTVALUE>=PPM</DEFAULTVALUE><HIDDEN>0</HIDDEN><LABELOVERRIDE>Work Type</LABELOVERRIDE><LOOKUPNAME>worktype</LOOKUPNAME><MULTILOOKUP>1</MULTILOOKUP><OPERATOR></OPERATOR><PARAMETERNAME>worktype</PARAMETERNAME><REPORTLOOKUPID>1562</REPORTLOOKUPID><REPORTNUM>1318</REPORTNUM><REQUIRED>0</REQUIRED><SEQUENCE>6</SEQUENCE></REPORTLOOKUP><REPORTAPPAUTH><GROUPNAME>MAXADMIN</GROUPNAME><REPORTAPPAUTHID>2361</REPORTAPPAUTHID><RUNTYPE maxvalue="BIRT">BIRT</RUNTYPE></REPORTAPPAUTH><REPORTAPPAUTH><GROUPNAME>TYPE2G</GROUPNAME><REPORTAPPAUTHID>2360</REPORTAPPAUTHID><RUNTYPE maxvalue="BIRT">BIRT</RUNTYPE></REPORTAPPAUTH><REPORTAPPAUTH><GROUPNAME>TYPE1A</GROUPNAME><REPORTAPPAUTHID>2359</REPORTAPPAUTHID><RUNTYPE maxvalue="BIRT">BIRT</RUNTYPE></REPORTAPPAUTH><REPORTAPPAUTH><GROUPNAME>TYPE1G</GROUPNAME><REPORTAPPAUTHID>2358</REPORTAPPAUTHID><RUNTYPE maxvalue="BIRT">BIRT</RUNTYPE></REPORTAPPAUTH><REPORTAPPAUTH><GROUPNAME>TYPE2A</GROUPNAME><REPORTAPPAUTHID>2357</REPORTAPPAUTHID><RUNTYPE maxvalue="BIRT">BIRT</RUNTYPE></REPORTAPPAUTH><REPORTAPPAUTH><GROUPNAME>TYPE2B</GROUPNAME><REPORTAPPAUTHID>2356</REPORTAPPAUTHID><RUNTYPE maxvalue="BIRT">BIRT</RUNTYPE></REPORTAPPAUTH><REPORTAPPAUTH><GROUPNAME>TYPE2H</GROUPNAME><REPORTAPPAUTHID>2456</REPORTAPPAUTHID><RUNTYPE maxvalue="BIRT">BIRT</RUNTYPE></REPORTAPPAUTH></REPORT><REPORT action="AddChange"><APPNAME>PLUSPWO</APPNAME><ATTACHEDDOC>0</ATTACHEDDOC><BASETABLENAME>WORKORDER</BASETABLENAME><DESCRIPTION>Vendor Performance Report</DESCRIPTION><DESTINATIONFOLDER></DESTINATIONFOLDER><DETAIL>0</DETAIL><DISPLAYORDER xsi:nil="true"></DISPLAYORDER><DP>0</DP><DPLOC maxvalue="NONE">NONE</DPLOC><EDITENABLED>0</EDITENABLED><EXCLUDEDYNAMICWHERE>0</EXCLUDEDYNAMICWHERE><LANGCODE>EN</LANGCODE><LASTRUNBY>POOLA</LASTRUNBY><LASTRUNDATE>2015-02-23T13:00:04+00:00</LASTRUNDATE><LASTRUNDURATION>0:00:06</LASTRUNDURATION><NOREQUESTPAGE>0</NOREQUESTPAGE><PACKAGE></PACKAGE><PACKAGELOC></PACKAGELOC><PAD>0</PAD><PADLOC maxvalue="NONE">NONE</PADLOC><PRIORITY xsi:nil="true"></PRIORITY><QL>0</QL><QLLOC maxvalue="NONE">NONE</QLLOC><RECORDLIMIT xsi:nil="true"></RECORDLIMIT><REPORTFOLDER>PLUSPWO</REPORTFOLDER><REPORTID>5380</REPORTID><REPORTNAME>irvvendorperformance.rptdesign</REPORTNAME><REPORTNUM>1340</REPORTNUM><RUNTYPE maxvalue="BIRT">BIRT</RUNTYPE><SCHEDULEONLY>0</SCHEDULEONLY><TOOLBARICON maxvalue="NONE">NONE</TOOLBARICON><TOOLBARLOCATION maxvalue="NONE">NONE</TOOLBARLOCATION><TOOLBARSEQUENCE xsi:nil="true"></TOOLBARSEQUENCE><USERID></USERID><USEWHEREWITHPARAM>0</USEWHEREWITHPARAM><REPORTAPPAUTH><GROUPNAME>MAXADMIN</GROUPNAME><REPORTAPPAUTHID>2361</REPORTAPPAUTHID><RUNTYPE maxvalue="BIRT">BIRT</RUNTYPE></REPORTAPPAUTH><REPORTAPPAUTH><GROUPNAME>TYPE2G</GROUPNAME><REPORTAPPAUTHID>2360</REPORTAPPAUTHID><RUNTYPE maxvalue="BIRT">BIRT</RUNTYPE></REPORTAPPAUTH><REPORTAPPAUTH><GROUPNAME>TYPE1A</GROUPNAME><REPORTAPPAUTHID>2359</REPORTAPPAUTHID><RUNTYPE maxvalue="BIRT">BIRT</RUNTYPE></REPORTAPPAUTH><REPORTAPPAUTH><GROUPNAME>TYPE1G</GROUPNAME><REPORTAPPAUTHID>2358</REPORTAPPAUTHID><RUNTYPE maxvalue="BIRT">BIRT</RUNTYPE></REPORTAPPAUTH><REPORTAPPAUTH><GROUPNAME>TYPE2A</GROUPNAME><REPORTAPPAUTHID>2357</REPORTAPPAUTHID><RUNTYPE maxvalue="BIRT">BIRT</RUNTYPE></REPORTAPPAUTH><REPORTAPPAUTH><GROUPNAME>TYPE2B</GROUPNAME><REPORTAPPAUTHID>2356</REPORTAPPAUTHID><RUNTYPE maxvalue="BIRT">BIRT</RUNTYPE></REPORTAPPAUTH><REPORTAPPAUTH><GROUPNAME>TYPE2H</GROUPNAME><REPORTAPPAUTHID>2456</REPORTAPPAUTHID><RUNTYPE maxvalue="BIRT">BIRT</RUNTYPE></REPORTAPPAUTH></REPORT></DMREPORTSet></SyncDMREPORT>