<?xml version="1.0" encoding="UTF-8"?><SyncDMCFGGROUP xmlns="http://www.ibm.com/maximo" xmlns:xsi="http://www.w3.org/2001/XMLSchema-instance" creationDateTime="2015-02-23T15:07:24+00:00" transLanguage="EN" baseLanguage="EN" messageID="142470404444880336" maximoVersion="7 5 20130829-1209 V7510--1"><DMCFGGROUPSet><DMCFGGROUP><CFGGROUPORDER>23</CFGGROUPORDER><CFGOBJGROUP>IRVREPORTING</CFGOBJGROUP><CHANGEBY>MORENOR</CHANGEBY><CHANGEDATE>2014-06-20T16:55:33+01:00</CHANGEDATE><DESCRIPTION>IRV Reporting without datadictionary and application</DESCRIPTION><DMCFGGROUPID>92430</DMCFGGROUPID><GROUPTYPE maxvalue="CFGDATA">CFGDATA</GROUPTYPE><INTERNAL>0</INTERNAL><DMCFGOBJECT><CFGOBJECT>DMKPIMAIN</CFGOBJECT><CFGOBJORDER>3</CFGOBJORDER><CHANGEBY>MORENOR</CHANGEBY><CHANGEDATE>2014-06-20T16:55:33+01:00</CHANGEDATE><DESCRIPTION>KPI migration object for Migration Manager</DESCRIPTION><DMCFGOBJECTID>1898</DMCFGOBJECTID><INTERNAL>0</INTERNAL></DMCFGOBJECT><DMCFGOBJECT><CFGOBJECT>DMREPORTDESIGN</CFGOBJECT><CFGOBJORDER>2</CFGOBJORDER><CHANGEBY>MORENOR</CHANGEBY><CHANGEDATE>2014-06-20T16:55:33+01:00</CHANGEDATE><DESCRIPTION>Report design migration object for Migration Manager</DESCRIPTION><DMCFGOBJECTID>1897</DMCFGOBJECTID><INTERNAL>0</INTERNAL></DMCFGOBJECT><DMCFGOBJECT><CFGOBJECT>DMREPORT</CFGOBJECT><CFGOBJORDER>1</CFGOBJORDER><CHANGEBY>MORENOR</CHANGEBY><CHANGEDATE>2014-06-20T16:55:33+01:00</CHANGEDATE><DESCRIPTION>Report migration object for Migration Manager</DESCRIPTION><DMCFGOBJECTID>1896</DMCFGOBJECTID><INTERNAL>0</INTERNAL></DMCFGOBJECT></DMCFGGROUP></DMCFGGROUPSet></SyncDMCFGGROUP>