<?xml version="1.0" encoding="UTF-8"?><SyncDMCLASSIFICATION xmlns="http://www.ibm.com/maximo" xmlns:xsi="http://www.w3.org/2001/XMLSchema-instance" creationDateTime="2014-09-05T12:26:57+01:00" transLanguage="EN" baseLanguage="EN" messageID="1409916417451760139" maximoVersion="7 5 20130829-1209 V7510--1"><DMCLASSIFICATIONSet><CLASSSTRUCTURE action="AddChange"><CLASSIFICATIONID>REGION</CLASSIFICATIONID><CLASSSTRUCTUREID>22350</CLASSSTRUCTUREID><CLASSSTRUCTUREUID>23403</CLASSSTRUCTUREUID><DESCRIPTION>REGION</DESCRIPTION><DESCRIPTION_LONGDESCRIPTION></DESCRIPTION_LONGDESCRIPTION><GENASSETDESC>0</GENASSETDESC><HASCHILDREN>1</HASCHILDREN><HASLD>0</HASLD><HIERARCHYPATH>CONTRACT \ REGION</HIERARCHYPATH><LANGCODE>EN</LANGCODE><ORGID></ORGID><PARENT>22349</PARENT><PLUSPINSERTCUSTOMER></PLUSPINSERTCUSTOMER><PLUSPISGLOBAL>1</PLUSPISGLOBAL><PLUSPROLLDOWN>1</PLUSPROLLDOWN><PLUSPROLLDOWNATTR>1</PLUSPROLLDOWNATTR><SHOWINASSETTOPO>0</SHOWINASSETTOPO><SITEID></SITEID><TYPE></TYPE><USECLASSINDESC>1</USECLASSINDESC><CLASSUSEWITH><CLASSUSEWITHID>11103</CLASSUSEWITHID><DESCRIPTION>Use with Locations</DESCRIPTION><OBJECTNAME>LOCATIONS</OBJECTNAME><OBJECTVALUE maxvalue="LOCATIONS">LOCATIONS</OBJECTVALUE><TOPLEVEL>0</TOPLEVEL></CLASSUSEWITH><CLASSSPEC><APPLYDOWNHIER>0</APPLYDOWNHIER><ASSETATTRIBUTEID>213</ASSETATTRIBUTEID><ASSETATTRID>BBCREG</ASSETATTRID><ATTRDESCPREFIX></ATTRDESCPREFIX><CLASSSPECID>310</CLASSSPECID><CONTINUOUS>0</CONTINUOUS><CS01></CS01><CS02></CS02><CS03></CS03><CS04 xsi:nil="true"></CS04><CS05 xsi:nil="true"></CS05><DATATYPE maxvalue="ALN">ALN</DATATYPE><DOMAINID>IRV_BBCREG</DOMAINID><INHERITEDFROM></INHERITEDFROM><INHERITEDFROMID xsi:nil="true"></INHERITEDFROMID><LINEARTYPE></LINEARTYPE><LINKEDTOATTRIBUTE></LINKEDTOATTRIBUTE><LINKEDTOSECTION></LINKEDTOSECTION><LOOKUPNAME></LOOKUPNAME><MEASUREUNITID></MEASUREUNITID><ORGID></ORGID><PLUSPINSERTCUSTOMER></PLUSPINSERTCUSTOMER><PLUSPISGLOBAL>1</PLUSPISGLOBAL><SECTION></SECTION><SITEID></SITEID><TABLEATTRIBUTE></TABLEATTRIBUTE><CLASSSPECUSEWITH><CLASSSPECID>310</CLASSSPECID><CLASSSPECUSEWITHID>318</CLASSSPECUSEWITHID><DEFAULTALNVALUE></DEFAULTALNVALUE><DEFAULTNUMVALUE xsi:nil="true"></DEFAULTNUMVALUE><DEFAULTTABLEVALUE></DEFAULTTABLEVALUE><MANDATORY>0</MANDATORY><OBJECTNAME>LOCATIONS</OBJECTNAME><OBJECTVALUE maxvalue="LOCATIONS">LOCATIONS</OBJECTVALUE><SEQUENCE>1</SEQUENCE><USEINDESC>1</USEINDESC><USEINSPEC>1</USEINSPEC></CLASSSPECUSEWITH></CLASSSPEC><CLASSSPEC><APPLYDOWNHIER>0</APPLYDOWNHIER><ASSETATTRIBUTEID>215</ASSETATTRIBUTEID><ASSETATTRID>I25/O25</ASSETATTRID><ATTRDESCPREFIX></ATTRDESCPREFIX><CLASSSPECID>311</CLASSSPECID><CONTINUOUS>0</CONTINUOUS><CS01></CS01><CS02></CS02><CS03></CS03><CS04 xsi:nil="true"></CS04><CS05 xsi:nil="true"></CS05><DATATYPE maxvalue="ALN">ALN</DATATYPE><DOMAINID>IRV_IO25</DOMAINID><INHERITEDFROM></INHERITEDFROM><INHERITEDFROMID xsi:nil="true"></INHERITEDFROMID><LINEARTYPE></LINEARTYPE><LINKEDTOATTRIBUTE></LINKEDTOATTRIBUTE><LINKEDTOSECTION></LINKEDTOSECTION><LOOKUPNAME></LOOKUPNAME><MEASUREUNITID></MEASUREUNITID><ORGID></ORGID><PLUSPINSERTCUSTOMER></PLUSPINSERTCUSTOMER><PLUSPISGLOBAL>1</PLUSPISGLOBAL><SECTION></SECTION><SITEID></SITEID><TABLEATTRIBUTE></TABLEATTRIBUTE><CLASSSPECUSEWITH><CLASSSPECID>311</CLASSSPECID><CLASSSPECUSEWITHID>319</CLASSSPECUSEWITHID><DEFAULTALNVALUE></DEFAULTALNVALUE><DEFAULTNUMVALUE xsi:nil="true"></DEFAULTNUMVALUE><DEFAULTTABLEVALUE></DEFAULTTABLEVALUE><MANDATORY>0</MANDATORY><OBJECTNAME>LOCATIONS</OBJECTNAME><OBJECTVALUE maxvalue="LOCATIONS">LOCATIONS</OBJECTVALUE><SEQUENCE>2</SEQUENCE><USEINDESC>1</USEINDESC><USEINSPEC>1</USEINSPEC></CLASSSPECUSEWITH></CLASSSPEC><CLASSSPEC><APPLYDOWNHIER>0</APPLYDOWNHIER><ASSETATTRIBUTEID>212</ASSETATTRIBUTEID><ASSETATTRID>IRVREG</ASSETATTRID><ATTRDESCPREFIX></ATTRDESCPREFIX><CLASSSPECID>312</CLASSSPECID><CONTINUOUS>0</CONTINUOUS><CS01></CS01><CS02></CS02><CS03></CS03><CS04 xsi:nil="true"></CS04><CS05 xsi:nil="true"></CS05><DATATYPE maxvalue="ALN">ALN</DATATYPE><DOMAINID>IRV_IRVREG</DOMAINID><INHERITEDFROM></INHERITEDFROM><INHERITEDFROMID xsi:nil="true"></INHERITEDFROMID><LINEARTYPE></LINEARTYPE><LINKEDTOATTRIBUTE></LINKEDTOATTRIBUTE><LINKEDTOSECTION></LINKEDTOSECTION><LOOKUPNAME></LOOKUPNAME><MEASUREUNITID></MEASUREUNITID><ORGID></ORGID><PLUSPINSERTCUSTOMER></PLUSPINSERTCUSTOMER><PLUSPISGLOBAL>1</PLUSPISGLOBAL><SECTION></SECTION><SITEID></SITEID><TABLEATTRIBUTE></TABLEATTRIBUTE><CLASSSPECUSEWITH><CLASSSPECID>312</CLASSSPECID><CLASSSPECUSEWITHID>320</CLASSSPECUSEWITHID><DEFAULTALNVALUE></DEFAULTALNVALUE><DEFAULTNUMVALUE xsi:nil="true"></DEFAULTNUMVALUE><DEFAULTTABLEVALUE></DEFAULTTABLEVALUE><MANDATORY>0</MANDATORY><OBJECTNAME>LOCATIONS</OBJECTNAME><OBJECTVALUE maxvalue="LOCATIONS">LOCATIONS</OBJECTVALUE><SEQUENCE>3</SEQUENCE><USEINDESC>1</USEINDESC><USEINSPEC>1</USEINSPEC></CLASSSPECUSEWITH></CLASSSPEC><CLASSSPEC><APPLYDOWNHIER>0</APPLYDOWNHIER><ASSETATTRIBUTEID>214</ASSETATTRIBUTEID><ASSETATTRID>NSCREG</ASSETATTRID><ATTRDESCPREFIX></ATTRDESCPREFIX><CLASSSPECID>313</CLASSSPECID><CONTINUOUS>0</CONTINUOUS><CS01></CS01><CS02></CS02><CS03></CS03><CS04 xsi:nil="true"></CS04><CS05 xsi:nil="true"></CS05><DATATYPE maxvalue="ALN">ALN</DATATYPE><DOMAINID>IRV_IRVREG</DOMAINID><INHERITEDFROM></INHERITEDFROM><INHERITEDFROMID xsi:nil="true"></INHERITEDFROMID><LINEARTYPE></LINEARTYPE><LINKEDTOATTRIBUTE></LINKEDTOATTRIBUTE><LINKEDTOSECTION></LINKEDTOSECTION><LOOKUPNAME></LOOKUPNAME><MEASUREUNITID></MEASUREUNITID><ORGID></ORGID><PLUSPINSERTCUSTOMER></PLUSPINSERTCUSTOMER><PLUSPISGLOBAL>1</PLUSPISGLOBAL><SECTION></SECTION><SITEID></SITEID><TABLEATTRIBUTE></TABLEATTRIBUTE><CLASSSPECUSEWITH><CLASSSPECID>313</CLASSSPECID><CLASSSPECUSEWITHID>321</CLASSSPECUSEWITHID><DEFAULTALNVALUE></DEFAULTALNVALUE><DEFAULTNUMVALUE xsi:nil="true"></DEFAULTNUMVALUE><DEFAULTTABLEVALUE></DEFAULTTABLEVALUE><MANDATORY>0</MANDATORY><OBJECTNAME>LOCATIONS</OBJECTNAME><OBJECTVALUE maxvalue="LOCATIONS">LOCATIONS</OBJECTVALUE><SEQUENCE>4</SEQUENCE><USEINDESC>1</USEINDESC><USEINSPEC>1</USEINSPEC></CLASSSPECUSEWITH></CLASSSPEC></CLASSSTRUCTURE></DMCLASSIFICATIONSet></SyncDMCLASSIFICATION>