<?xml version="1.0" encoding="UTF-8"?><SyncDMCFGGROUP xmlns="http://www.ibm.com/maximo" xmlns:xsi="http://www.w3.org/2001/XMLSchema-instance" creationDateTime="2014-10-29T12:19:10+00:00" transLanguage="EN" baseLanguage="EN" messageID="1414585149632742498" maximoVersion="7 5 20130829-1209 V7510--1"><DMCFGGROUPSet><DMCFGGROUP><CFGGROUPORDER>22</CFGGROUPORDER><CFGOBJGROUP>WORKFLOW</CFGOBJGROUP><CHANGEBY>REISH</CHANGEBY><CHANGEDATE>2014-03-13T19:17:40+00:00</CHANGEDATE><DESCRIPTION>Workflow Migration</DESCRIPTION><DMCFGGROUPID>92330</DMCFGGROUPID><GROUPTYPE maxvalue="CFGDATA">CFGDATA</GROUPTYPE><INTERNAL>0</INTERNAL><DMCFGOBJECT><CFGOBJECT>DMWFPROCESS</CFGOBJECT><CFGOBJORDER>6</CFGOBJORDER><CHANGEBY>REISH</CHANGEBY><CHANGEDATE>2014-03-13T19:17:40+00:00</CHANGEDATE><DESCRIPTION>Workflow process definition migration object for Migration Manager</DESCRIPTION><DMCFGOBJECTID>1801</DMCFGOBJECTID><INTERNAL>0</INTERNAL></DMCFGOBJECT></DMCFGGROUP></DMCFGGROUPSet></SyncDMCFGGROUP>