<?xml version="1.0" encoding="UTF-8"?><SyncDMWFPROCESS xmlns="http://www.ibm.com/maximo" xmlns:xsi="http://www.w3.org/2001/XMLSchema-instance" creationDateTime="2014-10-31T09:25:35+00:00" transLanguage="EN" baseLanguage="EN" messageID="1414747535080527646" maximoVersion="7 5 20130829-1209 V7510--1"><DMWFPROCESSSet><WFPROCESS action="AddChange"><ACTIVE>1</ACTIVE><AUTOINITIATE>0</AUTOINITIATE><CHANGEBY>TIMMINSA</CHANGEBY><CHANGEDATE>2014-10-31T09:24:30+00:00</CHANGEDATE><DELETABLE>0</DELETABLE><DESCRIPTION>Service Request Initiation Work Flow</DESCRIPTION><DESCRIPTION_LONGDESCRIPTION></DESCRIPTION_LONGDESCRIPTION><ENABLED>1</ENABLED><EXTERNALREFID></EXTERNALREFID><HASLD>0</HASLD><LANGCODE>EN</LANGCODE><MIGRATED>0</MIGRATED><OBJECTNAME>SR</OBJECTNAME><OWNERSYSID></OWNERSYSID><PROCESSNAME>IRVSRINI</PROCESSNAME><PROCESSREV>12</PROCESSREV><SENDERSYSID>MX</SENDERSYSID><SOURCESYSID></SOURCESYSID><WFPROCESSID>5819</WFPROCESSID><WFNODE><DESCRIPTION>START 1</DESCRIPTION><DESCRIPTION_LONGDESCRIPTION></DESCRIPTION_LONGDESCRIPTION><HASLD>0</HASLD><IMAGEFILE></IMAGEFILE><LANGCODE>EN</LANGCODE><NODEID>1</NODEID><NODETYPE maxvalue="WFSTART">START</NODETYPE><TITLE>START 1</TITLE><WFNODEID>15155</WFNODEID><XCOORDINATE>1</XCOORDINATE><YCOORDINATE>1</YCOORDINATE><WFSTART><WFSTARTID>5820</WFSTARTID></WFSTART><WFACTION><ACTION></ACTION><ACTIONID>480</ACTIONID><CONDITION></CONDITION><CONDITIONCLASS></CONDITIONCLASS><INSTRUCTION>CONDITION 84</INSTRUCTION><ISPOSITIVE>1</ISPOSITIVE><MEMBERNODEID>84</MEMBERNODEID><OWNERNODEID>1</OWNERNODEID><SEQUENCE xsi:nil="true"></SEQUENCE><WFACTIONID>18050</WFACTIONID></WFACTION></WFNODE><WFNODE><DESCRIPTION>Is Status New?</DESCRIPTION><DESCRIPTION_LONGDESCRIPTION></DESCRIPTION_LONGDESCRIPTION><HASLD>0</HASLD><IMAGEFILE></IMAGEFILE><LANGCODE>EN</LANGCODE><NODEID>3</NODEID><NODETYPE maxvalue="WFCONDITION">CONDITION</NODETYPE><TITLE>IS NEW?</TITLE><WFNODEID>15156</WFNODEID><XCOORDINATE>5</XCOORDINATE><YCOORDINATE>1</YCOORDINATE><WFACTION><ACTION></ACTION><ACTIONID>8</ACTIONID><CONDITION></CONDITION><CONDITIONCLASS></CONDITIONCLASS><INSTRUCTION>Is in Review Status?</INSTRUCTION><ISPOSITIVE>0</ISPOSITIVE><MEMBERNODEID>10</MEMBERNODEID><OWNERNODEID>3</OWNERNODEID><SEQUENCE xsi:nil="true"></SEQUENCE><WFACTIONID>18051</WFACTIONID></WFACTION><WFACTION><ACTION>IRVSETOWNER</ACTION><ACTIONID>49</ACTIONID><CONDITION></CONDITION><CONDITIONCLASS></CONDITIONCLASS><INSTRUCTION>BBC Contract specific check for potential duplicate service requests</INSTRUCTION><ISPOSITIVE>1</ISPOSITIVE><MEMBERNODEID>29</MEMBERNODEID><OWNERNODEID>3</OWNERNODEID><SEQUENCE xsi:nil="true"></SEQUENCE><WFACTIONID>18052</WFACTIONID></WFACTION><WFCONDITION><CONDITION>:status = 'NEW'</CONDITION><CUSTOMCLASS></CUSTOMCLASS><WFCONDITIONID>9597</WFCONDITIONID></WFCONDITION></WFNODE><WFNODE><DESCRIPTION>A duplicate service request exists</DESCRIPTION><DESCRIPTION_LONGDESCRIPTION></DESCRIPTION_LONGDESCRIPTION><HASLD>0</HASLD><IMAGEFILE></IMAGEFILE><LANGCODE>EN</LANGCODE><NODEID>7</NODEID><NODETYPE maxvalue="WFINPUT">INPUT</NODETYPE><TITLE>DUPLICATE SR EXISTS</TITLE><WFNODEID>15157</WFNODEID><XCOORDINATE>12</XCOORDINATE><YCOORDINATE>1</YCOORDINATE><WFINPUT><DISPLAYONE>0</DISPLAYONE><WFINPUTID>4318</WFINPUTID></WFINPUT><WFACTION><ACTION>IRVSRGROUP1A</ACTION><ACTIONID>308</ACTIONID><CONDITION></CONDITION><CONDITIONCLASS></CONDITIONCLASS><INSTRUCTION>Similar service request(s) detected.  Continue creating this SR?</INSTRUCTION><ISPOSITIVE>1</ISPOSITIVE><MEMBERNODEID>80</MEMBERNODEID><OWNERNODEID>7</OWNERNODEID><SEQUENCE>1</SEQUENCE><WFACTIONID>18053</WFACTIONID></WFACTION><WFACTION><ACTION>IRV SR REVIEW</ACTION><ACTIONID>6</ACTIONID><CONDITION></CONDITION><CONDITIONCLASS></CONDITIONCLASS><INSTRUCTION>Review similar SR's ?</INSTRUCTION><ISPOSITIVE>1</ISPOSITIVE><MEMBERNODEID>8</MEMBERNODEID><OWNERNODEID>7</OWNERNODEID><SEQUENCE>2</SEQUENCE><WFACTIONID>18054</WFACTIONID></WFACTION><WFACTION><ACTION></ACTION><ACTIONID>238</ACTIONID><CONDITION></CONDITION><CONDITIONCLASS></CONDITIONCLASS><INSTRUCTION>Cancel this SR?</INSTRUCTION><ISPOSITIVE>1</ISPOSITIVE><MEMBERNODEID>77</MEMBERNODEID><OWNERNODEID>7</OWNERNODEID><SEQUENCE>3</SEQUENCE><WFACTIONID>18055</WFACTIONID></WFACTION></WFNODE><WFNODE><DESCRIPTION>STOP 8</DESCRIPTION><DESCRIPTION_LONGDESCRIPTION></DESCRIPTION_LONGDESCRIPTION><HASLD>0</HASLD><IMAGEFILE></IMAGEFILE><LANGCODE>EN</LANGCODE><NODEID>8</NODEID><NODETYPE maxvalue="WFSTOP">STOP</NODETYPE><TITLE>STOP 8</TITLE><WFNODEID>15158</WFNODEID><XCOORDINATE>16</XCOORDINATE><YCOORDINATE>2</YCOORDINATE><WFSTOP><WFSTOPID>7092</WFSTOPID></WFSTOP></WFNODE><WFNODE><DESCRIPTION>STOP 9</DESCRIPTION><DESCRIPTION_LONGDESCRIPTION></DESCRIPTION_LONGDESCRIPTION><HASLD>0</HASLD><IMAGEFILE></IMAGEFILE><LANGCODE>EN</LANGCODE><NODEID>9</NODEID><NODETYPE maxvalue="WFSTOP">STOP</NODETYPE><TITLE>STOP 9</TITLE><WFNODEID>15159</WFNODEID><XCOORDINATE>16</XCOORDINATE><YCOORDINATE>3</YCOORDINATE><WFSTOP><WFSTOPID>7093</WFSTOPID></WFSTOP></WFNODE><WFNODE><DESCRIPTION>Is in Review Status?</DESCRIPTION><DESCRIPTION_LONGDESCRIPTION></DESCRIPTION_LONGDESCRIPTION><HASLD>0</HASLD><IMAGEFILE></IMAGEFILE><LANGCODE>EN</LANGCODE><NODEID>10</NODEID><NODETYPE maxvalue="WFCONDITION">CONDITION</NODETYPE><TITLE>STATUS IS REVIEW</TITLE><WFNODEID>15160</WFNODEID><XCOORDINATE>5</XCOORDINATE><YCOORDINATE>3</YCOORDINATE><WFACTION><ACTION></ACTION><ACTIONID>19</ACTIONID><CONDITION></CONDITION><CONDITIONCLASS></CONDITIONCLASS><INSTRUCTION>CONDITION 17</INSTRUCTION><ISPOSITIVE>0</ISPOSITIVE><MEMBERNODEID>17</MEMBERNODEID><OWNERNODEID>10</OWNERNODEID><SEQUENCE xsi:nil="true"></SEQUENCE><WFACTIONID>18056</WFACTIONID></WFACTION><WFACTION><ACTION></ACTION><ACTIONID>50</ACTIONID><CONDITION></CONDITION><CONDITIONCLASS></CONDITIONCLASS><INSTRUCTION>SUBPROCESS 31</INSTRUCTION><ISPOSITIVE>1</ISPOSITIVE><MEMBERNODEID>31</MEMBERNODEID><OWNERNODEID>10</OWNERNODEID><SEQUENCE xsi:nil="true"></SEQUENCE><WFACTIONID>18057</WFACTIONID></WFACTION><WFCONDITION><CONDITION>:status='REVIEW'</CONDITION><CUSTOMCLASS></CUSTOMCLASS><WFCONDITIONID>9598</WFCONDITIONID></WFCONDITION></WFNODE><WFNODE><DESCRIPTION>A duplicate service request exists</DESCRIPTION><DESCRIPTION_LONGDESCRIPTION></DESCRIPTION_LONGDESCRIPTION><HASLD>0</HASLD><IMAGEFILE></IMAGEFILE><LANGCODE>EN</LANGCODE><NODEID>12</NODEID><NODETYPE maxvalue="WFINPUT">INPUT</NODETYPE><TITLE>DUPLICATE SR EXISTS</TITLE><WFNODEID>15161</WFNODEID><XCOORDINATE>12</XCOORDINATE><YCOORDINATE>3</YCOORDINATE><WFINPUT><DISPLAYONE>0</DISPLAYONE><WFINPUTID>4319</WFINPUTID></WFINPUT><WFACTION><ACTION>IRVSRGROUP1A</ACTION><ACTIONID>12</ACTIONID><CONDITION></CONDITION><CONDITIONCLASS></CONDITIONCLASS><INSTRUCTION>Similar service request(s) detected.  Continue creating this SR?</INSTRUCTION><ISPOSITIVE>1</ISPOSITIVE><MEMBERNODEID>9</MEMBERNODEID><OWNERNODEID>12</OWNERNODEID><SEQUENCE>1</SEQUENCE><WFACTIONID>18058</WFACTIONID></WFACTION><WFACTION><ACTION></ACTION><ACTIONID>14</ACTIONID><CONDITION></CONDITION><CONDITIONCLASS></CONDITIONCLASS><INSTRUCTION>Review similar SR's?</INSTRUCTION><ISPOSITIVE>1</ISPOSITIVE><MEMBERNODEID>14</MEMBERNODEID><OWNERNODEID>12</OWNERNODEID><SEQUENCE>2</SEQUENCE><WFACTIONID>18059</WFACTIONID></WFACTION><WFACTION><ACTION></ACTION><ACTIONID>233</ACTIONID><CONDITION></CONDITION><CONDITIONCLASS></CONDITIONCLASS><INSTRUCTION>Cancel this SR?</INSTRUCTION><ISPOSITIVE>1</ISPOSITIVE><MEMBERNODEID>77</MEMBERNODEID><OWNERNODEID>12</OWNERNODEID><SEQUENCE>3</SEQUENCE><WFACTIONID>18060</WFACTIONID></WFACTION></WFNODE><WFNODE><DESCRIPTION>STOP 13</DESCRIPTION><DESCRIPTION_LONGDESCRIPTION></DESCRIPTION_LONGDESCRIPTION><HASLD>0</HASLD><IMAGEFILE></IMAGEFILE><LANGCODE>EN</LANGCODE><NODEID>13</NODEID><NODETYPE maxvalue="WFSTOP">STOP</NODETYPE><TITLE>STOP 13</TITLE><WFNODEID>15162</WFNODEID><XCOORDINATE>17</XCOORDINATE><YCOORDINATE>4</YCOORDINATE><WFSTOP><WFSTOPID>7094</WFSTOPID></WFSTOP></WFNODE><WFNODE><DESCRIPTION>STOP 14</DESCRIPTION><DESCRIPTION_LONGDESCRIPTION></DESCRIPTION_LONGDESCRIPTION><HASLD>0</HASLD><IMAGEFILE></IMAGEFILE><LANGCODE>EN</LANGCODE><NODEID>14</NODEID><NODETYPE maxvalue="WFSTOP">STOP</NODETYPE><TITLE>STOP 14</TITLE><WFNODEID>15163</WFNODEID><XCOORDINATE>16</XCOORDINATE><YCOORDINATE>5</YCOORDINATE><WFSTOP><WFSTOPID>7095</WFSTOPID></WFSTOP></WFNODE><WFNODE><DESCRIPTION>Status is Queued or In Progress?</DESCRIPTION><DESCRIPTION_LONGDESCRIPTION></DESCRIPTION_LONGDESCRIPTION><HASLD>0</HASLD><IMAGEFILE></IMAGEFILE><LANGCODE>EN</LANGCODE><NODEID>17</NODEID><NODETYPE maxvalue="WFCONDITION">CONDITION</NODETYPE><TITLE>STATUS IS QUEUED-INPROG</TITLE><WFNODEID>15164</WFNODEID><XCOORDINATE>5</XCOORDINATE><YCOORDINATE>5</YCOORDINATE><WFACTION><ACTION></ACTION><ACTIONID>39</ACTIONID><CONDITION></CONDITION><CONDITIONCLASS></CONDITIONCLASS><INSTRUCTION>STOP 25</INSTRUCTION><ISPOSITIVE>0</ISPOSITIVE><MEMBERNODEID>25</MEMBERNODEID><OWNERNODEID>17</OWNERNODEID><SEQUENCE xsi:nil="true"></SEQUENCE><WFACTIONID>18061</WFACTIONID></WFACTION><WFACTION><ACTION></ACTION><ACTIONID>243</ACTIONID><CONDITION></CONDITION><CONDITIONCLASS></CONDITIONCLASS><INSTRUCTION>Offer user option to canel or all WOs and POs are canceleld</INSTRUCTION><ISPOSITIVE>1</ISPOSITIVE><MEMBERNODEID>80</MEMBERNODEID><OWNERNODEID>17</OWNERNODEID><SEQUENCE xsi:nil="true"></SEQUENCE><WFACTIONID>18062</WFACTIONID></WFACTION><WFCONDITION><CONDITION>:status in ('QUEUED','INPROG')</CONDITION><CUSTOMCLASS></CUSTOMCLASS><WFCONDITIONID>9599</WFCONDITIONID></WFCONDITION></WFNODE><WFNODE><DESCRIPTION>Checks that the response plan and sla have been applied</DESCRIPTION><DESCRIPTION_LONGDESCRIPTION></DESCRIPTION_LONGDESCRIPTION><HASLD>0</HASLD><IMAGEFILE></IMAGEFILE><LANGCODE>EN</LANGCODE><NODEID>21</NODEID><NODETYPE maxvalue="WFCONDITION">CONDITION</NODETYPE><TITLE>RP AND SLA APPLIED</TITLE><WFNODEID>15165</WFNODEID><XCOORDINATE>8</XCOORDINATE><YCOORDINATE>5</YCOORDINATE><WFACTION><ACTION></ACTION><ACTIONID>121</ACTIONID><CONDITION></CONDITION><CONDITIONCLASS></CONDITIONCLASS><INSTRUCTION>Check again to see if any work tasks have been created</INSTRUCTION><ISPOSITIVE>1</ISPOSITIVE><MEMBERNODEID>23</MEMBERNODEID><OWNERNODEID>21</OWNERNODEID><SEQUENCE xsi:nil="true"></SEQUENCE><WFACTIONID>18063</WFACTIONID></WFACTION><WFACTION><ACTION></ACTION><ACTIONID>224</ACTIONID><CONDITION></CONDITION><CONDITIONCLASS></CONDITIONCLASS><INSTRUCTION>CONDITION 53</INSTRUCTION><ISPOSITIVE>0</ISPOSITIVE><MEMBERNODEID>53</MEMBERNODEID><OWNERNODEID>21</OWNERNODEID><SEQUENCE xsi:nil="true"></SEQUENCE><WFACTIONID>18064</WFACTIONID></WFACTION><WFCONDITION><CONDITION>:targetfinish is not null and :pluspresponseplan is not null</CONDITION><CUSTOMCLASS></CUSTOMCLASS><WFCONDITIONID>9600</WFCONDITIONID></WFCONDITION></WFNODE><WFNODE><DESCRIPTION>Check again to see if any work tasks have been created</DESCRIPTION><DESCRIPTION_LONGDESCRIPTION></DESCRIPTION_LONGDESCRIPTION><HASLD>0</HASLD><IMAGEFILE></IMAGEFILE><LANGCODE>EN</LANGCODE><NODEID>23</NODEID><NODETYPE maxvalue="WFCONDITION">CONDITION</NODETYPE><TITLE>WORK APPLIED</TITLE><WFNODEID>15166</WFNODEID><XCOORDINATE>9</XCOORDINATE><YCOORDINATE>5</YCOORDINATE><WFACTION><ACTION>IRVSRNOWORKWL</ACTION><ACTIONID>53</ACTIONID><CONDITION></CONDITION><CONDITIONCLASS></CONDITIONCLASS><INSTRUCTION>INTERACTION 32</INSTRUCTION><ISPOSITIVE>0</ISPOSITIVE><MEMBERNODEID>32</MEMBERNODEID><OWNERNODEID>23</OWNERNODEID><SEQUENCE xsi:nil="true"></SEQUENCE><WFACTIONID>18065</WFACTIONID></WFACTION><WFACTION><ACTION></ACTION><ACTIONID>87</ACTIONID><CONDITION></CONDITION><CONDITIONCLASS></CONDITIONCLASS><INSTRUCTION>If required has the customer PO been provided?</INSTRUCTION><ISPOSITIVE>1</ISPOSITIVE><MEMBERNODEID>26</MEMBERNODEID><OWNERNODEID>23</OWNERNODEID><SEQUENCE xsi:nil="true"></SEQUENCE><WFACTIONID>18066</WFACTIONID></WFACTION><WFCONDITION><CONDITION>exists(Select 1 from workorder where origrecordid=:ticketid)</CONDITION><CUSTOMCLASS></CUSTOMCLASS><WFCONDITIONID>9601</WFCONDITIONID></WFCONDITION></WFNODE><WFNODE><DESCRIPTION>STOP 25</DESCRIPTION><DESCRIPTION_LONGDESCRIPTION></DESCRIPTION_LONGDESCRIPTION><HASLD>0</HASLD><IMAGEFILE></IMAGEFILE><LANGCODE>EN</LANGCODE><NODEID>25</NODEID><NODETYPE maxvalue="WFSTOP">STOP</NODETYPE><TITLE>STOP 25</TITLE><WFNODEID>15167</WFNODEID><XCOORDINATE>5</XCOORDINATE><YCOORDINATE>6</YCOORDINATE><WFSTOP><WFSTOPID>7096</WFSTOPID></WFSTOP></WFNODE><WFNODE><DESCRIPTION>If required has the customer PO been provided?</DESCRIPTION><DESCRIPTION_LONGDESCRIPTION></DESCRIPTION_LONGDESCRIPTION><HASLD>0</HASLD><IMAGEFILE></IMAGEFILE><LANGCODE>EN</LANGCODE><NODEID>26</NODEID><NODETYPE maxvalue="WFCONDITION">CONDITION</NODETYPE><TITLE>CUST PO REQ?</TITLE><WFNODEID>15168</WFNODEID><XCOORDINATE>10</XCOORDINATE><YCOORDINATE>5</YCOORDINATE><WFACTION><ACTION></ACTION><ACTIONID>59</ACTIONID><CONDITION></CONDITION><CONDITIONCLASS></CONDITIONCLASS><INSTRUCTION>INTERACTION 34</INSTRUCTION><ISPOSITIVE>1</ISPOSITIVE><MEMBERNODEID>34</MEMBERNODEID><OWNERNODEID>26</OWNERNODEID><SEQUENCE xsi:nil="true"></SEQUENCE><WFACTIONID>18067</WFACTIONID></WFACTION><WFACTION><ACTION>IRVSRGROUP2</ACTION><ACTIONID>378</ACTIONID><CONDITION></CONDITION><CONDITIONCLASS></CONDITIONCLASS><INSTRUCTION>CONDITION 75</INSTRUCTION><ISPOSITIVE>0</ISPOSITIVE><MEMBERNODEID>75</MEMBERNODEID><OWNERNODEID>26</OWNERNODEID><SEQUENCE xsi:nil="true"></SEQUENCE><WFACTIONID>18068</WFACTIONID></WFACTION><WFCONDITION><CONDITION>:pluspporeq=1 and :pluspcustponum is null</CONDITION><CUSTOMCLASS></CUSTOMCLASS><WFCONDITIONID>9602</WFCONDITIONID></WFCONDITION></WFNODE><WFNODE><DESCRIPTION>STOP 28</DESCRIPTION><DESCRIPTION_LONGDESCRIPTION></DESCRIPTION_LONGDESCRIPTION><HASLD>0</HASLD><IMAGEFILE></IMAGEFILE><LANGCODE>EN</LANGCODE><NODEID>28</NODEID><NODETYPE maxvalue="WFSTOP">STOP</NODETYPE><TITLE>STOP 28</TITLE><WFNODEID>15169</WFNODEID><XCOORDINATE>12</XCOORDINATE><YCOORDINATE>4</YCOORDINATE><WFSTOP><WFSTOPID>7097</WFSTOPID></WFSTOP></WFNODE><WFNODE><DESCRIPTION>BBC Contract specific check for potential duplicate service requests</DESCRIPTION><DESCRIPTION_LONGDESCRIPTION></DESCRIPTION_LONGDESCRIPTION><HASLD>0</HASLD><IMAGEFILE></IMAGEFILE><LANGCODE>EN</LANGCODE><NODEID>29</NODEID><NODETYPE maxvalue="WFSUBPROCESS">SUBPROCESS</NODETYPE><TITLE>BBC DUPLICATE CHECK</TITLE><WFNODEID>15170</WFNODEID><XCOORDINATE>9</XCOORDINATE><YCOORDINATE>1</YCOORDINATE><WFACTION><ACTION></ACTION><ACTIONID>45</ACTIONID><CONDITION></CONDITION><CONDITIONCLASS></CONDITIONCLASS><INSTRUCTION>A duplicate service request exists</INSTRUCTION><ISPOSITIVE>1</ISPOSITIVE><MEMBERNODEID>7</MEMBERNODEID><OWNERNODEID>29</OWNERNODEID><SEQUENCE xsi:nil="true"></SEQUENCE><WFACTIONID>18069</WFACTIONID></WFACTION><WFACTION><ACTION>IRVSRGROUP1A</ACTION><ACTIONID>430</ACTIONID><CONDITION></CONDITION><CONDITIONCLASS></CONDITIONCLASS><INSTRUCTION>Offer user option to canel or all WOs and POs are canceleld</INSTRUCTION><ISPOSITIVE>0</ISPOSITIVE><MEMBERNODEID>80</MEMBERNODEID><OWNERNODEID>29</OWNERNODEID><SEQUENCE xsi:nil="true"></SEQUENCE><WFACTIONID>18070</WFACTIONID></WFACTION><WFSUBPROCESS><SUBPROCESSNAME>IRVBBCDUP</SUBPROCESSNAME><WFSUBPROCESSID>4122</WFSUBPROCESSID></WFSUBPROCESS></WFNODE><WFNODE><DESCRIPTION>BBC Contract specific check for potential duplicate service requests</DESCRIPTION><DESCRIPTION_LONGDESCRIPTION></DESCRIPTION_LONGDESCRIPTION><HASLD>0</HASLD><IMAGEFILE></IMAGEFILE><LANGCODE>EN</LANGCODE><NODEID>31</NODEID><NODETYPE maxvalue="WFSUBPROCESS">SUBPROCESS</NODETYPE><TITLE>BBC DUPLICATE CHECK</TITLE><WFNODEID>15171</WFNODEID><XCOORDINATE>9</XCOORDINATE><YCOORDINATE>3</YCOORDINATE><WFACTION><ACTION></ACTION><ACTIONID>51</ACTIONID><CONDITION></CONDITION><CONDITIONCLASS></CONDITIONCLASS><INSTRUCTION>A duplicate service request exists</INSTRUCTION><ISPOSITIVE>1</ISPOSITIVE><MEMBERNODEID>12</MEMBERNODEID><OWNERNODEID>31</OWNERNODEID><SEQUENCE xsi:nil="true"></SEQUENCE><WFACTIONID>18071</WFACTIONID></WFACTION><WFACTION><ACTION>IRVSRGROUP1A</ACTION><ACTIONID>52</ACTIONID><CONDITION></CONDITION><CONDITIONCLASS></CONDITIONCLASS><INSTRUCTION>STOP 13</INSTRUCTION><ISPOSITIVE>0</ISPOSITIVE><MEMBERNODEID>13</MEMBERNODEID><OWNERNODEID>31</OWNERNODEID><SEQUENCE xsi:nil="true"></SEQUENCE><WFACTIONID>18072</WFACTIONID></WFACTION><WFSUBPROCESS><SUBPROCESSNAME>IRVBBCDUP</SUBPROCESSNAME><WFSUBPROCESSID>4123</WFSUBPROCESSID></WFSUBPROCESS></WFNODE><WFNODE><DESCRIPTION>NO WORK TASKS</DESCRIPTION><DESCRIPTION_LONGDESCRIPTION></DESCRIPTION_LONGDESCRIPTION><HASLD>0</HASLD><IMAGEFILE></IMAGEFILE><LANGCODE>EN</LANGCODE><NODEID>32</NODEID><NODETYPE maxvalue="WFINTERACTION">INTERACTION</NODETYPE><TITLE>NO WORK TASKS</TITLE><WFNODEID>15172</WFNODEID><XCOORDINATE>9</XCOORDINATE><YCOORDINATE>4</YCOORDINATE><WFACTION><ACTION></ACTION><ACTIONID>85</ACTIONID><CONDITION></CONDITION><CONDITIONCLASS></CONDITIONCLASS><INSTRUCTION>STOP 50</INSTRUCTION><ISPOSITIVE>1</ISPOSITIVE><MEMBERNODEID>50</MEMBERNODEID><OWNERNODEID>32</OWNERNODEID><SEQUENCE xsi:nil="true"></SEQUENCE><WFACTIONID>18074</WFACTIONID></WFACTION><WFINTERACTION><ACTION></ACTION><APP></APP><DIRECTIONS>Warning</DIRECTIONS><DIRECTIONS_LONGDESCRIPTION>No work tasks have been generated</DIRECTIONS_LONGDESCRIPTION><HASLD>1</HASLD><LANGCODE>EN</LANGCODE><LAUNCHPROCESS></LAUNCHPROCESS><PAGE></PAGE><RELATION></RELATION><TABNAME></TABNAME><WFINTERACTIONID>6023</WFINTERACTIONID><LONGDESCRIPTION><CONTENTUID>762,425</CONTENTUID><LANGCODE>EN</LANGCODE><LDKEY>6023</LDKEY><LDOWNERCOL>DIRECTIONS</LDOWNERCOL><LDOWNERTABLE>WFINTERACTION</LDOWNERTABLE><LDTEXT>No work tasks have been generated</LDTEXT><LONGDESCRIPTIONID>762425</LONGDESCRIPTIONID></LONGDESCRIPTION></WFINTERACTION></WFNODE><WFNODE><DESCRIPTION>A PO is Required</DESCRIPTION><DESCRIPTION_LONGDESCRIPTION></DESCRIPTION_LONGDESCRIPTION><HASLD>0</HASLD><IMAGEFILE></IMAGEFILE><LANGCODE>EN</LANGCODE><NODEID>34</NODEID><NODETYPE maxvalue="WFINTERACTION">INTERACTION</NODETYPE><TITLE>CUSTPOREQ WARNING</TITLE><WFNODEID>15173</WFNODEID><XCOORDINATE>11</XCOORDINATE><YCOORDINATE>4</YCOORDINATE><WFACTION><ACTION></ACTION><ACTIONID>60</ACTIONID><CONDITION></CONDITION><CONDITIONCLASS></CONDITIONCLASS><INSTRUCTION>STOP 28</INSTRUCTION><ISPOSITIVE>1</ISPOSITIVE><MEMBERNODEID>28</MEMBERNODEID><OWNERNODEID>34</OWNERNODEID><SEQUENCE xsi:nil="true"></SEQUENCE><WFACTIONID>18075</WFACTIONID></WFACTION><WFINTERACTION><ACTION></ACTION><APP></APP><DIRECTIONS>Warning</DIRECTIONS><DIRECTIONS_LONGDESCRIPTION>A customer purchase order is required.  Please enter the PO number.</DIRECTIONS_LONGDESCRIPTION><HASLD>1</HASLD><LANGCODE>EN</LANGCODE><LAUNCHPROCESS></LAUNCHPROCESS><PAGE></PAGE><RELATION></RELATION><TABNAME></TABNAME><WFINTERACTIONID>6024</WFINTERACTIONID><LONGDESCRIPTION><CONTENTUID>762,426</CONTENTUID><LANGCODE>EN</LANGCODE><LDKEY>6024</LDKEY><LDOWNERCOL>DIRECTIONS</LDOWNERCOL><LDOWNERTABLE>WFINTERACTION</LDOWNERTABLE><LDTEXT>A customer purchase order is required.  Please enter the PO number.</LDTEXT><LONGDESCRIPTIONID>762426</LONGDESCRIPTIONID></LONGDESCRIPTION></WFINTERACTION></WFNODE><WFNODE><DESCRIPTION>Is this a Self Service Request</DESCRIPTION><DESCRIPTION_LONGDESCRIPTION></DESCRIPTION_LONGDESCRIPTION><HASLD>0</HASLD><IMAGEFILE></IMAGEFILE><LANGCODE>EN</LANGCODE><NODEID>35</NODEID><NODETYPE maxvalue="WFCONDITION">CONDITION</NODETYPE><TITLE>IS SELFSERV SR?</TITLE><WFNODEID>15174</WFNODEID><XCOORDINATE>3</XCOORDINATE><YCOORDINATE>1</YCOORDINATE><WFACTION><ACTION></ACTION><ACTIONID>192</ACTIONID><CONDITION></CONDITION><CONDITIONCLASS></CONDITIONCLASS><INSTRUCTION>Is Status New?</INSTRUCTION><ISPOSITIVE>0</ISPOSITIVE><MEMBERNODEID>3</MEMBERNODEID><OWNERNODEID>35</OWNERNODEID><SEQUENCE xsi:nil="true"></SEQUENCE><WFACTIONID>18076</WFACTIONID></WFACTION><WFACTION><ACTION></ACTION><ACTIONID>193</ACTIONID><CONDITION></CONDITION><CONDITIONCLASS></CONDITIONCLASS><INSTRUCTION>CONDITION 58</INSTRUCTION><ISPOSITIVE>1</ISPOSITIVE><MEMBERNODEID>58</MEMBERNODEID><OWNERNODEID>35</OWNERNODEID><SEQUENCE xsi:nil="true"></SEQUENCE><WFACTIONID>18077</WFACTIONID></WFACTION><WFCONDITION><CONDITION>:IRVCREATEDINSS=1 and :status in ('NEW','QUEUED') and :irvssproccessed=0</CONDITION><CUSTOMCLASS></CUSTOMCLASS><WFCONDITIONID>9603</WFCONDITIONID></WFCONDITION></WFNODE><WFNODE><DESCRIPTION>BBC Contract specific check for potential duplicate service requests</DESCRIPTION><DESCRIPTION_LONGDESCRIPTION></DESCRIPTION_LONGDESCRIPTION><HASLD>0</HASLD><IMAGEFILE></IMAGEFILE><LANGCODE>EN</LANGCODE><NODEID>36</NODEID><NODETYPE maxvalue="WFSUBPROCESS">SUBPROCESS</NODETYPE><TITLE>BBC DUPLICATE CHECK</TITLE><WFNODEID>15175</WFNODEID><XCOORDINATE>3</XCOORDINATE><YCOORDINATE>7</YCOORDINATE><WFACTION><ACTION>IRVSSSRDUPACT</ACTION><ACTIONID>65</ACTIONID><CONDITION></CONDITION><CONDITIONCLASS></CONDITIONCLASS><INSTRUCTION>STOP 37</INSTRUCTION><ISPOSITIVE>1</ISPOSITIVE><MEMBERNODEID>37</MEMBERNODEID><OWNERNODEID>36</OWNERNODEID><SEQUENCE xsi:nil="true"></SEQUENCE><WFACTIONID>18078</WFACTIONID></WFACTION><WFACTION><ACTION>IRVSRGROUP1A</ACTION><ACTIONID>191</ACTIONID><CONDITION></CONDITION><CONDITIONCLASS></CONDITIONCLASS><INSTRUCTION>STOP 40</INSTRUCTION><ISPOSITIVE>0</ISPOSITIVE><MEMBERNODEID>40</MEMBERNODEID><OWNERNODEID>36</OWNERNODEID><SEQUENCE xsi:nil="true"></SEQUENCE><WFACTIONID>18079</WFACTIONID></WFACTION><WFSUBPROCESS><SUBPROCESSNAME>IRVBBCDUP</SUBPROCESSNAME><WFSUBPROCESSID>4124</WFSUBPROCESSID></WFSUBPROCESS></WFNODE><WFNODE><DESCRIPTION>STOP 37</DESCRIPTION><DESCRIPTION_LONGDESCRIPTION></DESCRIPTION_LONGDESCRIPTION><HASLD>0</HASLD><IMAGEFILE></IMAGEFILE><LANGCODE>EN</LANGCODE><NODEID>37</NODEID><NODETYPE maxvalue="WFSTOP">STOP</NODETYPE><TITLE>STOP 37</TITLE><WFNODEID>15176</WFNODEID><XCOORDINATE>5</XCOORDINATE><YCOORDINATE>7</YCOORDINATE><WFSTOP><WFSTOPID>7098</WFSTOPID></WFSTOP></WFNODE><WFNODE><DESCRIPTION>STOP 40</DESCRIPTION><DESCRIPTION_LONGDESCRIPTION></DESCRIPTION_LONGDESCRIPTION><HASLD>0</HASLD><IMAGEFILE></IMAGEFILE><LANGCODE>EN</LANGCODE><NODEID>40</NODEID><NODETYPE maxvalue="WFSTOP">STOP</NODETYPE><TITLE>STOP 40</TITLE><WFNODEID>15177</WFNODEID><XCOORDINATE>3</XCOORDINATE><YCOORDINATE>8</YCOORDINATE><WFSTOP><WFSTOPID>7099</WFSTOPID></WFSTOP></WFNODE><WFNODE><DESCRIPTION>NO SLA MSG</DESCRIPTION><DESCRIPTION_LONGDESCRIPTION></DESCRIPTION_LONGDESCRIPTION><HASLD>0</HASLD><IMAGEFILE></IMAGEFILE><LANGCODE>EN</LANGCODE><NODEID>46</NODEID><NODETYPE maxvalue="WFINTERACTION">INTERACTION</NODETYPE><TITLE>NO SLA MSG</TITLE><WFNODEID>15178</WFNODEID><XCOORDINATE>9</XCOORDINATE><YCOORDINATE>7</YCOORDINATE><WFACTION><ACTION></ACTION><ACTIONID>82</ACTIONID><CONDITION></CONDITION><CONDITIONCLASS></CONDITIONCLASS><INSTRUCTION>STOP 47</INSTRUCTION><ISPOSITIVE>1</ISPOSITIVE><MEMBERNODEID>47</MEMBERNODEID><OWNERNODEID>46</OWNERNODEID><SEQUENCE xsi:nil="true"></SEQUENCE><WFACTIONID>18080</WFACTIONID></WFACTION><WFINTERACTION><ACTION></ACTION><APP></APP><DIRECTIONS>Warning</DIRECTIONS><DIRECTIONS_LONGDESCRIPTION>The SLA is missing so processing can not continue.</DIRECTIONS_LONGDESCRIPTION><HASLD>1</HASLD><LANGCODE>EN</LANGCODE><LAUNCHPROCESS></LAUNCHPROCESS><PAGE></PAGE><RELATION></RELATION><TABNAME></TABNAME><WFINTERACTIONID>6025</WFINTERACTIONID><LONGDESCRIPTION><CONTENTUID>762,427</CONTENTUID><LANGCODE>EN</LANGCODE><LDKEY>6025</LDKEY><LDOWNERCOL>DIRECTIONS</LDOWNERCOL><LDOWNERTABLE>WFINTERACTION</LDOWNERTABLE><LDTEXT>The SLA is missing so processing can not continue.</LDTEXT><LONGDESCRIPTIONID>762427</LONGDESCRIPTIONID></LONGDESCRIPTION></WFINTERACTION></WFNODE><WFNODE><DESCRIPTION>STOP 47</DESCRIPTION><DESCRIPTION_LONGDESCRIPTION></DESCRIPTION_LONGDESCRIPTION><HASLD>0</HASLD><IMAGEFILE></IMAGEFILE><LANGCODE>EN</LANGCODE><NODEID>47</NODEID><NODETYPE maxvalue="WFSTOP">STOP</NODETYPE><TITLE>STOP 47</TITLE><WFNODEID>15179</WFNODEID><XCOORDINATE>9</XCOORDINATE><YCOORDINATE>8</YCOORDINATE><WFSTOP><WFSTOPID>7100</WFSTOPID></WFSTOP></WFNODE><WFNODE><DESCRIPTION>NO RP MSG</DESCRIPTION><DESCRIPTION_LONGDESCRIPTION></DESCRIPTION_LONGDESCRIPTION><HASLD>0</HASLD><IMAGEFILE></IMAGEFILE><LANGCODE>EN</LANGCODE><NODEID>48</NODEID><NODETYPE maxvalue="WFINTERACTION">INTERACTION</NODETYPE><TITLE>NO RP MSG</TITLE><WFNODEID>15180</WFNODEID><XCOORDINATE>8</XCOORDINATE><YCOORDINATE>7</YCOORDINATE><WFACTION><ACTION></ACTION><ACTIONID>83</ACTIONID><CONDITION></CONDITION><CONDITIONCLASS></CONDITIONCLASS><INSTRUCTION>STOP 49</INSTRUCTION><ISPOSITIVE>1</ISPOSITIVE><MEMBERNODEID>49</MEMBERNODEID><OWNERNODEID>48</OWNERNODEID><SEQUENCE xsi:nil="true"></SEQUENCE><WFACTIONID>18081</WFACTIONID></WFACTION><WFINTERACTION><ACTION></ACTION><APP></APP><DIRECTIONS>Warning</DIRECTIONS><DIRECTIONS_LONGDESCRIPTION>The Response Plan is missing so processing can not continue.</DIRECTIONS_LONGDESCRIPTION><HASLD>1</HASLD><LANGCODE>EN</LANGCODE><LAUNCHPROCESS></LAUNCHPROCESS><PAGE></PAGE><RELATION></RELATION><TABNAME></TABNAME><WFINTERACTIONID>6026</WFINTERACTIONID><LONGDESCRIPTION><CONTENTUID>762,428</CONTENTUID><LANGCODE>EN</LANGCODE><LDKEY>6026</LDKEY><LDOWNERCOL>DIRECTIONS</LDOWNERCOL><LDOWNERTABLE>WFINTERACTION</LDOWNERTABLE><LDTEXT>The Response Plan is missing so processing can not continue.</LDTEXT><LONGDESCRIPTIONID>762428</LONGDESCRIPTIONID></LONGDESCRIPTION></WFINTERACTION></WFNODE><WFNODE><DESCRIPTION>STOP 49</DESCRIPTION><DESCRIPTION_LONGDESCRIPTION></DESCRIPTION_LONGDESCRIPTION><HASLD>0</HASLD><IMAGEFILE></IMAGEFILE><LANGCODE>EN</LANGCODE><NODEID>49</NODEID><NODETYPE maxvalue="WFSTOP">STOP</NODETYPE><TITLE>STOP 49</TITLE><WFNODEID>15181</WFNODEID><XCOORDINATE>8</XCOORDINATE><YCOORDINATE>8</YCOORDINATE><WFSTOP><WFSTOPID>7101</WFSTOPID></WFSTOP></WFNODE><WFNODE><DESCRIPTION>STOP 50</DESCRIPTION><DESCRIPTION_LONGDESCRIPTION></DESCRIPTION_LONGDESCRIPTION><HASLD>0</HASLD><IMAGEFILE></IMAGEFILE><LANGCODE>EN</LANGCODE><NODEID>50</NODEID><NODETYPE maxvalue="WFSTOP">STOP</NODETYPE><TITLE>STOP 50</TITLE><WFNODEID>15182</WFNODEID><XCOORDINATE>10</XCOORDINATE><YCOORDINATE>4</YCOORDINATE><WFSTOP><WFSTOPID>7102</WFSTOPID></WFSTOP></WFNODE><WFNODE><DESCRIPTION>CONDITION 52</DESCRIPTION><DESCRIPTION_LONGDESCRIPTION></DESCRIPTION_LONGDESCRIPTION><HASLD>0</HASLD><IMAGEFILE></IMAGEFILE><LANGCODE>EN</LANGCODE><NODEID>52</NODEID><NODETYPE maxvalue="WFCONDITION">CONDITION</NODETYPE><TITLE>SLA APPLIED?</TITLE><WFNODEID>15183</WFNODEID><XCOORDINATE>9</XCOORDINATE><YCOORDINATE>6</YCOORDINATE><WFACTION><ACTION>IRVSRNOSLAWL</ACTION><ACTIONID>123</ACTIONID><CONDITION></CONDITION><CONDITIONCLASS></CONDITIONCLASS><INSTRUCTION>NO SLA MSG</INSTRUCTION><ISPOSITIVE>0</ISPOSITIVE><MEMBERNODEID>46</MEMBERNODEID><OWNERNODEID>52</OWNERNODEID><SEQUENCE xsi:nil="true"></SEQUENCE><WFACTIONID>18082</WFACTIONID></WFACTION><WFACTION><ACTION></ACTION><ACTIONID>223</ACTIONID><CONDITION></CONDITION><CONDITIONCLASS></CONDITIONCLASS><INSTRUCTION>First time through no SLA or RP was applied.  They have now been successfully.</INSTRUCTION><ISPOSITIVE>1</ISPOSITIVE><MEMBERNODEID>54</MEMBERNODEID><OWNERNODEID>52</OWNERNODEID><SEQUENCE xsi:nil="true"></SEQUENCE><WFACTIONID>18083</WFACTIONID></WFACTION><WFCONDITION><CONDITION>:targetfinish is not null</CONDITION><CUSTOMCLASS></CUSTOMCLASS><WFCONDITIONID>9604</WFCONDITIONID></WFCONDITION></WFNODE><WFNODE><DESCRIPTION>CONDITION 53</DESCRIPTION><DESCRIPTION_LONGDESCRIPTION></DESCRIPTION_LONGDESCRIPTION><HASLD>0</HASLD><IMAGEFILE></IMAGEFILE><LANGCODE>EN</LANGCODE><NODEID>53</NODEID><NODETYPE maxvalue="WFCONDITION">CONDITION</NODETYPE><TITLE>RP APPLIED</TITLE><WFNODEID>15184</WFNODEID><XCOORDINATE>8</XCOORDINATE><YCOORDINATE>6</YCOORDINATE><WFACTION><ACTION>IRVSRNORPWL</ACTION><ACTIONID>125</ACTIONID><CONDITION></CONDITION><CONDITIONCLASS></CONDITIONCLASS><INSTRUCTION>NO RP MSG</INSTRUCTION><ISPOSITIVE>0</ISPOSITIVE><MEMBERNODEID>48</MEMBERNODEID><OWNERNODEID>53</OWNERNODEID><SEQUENCE xsi:nil="true"></SEQUENCE><WFACTIONID>18084</WFACTIONID></WFACTION><WFACTION><ACTION></ACTION><ACTIONID>222</ACTIONID><CONDITION></CONDITION><CONDITIONCLASS></CONDITIONCLASS><INSTRUCTION>CONDITION 52</INSTRUCTION><ISPOSITIVE>1</ISPOSITIVE><MEMBERNODEID>52</MEMBERNODEID><OWNERNODEID>53</OWNERNODEID><SEQUENCE xsi:nil="true"></SEQUENCE><WFACTIONID>18085</WFACTIONID></WFACTION><WFCONDITION><CONDITION>:pluspresponseplan is not null</CONDITION><CUSTOMCLASS></CUSTOMCLASS><WFCONDITIONID>9605</WFCONDITIONID></WFCONDITION></WFNODE><WFNODE><DESCRIPTION>First time through no SLA or RP was applied.  They have now been successfully.</DESCRIPTION><DESCRIPTION_LONGDESCRIPTION></DESCRIPTION_LONGDESCRIPTION><HASLD>0</HASLD><IMAGEFILE></IMAGEFILE><LANGCODE>EN</LANGCODE><NODEID>54</NODEID><NODETYPE maxvalue="WFINTERACTION">INTERACTION</NODETYPE><TITLE>WARNING</TITLE><WFNODEID>15185</WFNODEID><XCOORDINATE>10</XCOORDINATE><YCOORDINATE>6</YCOORDINATE><WFACTION><ACTION></ACTION><ACTIONID>127</ACTIONID><CONDITION></CONDITION><CONDITIONCLASS></CONDITIONCLASS><INSTRUCTION>STOP 55</INSTRUCTION><ISPOSITIVE>1</ISPOSITIVE><MEMBERNODEID>55</MEMBERNODEID><OWNERNODEID>54</OWNERNODEID><SEQUENCE xsi:nil="true"></SEQUENCE><WFACTIONID>18086</WFACTIONID></WFACTION><WFINTERACTION><ACTION></ACTION><APP></APP><DIRECTIONS>Warning</DIRECTIONS><DIRECTIONS_LONGDESCRIPTION>A response plan or SLA has now successdully been applied.  Please route the workflow process again to continue.</DIRECTIONS_LONGDESCRIPTION><HASLD>1</HASLD><LANGCODE>EN</LANGCODE><LAUNCHPROCESS></LAUNCHPROCESS><PAGE></PAGE><RELATION></RELATION><TABNAME></TABNAME><WFINTERACTIONID>6027</WFINTERACTIONID><LONGDESCRIPTION><CONTENTUID>762,429</CONTENTUID><LANGCODE>EN</LANGCODE><LDKEY>6027</LDKEY><LDOWNERCOL>DIRECTIONS</LDOWNERCOL><LDOWNERTABLE>WFINTERACTION</LDOWNERTABLE><LDTEXT>A response plan or SLA has now successdully been applied.  Please route the workflow process again to continue.</LDTEXT><LONGDESCRIPTIONID>762429</LONGDESCRIPTIONID></LONGDESCRIPTION></WFINTERACTION></WFNODE><WFNODE><DESCRIPTION>STOP 55</DESCRIPTION><DESCRIPTION_LONGDESCRIPTION></DESCRIPTION_LONGDESCRIPTION><HASLD>0</HASLD><IMAGEFILE></IMAGEFILE><LANGCODE>EN</LANGCODE><NODEID>55</NODEID><NODETYPE maxvalue="WFSTOP">STOP</NODETYPE><TITLE>STOP 55</TITLE><WFNODEID>15186</WFNODEID><XCOORDINATE>11</XCOORDINATE><YCOORDINATE>6</YCOORDINATE><WFSTOP><WFSTOPID>7103</WFSTOPID></WFSTOP></WFNODE><WFNODE><DESCRIPTION>SLA Applied</DESCRIPTION><DESCRIPTION_LONGDESCRIPTION></DESCRIPTION_LONGDESCRIPTION><HASLD>0</HASLD><IMAGEFILE></IMAGEFILE><LANGCODE>EN</LANGCODE><NODEID>57</NODEID><NODETYPE maxvalue="WFCONDITION">CONDITION</NODETYPE><TITLE>IS SLA APPLIED</TITLE><WFNODEID>15187</WFNODEID><XCOORDINATE>8</XCOORDINATE><YCOORDINATE>4</YCOORDINATE><WFACTION><ACTION>SR APPLYSLA</ACTION><ACTIONID>142</ACTIONID><CONDITION></CONDITION><CONDITIONCLASS></CONDITIONCLASS><INSTRUCTION>Checks that the response plan and sla have been applied</INSTRUCTION><ISPOSITIVE>0</ISPOSITIVE><MEMBERNODEID>21</MEMBERNODEID><OWNERNODEID>57</OWNERNODEID><SEQUENCE xsi:nil="true"></SEQUENCE><WFACTIONID>18087</WFACTIONID></WFACTION><WFACTION><ACTION></ACTION><ACTIONID>144</ACTIONID><CONDITION></CONDITION><CONDITIONCLASS></CONDITIONCLASS><INSTRUCTION>Checks that the response plan and sla have been applied</INSTRUCTION><ISPOSITIVE>1</ISPOSITIVE><MEMBERNODEID>21</MEMBERNODEID><OWNERNODEID>57</OWNERNODEID><SEQUENCE xsi:nil="true"></SEQUENCE><WFACTIONID>18088</WFACTIONID></WFACTION><WFCONDITION><CONDITION>:targetfinish is not null</CONDITION><CUSTOMCLASS></CUSTOMCLASS><WFCONDITIONID>9606</WFCONDITIONID></WFCONDITION></WFNODE><WFNODE><DESCRIPTION>CONDITION 58</DESCRIPTION><DESCRIPTION_LONGDESCRIPTION></DESCRIPTION_LONGDESCRIPTION><HASLD>0</HASLD><IMAGEFILE></IMAGEFILE><LANGCODE>EN</LANGCODE><NODEID>58</NODEID><NODETYPE maxvalue="WFCONDITION">CONDITION</NODETYPE><TITLE>IS NEW</TITLE><WFNODEID>15188</WFNODEID><XCOORDINATE>3</XCOORDINATE><YCOORDINATE>2</YCOORDINATE><WFACTION><ACTION></ACTION><ACTIONID>194</ACTIONID><CONDITION></CONDITION><CONDITIONCLASS></CONDITIONCLASS><INSTRUCTION>BBC Contract specific check for potential duplicate service requests</INSTRUCTION><ISPOSITIVE>1</ISPOSITIVE><MEMBERNODEID>36</MEMBERNODEID><OWNERNODEID>58</OWNERNODEID><SEQUENCE xsi:nil="true"></SEQUENCE><WFACTIONID>18089</WFACTIONID></WFACTION><WFACTION><ACTION></ACTION><ACTIONID>195</ACTIONID><CONDITION></CONDITION><CONDITIONCLASS></CONDITIONCLASS><INSTRUCTION>Is Queued</INSTRUCTION><ISPOSITIVE>0</ISPOSITIVE><MEMBERNODEID>59</MEMBERNODEID><OWNERNODEID>58</OWNERNODEID><SEQUENCE xsi:nil="true"></SEQUENCE><WFACTIONID>18090</WFACTIONID></WFACTION><WFCONDITION><CONDITION>:IRVCREATEDINSS=1 and :status='NEW'</CONDITION><CUSTOMCLASS></CUSTOMCLASS><WFCONDITIONID>9607</WFCONDITIONID></WFCONDITION></WFNODE><WFNODE><DESCRIPTION>Is Queued</DESCRIPTION><DESCRIPTION_LONGDESCRIPTION></DESCRIPTION_LONGDESCRIPTION><HASLD>0</HASLD><IMAGEFILE></IMAGEFILE><LANGCODE>EN</LANGCODE><NODEID>59</NODEID><NODETYPE maxvalue="WFCONDITION">CONDITION</NODETYPE><TITLE>IS QUEUED</TITLE><WFNODEID>15190</WFNODEID><XCOORDINATE>2</XCOORDINATE><YCOORDINATE>3</YCOORDINATE><WFACTION><ACTION></ACTION><ACTIONID>196</ACTIONID><CONDITION></CONDITION><CONDITIONCLASS></CONDITIONCLASS><INSTRUCTION>STOP 60</INSTRUCTION><ISPOSITIVE>0</ISPOSITIVE><MEMBERNODEID>60</MEMBERNODEID><OWNERNODEID>59</OWNERNODEID><SEQUENCE xsi:nil="true"></SEQUENCE><WFACTIONID>18091</WFACTIONID></WFACTION><WFACTION><ACTION></ACTION><ACTIONID>219</ACTIONID><CONDITION></CONDITION><CONDITIONCLASS></CONDITIONCLASS><INSTRUCTION>CONDITION 73</INSTRUCTION><ISPOSITIVE>1</ISPOSITIVE><MEMBERNODEID>73</MEMBERNODEID><OWNERNODEID>59</OWNERNODEID><SEQUENCE xsi:nil="true"></SEQUENCE><WFACTIONID>18092</WFACTIONID></WFACTION><WFCONDITION><CONDITION>:IRVCREATEDINSS=1 and :status='QUEUED'</CONDITION><CUSTOMCLASS></CUSTOMCLASS><WFCONDITIONID>9608</WFCONDITIONID></WFCONDITION></WFNODE><WFNODE><DESCRIPTION>STOP 60</DESCRIPTION><DESCRIPTION_LONGDESCRIPTION></DESCRIPTION_LONGDESCRIPTION><HASLD>0</HASLD><IMAGEFILE></IMAGEFILE><LANGCODE>EN</LANGCODE><NODEID>60</NODEID><NODETYPE maxvalue="WFSTOP">STOP</NODETYPE><TITLE>STOP 60</TITLE><WFNODEID>15191</WFNODEID><XCOORDINATE>3</XCOORDINATE><YCOORDINATE>3</YCOORDINATE><WFSTOP><WFSTOPID>7104</WFSTOPID></WFSTOP></WFNODE><WFNODE><DESCRIPTION>RP Applied</DESCRIPTION><DESCRIPTION_LONGDESCRIPTION></DESCRIPTION_LONGDESCRIPTION><HASLD>0</HASLD><IMAGEFILE></IMAGEFILE><LANGCODE>EN</LANGCODE><NODEID>61</NODEID><NODETYPE maxvalue="WFCONDITION">CONDITION</NODETYPE><TITLE>RP APPLIED</TITLE><WFNODEID>15192</WFNODEID><XCOORDINATE>2</XCOORDINATE><YCOORDINATE>4</YCOORDINATE><WFACTION><ACTION>IRVSSSRNORPACT</ACTION><ACTIONID>198</ACTIONID><CONDITION></CONDITION><CONDITIONCLASS></CONDITIONCLASS><INSTRUCTION>STOP 62</INSTRUCTION><ISPOSITIVE>0</ISPOSITIVE><MEMBERNODEID>62</MEMBERNODEID><OWNERNODEID>61</OWNERNODEID><SEQUENCE xsi:nil="true"></SEQUENCE><WFACTIONID>18093</WFACTIONID></WFACTION><WFACTION><ACTION></ACTION><ACTIONID>199</ACTIONID><CONDITION></CONDITION><CONDITIONCLASS></CONDITIONCLASS><INSTRUCTION>CONDITION 63</INSTRUCTION><ISPOSITIVE>1</ISPOSITIVE><MEMBERNODEID>63</MEMBERNODEID><OWNERNODEID>61</OWNERNODEID><SEQUENCE xsi:nil="true"></SEQUENCE><WFACTIONID>18094</WFACTIONID></WFACTION><WFCONDITION><CONDITION>:pluspresponseplan is not null</CONDITION><CUSTOMCLASS></CUSTOMCLASS><WFCONDITIONID>9609</WFCONDITIONID></WFCONDITION></WFNODE><WFNODE><DESCRIPTION>STOP 62</DESCRIPTION><DESCRIPTION_LONGDESCRIPTION></DESCRIPTION_LONGDESCRIPTION><HASLD>0</HASLD><IMAGEFILE></IMAGEFILE><LANGCODE>EN</LANGCODE><NODEID>62</NODEID><NODETYPE maxvalue="WFSTOP">STOP</NODETYPE><TITLE>STOP 62</TITLE><WFNODEID>15193</WFNODEID><XCOORDINATE>3</XCOORDINATE><YCOORDINATE>4</YCOORDINATE><WFSTOP><WFSTOPID>7105</WFSTOPID></WFSTOP></WFNODE><WFNODE><DESCRIPTION>SLA Applied</DESCRIPTION><DESCRIPTION_LONGDESCRIPTION></DESCRIPTION_LONGDESCRIPTION><HASLD>0</HASLD><IMAGEFILE></IMAGEFILE><LANGCODE>EN</LANGCODE><NODEID>63</NODEID><NODETYPE maxvalue="WFCONDITION">CONDITION</NODETYPE><TITLE>SLA APPLIED</TITLE><WFNODEID>15194</WFNODEID><XCOORDINATE>2</XCOORDINATE><YCOORDINATE>5</YCOORDINATE><WFACTION><ACTION>IRVSSSRNOSLAACT</ACTION><ACTIONID>200</ACTIONID><CONDITION></CONDITION><CONDITIONCLASS></CONDITIONCLASS><INSTRUCTION>STOP 64</INSTRUCTION><ISPOSITIVE>0</ISPOSITIVE><MEMBERNODEID>64</MEMBERNODEID><OWNERNODEID>63</OWNERNODEID><SEQUENCE xsi:nil="true"></SEQUENCE><WFACTIONID>18095</WFACTIONID></WFACTION><WFACTION><ACTION></ACTION><ACTIONID>201</ACTIONID><CONDITION></CONDITION><CONDITIONCLASS></CONDITIONCLASS><INSTRUCTION>CONDITION 65</INSTRUCTION><ISPOSITIVE>1</ISPOSITIVE><MEMBERNODEID>65</MEMBERNODEID><OWNERNODEID>63</OWNERNODEID><SEQUENCE xsi:nil="true"></SEQUENCE><WFACTIONID>18096</WFACTIONID></WFACTION><WFCONDITION><CONDITION>:targetfinish is not null</CONDITION><CUSTOMCLASS></CUSTOMCLASS><WFCONDITIONID>9610</WFCONDITIONID></WFCONDITION></WFNODE><WFNODE><DESCRIPTION>STOP 64</DESCRIPTION><DESCRIPTION_LONGDESCRIPTION></DESCRIPTION_LONGDESCRIPTION><HASLD>0</HASLD><IMAGEFILE></IMAGEFILE><LANGCODE>EN</LANGCODE><NODEID>64</NODEID><NODETYPE maxvalue="WFSTOP">STOP</NODETYPE><TITLE>STOP 64</TITLE><WFNODEID>15195</WFNODEID><XCOORDINATE>3</XCOORDINATE><YCOORDINATE>5</YCOORDINATE><WFSTOP><WFSTOPID>7106</WFSTOPID></WFSTOP></WFNODE><WFNODE><DESCRIPTION>Has the WO wf been initialisaed?</DESCRIPTION><DESCRIPTION_LONGDESCRIPTION></DESCRIPTION_LONGDESCRIPTION><HASLD>0</HASLD><IMAGEFILE></IMAGEFILE><LANGCODE>EN</LANGCODE><NODEID>65</NODEID><NODETYPE maxvalue="WFCONDITION">CONDITION</NODETYPE><TITLE>RUN WF?</TITLE><WFNODEID>15196</WFNODEID><XCOORDINATE>2</XCOORDINATE><YCOORDINATE>6</YCOORDINATE><WFACTION><ACTION>IRVSSPROCESSED</ACTION><ACTIONID>211</ACTIONID><CONDITION></CONDITION><CONDITIONCLASS></CONDITIONCLASS><INSTRUCTION>CONDITION 70</INSTRUCTION><ISPOSITIVE>1</ISPOSITIVE><MEMBERNODEID>70</MEMBERNODEID><OWNERNODEID>65</OWNERNODEID><SEQUENCE xsi:nil="true"></SEQUENCE><WFACTIONID>18097</WFACTIONID></WFACTION><WFACTION><ACTION>IRVSSWFRUN</ACTION><ACTIONID>212</ACTIONID><CONDITION></CONDITION><CONDITIONCLASS></CONDITIONCLASS><INSTRUCTION>CONDITION 72</INSTRUCTION><ISPOSITIVE>0</ISPOSITIVE><MEMBERNODEID>72</MEMBERNODEID><OWNERNODEID>65</OWNERNODEID><SEQUENCE xsi:nil="true"></SEQUENCE><WFACTIONID>18098</WFACTIONID></WFACTION><WFCONDITION><CONDITION>:irvsswfrun=1</CONDITION><CUSTOMCLASS></CUSTOMCLASS><WFCONDITIONID>9611</WFCONDITIONID></WFCONDITION></WFNODE><WFNODE><DESCRIPTION>STOP 66</DESCRIPTION><DESCRIPTION_LONGDESCRIPTION></DESCRIPTION_LONGDESCRIPTION><HASLD>0</HASLD><IMAGEFILE></IMAGEFILE><LANGCODE>EN</LANGCODE><NODEID>66</NODEID><NODETYPE maxvalue="WFSTOP">STOP</NODETYPE><TITLE>STOP 66</TITLE><WFNODEID>15197</WFNODEID><XCOORDINATE>1</XCOORDINATE><YCOORDINATE>7</YCOORDINATE><WFSTOP><WFSTOPID>7107</WFSTOPID></WFSTOP></WFNODE><WFNODE><DESCRIPTION>STOP 67</DESCRIPTION><DESCRIPTION_LONGDESCRIPTION></DESCRIPTION_LONGDESCRIPTION><HASLD>0</HASLD><IMAGEFILE></IMAGEFILE><LANGCODE>EN</LANGCODE><NODEID>67</NODEID><NODETYPE maxvalue="WFSTOP">STOP</NODETYPE><TITLE>STOP 67</TITLE><WFNODEID>15198</WFNODEID><XCOORDINATE>2</XCOORDINATE><YCOORDINATE>8</YCOORDINATE><WFSTOP><WFSTOPID>7108</WFSTOPID></WFSTOP></WFNODE><WFNODE><DESCRIPTION>CONDITION 68</DESCRIPTION><DESCRIPTION_LONGDESCRIPTION></DESCRIPTION_LONGDESCRIPTION><HASLD>0</HASLD><IMAGEFILE></IMAGEFILE><LANGCODE>EN</LANGCODE><NODEID>68</NODEID><NODETYPE maxvalue="WFCONDITION">CONDITION</NODETYPE><TITLE>TRUE</TITLE><WFNODEID>15199</WFNODEID><XCOORDINATE>1</XCOORDINATE><YCOORDINATE>4</YCOORDINATE><WFACTION><ACTION>IRVSRACTB</ACTION><ACTIONID>205</ACTIONID><CONDITION></CONDITION><CONDITIONCLASS></CONDITIONCLASS><INSTRUCTION>RP Applied</INSTRUCTION><ISPOSITIVE>1</ISPOSITIVE><MEMBERNODEID>61</MEMBERNODEID><OWNERNODEID>68</OWNERNODEID><SEQUENCE xsi:nil="true"></SEQUENCE><WFACTIONID>18099</WFACTIONID></WFACTION><WFACTION><ACTION></ACTION><ACTIONID>206</ACTIONID><CONDITION></CONDITION><CONDITIONCLASS></CONDITIONCLASS><INSTRUCTION>RP Applied</INSTRUCTION><ISPOSITIVE>0</ISPOSITIVE><MEMBERNODEID>61</MEMBERNODEID><OWNERNODEID>68</OWNERNODEID><SEQUENCE xsi:nil="true"></SEQUENCE><WFACTIONID>18100</WFACTIONID></WFACTION><WFCONDITION><CONDITION>1=1</CONDITION><CUSTOMCLASS></CUSTOMCLASS><WFCONDITIONID>9612</WFCONDITIONID></WFCONDITION></WFNODE><WFNODE><DESCRIPTION>Work Applied to SR</DESCRIPTION><DESCRIPTION_LONGDESCRIPTION></DESCRIPTION_LONGDESCRIPTION><HASLD>0</HASLD><IMAGEFILE></IMAGEFILE><LANGCODE>EN</LANGCODE><NODEID>70</NODEID><NODETYPE maxvalue="WFCONDITION">CONDITION</NODETYPE><TITLE>WORK APPLIED?</TITLE><WFNODEID>15200</WFNODEID><XCOORDINATE>2</XCOORDINATE><YCOORDINATE>7</YCOORDINATE><WFACTION><ACTION>IRVSSSRNOWORKACT</ACTION><ACTIONID>215</ACTIONID><CONDITION></CONDITION><CONDITIONCLASS></CONDITIONCLASS><INSTRUCTION>STOP 67</INSTRUCTION><ISPOSITIVE>0</ISPOSITIVE><MEMBERNODEID>67</MEMBERNODEID><OWNERNODEID>70</OWNERNODEID><SEQUENCE xsi:nil="true"></SEQUENCE><WFACTIONID>18101</WFACTIONID></WFACTION><WFACTION><ACTION></ACTION><ACTIONID>218</ACTIONID><CONDITION></CONDITION><CONDITIONCLASS></CONDITIONCLASS><INSTRUCTION>STOP 67</INSTRUCTION><ISPOSITIVE>1</ISPOSITIVE><MEMBERNODEID>67</MEMBERNODEID><OWNERNODEID>70</OWNERNODEID><SEQUENCE xsi:nil="true"></SEQUENCE><WFACTIONID>18102</WFACTIONID></WFACTION><WFCONDITION><CONDITION>exists(Select 1 from workorder where origrecordid=:ticketid and ((Select count(*) from workorder where origrecordid=:ticketid and origrecordclass='SR') = (Select count(*) from workorder where origrecordid=:ticketid and origrecordclass='SR' and status ='DISPATCH')))</CONDITION><CUSTOMCLASS></CUSTOMCLASS><WFCONDITIONID>9613</WFCONDITIONID></WFCONDITION></WFNODE><WFNODE><DESCRIPTION>CONDITION 72</DESCRIPTION><DESCRIPTION_LONGDESCRIPTION></DESCRIPTION_LONGDESCRIPTION><HASLD>0</HASLD><IMAGEFILE></IMAGEFILE><LANGCODE>EN</LANGCODE><NODEID>72</NODEID><NODETYPE maxvalue="WFCONDITION">CONDITION</NODETYPE><TITLE>TRUE</TITLE><WFNODEID>15201</WFNODEID><XCOORDINATE>1</XCOORDINATE><YCOORDINATE>6</YCOORDINATE><WFACTION><ACTION>IRVSRGROUP2</ACTION><ACTIONID>216</ACTIONID><CONDITION></CONDITION><CONDITIONCLASS></CONDITIONCLASS><INSTRUCTION>STOP 66</INSTRUCTION><ISPOSITIVE>1</ISPOSITIVE><MEMBERNODEID>66</MEMBERNODEID><OWNERNODEID>72</OWNERNODEID><SEQUENCE xsi:nil="true"></SEQUENCE><WFACTIONID>18103</WFACTIONID></WFACTION><WFACTION><ACTION></ACTION><ACTIONID>217</ACTIONID><CONDITION></CONDITION><CONDITIONCLASS></CONDITIONCLASS><INSTRUCTION>STOP 66</INSTRUCTION><ISPOSITIVE>0</ISPOSITIVE><MEMBERNODEID>66</MEMBERNODEID><OWNERNODEID>72</OWNERNODEID><SEQUENCE xsi:nil="true"></SEQUENCE><WFACTIONID>18104</WFACTIONID></WFACTION><WFCONDITION><CONDITION>1=1</CONDITION><CUSTOMCLASS></CUSTOMCLASS><WFCONDITIONID>9614</WFCONDITIONID></WFCONDITION></WFNODE><WFNODE><DESCRIPTION>CONDITION 73</DESCRIPTION><DESCRIPTION_LONGDESCRIPTION></DESCRIPTION_LONGDESCRIPTION><HASLD>0</HASLD><IMAGEFILE></IMAGEFILE><LANGCODE>EN</LANGCODE><NODEID>73</NODEID><NODETYPE maxvalue="WFCONDITION">CONDITION</NODETYPE><TITLE>SLA APPLIED</TITLE><WFNODEID>15202</WFNODEID><XCOORDINATE>1</XCOORDINATE><YCOORDINATE>3</YCOORDINATE><WFACTION><ACTION></ACTION><ACTIONID>220</ACTIONID><CONDITION></CONDITION><CONDITIONCLASS></CONDITIONCLASS><INSTRUCTION>RP Applied</INSTRUCTION><ISPOSITIVE>1</ISPOSITIVE><MEMBERNODEID>61</MEMBERNODEID><OWNERNODEID>73</OWNERNODEID><SEQUENCE xsi:nil="true"></SEQUENCE><WFACTIONID>18105</WFACTIONID></WFACTION><WFACTION><ACTION>SR APPLYSLA</ACTION><ACTIONID>221</ACTIONID><CONDITION></CONDITION><CONDITIONCLASS></CONDITIONCLASS><INSTRUCTION>CONDITION 68</INSTRUCTION><ISPOSITIVE>0</ISPOSITIVE><MEMBERNODEID>68</MEMBERNODEID><OWNERNODEID>73</OWNERNODEID><SEQUENCE xsi:nil="true"></SEQUENCE><WFACTIONID>18106</WFACTIONID></WFACTION><WFCONDITION><CONDITION>:targetfinish is not null</CONDITION><CUSTOMCLASS></CUSTOMCLASS><WFCONDITIONID>9615</WFCONDITIONID></WFCONDITION></WFNODE><WFNODE><DESCRIPTION>CONDITION 74</DESCRIPTION><DESCRIPTION_LONGDESCRIPTION></DESCRIPTION_LONGDESCRIPTION><HASLD>0</HASLD><IMAGEFILE></IMAGEFILE><LANGCODE>EN</LANGCODE><NODEID>74</NODEID><NODETYPE maxvalue="WFCONDITION">CONDITION</NODETYPE><TITLE>RP APPLIED</TITLE><WFNODEID>15203</WFNODEID><XCOORDINATE>7</XCOORDINATE><YCOORDINATE>4</YCOORDINATE><WFACTION><ACTION></ACTION><ACTIONID>226</ACTIONID><CONDITION></CONDITION><CONDITIONCLASS></CONDITIONCLASS><INSTRUCTION>SLA Applied</INSTRUCTION><ISPOSITIVE>1</ISPOSITIVE><MEMBERNODEID>57</MEMBERNODEID><OWNERNODEID>74</OWNERNODEID><SEQUENCE xsi:nil="true"></SEQUENCE><WFACTIONID>18107</WFACTIONID></WFACTION><WFACTION><ACTION>PLUSPSRAPPRESPL</ACTION><ACTIONID>241</ACTIONID><CONDITION></CONDITION><CONDITIONCLASS></CONDITIONCLASS><INSTRUCTION>SLA Applied</INSTRUCTION><ISPOSITIVE>0</ISPOSITIVE><MEMBERNODEID>57</MEMBERNODEID><OWNERNODEID>74</OWNERNODEID><SEQUENCE xsi:nil="true"></SEQUENCE><WFACTIONID>18108</WFACTIONID></WFACTION><WFCONDITION><CONDITION>:pluspresponseplan is not null</CONDITION><CUSTOMCLASS></CUSTOMCLASS><WFCONDITIONID>9616</WFCONDITIONID></WFCONDITION></WFNODE><WFNODE><DESCRIPTION>CONDITION 75</DESCRIPTION><DESCRIPTION_LONGDESCRIPTION></DESCRIPTION_LONGDESCRIPTION><HASLD>0</HASLD><IMAGEFILE></IMAGEFILE><LANGCODE>EN</LANGCODE><NODEID>75</NODEID><NODETYPE maxvalue="WFCONDITION">CONDITION</NODETYPE><TITLE>DISPATCHED WORK?</TITLE><WFNODEID>15204</WFNODEID><XCOORDINATE>15</XCOORDINATE><YCOORDINATE>5</YCOORDINATE><WFACTION><ACTION></ACTION><ACTIONID>230</ACTIONID><CONDITION></CONDITION><CONDITIONCLASS></CONDITIONCLASS><INSTRUCTION>STOP 14</INSTRUCTION><ISPOSITIVE>0</ISPOSITIVE><MEMBERNODEID>14</MEMBERNODEID><OWNERNODEID>75</OWNERNODEID><SEQUENCE xsi:nil="true"></SEQUENCE><WFACTIONID>18109</WFACTIONID></WFACTION><WFACTION><ACTION></ACTION><ACTIONID>231</ACTIONID><CONDITION></CONDITION><CONDITIONCLASS></CONDITIONCLASS><INSTRUCTION>INTERACTION 76</INSTRUCTION><ISPOSITIVE>1</ISPOSITIVE><MEMBERNODEID>76</MEMBERNODEID><OWNERNODEID>75</OWNERNODEID><SEQUENCE xsi:nil="true"></SEQUENCE><WFACTIONID>18110</WFACTIONID></WFACTION><WFCONDITION><CONDITION>exists(Select 1 from workorder where origrecordid=:ticketid and origrecordclass='SR' and IRV_HWORKDISP=0 and status='DISPATCH') and :status='QUEUED'</CONDITION><CUSTOMCLASS></CUSTOMCLASS><WFCONDITIONID>9617</WFCONDITIONID></WFCONDITION></WFNODE><WFNODE><DESCRIPTION>INTERACTION 76</DESCRIPTION><DESCRIPTION_LONGDESCRIPTION></DESCRIPTION_LONGDESCRIPTION><HASLD>0</HASLD><IMAGEFILE></IMAGEFILE><LANGCODE>EN</LANGCODE><NODEID>76</NODEID><NODETYPE maxvalue="WFINTERACTION">INTERACTION</NODETYPE><TITLE>INPROG</TITLE><WFNODEID>15205</WFNODEID><XCOORDINATE>15</XCOORDINATE><YCOORDINATE>6</YCOORDINATE><WFACTION><ACTION>SR INPROG</ACTION><ACTIONID>232</ACTIONID><CONDITION></CONDITION><CONDITIONCLASS></CONDITIONCLASS><INSTRUCTION>STOP 14</INSTRUCTION><ISPOSITIVE>1</ISPOSITIVE><MEMBERNODEID>14</MEMBERNODEID><OWNERNODEID>76</OWNERNODEID><SEQUENCE xsi:nil="true"></SEQUENCE><WFACTIONID>18111</WFACTIONID></WFACTION><WFINTERACTION><ACTION>ROUTEWF</ACTION><APP>PLUSPSR</APP><DIRECTIONS>SR Status</DIRECTIONS><DIRECTIONS_LONGDESCRIPTION>The SR status has been set to In Progress</DIRECTIONS_LONGDESCRIPTION><HASLD>1</HASLD><LANGCODE>EN</LANGCODE><LAUNCHPROCESS></LAUNCHPROCESS><PAGE></PAGE><RELATION></RELATION><TABNAME></TABNAME><WFINTERACTIONID>6028</WFINTERACTIONID><LONGDESCRIPTION><CONTENTUID>762,430</CONTENTUID><LANGCODE>EN</LANGCODE><LDKEY>6028</LDKEY><LDOWNERCOL>DIRECTIONS</LDOWNERCOL><LDOWNERTABLE>WFINTERACTION</LDOWNERTABLE><LDTEXT>The SR status has been set to In Progress</LDTEXT><LONGDESCRIPTIONID>762430</LONGDESCRIPTIONID></LONGDESCRIPTION></WFINTERACTION></WFNODE><WFNODE><DESCRIPTION>Can not cancel an SR if there are PRs, POs or WOs</DESCRIPTION><DESCRIPTION_LONGDESCRIPTION></DESCRIPTION_LONGDESCRIPTION><HASLD>0</HASLD><IMAGEFILE></IMAGEFILE><LANGCODE>EN</LANGCODE><NODEID>77</NODEID><NODETYPE maxvalue="WFCONDITION">CONDITION</NODETYPE><TITLE>NOT ABLE TO CANCEL</TITLE><WFNODEID>15206</WFNODEID><XCOORDINATE>15</XCOORDINATE><YCOORDINATE>4</YCOORDINATE><WFACTION><ACTION></ACTION><ACTIONID>234</ACTIONID><CONDITION></CONDITION><CONDITIONCLASS></CONDITIONCLASS><INSTRUCTION>INTERACTION 78</INSTRUCTION><ISPOSITIVE>1</ISPOSITIVE><MEMBERNODEID>78</MEMBERNODEID><OWNERNODEID>77</OWNERNODEID><SEQUENCE xsi:nil="true"></SEQUENCE><WFACTIONID>18112</WFACTIONID></WFACTION><WFACTION><ACTION></ACTION><ACTIONID>239</ACTIONID><CONDITION></CONDITION><CONDITIONCLASS></CONDITIONCLASS><INSTRUCTION>INTERACTION 79</INSTRUCTION><ISPOSITIVE>0</ISPOSITIVE><MEMBERNODEID>79</MEMBERNODEID><OWNERNODEID>77</OWNERNODEID><SEQUENCE xsi:nil="true"></SEQUENCE><WFACTIONID>18113</WFACTIONID></WFACTION><WFCONDITION><CONDITION>exists(Select 1 from workorder where origrecordid=:ticketid and origrecordclass='SR' and status&lt;&gt;'CAN')&#xD;
or exists (Select 1 from prline where refwo in (Select wonum from workorder where origrecordid=:ticketid and origrecordclass='SR' and siteid=:siteid and orgid=:orgid) &#xD;
and 'CAN' &lt;&gt; (Select status from pr where prnum=prline.prnum))&#xD;
or exists (Select 1 from poline where refwo in (Select wonum from workorder where origrecordid=:ticketid and origrecordclass='SR' and siteid=:siteid and orgid=:orgid) &#xD;
and 'CAN' &lt;&gt; (Select status from po where ponum=poline.ponum))</CONDITION><CUSTOMCLASS></CUSTOMCLASS><WFCONDITIONID>9618</WFCONDITIONID></WFCONDITION></WFNODE><WFNODE><DESCRIPTION>INTERACTION 78</DESCRIPTION><DESCRIPTION_LONGDESCRIPTION></DESCRIPTION_LONGDESCRIPTION><HASLD>0</HASLD><IMAGEFILE></IMAGEFILE><LANGCODE>EN</LANGCODE><NODEID>78</NODEID><NODETYPE maxvalue="WFINTERACTION">INTERACTION</NODETYPE><TITLE>CAN NOT CANCEL</TITLE><WFNODEID>15207</WFNODEID><XCOORDINATE>16</XCOORDINATE><YCOORDINATE>4</YCOORDINATE><WFACTION><ACTION></ACTION><ACTIONID>235</ACTIONID><CONDITION></CONDITION><CONDITIONCLASS></CONDITIONCLASS><INSTRUCTION>STOP 13</INSTRUCTION><ISPOSITIVE>1</ISPOSITIVE><MEMBERNODEID>13</MEMBERNODEID><OWNERNODEID>78</OWNERNODEID><SEQUENCE xsi:nil="true"></SEQUENCE><WFACTIONID>18114</WFACTIONID></WFACTION><WFINTERACTION><ACTION></ACTION><APP></APP><DIRECTIONS>It is not possible to cancel the SR when there are PRs, POs or WOs</DIRECTIONS><DIRECTIONS_LONGDESCRIPTION></DIRECTIONS_LONGDESCRIPTION><HASLD>0</HASLD><LANGCODE>EN</LANGCODE><LAUNCHPROCESS></LAUNCHPROCESS><PAGE></PAGE><RELATION></RELATION><TABNAME></TABNAME><WFINTERACTIONID>6029</WFINTERACTIONID></WFINTERACTION></WFNODE><WFNODE><DESCRIPTION>INTERACTION 79</DESCRIPTION><DESCRIPTION_LONGDESCRIPTION></DESCRIPTION_LONGDESCRIPTION><HASLD>0</HASLD><IMAGEFILE></IMAGEFILE><LANGCODE>EN</LANGCODE><NODEID>79</NODEID><NODETYPE maxvalue="WFINTERACTION">INTERACTION</NODETYPE><TITLE>CANCEL</TITLE><WFNODEID>15208</WFNODEID><XCOORDINATE>17</XCOORDINATE><YCOORDINATE>5</YCOORDINATE><WFACTION><ACTION>IRV SR CANCEL</ACTION><ACTIONID>240</ACTIONID><CONDITION></CONDITION><CONDITIONCLASS></CONDITIONCLASS><INSTRUCTION>STOP 13</INSTRUCTION><ISPOSITIVE>1</ISPOSITIVE><MEMBERNODEID>13</MEMBERNODEID><OWNERNODEID>79</OWNERNODEID><SEQUENCE xsi:nil="true"></SEQUENCE><WFACTIONID>18115</WFACTIONID></WFACTION><WFINTERACTION><ACTION>ROUTEWF</ACTION><APP>PLUSPSR</APP><DIRECTIONS>SR Status</DIRECTIONS><DIRECTIONS_LONGDESCRIPTION>The SR status has been set to Cancel</DIRECTIONS_LONGDESCRIPTION><HASLD>1</HASLD><LANGCODE>EN</LANGCODE><LAUNCHPROCESS></LAUNCHPROCESS><PAGE></PAGE><RELATION></RELATION><TABNAME></TABNAME><WFINTERACTIONID>6030</WFINTERACTIONID><LONGDESCRIPTION><CONTENTUID>762,431</CONTENTUID><LANGCODE>EN</LANGCODE><LDKEY>6030</LDKEY><LDOWNERCOL>DIRECTIONS</LDOWNERCOL><LDOWNERTABLE>WFINTERACTION</LDOWNERTABLE><LDTEXT>The SR status has been set to Cancel</LDTEXT><LONGDESCRIPTIONID>762431</LONGDESCRIPTIONID></LONGDESCRIPTION></WFINTERACTION></WFNODE><WFNODE><DESCRIPTION>Offer user option to canel or all WOs and POs are canceleld</DESCRIPTION><DESCRIPTION_LONGDESCRIPTION></DESCRIPTION_LONGDESCRIPTION><HASLD>0</HASLD><IMAGEFILE></IMAGEFILE><LANGCODE>EN</LANGCODE><NODEID>80</NODEID><NODETYPE maxvalue="WFCONDITION">CONDITION</NODETYPE><TITLE>PCANCEL OPTION</TITLE><WFNODEID>15209</WFNODEID><XCOORDINATE>7</XCOORDINATE><YCOORDINATE>5</YCOORDINATE><WFACTION><ACTION></ACTION><ACTIONID>244</ACTIONID><CONDITION></CONDITION><CONDITIONCLASS></CONDITIONCLASS><INSTRUCTION>INPUT 81</INSTRUCTION><ISPOSITIVE>1</ISPOSITIVE><MEMBERNODEID>81</MEMBERNODEID><OWNERNODEID>80</OWNERNODEID><SEQUENCE xsi:nil="true"></SEQUENCE><WFACTIONID>18116</WFACTIONID></WFACTION><WFACTION><ACTION></ACTION><ACTIONID>245</ACTIONID><CONDITION></CONDITION><CONDITIONCLASS></CONDITIONCLASS><INSTRUCTION>CONDITION 74</INSTRUCTION><ISPOSITIVE>0</ISPOSITIVE><MEMBERNODEID>74</MEMBERNODEID><OWNERNODEID>80</OWNERNODEID><SEQUENCE xsi:nil="true"></SEQUENCE><WFACTIONID>18117</WFACTIONID></WFACTION><WFCONDITION><CONDITION>((Select count(*) from workorder where origrecordid=:ticketid and origrecordclass='SR' and siteid=:siteid and orgid=:orgid and status in ('CAN','CUSTCAN'))
= (Select count(*) from workorder where origrecordid=:ticketid and origrecordclass='SR' and siteid=:siteid and orgid=:orgid ))
and ((Select count(*) from po where ponum in (Select ponum from poline where refwo in (Select wonum from workorder where origrecordid=:ticketid and origrecordclass='SR' and siteid=:siteid and orgid=:orgid)) and status='CAN')
= (Select count(*) from po where ponum in (Select ponum from poline where refwo in (Select wonum from workorder where origrecordid=:ticketid and origrecordclass='SR' and siteid=:siteid and orgid=:orgid))))</CONDITION><CUSTOMCLASS></CUSTOMCLASS><WFCONDITIONID>9619</WFCONDITIONID></WFCONDITION></WFNODE><WFNODE><DESCRIPTION>INPUT 81</DESCRIPTION><DESCRIPTION_LONGDESCRIPTION></DESCRIPTION_LONGDESCRIPTION><HASLD>0</HASLD><IMAGEFILE></IMAGEFILE><LANGCODE>EN</LANGCODE><NODEID>81</NODEID><NODETYPE maxvalue="WFINPUT">INPUT</NODETYPE><TITLE>ALL WORK CANCELLED</TITLE><WFNODEID>15210</WFNODEID><XCOORDINATE>7</XCOORDINATE><YCOORDINATE>6</YCOORDINATE><WFINPUT><DISPLAYONE>0</DISPLAYONE><WFINPUTID>4320</WFINPUTID></WFINPUT><WFACTION><ACTION></ACTION><ACTIONID>246</ACTIONID><CONDITION></CONDITION><CONDITIONCLASS></CONDITIONCLASS><INSTRUCTION>Continue Processing Service Request</INSTRUCTION><ISPOSITIVE>1</ISPOSITIVE><MEMBERNODEID>74</MEMBERNODEID><OWNERNODEID>81</OWNERNODEID><SEQUENCE>1</SEQUENCE><WFACTIONID>18118</WFACTIONID></WFACTION><WFACTION><ACTION>IRV SR CANCEL</ACTION><ACTIONID>247</ACTIONID><CONDITION></CONDITION><CONDITIONCLASS></CONDITIONCLASS><INSTRUCTION>Cancel Service Request</INSTRUCTION><ISPOSITIVE>1</ISPOSITIVE><MEMBERNODEID>82</MEMBERNODEID><OWNERNODEID>81</OWNERNODEID><SEQUENCE>2</SEQUENCE><WFACTIONID>18119</WFACTIONID></WFACTION></WFNODE><WFNODE><DESCRIPTION>INTERACTION 82</DESCRIPTION><DESCRIPTION_LONGDESCRIPTION></DESCRIPTION_LONGDESCRIPTION><HASLD>0</HASLD><IMAGEFILE></IMAGEFILE><LANGCODE>EN</LANGCODE><NODEID>82</NODEID><NODETYPE maxvalue="WFINTERACTION">INTERACTION</NODETYPE><TITLE>CANCELMSG</TITLE><WFNODEID>15211</WFNODEID><XCOORDINATE>7</XCOORDINATE><YCOORDINATE>7</YCOORDINATE><WFACTION><ACTION></ACTION><ACTIONID>249</ACTIONID><CONDITION></CONDITION><CONDITIONCLASS></CONDITIONCLASS><INSTRUCTION>STOP 83</INSTRUCTION><ISPOSITIVE>1</ISPOSITIVE><MEMBERNODEID>83</MEMBERNODEID><OWNERNODEID>82</OWNERNODEID><SEQUENCE xsi:nil="true"></SEQUENCE><WFACTIONID>18120</WFACTIONID></WFACTION><WFINTERACTION><ACTION></ACTION><APP></APP><DIRECTIONS></DIRECTIONS><DIRECTIONS_LONGDESCRIPTION>The Status has been set to Canceled</DIRECTIONS_LONGDESCRIPTION><HASLD>1</HASLD><LANGCODE>EN</LANGCODE><LAUNCHPROCESS></LAUNCHPROCESS><PAGE></PAGE><RELATION></RELATION><TABNAME></TABNAME><WFINTERACTIONID>6031</WFINTERACTIONID><LONGDESCRIPTION><CONTENTUID>762,432</CONTENTUID><LANGCODE>EN</LANGCODE><LDKEY>6031</LDKEY><LDOWNERCOL>DIRECTIONS</LDOWNERCOL><LDOWNERTABLE>WFINTERACTION</LDOWNERTABLE><LDTEXT>The Status has been set to Canceled</LDTEXT><LONGDESCRIPTIONID>762432</LONGDESCRIPTIONID></LONGDESCRIPTION></WFINTERACTION></WFNODE><WFNODE><DESCRIPTION>STOP 83</DESCRIPTION><DESCRIPTION_LONGDESCRIPTION></DESCRIPTION_LONGDESCRIPTION><HASLD>0</HASLD><IMAGEFILE></IMAGEFILE><LANGCODE>EN</LANGCODE><NODEID>83</NODEID><NODETYPE maxvalue="WFSTOP">STOP</NODETYPE><TITLE>STOP 83</TITLE><WFNODEID>15212</WFNODEID><XCOORDINATE>7</XCOORDINATE><YCOORDINATE>8</YCOORDINATE><WFSTOP><WFSTOPID>7109</WFSTOPID></WFSTOP></WFNODE><WFNODE><DESCRIPTION>IS-RESOLVED?</DESCRIPTION><DESCRIPTION_LONGDESCRIPTION></DESCRIPTION_LONGDESCRIPTION><HASLD>0</HASLD><IMAGEFILE></IMAGEFILE><LANGCODE>EN</LANGCODE><NODEID>84</NODEID><NODETYPE maxvalue="WFCONDITION">CONDITION</NODETYPE><TITLE>IS-RESOLVED?</TITLE><WFNODEID>15213</WFNODEID><XCOORDINATE>2</XCOORDINATE><YCOORDINATE>1</YCOORDINATE><WFACTION><ACTION></ACTION><ACTIONID>481</ACTIONID><CONDITION></CONDITION><CONDITIONCLASS></CONDITIONCLASS><INSTRUCTION>Is this a Self Service Request</INSTRUCTION><ISPOSITIVE>0</ISPOSITIVE><MEMBERNODEID>35</MEMBERNODEID><OWNERNODEID>84</OWNERNODEID><SEQUENCE xsi:nil="true"></SEQUENCE><WFACTIONID>18121</WFACTIONID></WFACTION><WFACTION><ACTION></ACTION><ACTIONID>482</ACTIONID><CONDITION></CONDITION><CONDITIONCLASS></CONDITIONCLASS><INSTRUCTION>INPUT 85</INSTRUCTION><ISPOSITIVE>1</ISPOSITIVE><MEMBERNODEID>85</MEMBERNODEID><OWNERNODEID>84</OWNERNODEID><SEQUENCE xsi:nil="true"></SEQUENCE><WFACTIONID>18122</WFACTIONID></WFACTION><WFCONDITION><CONDITION>:status = 'RESOLVED'</CONDITION><CUSTOMCLASS></CUSTOMCLASS><WFCONDITIONID>9620</WFCONDITIONID></WFCONDITION></WFNODE><WFNODE><DESCRIPTION>REOPEN?</DESCRIPTION><DESCRIPTION_LONGDESCRIPTION></DESCRIPTION_LONGDESCRIPTION><HASLD>0</HASLD><IMAGEFILE></IMAGEFILE><LANGCODE>EN</LANGCODE><NODEID>85</NODEID><NODETYPE maxvalue="WFINPUT">INPUT</NODETYPE><TITLE>REOPEN?</TITLE><WFNODEID>15214</WFNODEID><XCOORDINATE>3</XCOORDINATE><YCOORDINATE>0</YCOORDINATE><WFINPUT><DISPLAYONE>0</DISPLAYONE><WFINPUTID>4321</WFINPUTID></WFINPUT><WFACTION><ACTION>SR QUEUED</ACTION><ACTIONID>483</ACTIONID><CONDITION></CONDITION><CONDITIONCLASS></CONDITIONCLASS><INSTRUCTION>Reopen Service Request.</INSTRUCTION><ISPOSITIVE>1</ISPOSITIVE><MEMBERNODEID>87</MEMBERNODEID><OWNERNODEID>85</OWNERNODEID><SEQUENCE>1</SEQUENCE><WFACTIONID>18123</WFACTIONID></WFACTION><WFACTION><ACTION></ACTION><ACTIONID>485</ACTIONID><CONDITION></CONDITION><CONDITIONCLASS></CONDITIONCLASS><INSTRUCTION>Exit Workflow.</INSTRUCTION><ISPOSITIVE>1</ISPOSITIVE><MEMBERNODEID>86</MEMBERNODEID><OWNERNODEID>85</OWNERNODEID><SEQUENCE>2</SEQUENCE><WFACTIONID>18124</WFACTIONID></WFACTION></WFNODE><WFNODE><DESCRIPTION>STOP 86</DESCRIPTION><DESCRIPTION_LONGDESCRIPTION></DESCRIPTION_LONGDESCRIPTION><HASLD>0</HASLD><IMAGEFILE></IMAGEFILE><LANGCODE>EN</LANGCODE><NODEID>86</NODEID><NODETYPE maxvalue="WFSTOP">STOP</NODETYPE><TITLE>STOP 86</TITLE><WFNODEID>15215</WFNODEID><XCOORDINATE>7</XCOORDINATE><YCOORDINATE>0</YCOORDINATE><WFSTOP><WFSTOPID>7110</WFSTOPID></WFSTOP></WFNODE><WFNODE><DESCRIPTION>STATUS-QUEUED</DESCRIPTION><DESCRIPTION_LONGDESCRIPTION></DESCRIPTION_LONGDESCRIPTION><HASLD>0</HASLD><IMAGEFILE></IMAGEFILE><LANGCODE>EN</LANGCODE><NODEID>87</NODEID><NODETYPE maxvalue="WFINTERACTION">INTERACTION</NODETYPE><TITLE>STATUS-QUEUED</TITLE><WFNODEID>15216</WFNODEID><XCOORDINATE>5</XCOORDINATE><YCOORDINATE>0</YCOORDINATE><WFACTION><ACTION></ACTION><ACTIONID>484</ACTIONID><CONDITION></CONDITION><CONDITIONCLASS></CONDITIONCLASS><INSTRUCTION>STOP 86</INSTRUCTION><ISPOSITIVE>1</ISPOSITIVE><MEMBERNODEID>86</MEMBERNODEID><OWNERNODEID>87</OWNERNODEID><SEQUENCE xsi:nil="true"></SEQUENCE><WFACTIONID>18125</WFACTIONID></WFACTION><WFINTERACTION><ACTION></ACTION><APP></APP><DIRECTIONS>Status Changed</DIRECTIONS><DIRECTIONS_LONGDESCRIPTION>Status has been changed to queued.</DIRECTIONS_LONGDESCRIPTION><HASLD>1</HASLD><LANGCODE>EN</LANGCODE><LAUNCHPROCESS></LAUNCHPROCESS><PAGE></PAGE><RELATION></RELATION><TABNAME></TABNAME><WFINTERACTIONID>6032</WFINTERACTIONID><LONGDESCRIPTION><CONTENTUID>762,433</CONTENTUID><LANGCODE>EN</LANGCODE><LDKEY>6032</LDKEY><LDOWNERCOL>DIRECTIONS</LDOWNERCOL><LDOWNERTABLE>WFINTERACTION</LDOWNERTABLE><LDTEXT>Status has been changed to queued.</LDTEXT><LONGDESCRIPTIONID>762433</LONGDESCRIPTIONID></LONGDESCRIPTION></WFINTERACTION></WFNODE></WFPROCESS></DMWFPROCESSSet></SyncDMWFPROCESS>