<?xml version="1.0" encoding="UTF-8"?><SyncDMMAXDOMAIN xmlns="http://www.ibm.com/maximo" xmlns:xsi="http://www.w3.org/2001/XMLSchema-instance" creationDateTime="2014-09-18T10:56:03+01:00" transLanguage="EN" baseLanguage="EN" messageID="141103416345932929" maximoVersion="7 5 20130829-1209 V7510--1"><DMMAXDOMAINSet><MAXDOMAIN action="AddChange"><DESCRIPTION>Invoice Issue Type</DESCRIPTION><DOMAINID>IRV_INVISSUE</DOMAINID><DOMAINTYPE maxvalue="ALN">ALN</DOMAINTYPE><INTERNAL>0</INTERNAL><LENGTH>20</LENGTH><MAXDOMAINID>12372</MAXDOMAINID><MAXTYPE>ALN</MAXTYPE><NEVERCACHE>0</NEVERCACHE><SCALE>0</SCALE><ALNDOMAIN><ALNDOMAINID>7976</ALNDOMAINID><DESCRIPTION>Invoice</DESCRIPTION><ORGID></ORGID><PLUSPCUSTOMER></PLUSPCUSTOMER><SITEID></SITEID><VALUE>INVOICE</VALUE><VALUEID>IRV_INVISSUE|INVOICE</VALUEID></ALNDOMAIN><ALNDOMAIN><ALNDOMAINID>7978</ALNDOMAINID><DESCRIPTION>Purchase Order</DESCRIPTION><ORGID></ORGID><PLUSPCUSTOMER></PLUSPCUSTOMER><SITEID></SITEID><VALUE>PO</VALUE><VALUEID>IRV_INVISSUE|PO</VALUEID></ALNDOMAIN><ALNDOMAIN><ALNDOMAINID>7977</ALNDOMAINID><DESCRIPTION>Receipt</DESCRIPTION><ORGID></ORGID><PLUSPCUSTOMER></PLUSPCUSTOMER><SITEID></SITEID><VALUE>RECEIPT</VALUE><VALUEID>IRV_INVISSUE|RECEIPT</VALUEID></ALNDOMAIN></MAXDOMAIN><MAXDOMAIN action="AddChange"><DESCRIPTION>Purchase Invoice Query Reason Code</DESCRIPTION><DOMAINID>IRV_PIREASON</DOMAINID><DOMAINTYPE maxvalue="ALN">ALN</DOMAINTYPE><INTERNAL>0</INTERNAL><LENGTH>15</LENGTH><MAXDOMAINID>11770</MAXDOMAINID><MAXTYPE>UPPER</MAXTYPE><NEVERCACHE>0</NEVERCACHE><SCALE>0</SCALE><ALNDOMAIN><ALNDOMAINID>6873</ALNDOMAINID><DESCRIPTION>Agency Query</DESCRIPTION><ORGID></ORGID><PLUSPCUSTOMER></PLUSPCUSTOMER><SITEID></SITEID><VALUE>AGENCY</VALUE><VALUEID>IRV_PIREASON|AGENCY</VALUEID></ALNDOMAIN><ALNDOMAIN><ALNDOMAINID>6874</ALNDOMAINID><DESCRIPTION>AP Qurey</DESCRIPTION><ORGID></ORGID><PLUSPCUSTOMER></PLUSPCUSTOMER><SITEID></SITEID><VALUE>APQUERY</VALUE><VALUEID>IRV_PIREASON|APQUERY</VALUEID></ALNDOMAIN><ALNDOMAIN><ALNDOMAINID>6875</ALNDOMAINID><DESCRIPTION>Cancelled Invoice</DESCRIPTION><ORGID></ORGID><PLUSPCUSTOMER></PLUSPCUSTOMER><SITEID></SITEID><VALUE>CANCEL</VALUE><VALUEID>IRV_PIREASON|CANCEL</VALUEID></ALNDOMAIN><ALNDOMAIN><ALNDOMAINID>8176</ALNDOMAINID><DESCRIPTION>Invoice Cancel Required</DESCRIPTION><ORGID></ORGID><PLUSPCUSTOMER></PLUSPCUSTOMER><SITEID></SITEID><VALUE>CANREQ</VALUE><VALUEID>IRV_PIREASON|CANREQ</VALUEID></ALNDOMAIN><ALNDOMAIN><ALNDOMAINID>6876</ALNDOMAINID><DESCRIPTION>Catering Query</DESCRIPTION><ORGID></ORGID><PLUSPCUSTOMER></PLUSPCUSTOMER><SITEID></SITEID><VALUE>CATERING</VALUE><VALUEID>IRV_PIREASON|CATERING</VALUEID></ALNDOMAIN><ALNDOMAIN><ALNDOMAINID>8178</ALNDOMAINID><DESCRIPTION>Waiting for Credit Note.</DESCRIPTION><ORGID></ORGID><PLUSPCUSTOMER></PLUSPCUSTOMER><SITEID></SITEID><VALUE>CREDWAIT</VALUE><VALUEID>IRV_PIREASON|CREDWAIT</VALUEID></ALNDOMAIN><ALNDOMAIN><ALNDOMAINID>6877</ALNDOMAINID><DESCRIPTION>Duplicate PO</DESCRIPTION><ORGID></ORGID><PLUSPCUSTOMER></PLUSPCUSTOMER><SITEID></SITEID><VALUE>DUPLICATE</VALUE><VALUEID>IRV_PIREASON|DUPLICATE</VALUEID></ALNDOMAIN><ALNDOMAIN><ALNDOMAINID>6878</ALNDOMAINID><DESCRIPTION>Engineer Manager Query</DESCRIPTION><ORGID></ORGID><PLUSPCUSTOMER></PLUSPCUSTOMER><SITEID></SITEID><VALUE>ENGRMGR</VALUE><VALUEID>IRV_PIREASON|ENGRMGR</VALUEID></ALNDOMAIN><ALNDOMAIN><ALNDOMAINID>6879</ALNDOMAINID><DESCRIPTION>ESTREQ/Projects Query</DESCRIPTION><ORGID></ORGID><PLUSPCUSTOMER></PLUSPCUSTOMER><SITEID></SITEID><VALUE>ESTREQ</VALUE><VALUEID>IRV_PIREASON|ESTREQ</VALUEID></ALNDOMAIN><ALNDOMAIN><ALNDOMAINID>6880</ALNDOMAINID><DESCRIPTION>FOC - Missing or Incorrect Invoice</DESCRIPTION><ORGID></ORGID><PLUSPCUSTOMER></PLUSPCUSTOMER><SITEID></SITEID><VALUE>FOC-INCORR INV</VALUE><VALUEID>IRV_PIREASON|FOC-INCORR INV</VALUEID></ALNDOMAIN><ALNDOMAIN><ALNDOMAINID>6881</ALNDOMAINID><DESCRIPTION>GRN - Invoice Exceeds PO (Receipts Required)</DESCRIPTION><ORGID></ORGID><PLUSPCUSTOMER></PLUSPCUSTOMER><SITEID></SITEID><VALUE>GRN-INVEXPO</VALUE><VALUEID>IRV_PIREASON|GRN-INVEXPO</VALUEID></ALNDOMAIN><ALNDOMAIN><ALNDOMAINID>6882</ALNDOMAINID><DESCRIPTION>GRN - Receipts Mis-match</DESCRIPTION><ORGID></ORGID><PLUSPCUSTOMER></PLUSPCUSTOMER><SITEID></SITEID><VALUE>GRN-REC MIS-MAT</VALUE><VALUEID>IRV_PIREASON|GRN-REC MIS-MAT</VALUEID></ALNDOMAIN><ALNDOMAIN><ALNDOMAINID>6883</ALNDOMAINID><DESCRIPTION>GRN - Receipts Required as PO not receipted</DESCRIPTION><ORGID></ORGID><PLUSPCUSTOMER></PLUSPCUSTOMER><SITEID></SITEID><VALUE>GRN-RECEIPT REQ</VALUE><VALUEID>IRV_PIREASON|GRN-RECEIPT REQ</VALUEID></ALNDOMAIN><ALNDOMAIN><ALNDOMAINID>6884</ALNDOMAINID><DESCRIPTION>Helpdesk Query</DESCRIPTION><ORGID></ORGID><PLUSPCUSTOMER></PLUSPCUSTOMER><SITEID></SITEID><VALUE>HELPDESK</VALUE><VALUEID>IRV_PIREASON|HELPDESK</VALUEID></ALNDOMAIN><ALNDOMAIN><ALNDOMAINID>6885</ALNDOMAINID><DESCRIPTION>IT Issue - PO Closed Automatically</DESCRIPTION><ORGID></ORGID><PLUSPCUSTOMER></PLUSPCUSTOMER><SITEID></SITEID><VALUE>IT-PO CLOSE AUT</VALUE><VALUEID>IRV_PIREASON|IT-PO CLOSE AUT</VALUEID></ALNDOMAIN><ALNDOMAIN><ALNDOMAINID>6886</ALNDOMAINID><DESCRIPTION>IT Issue - PO Closed Manual</DESCRIPTION><ORGID></ORGID><PLUSPCUSTOMER></PLUSPCUSTOMER><SITEID></SITEID><VALUE>IT-PO CLOSE MAN</VALUE><VALUEID>IRV_PIREASON|IT-PO CLOSE MAN</VALUEID></ALNDOMAIN><ALNDOMAIN><ALNDOMAINID>6887</ALNDOMAINID><DESCRIPTION>IT Issue - Receipts Complete even though PO value not reached</DESCRIPTION><ORGID></ORGID><PLUSPCUSTOMER></PLUSPCUSTOMER><SITEID></SITEID><VALUE>IT-RECEIPT COMP</VALUE><VALUEID>IRV_PIREASON|IT-RECEIPT COMP</VALUEID></ALNDOMAIN><ALNDOMAIN><ALNDOMAINID>8076</ALNDOMAINID><DESCRIPTION>No invoice lines entered.</DESCRIPTION><ORGID></ORGID><PLUSPCUSTOMER></PLUSPCUSTOMER><SITEID></SITEID><VALUE>NOINVLINES</VALUE><VALUEID>IRV_PIREASON|NOINVLINES</VALUEID></ALNDOMAIN><ALNDOMAIN><ALNDOMAINID>8081</ALNDOMAINID><DESCRIPTION>One or more Material lines are missing receipts.</DESCRIPTION><ORGID></ORGID><PLUSPCUSTOMER></PLUSPCUSTOMER><SITEID></SITEID><VALUE>NOMATREC</VALUE><VALUEID>IRV_PIREASON|NOMATREC</VALUEID></ALNDOMAIN><ALNDOMAIN><ALNDOMAINID>8078</ALNDOMAINID><DESCRIPTION>No PO entered on invoice.</DESCRIPTION><ORGID></ORGID><PLUSPCUSTOMER></PLUSPCUSTOMER><SITEID></SITEID><VALUE>NOPO</VALUE><VALUEID>IRV_PIREASON|NOPO</VALUEID></ALNDOMAIN><ALNDOMAIN><ALNDOMAINID>8082</ALNDOMAINID><DESCRIPTION>One or more Service lines are missing receipts.</DESCRIPTION><ORGID></ORGID><PLUSPCUSTOMER></PLUSPCUSTOMER><SITEID></SITEID><VALUE>NOSERVREC</VALUE><VALUEID>IRV_PIREASON|NOSERVREC</VALUEID></ALNDOMAIN><ALNDOMAIN><ALNDOMAINID>8077</ALNDOMAINID><DESCRIPTION>No tax code on invoice line.</DESCRIPTION><ORGID></ORGID><PLUSPCUSTOMER></PLUSPCUSTOMER><SITEID></SITEID><VALUE>NOTAXCODE</VALUE><VALUEID>IRV_PIREASON|NOTAXCODE</VALUEID></ALNDOMAIN><ALNDOMAIN><ALNDOMAINID>6888</ALNDOMAINID><DESCRIPTION>Other Query</DESCRIPTION><ORGID></ORGID><PLUSPCUSTOMER></PLUSPCUSTOMER><SITEID></SITEID><VALUE>OTHER</VALUE><VALUEID>IRV_PIREASON|OTHER</VALUEID></ALNDOMAIN><ALNDOMAIN><ALNDOMAINID>8080</ALNDOMAINID><DESCRIPTION>Material invoice lines have greater quantity than the PO.</DESCRIPTION><ORGID></ORGID><PLUSPCUSTOMER></PLUSPCUSTOMER><SITEID></SITEID><VALUE>OVERMATQTY</VALUE><VALUEID>IRV_PIREASON|OVERMATQTY</VALUEID></ALNDOMAIN><ALNDOMAIN><ALNDOMAINID>8083</ALNDOMAINID><DESCRIPTION>One or more Material lines are over the receipted quantity.</DESCRIPTION><ORGID></ORGID><PLUSPCUSTOMER></PLUSPCUSTOMER><SITEID></SITEID><VALUE>OVERMATRECQTY</VALUE><VALUEID>IRV_PIREASON|OVERMATRECQTY</VALUEID></ALNDOMAIN><ALNDOMAIN><ALNDOMAINID>8084</ALNDOMAINID><DESCRIPTION>One or more Service lines are over the receipted cost.</DESCRIPTION><ORGID></ORGID><PLUSPCUSTOMER></PLUSPCUSTOMER><SITEID></SITEID><VALUE>OVERSERVRECQTY</VALUE><VALUEID>IRV_PIREASON|OVERSERVRECQTY</VALUEID></ALNDOMAIN><ALNDOMAIN><ALNDOMAINID>8085</ALNDOMAINID><DESCRIPTION>Over 2.5% / £20  Tollerance</DESCRIPTION><ORGID></ORGID><PLUSPCUSTOMER></PLUSPCUSTOMER><SITEID></SITEID><VALUE>OVERTOL</VALUE><VALUEID>IRV_PIREASON|OVERTOL</VALUEID></ALNDOMAIN><ALNDOMAIN><ALNDOMAINID>6889</ALNDOMAINID><DESCRIPTION>PO Status = Complete</DESCRIPTION><ORGID></ORGID><PLUSPCUSTOMER></PLUSPCUSTOMER><SITEID></SITEID><VALUE>PO-COMPLETE</VALUE><VALUEID>IRV_PIREASON|PO-COMPLETE</VALUEID></ALNDOMAIN><ALNDOMAIN><ALNDOMAINID>8079</ALNDOMAINID><DESCRIPTION>PO status is incorrect.</DESCRIPTION><ORGID></ORGID><PLUSPCUSTOMER></PLUSPCUSTOMER><SITEID></SITEID><VALUE>POSTATUS</VALUE><VALUEID>IRV_PIREASON|POSTATUS</VALUEID></ALNDOMAIN><ALNDOMAIN><ALNDOMAINID>6890</ALNDOMAINID><DESCRIPTION>PO - Tolerance lees than £10</DESCRIPTION><ORGID></ORGID><PLUSPCUSTOMER></PLUSPCUSTOMER><SITEID></SITEID><VALUE>PO-TOL SMALL</VALUE><VALUEID>IRV_PIREASON|PO-TOL SMALL</VALUEID></ALNDOMAIN><ALNDOMAIN><ALNDOMAINID>6891</ALNDOMAINID><DESCRIPTION>PO - Tolerance</DESCRIPTION><ORGID></ORGID><PLUSPCUSTOMER></PLUSPCUSTOMER><SITEID></SITEID><VALUE>PO-TOLERANCE</VALUE><VALUEID>IRV_PIREASON|PO-TOLERANCE</VALUEID></ALNDOMAIN><ALNDOMAIN><ALNDOMAINID>6892</ALNDOMAINID><DESCRIPTION>PO - Has not been authorised</DESCRIPTION><ORGID></ORGID><PLUSPCUSTOMER></PLUSPCUSTOMER><SITEID></SITEID><VALUE>PO-UNAUTHORISED</VALUE><VALUEID>IRV_PIREASON|PO-UNAUTHORISED</VALUEID></ALNDOMAIN><ALNDOMAIN><ALNDOMAINID>6893</ALNDOMAINID><DESCRIPTION>PPM Query</DESCRIPTION><ORGID></ORGID><PLUSPCUSTOMER></PLUSPCUSTOMER><SITEID></SITEID><VALUE>PPM</VALUE><VALUEID>IRV_PIREASON|PPM</VALUEID></ALNDOMAIN><ALNDOMAIN><ALNDOMAINID>6894</ALNDOMAINID><DESCRIPTION>Quantity Amendment</DESCRIPTION><ORGID></ORGID><PLUSPCUSTOMER></PLUSPCUSTOMER><SITEID></SITEID><VALUE>QTYAMEND</VALUE><VALUEID>IRV_PIREASON|QTYAMEND</VALUEID></ALNDOMAIN><ALNDOMAIN><ALNDOMAINID>6895</ALNDOMAINID><DESCRIPTION>Scheduled Services Query</DESCRIPTION><ORGID></ORGID><PLUSPCUSTOMER></PLUSPCUSTOMER><SITEID></SITEID><VALUE>SCHEDSERV</VALUE><VALUEID>IRV_PIREASON|SCHEDSERV</VALUEID></ALNDOMAIN><ALNDOMAIN><ALNDOMAINID>6896</ALNDOMAINID><DESCRIPTION>Supplier - CIS Split needs amending</DESCRIPTION><ORGID></ORGID><PLUSPCUSTOMER></PLUSPCUSTOMER><SITEID></SITEID><VALUE>SUP-CIS SPLIT</VALUE><VALUEID>IRV_PIREASON|SUP-CIS SPLIT</VALUEID></ALNDOMAIN><ALNDOMAIN><ALNDOMAINID>6897</ALNDOMAINID><DESCRIPTION>Supplier - Duplicate Invoice presented by the supplier</DESCRIPTION><ORGID></ORGID><PLUSPCUSTOMER></PLUSPCUSTOMER><SITEID></SITEID><VALUE>SUP-DUPLI INV</VALUE><VALUEID>IRV_PIREASON|SUP-DUPLI INV</VALUEID></ALNDOMAIN><ALNDOMAIN><ALNDOMAINID>6898</ALNDOMAINID><DESCRIPTION>Supplier - Increase PO value query</DESCRIPTION><ORGID></ORGID><PLUSPCUSTOMER></PLUSPCUSTOMER><SITEID></SITEID><VALUE>SUP-INCREASE PO</VALUE><VALUEID>IRV_PIREASON|SUP-INCREASE PO</VALUEID></ALNDOMAIN><ALNDOMAIN><ALNDOMAINID>6899</ALNDOMAINID><DESCRIPTION>Supplier - Invoice Awaiting a Credit Note</DESCRIPTION><ORGID></ORGID><PLUSPCUSTOMER></PLUSPCUSTOMER><SITEID></SITEID><VALUE>SUP-INV AWAITCN</VALUE><VALUEID>IRV_PIREASON|SUP-INV AWAITCN</VALUEID></ALNDOMAIN><ALNDOMAIN><ALNDOMAINID>6900</ALNDOMAINID><DESCRIPTION>Supplier - Invoice Exceeds Quote</DESCRIPTION><ORGID></ORGID><PLUSPCUSTOMER></PLUSPCUSTOMER><SITEID></SITEID><VALUE>SUP-INVEXQUOTE</VALUE><VALUEID>IRV_PIREASON|SUP-INVEXQUOTE</VALUEID></ALNDOMAIN><ALNDOMAIN><ALNDOMAINID>6901</ALNDOMAINID><DESCRIPTION>Supplier - Invoice Requires Credit Note</DESCRIPTION><ORGID></ORGID><PLUSPCUSTOMER></PLUSPCUSTOMER><SITEID></SITEID><VALUE>SUP-INVREQCN</VALUE><VALUEID>IRV_PIREASON|SUP-INVREQCN</VALUEID></ALNDOMAIN><ALNDOMAIN><ALNDOMAINID>6902</ALNDOMAINID><DESCRIPTION>Supplier - No Call Out charge added</DESCRIPTION><ORGID></ORGID><PLUSPCUSTOMER></PLUSPCUSTOMER><SITEID></SITEID><VALUE>SUP-NO CALL OUT</VALUE><VALUEID>IRV_PIREASON|SUP-NO CALL OUT</VALUEID></ALNDOMAIN><ALNDOMAIN><ALNDOMAINID>6903</ALNDOMAINID><DESCRIPTION>No Quote supplied by the supplier has been Approved</DESCRIPTION><ORGID></ORGID><PLUSPCUSTOMER></PLUSPCUSTOMER><SITEID></SITEID><VALUE>SUP-NO QUOT APP</VALUE><VALUEID>IRV_PIREASON|SUP-NO QUOT APP</VALUEID></ALNDOMAIN><ALNDOMAIN><ALNDOMAINID>6904</ALNDOMAINID><DESCRIPTION>No Quote has been supplied by the supplier</DESCRIPTION><ORGID></ORGID><PLUSPCUSTOMER></PLUSPCUSTOMER><SITEID></SITEID><VALUE>SUP-NO QUOTE</VALUE><VALUEID>IRV_PIREASON|SUP-NO QUOTE</VALUEID></ALNDOMAIN><ALNDOMAIN><ALNDOMAINID>6905</ALNDOMAINID><DESCRIPTION>Suppier - No PO (WO information Only)</DESCRIPTION><ORGID></ORGID><PLUSPCUSTOMER></PLUSPCUSTOMER><SITEID></SITEID><VALUE>SUP-NOPO (WO)</VALUE><VALUEID>IRV_PIREASON|SUP-NOPO (WO)</VALUEID></ALNDOMAIN><ALNDOMAIN><ALNDOMAINID>6906</ALNDOMAINID><DESCRIPTION>Supplier - No PO or WO information supplied</DESCRIPTION><ORGID></ORGID><PLUSPCUSTOMER></PLUSPCUSTOMER><SITEID></SITEID><VALUE>SUP-NOPO OR WO</VALUE><VALUEID>IRV_PIREASON|SUP-NOPO OR WO</VALUEID></ALNDOMAIN><ALNDOMAIN><ALNDOMAINID>6907</ALNDOMAINID><DESCRIPTION>Supplier - No Quote  supplied by Materials supplier (WO Only)</DESCRIPTION><ORGID></ORGID><PLUSPCUSTOMER></PLUSPCUSTOMER><SITEID></SITEID><VALUE>SUP-NOQTEMAT WO</VALUE><VALUEID>IRV_PIREASON|SUP-NOQTEMAT WO</VALUEID></ALNDOMAIN><ALNDOMAIN><ALNDOMAINID>6908</ALNDOMAINID><DESCRIPTION>Waiting for a Supplier - POD</DESCRIPTION><ORGID></ORGID><PLUSPCUSTOMER></PLUSPCUSTOMER><SITEID></SITEID><VALUE>SUPPLIER-POD</VALUE><VALUEID>IRV_PIREASON|SUPPLIER-POD</VALUEID></ALNDOMAIN><ALNDOMAIN><ALNDOMAINID>6909</ALNDOMAINID><DESCRIPTION>Supplier - PO Error HIRE/AGENCY</DESCRIPTION><ORGID></ORGID><PLUSPCUSTOMER></PLUSPCUSTOMER><SITEID></SITEID><VALUE>SUP-PO ERRHI/AG</VALUE><VALUEID>IRV_PIREASON|SUP-PO ERRHI/AG</VALUEID></ALNDOMAIN><ALNDOMAIN><ALNDOMAINID>6910</ALNDOMAINID><DESCRIPTION>Supplier - Scan error - wrong supplier</DESCRIPTION><ORGID></ORGID><PLUSPCUSTOMER></PLUSPCUSTOMER><SITEID></SITEID><VALUE>SUP-SCAN ERROR</VALUE><VALUEID>IRV_PIREASON|SUP-SCAN ERROR</VALUEID></ALNDOMAIN><ALNDOMAIN><ALNDOMAINID>8177</ALNDOMAINID><DESCRIPTION>Missing Telerance Approval Group.</DESCRIPTION><ORGID></ORGID><PLUSPCUSTOMER></PLUSPCUSTOMER><SITEID></SITEID><VALUE>TOLAPPRGRP</VALUE><VALUEID>IRV_PIREASON|TOLAPPRGRP</VALUEID></ALNDOMAIN><ALNDOMAIN><ALNDOMAINID>6911</ALNDOMAINID><DESCRIPTION>Vendor Query</DESCRIPTION><ORGID></ORGID><PLUSPCUSTOMER></PLUSPCUSTOMER><SITEID></SITEID><VALUE>VENDOR</VALUE><VALUEID>IRV_PIREASON|VENDOR</VALUEID></ALNDOMAIN><ALNDOMAIN><ALNDOMAINID>6912</ALNDOMAINID><DESCRIPTION>Wating Credit Note</DESCRIPTION><ORGID></ORGID><PLUSPCUSTOMER></PLUSPCUSTOMER><SITEID></SITEID><VALUE>WCRN</VALUE><VALUEID>IRV_PIREASON|WCRN</VALUEID></ALNDOMAIN></MAXDOMAIN><MAXDOMAIN action="AddChange"><DESCRIPTION>PO Approval Type</DESCRIPTION><DOMAINID>IRV_POTYPE</DOMAINID><DOMAINTYPE maxvalue="ALN">ALN</DOMAINTYPE><INTERNAL>0</INTERNAL><LENGTH>50</LENGTH><MAXDOMAINID>12273</MAXDOMAINID><MAXTYPE>ALN</MAXTYPE><NEVERCACHE>0</NEVERCACHE><SCALE>0</SCALE><ALNDOMAIN><ALNDOMAINID>7880</ALNDOMAINID><DESCRIPTION>Agency</DESCRIPTION><ORGID></ORGID><PLUSPCUSTOMER></PLUSPCUSTOMER><SITEID></SITEID><VALUE>AGENCY</VALUE><VALUEID>IRV_POTYPE|AGENCY</VALUEID></ALNDOMAIN><ALNDOMAIN><ALNDOMAINID>7879</ALNDOMAINID><DESCRIPTION>Catering</DESCRIPTION><ORGID></ORGID><PLUSPCUSTOMER></PLUSPCUSTOMER><SITEID></SITEID><VALUE>CATERING</VALUE><VALUEID>IRV_POTYPE|CATERING</VALUEID></ALNDOMAIN><ALNDOMAIN><ALNDOMAINID>7883</ALNDOMAINID><DESCRIPTION>Other</DESCRIPTION><ORGID></ORGID><PLUSPCUSTOMER></PLUSPCUSTOMER><SITEID></SITEID><VALUE>OTHER</VALUE><VALUEID>IRV_POTYPE|OTHER</VALUEID></ALNDOMAIN><ALNDOMAIN><ALNDOMAINID>7881</ALNDOMAINID><DESCRIPTION>PPM (Hard Services)</DESCRIPTION><ORGID></ORGID><PLUSPCUSTOMER></PLUSPCUSTOMER><SITEID></SITEID><VALUE>PPM</VALUE><VALUEID>IRV_POTYPE|PPM</VALUEID></ALNDOMAIN><ALNDOMAIN><ALNDOMAINID>7878</ALNDOMAINID><DESCRIPTION>Project/Estimate Required</DESCRIPTION><ORGID></ORGID><PLUSPCUSTOMER></PLUSPCUSTOMER><SITEID></SITEID><VALUE>PROJECT</VALUE><VALUEID>IRV_POTYPE|PROJECT</VALUEID></ALNDOMAIN><ALNDOMAIN><ALNDOMAINID>7877</ALNDOMAINID><DESCRIPTION>Reactive</DESCRIPTION><ORGID></ORGID><PLUSPCUSTOMER></PLUSPCUSTOMER><SITEID></SITEID><VALUE>REACTIVE</VALUE><VALUEID>IRV_POTYPE|REACTIVE</VALUEID></ALNDOMAIN><ALNDOMAIN><ALNDOMAINID>7882</ALNDOMAINID><DESCRIPTION>Scheduled (Soft Services)</DESCRIPTION><ORGID></ORGID><PLUSPCUSTOMER></PLUSPCUSTOMER><SITEID></SITEID><VALUE>SCHEDULED</VALUE><VALUEID>IRV_POTYPE|SCHEDULED</VALUEID></ALNDOMAIN></MAXDOMAIN></DMMAXDOMAINSet></SyncDMMAXDOMAIN>