<?xml version="1.0" encoding="UTF-8"?><SyncDMSCRIPT xmlns="http://www.ibm.com/maximo" xmlns:xsi="http://www.w3.org/2001/XMLSchema-instance" creationDateTime="2014-10-18T13:42:40+01:00" transLanguage="EN" baseLanguage="EN" messageID="141363616012088463" maximoVersion="7 5 20130829-1209 V7510--1"><DMSCRIPTSet><AUTOSCRIPT action="AddChange"><ACTION></ACTION><AUTOSCRIPT>IRV_INVVAL</AUTOSCRIPT><AUTOSCRIPTID>2664</AUTOSCRIPTID><BINARYSCRIPTSOURCE></BINARYSCRIPTSOURCE><CATEGORY></CATEGORY><CHANGEBY>TIMMINSA</CHANGEBY><CHANGEDATE>2014-10-18T13:36:24+01:00</CHANGEDATE><COMMENTS></COMMENTS><CREATEDBY>TIMMINSA</CREATEDBY><CREATEDBYEMAIL>Andrew.Timmins@interservefm.com</CREATEDBYEMAIL><CREATEDBYID></CREATEDBYID><CREATEDBYNAME></CREATEDBYNAME><CREATEDBYPHONE></CREATEDBYPHONE><CREATEDDATE>2014-09-08T17:06:57+01:00</CREATEDDATE><DESCRIPTION>Invoice Validation</DESCRIPTION><LOGLEVEL>ERROR</LOGLEVEL><ORGID></ORGID><OWNER>TIMMINSA</OWNER><OWNEREMAIL>Andrew.Timmins@interservefm.com</OWNEREMAIL><OWNERID></OWNERID><OWNERNAME></OWNERNAME><OWNERPHONE></OWNERPHONE><SCHEDULEDSTATUS></SCHEDULEDSTATUS><SCRIPTLANGUAGE>jython</SCRIPTLANGUAGE><SITEID></SITEID><SOURCE>from psdi.server import MXServer
from psdi.mbo import MboConstants 
from psdi.mbo import SqlFormat
from java.text import DecimalFormat

df = DecimalFormat("#.00")


mxServer = MXServer.getMXServer()
userInfo = mbo.getUserInfo()

errorDetected = False
##Procurement Validation 1###

##Missing PO
if errorDetected == False:	
    if mbo.isNull("PONUM") == True:
        mbo.setValue("IRV_ISSUETYPE","PO")
        mbo.setValue("IRV_REASONCODE","NOPO")
        errorDetected = True

##PO Status	
if errorDetected == False:	
    poSet = mbo.getMboSet("PO")
    poSet.setWhere("status in ('APPR')")
    poSet.reset()
    if poSet.count() == 0:
        mbo.setValue("IRV_ISSUETYPE","PO")
        mbo.setValue("IRV_REASONCODE","POSTATUS")
	errorDetected = True


		
##AP Clerk Validation ###

##Validate invoice lines exist &amp; tax code is on all lines.


if errorDetected == False:  
    invoiceLineSet = mbo.getMboSet("INVOICELINE")
	
    if invoiceLineSet.count() == 0:
        mbo.setValue("IRV_ISSUETYPE","RECEIPT")
        mbo.setValue("IRV_REASONCODE","NOINVLINES")
        errorDetected = True

		
if errorDetected == False: 
    invoiceLineSet.setWhere("TAX1CODE is null")
    invoiceLineSet.reset()

    if invoiceLineSet.count() &gt; 0:
        mbo.setValue("IRV_ISSUETYPE","INVOICE")
        mbo.setValue("IRV_REASONCODE","NOTAXCODE")
	errorDetected = True
    
    invoiceLineSet.setWhere("1=1")
    invoiceLineSet.reset()
		
		
##Procurement Validation 2###


##PO MATERIAL QTY	
if errorDetected == False:	
        poSet = mbo.getMboSet("PO")	
	poLineSet = poSet.getMbo(0).getMboSet("POLINE")
        poLineSet.setWhere("LINETYPE = 'MATERIAL' and ORDERQTY is not null")
	poLineSet.reset()
	poLineCount = poLineSet.count()
	
	##For each PO Line determine if the QTY has been breached.
        for i in range(poLineCount):
	    poLineMbo = poLineSet.getMbo(i)
	    poLineQTY = poLineSet.getMbo(i).getDouble("ORDERQTY")
		
	    invLineSet = poLineMbo.getMboSet("INVOICELINE");


	    sqf1 = SqlFormat("invoiceqty &gt; 0 and  exists(select 1 from invoice where status in ('ENTERED','EXPORTED','APPR') and invoice.invoicenum = invoiceline.invoicenum)")
            invLineSet.setWhere(sqf1.format())
            invLineSet.reset()
            invLineCount = invLineSet.count()
            
            invLineQTYCount = 0

            for h in range(invLineCount):            

                invLineQTYCount  +=  invLineSet.getMbo(h).getDouble("INVOICEQTY")
             

            if invLineQTYCount &gt; poLineQTY:
                mbo.setValue("IRV_ISSUETYPE","RECEIPT")
                mbo.setValue("IRV_REASONCODE","OVERMATQTY")
	        errorDetected = True


##Receipts  Validation ###


##PO Material Receipts Exist
if errorDetected == False:	
        poSet = mbo.getMboSet("PO")	
	poLineSet = poSet.getMbo(0).getMboSet("POLINE")
        poLineSet.setWhere("LINETYPE = 'MATERIAL' and ORDERQTY is not null")
	poLineSet.reset()
	poLineCount = poLineSet.count()
	
	##For each PO Line determine if the QTY has been breached.
        for i in range(poLineCount):
	    poLineMbo = poLineSet.getMbo(i)		
	    matRecTransSet = poLineMbo.getMboSet("MATRECTRANS");

            invLineSet = poLineMbo.getMboSet("INVOICELINE")
            invLineCount = invLineSet.count()
            if invLineCount &gt; 0:
	        sqf1 = SqlFormat("issuetype = 'RECEIPT' and quantity &gt; 0 and quantity is not null")
                matRecTransSet.setWhere(sqf1.format())
                matRecTransSet.reset()
                matRecTransCount= matRecTransSet.count()             

                if matRecTransCount == 0:
                    mbo.setValue("IRV_ISSUETYPE","RECEIPT")
                    mbo.setValue("IRV_REASONCODE","NOMATREC")
	            errorDetected = True

##PO Service Receipts Exist
if errorDetected == False:	
        poSet = mbo.getMboSet("PO")	
	poLineSet = poSet.getMbo(0).getMboSet("POLINE")
        poLineSet.setWhere("LINETYPE = 'SERVICE' and linecost &gt; 0 and linecost is not null")
	poLineSet.reset()
	poLineCount = poLineSet.count()
	
	##For each PO Line determine if the QTY has been breached.\
        for i in range(poLineCount):
	    poLineMbo = poLineSet.getMbo(i)

            invLineSet = poLineMbo.getMboSet("INVOICELINE")
            invLineCount = invLineSet.count()
            if invLineCount &gt; 0:
                servRecTransSet = poLineMbo.getMboSet("SERVRECTRANS");


	        sqf1 = SqlFormat("issuetype = 'RECEIPT' and linecost &gt; 0 and linecost is not null")
                servRecTransSet.setWhere(sqf1.format())
                servRecTransSet.reset()
                servRecTransCount= servRecTransSet.count()             

                if servRecTransCount== 0:
                    mbo.setValue("IRV_ISSUETYPE","RECEIPT")
                    mbo.setValue("IRV_REASONCODE","NOSERVREC")
	            errorDetected = True


##SUFFICIENT PO MATERIAL RECIEPTS	
if errorDetected == False:	
        poSet = mbo.getMboSet("PO")	
	poLineSet = poSet.getMbo(0).getMboSet("POLINE")
        poLineSet.setWhere("LINETYPE = 'MATERIAL' and ORDERQTY is not null")
	poLineSet.reset()
	poLineCount = poLineSet.count()
	
	##For each PO Line determine if the QTY has been breached.
        for i in range(poLineCount):
	    poLineMbo = poLineSet.getMbo(i)
	    poLineRecQTY = poLineSet.getMbo(i).getDouble("RECEIVEDQTY")
		
	    invLineSet = poLineMbo.getMboSet("INVOICELINE");


	    sqf1 = SqlFormat("invoiceqty &gt; 0 and  exists(select 1 from invoice where status in ('EXPORTED','APPR') and invoice.invoicenum = invoiceline.invoicenum)")
            invLineSet.setWhere(sqf1.format())
            invLineSet.reset()
            invLineCount = invLineSet.count()
            
            invLineQTYCount = 0

            for h in range(invLineCount):            

                invLineQTYCount  +=  invLineSet.getMbo(h).getDouble("INVOICEQTY")
             

            if  df.format(invLineQTYCount) &gt; df.format(poLineRecQTY):
                mbo.setValue("IRV_ISSUETYPE","RECEIPT")
                mbo.setValue("IRV_REASONCODE","OVERMATRECQTY")
	        errorDetected = True

##SUFFICIENT PO SERVICE RECIEPTS	
if errorDetected == False:	
        poSet = mbo.getMboSet("PO")	
	poLineSet = poSet.getMbo(0).getMboSet("POLINE")
        poLineSet.setWhere("LINETYPE = 'SERVICE' and linecost &gt; 0 and linecost is not null")
	poLineSet.reset()
	poLineCount = poLineSet.count()
	
	##For each PO Line determine if the QTY has been breached.
        for i in range(poLineCount):
	    poLineMbo = poLineSet.getMbo(i)
	    poLineRecCost = poLineSet.getMbo(i).getDouble("RECEIVEDTOTALCOST")
		
	    invLineSet = poLineMbo.getMboSet("INVOICELINE");


	    sqf1 = SqlFormat("linecost&gt; 0 and  exists(select 1 from invoice where status in ('EXPORTED','APPR') and invoice.invoicenum = invoiceline.invoicenum)")
            invLineSet.setWhere(sqf1.format())
            invLineSet.reset()
            invLineCount = invLineSet.count()
            
            invLineCostCount = 0

            for h in range(invLineCount):            

                invLineCostCount  +=  invLineSet.getMbo(h).getDouble("LINECOST")
             

            if (invLineCostCount &gt; (poLineRecCost * 1.025)) or (invLineCostCount &gt; (poLineRecCost + 20)) :
                mbo.setValue("IRV_ISSUETYPE","RECEIPT")
                mbo.setValue("IRV_REASONCODE","OVERSERVRECQTY")
	        errorDetected = True

##Tolerance Checking	
if errorDetected == False:	
        poSet = mbo.getMboSet("PO")	
	poLineSet = poSet.getMbo(0).getMboSet("POLINE")
        poLineSet.setWhere("linecost &gt; 0 and linecost is not null")
	poLineSet.reset()
	poLineCount = poLineSet.count()
	
	##For each PO Line determine if the cost has been breached.
        for i in range(poLineCount):
	    poLineMbo = poLineSet.getMbo(i)
	    poLineCost = poLineSet.getMbo(i).getDouble("LINECOST")
		
	    invLineSet = poLineMbo.getMboSet("INVOICELINE");


	    sqf1 = SqlFormat("linecost&gt; 0 and  exists(select 1 from invoice where status in ('ENTERED','EXPORTED','APPR') and invoice.invoicenum = invoiceline.invoicenum)")
            invLineSet.setWhere(sqf1.format())
            invLineSet.reset()
            invLineCount = invLineSet.count()
            
            invLineCostCount = 0

            for h in range(invLineCount):            

                invLineCostCount  +=  invLineSet.getMbo(h).getDouble("LINECOST")
             

            if (invLineCostCount &gt; (poLineCost *1.025)) or (invLineCostCount &gt; (poLineCost + 20)) :
                mbo.setValue("IRV_ISSUETYPE","PO")
                mbo.setValue("IRV_REASONCODE","OVERTOL")
	        errorDetected = True

if errorDetected == False:	
        totalcost1 =  mbo.getFloat("TOTALCOST")
        invLineSet = mbo.getMboSet("INVOICELINE")	
	invLineCount = invLineSet.count()
           
        invLineCostCount1 = 0

        for h in range(invLineCount):            

                invLineCostCount1  += invLineSet.getMbo(h).getFloat("LINECOST")  +   invLineSet.getMbo(h).getFloat("TAX1") 



        if  df.format(invLineCostCount1) != df.format(totalcost1) :
                mbo.setValue("IRV_ISSUETYPE","INVOICE")
                mbo.setValue("IRV_REASONCODE","INVHEADER")
	        errorDetected = True

if errorDetected == False:
    mbo.setValueNull("IRV_ISSUETYPE")
    mbo.setValueNull("IRV_REASONCODE")</SOURCE><STATUS maxvalue="Draft">Draft</STATUS><STATUSDATE>2014-09-08T17:06:57+01:00</STATUSDATE><USERDEFINED>1</USERDEFINED><VERSION></VERSION></AUTOSCRIPT></DMSCRIPTSet></SyncDMSCRIPT>