<?xml version="1.0" encoding="UTF-8"?><SyncDMPACKAGEDEF xmlns="http://www.ibm.com/maximo" xmlns:xsi="http://www.w3.org/2001/XMLSchema-instance" creationDateTime="2014-10-18T13:42:41+01:00" transLanguage="EN" baseLanguage="EN" messageID="1413636161635971906" maximoVersion="7 5 20130829-1209 V7510--1"><DMPACKAGEDEFSet><DMPACKAGEDEF><ACTIVE>0</ACTIVE><BATCHSIZE>100</BATCHSIZE><CHANGEBY>TIMMINSA</CHANGEBY><CHANGEDATE>2014-07-08T12:59:13+01:00</CHANGEDATE><CONTENTID>bfb65e4b-25ee-4729-a3af-05eca89594b9</CONTENTID><DESCRIPTION>Automation Script Package</DESCRIPTION><DESCRIPTION_LONGDESCRIPTION></DESCRIPTION_LONGDESCRIPTION><DMPACKAGEDEFID>309</DMPACKAGEDEFID><DMROLE></DMROLE><HASLD>0</HASLD><LANGCODE>EN</LANGCODE><PKGDEFNAME>BBC_SCRIPT</PKGDEFNAME><SOURCE>BBC-SQL-D01_BBCMAXSIT_dbo</SOURCE><STATUS maxvalue="APPR">APPR</STATUS><STATUSDATE>2014-07-08T13:02:22+01:00</STATUSDATE><TYPE maxvalue="SNAPSHOT">SNAPSHOT</TYPE><XMLACTION maxvalue="ADDCHANGE">AddChange</XMLACTION><DMPKGDEFSTATUS><CHANGEBY>TIMMINSA</CHANGEBY><CONTENTID>68405dda-1442-4579-842e-8c4824a7c82f</CONTENTID><DMPKGDEFSTATUSID>313</DMPKGDEFSTATUSID><MEMO></MEMO><STATUS maxvalue="APPR">APPR</STATUS><STATUSDATE>2014-07-08T13:02:00+01:00</STATUSDATE></DMPKGDEFSTATUS><DMPKGDEFSTATUS><CHANGEBY>TIMMINSA</CHANGEBY><CONTENTID>3a9ab379-0e80-4e1e-b73b-dfd4e7518de6</CONTENTID><DMPKGDEFSTATUSID>312</DMPKGDEFSTATUSID><MEMO></MEMO><STATUS maxvalue="WAPPR">WAPPR</STATUS><STATUSDATE>2014-07-08T12:59:00+01:00</STATUSDATE></DMPKGDEFSTATUS><DMPKGCFGGRPDEF><CFGOBJGROUP>SCRIPTCFG</CFGOBJGROUP><CONTENTID>799acc47-5608-42e2-abc9-db08c941011b</CONTENTID><DMPKGCFGGRPDEFID>408</DMPKGCFGGRPDEFID><DMPKGCFGOBJDEF><CFGOBJECT>DMSCRIPT</CFGOBJECT><CONTENTID>e6da6f5c-7070-44a9-8281-ddd8eb132b63</CONTENTID><DMPKGCFGOBJDEFID>307</DMPKGCFGOBJDEFID><WHERECLAUSE>autoscript in ('IRV_INVVAL')</WHERECLAUSE></DMPKGCFGOBJDEF><DMPKGCFGOBJDEF><CFGOBJECT>DMLAUNCHPOINT</CFGOBJECT><CONTENTID>9ac85002-520d-4681-850d-9a9bc0936bcc</CONTENTID><DMPKGCFGOBJDEFID>306</DMPKGCFGOBJDEFID><WHERECLAUSE>autoscript in ('IRV_INVVAL')</WHERECLAUSE></DMPKGCFGOBJDEF></DMPKGCFGGRPDEF><DMPKGDIST><CHANGEBY>TIMMINSA</CHANGEBY><CHANGEDATE>2014-07-08T13:03:25+01:00</CHANGEDATE><CONTENTID>a6f55df6-d376-4435-9da7-3e3a26c6fb9b</CONTENTID><DMPKGDISTID>303</DMPKGDISTID><TARGETNAME>IRVMMFOLDER</TARGETNAME></DMPKGDIST><DMPKGDIST><CHANGEBY>TIMMINSA</CHANGEBY><CHANGEDATE>2014-10-09T17:40:54+01:00</CHANGEDATE><CONTENTID>02f06d75-7a14-40c0-8c03-7c01eb1cbbed</CONTENTID><DMPKGDISTID>1308</DMPKGDISTID><TARGETNAME>BBC_DEP</TARGETNAME></DMPKGDIST></DMPACKAGEDEF></DMPACKAGEDEFSet></SyncDMPACKAGEDEF>