<?xml version="1.0" encoding="UTF-8"?><SyncDMMAXINTOBJECT xmlns="http://www.ibm.com/maximo" xmlns:xsi="http://www.w3.org/2001/XMLSchema-instance" creationDateTime="2014-09-03T09:49:06+01:00" transLanguage="EN" baseLanguage="EN" messageID="1409734146159666680" maximoVersion="7 5 20130829-1209 V7510--1"><DMMAXINTOBJECTSet><MAXINTOBJECT action="AddChange"><ALIASCONFLICT>0</ALIASCONFLICT><APP></APP><AUTHAPP></AUTHAPP><CHANGEBY>TIMMINSA</CHANGEBY><CHANGEDATE>2014-09-03T09:29:42+01:00</CHANGEDATE><CONFIGURABLE>1</CONFIGURABLE><DEFCLASS></DEFCLASS><DESCRIPTION>Classification Attributes</DESCRIPTION><DESCRIPTION_LONGDESCRIPTION></DESCRIPTION_LONGDESCRIPTION><FLATSUPPORTED>0</FLATSUPPORTED><HASLD>0</HASLD><INTOBJECTNAME>DMCLASSATTRIBUTE</INTOBJECTNAME><LANGCODE>EN</LANGCODE><MAXINTOBJECTID>6373</MAXINTOBJECTID><PROCCLASS></PROCCLASS><QUERYONLY>0</QUERYONLY><SELFREFERENCING>0</SELFREFERENCING><USERDEFINED>1</USERDEFINED><USEWITH>MIGRATIONMGR</USEWITH><MAXINTOBJDETAIL><ALTKEY></ALTKEY><CHANGEBY>TIMMINSA</CHANGEBY><CHANGEDATE>2014-09-03T09:29:44+01:00</CHANGEDATE><DELETEONCREATE>0</DELETEONCREATE><DESCRIPTION></DESCRIPTION><EXCLUDEPARENTKEY>0</EXCLUDEPARENTKEY><HIERARCHYPATH>ASSETATTRIBUTE</HIERARCHYPATH><MAXINTOBJDETAILID>11217</MAXINTOBJDETAILID><OBJECTID>1</OBJECTID><OBJECTNAME>ASSETATTRIBUTE</OBJECTNAME><OBJECTORDER>1</OBJECTORDER><PARENTOBJID xsi:nil="true"></PARENTOBJID><PARENTOBJNAME></PARENTOBJNAME><PROCESSORDER>1</PROCESSORDER><PROPAGATEEVENT>0</PROPAGATEEVENT><RELATION></RELATION><RELATIONCARDINALITY></RELATIONCARDINALITY><RELATIONJOINREQUIRED>0</RELATIONJOINREQUIRED><USERDEFINED>1</USERDEFINED></MAXINTOBJDETAIL></MAXINTOBJECT><MAXINTOBJECT action="AddChange"><ALIASCONFLICT>0</ALIASCONFLICT><APP></APP><AUTHAPP></AUTHAPP><CHANGEBY>TIMMINSA</CHANGEBY><CHANGEDATE>2014-09-03T09:30:52+01:00</CHANGEDATE><CONFIGURABLE>1</CONFIGURABLE><DEFCLASS></DEFCLASS><DESCRIPTION>Classification migration object for Migration Manager</DESCRIPTION><DESCRIPTION_LONGDESCRIPTION></DESCRIPTION_LONGDESCRIPTION><FLATSUPPORTED>0</FLATSUPPORTED><HASLD>0</HASLD><INTOBJECTNAME>DMCLASSIFICATION</INTOBJECTNAME><LANGCODE>EN</LANGCODE><MAXINTOBJECTID>545</MAXINTOBJECTID><PROCCLASS>psdi.dm.procclass.DMMaxClassificationProcess</PROCCLASS><QUERYONLY>0</QUERYONLY><SELFREFERENCING>0</SELFREFERENCING><USERDEFINED>0</USERDEFINED><USEWITH>MIGRATIONMGR</USEWITH><MAXINTOBJDETAIL><ALTKEY></ALTKEY><CHANGEBY>MAXIMO</CHANGEBY><CHANGEDATE>2014-01-08T19:28:36+00:00</CHANGEDATE><DELETEONCREATE>1</DELETEONCREATE><DESCRIPTION></DESCRIPTION><EXCLUDEPARENTKEY>1</EXCLUDEPARENTKEY><HIERARCHYPATH>CLASSSTRUCTURE</HIERARCHYPATH><MAXINTOBJDETAILID>1571</MAXINTOBJDETAILID><OBJECTID>1</OBJECTID><OBJECTNAME>CLASSSTRUCTURE</OBJECTNAME><OBJECTORDER>1</OBJECTORDER><PARENTOBJID xsi:nil="true"></PARENTOBJID><PARENTOBJNAME></PARENTOBJNAME><PROCESSORDER>1</PROCESSORDER><PROPAGATEEVENT>0</PROPAGATEEVENT><RELATION></RELATION><RELATIONCARDINALITY></RELATIONCARDINALITY><RELATIONJOINREQUIRED>0</RELATIONJOINREQUIRED><USERDEFINED>0</USERDEFINED><MAXINTOBJCOLS><CHANGEBY>MAXIMO</CHANGEBY><CHANGEDATE>2014-01-08T19:28:36+00:00</CHANGEDATE><INTOBJFLDTYPE>NONPERSISTENT</INTOBJFLDTYPE><MAXINTOBJCOLSID>3493</MAXINTOBJCOLSID><NAME>DESCRIPTION_LONGDESCRIPTION</NAME><OBJECTNAME>CLASSSTRUCTURE</OBJECTNAME></MAXINTOBJCOLS><MAXINTOBJCOLS><CHANGEBY>MAXIMO</CHANGEBY><CHANGEDATE>2014-01-08T19:28:36+00:00</CHANGEDATE><INTOBJFLDTYPE>NONPERSISTENT</INTOBJFLDTYPE><MAXINTOBJCOLSID>3492</MAXINTOBJCOLSID><NAME>HIERARCHYPATH</NAME><OBJECTNAME>CLASSSTRUCTURE</OBJECTNAME></MAXINTOBJCOLS></MAXINTOBJDETAIL><MAXINTOBJDETAIL><ALTKEY></ALTKEY><CHANGEBY>MAXIMO</CHANGEBY><CHANGEDATE>2014-01-08T19:28:36+00:00</CHANGEDATE><DELETEONCREATE>1</DELETEONCREATE><DESCRIPTION></DESCRIPTION><EXCLUDEPARENTKEY>1</EXCLUDEPARENTKEY><HIERARCHYPATH>CLASSSTRUCTURE/CLASSUSEWITH</HIERARCHYPATH><MAXINTOBJDETAILID>1572</MAXINTOBJDETAILID><OBJECTID>2</OBJECTID><OBJECTNAME>CLASSUSEWITH</OBJECTNAME><OBJECTORDER>1</OBJECTORDER><PARENTOBJID>1</PARENTOBJID><PARENTOBJNAME>CLASSSTRUCTURE</PARENTOBJNAME><PROCESSORDER>2</PROCESSORDER><PROPAGATEEVENT>0</PROPAGATEEVENT><RELATION>CLASSUSEWITH</RELATION><RELATIONCARDINALITY maxvalue="MULTIPLE">MULTIPLE</RELATIONCARDINALITY><RELATIONJOINREQUIRED>0</RELATIONJOINREQUIRED><USERDEFINED>0</USERDEFINED></MAXINTOBJDETAIL><MAXINTOBJDETAIL><ALTKEY></ALTKEY><CHANGEBY>MAXIMO</CHANGEBY><CHANGEDATE>2014-01-08T19:28:36+00:00</CHANGEDATE><DELETEONCREATE>1</DELETEONCREATE><DESCRIPTION></DESCRIPTION><EXCLUDEPARENTKEY>1</EXCLUDEPARENTKEY><HIERARCHYPATH>CLASSSTRUCTURE/CLASSSPEC</HIERARCHYPATH><MAXINTOBJDETAILID>1573</MAXINTOBJDETAILID><OBJECTID>3</OBJECTID><OBJECTNAME>CLASSSPEC</OBJECTNAME><OBJECTORDER>2</OBJECTORDER><PARENTOBJID>1</PARENTOBJID><PARENTOBJNAME>CLASSSTRUCTURE</PARENTOBJNAME><PROCESSORDER>3</PROCESSORDER><PROPAGATEEVENT>0</PROPAGATEEVENT><RELATION>CLASSSPEC</RELATION><RELATIONCARDINALITY maxvalue="MULTIPLE">MULTIPLE</RELATIONCARDINALITY><RELATIONJOINREQUIRED>0</RELATIONJOINREQUIRED><USERDEFINED>0</USERDEFINED><MAXINTOBJCOLS><CHANGEBY>MAXIMO</CHANGEBY><CHANGEDATE>2014-01-08T19:28:39+00:00</CHANGEDATE><INTOBJFLDTYPE>NONPERSISTENT</INTOBJFLDTYPE><MAXINTOBJCOLSID>3592</MAXINTOBJCOLSID><NAME>DATATYPE</NAME><OBJECTNAME>CLASSSPEC</OBJECTNAME></MAXINTOBJCOLS></MAXINTOBJDETAIL><MAXINTOBJDETAIL><ALTKEY></ALTKEY><CHANGEBY>MAXIMO</CHANGEBY><CHANGEDATE>2014-01-08T19:28:36+00:00</CHANGEDATE><DELETEONCREATE>1</DELETEONCREATE><DESCRIPTION></DESCRIPTION><EXCLUDEPARENTKEY>1</EXCLUDEPARENTKEY><HIERARCHYPATH>CLASSSTRUCTURE/CLASSSPEC/CLASSSPECUSEWITH</HIERARCHYPATH><MAXINTOBJDETAILID>1574</MAXINTOBJDETAILID><OBJECTID>5</OBJECTID><OBJECTNAME>CLASSSPECUSEWITH</OBJECTNAME><OBJECTORDER>1</OBJECTORDER><PARENTOBJID>3</PARENTOBJID><PARENTOBJNAME>CLASSSPEC</PARENTOBJNAME><PROCESSORDER>4</PROCESSORDER><PROPAGATEEVENT>0</PROPAGATEEVENT><RELATION>CLASSSPECUSEWITH</RELATION><RELATIONCARDINALITY maxvalue="MULTIPLE">MULTIPLE</RELATIONCARDINALITY><RELATIONJOINREQUIRED>0</RELATIONJOINREQUIRED><USERDEFINED>0</USERDEFINED></MAXINTOBJDETAIL><MAXINTOBJDETAIL><ALTKEY></ALTKEY><CHANGEBY>TIMMINSA</CHANGEBY><CHANGEDATE>2014-09-03T09:09:50+01:00</CHANGEDATE><DELETEONCREATE>1</DELETEONCREATE><DESCRIPTION></DESCRIPTION><EXCLUDEPARENTKEY>1</EXCLUDEPARENTKEY><HIERARCHYPATH>CLASSSTRUCTURE/LONGDESCRIPTION</HIERARCHYPATH><MAXINTOBJDETAILID>1575</MAXINTOBJDETAILID><OBJECTID>4</OBJECTID><OBJECTNAME>LONGDESCRIPTION</OBJECTNAME><OBJECTORDER>3</OBJECTORDER><PARENTOBJID>1</PARENTOBJID><PARENTOBJNAME>CLASSSTRUCTURE</PARENTOBJNAME><PROCESSORDER>6</PROCESSORDER><PROPAGATEEVENT>0</PROPAGATEEVENT><RELATION>LONGDESC</RELATION><RELATIONCARDINALITY maxvalue="SINGLE">SINGLE</RELATIONCARDINALITY><RELATIONJOINREQUIRED>0</RELATIONJOINREQUIRED><USERDEFINED>0</USERDEFINED></MAXINTOBJDETAIL></MAXINTOBJECT><MAXINTOBJECT action="AddChange"><ALIASCONFLICT>0</ALIASCONFLICT><APP></APP><AUTHAPP></AUTHAPP><CHANGEBY>RADBONM</CHANGEBY><CHANGEDATE>2014-09-01T17:02:10+01:00</CHANGEDATE><CONFIGURABLE>1</CONFIGURABLE><DEFCLASS>psdi.iface.app.location.MoutOperLocProcess</DEFCLASS><DESCRIPTION>Operation Location Definition</DESCRIPTION><DESCRIPTION_LONGDESCRIPTION></DESCRIPTION_LONGDESCRIPTION><FLATSUPPORTED>1</FLATSUPPORTED><HASLD>0</HASLD><INTOBJECTNAME>IRV_LOCATIONS</INTOBJECTNAME><LANGCODE>EN</LANGCODE><MAXINTOBJECTID>3883</MAXINTOBJECTID><PROCCLASS></PROCCLASS><QUERYONLY>0</QUERYONLY><SELFREFERENCING>0</SELFREFERENCING><USERDEFINED>1</USERDEFINED><USEWITH>INTEGRATION</USEWITH><MAXINTOBJDETAIL><ALTKEY></ALTKEY><CHANGEBY>TIMMINSA</CHANGEBY><CHANGEDATE>2014-07-23T15:37:18+01:00</CHANGEDATE><DELETEONCREATE>0</DELETEONCREATE><DESCRIPTION></DESCRIPTION><EXCLUDEPARENTKEY>0</EXCLUDEPARENTKEY><HIERARCHYPATH>LOCATIONS</HIERARCHYPATH><MAXINTOBJDETAILID>8026</MAXINTOBJDETAILID><OBJECTID>1</OBJECTID><OBJECTNAME>LOCATIONS</OBJECTNAME><OBJECTORDER>1</OBJECTORDER><PARENTOBJID xsi:nil="true"></PARENTOBJID><PARENTOBJNAME></PARENTOBJNAME><PROCESSORDER>1</PROCESSORDER><PROPAGATEEVENT>0</PROPAGATEEVENT><RELATION></RELATION><RELATIONCARDINALITY></RELATIONCARDINALITY><RELATIONJOINREQUIRED>0</RELATIONJOINREQUIRED><USERDEFINED>1</USERDEFINED><MAXINTOBJCOLS><CHANGEBY>TIMMINSA</CHANGEBY><CHANGEDATE>2014-07-23T15:37:19+01:00</CHANGEDATE><INTOBJFLDTYPE>NONPERSISTENT</INTOBJFLDTYPE><MAXINTOBJCOLSID>15638</MAXINTOBJCOLSID><NAME>CALNUM</NAME><OBJECTNAME>LOCATIONS</OBJECTNAME></MAXINTOBJCOLS><MAXINTOBJCOLS><CHANGEBY>RADBONM</CHANGEBY><CHANGEDATE>2014-01-24T11:49:36+00:00</CHANGEDATE><INTOBJFLDTYPE>NONPERSISTENT</INTOBJFLDTYPE><MAXINTOBJCOLSID>11839</MAXINTOBJCOLSID><NAME>CHILDREN</NAME><OBJECTNAME>LOCATIONS</OBJECTNAME></MAXINTOBJCOLS><MAXINTOBJCOLS><CHANGEBY>RADBONM</CHANGEBY><CHANGEDATE>2014-01-24T12:59:35+00:00</CHANGEDATE><INTOBJFLDTYPE>NONPERSISTENT</INTOBJFLDTYPE><MAXINTOBJCOLSID>11938</MAXINTOBJCOLSID><NAME>DESCRIPTION_LONGDESCRIPTION</NAME><OBJECTNAME>LOCATIONS</OBJECTNAME></MAXINTOBJCOLS><MAXINTOBJCOLS><CHANGEBY>RADBONM</CHANGEBY><CHANGEDATE>2014-01-24T11:49:36+00:00</CHANGEDATE><INTOBJFLDTYPE>NONPERSISTENT</INTOBJFLDTYPE><MAXINTOBJCOLSID>11840</MAXINTOBJCOLSID><NAME>HASCHILDREN</NAME><OBJECTNAME>LOCATIONS</OBJECTNAME></MAXINTOBJCOLS><MAXINTOBJCOLS><CHANGEBY>RADBONM</CHANGEBY><CHANGEDATE>2014-01-24T11:49:36+00:00</CHANGEDATE><INTOBJFLDTYPE>NONPERSISTENT</INTOBJFLDTYPE><MAXINTOBJCOLSID>11841</MAXINTOBJCOLSID><NAME>HASPARENT</NAME><OBJECTNAME>LOCATIONS</OBJECTNAME></MAXINTOBJCOLS><MAXINTOBJCOLS><CHANGEBY>RADBONM</CHANGEBY><CHANGEDATE>2014-01-24T11:49:36+00:00</CHANGEDATE><INTOBJFLDTYPE>NONPERSISTENT</INTOBJFLDTYPE><MAXINTOBJCOLSID>11842</MAXINTOBJCOLSID><NAME>HIERARCHYPATH</NAME><OBJECTNAME>LOCATIONS</OBJECTNAME></MAXINTOBJCOLS><MAXINTOBJCOLS><CHANGEBY>RADBONM</CHANGEBY><CHANGEDATE>2014-01-24T13:13:14+00:00</CHANGEDATE><INTOBJFLDTYPE>NONPERSISTENT</INTOBJFLDTYPE><MAXINTOBJCOLSID>11939</MAXINTOBJCOLSID><NAME>PARENT</NAME><OBJECTNAME>LOCATIONS</OBJECTNAME></MAXINTOBJCOLS><MAXINTOBJCOLS><CHANGEBY>TIMMINSA</CHANGEBY><CHANGEDATE>2014-07-23T15:37:19+01:00</CHANGEDATE><INTOBJFLDTYPE>NONPERSISTENT</INTOBJFLDTYPE><MAXINTOBJCOLSID>15639</MAXINTOBJCOLSID><NAME>SHIFTNUM</NAME><OBJECTNAME>LOCATIONS</OBJECTNAME></MAXINTOBJCOLS><MAXINTOBJCOLS><CHANGEBY>RADBONM</CHANGEBY><CHANGEDATE>2014-01-24T13:14:58+00:00</CHANGEDATE><INTOBJFLDTYPE>NONPERSISTENT</INTOBJFLDTYPE><MAXINTOBJCOLSID>11940</MAXINTOBJCOLSID><NAME>SYSTEMID</NAME><OBJECTNAME>LOCATIONS</OBJECTNAME></MAXINTOBJCOLS></MAXINTOBJDETAIL><MAXINTOBJDETAIL><ALTKEY></ALTKEY><CHANGEBY>RADBONM</CHANGEBY><CHANGEDATE>2014-09-01T17:01:13+01:00</CHANGEDATE><DELETEONCREATE>1</DELETEONCREATE><DESCRIPTION></DESCRIPTION><EXCLUDEPARENTKEY>1</EXCLUDEPARENTKEY><HIERARCHYPATH>LOCATIONS/LOCATIONSPEC</HIERARCHYPATH><MAXINTOBJDETAILID>11213</MAXINTOBJDETAILID><OBJECTID>2</OBJECTID><OBJECTNAME>LOCATIONSPEC</OBJECTNAME><OBJECTORDER>1</OBJECTORDER><PARENTOBJID>1</PARENTOBJID><PARENTOBJNAME>LOCATIONS</PARENTOBJNAME><PROCESSORDER>2</PROCESSORDER><PROPAGATEEVENT>1</PROPAGATEEVENT><RELATION>LOCATIONSSPEC</RELATION><RELATIONCARDINALITY maxvalue="MULTIPLE">MULTIPLE</RELATIONCARDINALITY><RELATIONJOINREQUIRED>0</RELATIONJOINREQUIRED><USERDEFINED>1</USERDEFINED><MAXINTOBJCOLS><CHANGEBY>TIMMINSA</CHANGEBY><CHANGEDATE>2014-09-01T14:58:46+01:00</CHANGEDATE><INTOBJFLDTYPE>NONPERSISTENT</INTOBJFLDTYPE><MAXINTOBJCOLSID>15740</MAXINTOBJCOLSID><NAME>PLUSPCUSTMATCH</NAME><OBJECTNAME>LOCATIONSPEC</OBJECTNAME></MAXINTOBJCOLS><MAXINTOBJCOLS><CHANGEBY>RADBONM</CHANGEBY><CHANGEDATE>2014-09-01T17:01:19+01:00</CHANGEDATE><INTOBJFLDTYPE>NONRESTRICTED</INTOBJFLDTYPE><MAXINTOBJCOLSID>15743</MAXINTOBJCOLSID><NAME>PLUSPCUSTMATCH</NAME><OBJECTNAME>LOCATIONSPEC</OBJECTNAME></MAXINTOBJCOLS><MAXINTOBJCOLS><CHANGEBY>TIMMINSA</CHANGEBY><CHANGEDATE>2014-09-01T16:21:10+01:00</CHANGEDATE><INTOBJFLDTYPE>RESTRICTED</INTOBJFLDTYPE><MAXINTOBJCOLSID>15742</MAXINTOBJCOLSID><NAME>LINKEDTOATTRIBUTE</NAME><OBJECTNAME>LOCATIONSPEC</OBJECTNAME></MAXINTOBJCOLS><MAXINTOBJCOLS><CHANGEBY>TIMMINSA</CHANGEBY><CHANGEDATE>2014-09-01T16:21:10+01:00</CHANGEDATE><INTOBJFLDTYPE>RESTRICTED</INTOBJFLDTYPE><MAXINTOBJCOLSID>15741</MAXINTOBJCOLSID><NAME>LINKEDTOSECTION</NAME><OBJECTNAME>LOCATIONSPEC</OBJECTNAME></MAXINTOBJCOLS><MAXINTOBJALIAS><ALIASNAME>LS_CHANGEBY</ALIASNAME><MAXINTOBJALIASID>5810</MAXINTOBJALIASID><NAME>CHANGEBY</NAME><OBJECTID>2</OBJECTID></MAXINTOBJALIAS><MAXINTOBJALIAS><ALIASNAME>LS_CHANGEDATE</ALIASNAME><MAXINTOBJALIASID>5808</MAXINTOBJALIASID><NAME>CHANGEDATE</NAME><OBJECTID>2</OBJECTID></MAXINTOBJALIAS><MAXINTOBJALIAS><ALIASNAME>LS_CLASSSTRUCTUREID</ALIASNAME><MAXINTOBJALIASID>5809</MAXINTOBJALIASID><NAME>CLASSSTRUCTUREID</NAME><OBJECTID>2</OBJECTID></MAXINTOBJALIAS><MAXINTOBJALIAS><ALIASNAME>LS_ORGID</ALIASNAME><MAXINTOBJALIASID>5807</MAXINTOBJALIASID><NAME>ORGID</NAME><OBJECTID>2</OBJECTID></MAXINTOBJALIAS></MAXINTOBJDETAIL></MAXINTOBJECT></DMMAXINTOBJECTSet></SyncDMMAXINTOBJECT>