<?xml version="1.0" encoding="UTF-8"?><SyncDMPACKAGEDEF xmlns="http://www.ibm.com/maximo" xmlns:xsi="http://www.w3.org/2001/XMLSchema-instance" creationDateTime="2014-09-03T09:49:10+01:00" transLanguage="EN" baseLanguage="EN" messageID="1409734150612509028" maximoVersion="7 5 20130829-1209 V7510--1"><DMPACKAGEDEFSet><DMPACKAGEDEF><ACTIVE>0</ACTIVE><BATCHSIZE>100</BATCHSIZE><CHANGEBY>TIMMINSA</CHANGEBY><CHANGEDATE>2014-09-03T09:11:51+01:00</CHANGEDATE><CONTENTID>d0e3e868-540e-45fb-9908-9945d6237645</CONTENTID><DESCRIPTION>BBC Integration Objects</DESCRIPTION><DESCRIPTION_LONGDESCRIPTION></DESCRIPTION_LONGDESCRIPTION><DMPACKAGEDEFID>809</DMPACKAGEDEFID><DMROLE></DMROLE><HASLD>0</HASLD><LANGCODE>EN</LANGCODE><PKGDEFNAME>BBC_INTOBJ</PKGDEFNAME><SOURCE>BBC-SQL-D01_BBCMAXDEV_dbo</SOURCE><STATUS maxvalue="APPR">APPR</STATUS><STATUSDATE>2014-09-03T09:13:53+01:00</STATUSDATE><TYPE maxvalue="SNAPSHOT">SNAPSHOT</TYPE><XMLACTION maxvalue="ADDCHANGE">AddChange</XMLACTION><DMPKGDEFSTATUS><CHANGEBY>TIMMINSA</CHANGEBY><CONTENTID>44f2cd9f-950d-4b9a-89f7-86307ec914fe</CONTENTID><DMPKGDEFSTATUSID>812</DMPKGDEFSTATUSID><MEMO></MEMO><STATUS maxvalue="WAPPR">WAPPR</STATUS><STATUSDATE>2014-09-03T09:11:00+01:00</STATUSDATE></DMPKGDEFSTATUS><DMPKGDEFSTATUS><CHANGEBY>TIMMINSA</CHANGEBY><CONTENTID>674f0f37-d898-4808-abf4-8955d2562729</CONTENTID><DMPKGDEFSTATUSID>813</DMPKGDEFSTATUSID><MEMO></MEMO><STATUS maxvalue="APPR">APPR</STATUS><STATUSDATE>2014-09-03T09:13:00+01:00</STATUSDATE></DMPKGDEFSTATUS><DMPKGCFGGRPDEF><CFGOBJGROUP>BBC_INTOBJ</CFGOBJGROUP><CONTENTID>9bd3d3f5-b206-4bce-be38-1be4273d63cc</CONTENTID><DMPKGCFGGRPDEFID>908</DMPKGCFGGRPDEFID><DMPKGCFGOBJDEF><CFGOBJECT>DMMAXEXTSYSTEM</CFGOBJECT><CONTENTID>06a6469d-5724-4a5c-9c81-886aa8678dbf</CONTENTID><DMPKGCFGOBJDEFID>805</DMPKGCFGOBJDEFID><WHERECLAUSE>extsysname in ('EXTSYS1')</WHERECLAUSE></DMPKGCFGOBJDEF><DMPKGCFGOBJDEF><CFGOBJECT>DMMAXINTOBJECT</CFGOBJECT><CONTENTID>60f6b1b0-2685-4a2f-8cc6-74826c813699</CONTENTID><DMPKGCFGOBJDEFID>804</DMPKGCFGOBJDEFID><WHERECLAUSE>intobjectname in ('IRV_LOCATIONS','DMCLASSIFICATION','DMCLASSATTRIBUTE')</WHERECLAUSE></DMPKGCFGOBJDEF></DMPKGCFGGRPDEF><DMPKGDIST><CHANGEBY>TIMMINSA</CHANGEBY><CHANGEDATE>2014-09-03T09:15:40+01:00</CHANGEDATE><CONTENTID>48598ea6-ccbf-46bf-8a0d-44e0eba87594</CONTENTID><DMPKGDISTID>804</DMPKGDISTID><TARGETNAME>IRVMMFOLDER</TARGETNAME></DMPKGDIST></DMPACKAGEDEF></DMPACKAGEDEFSet></SyncDMPACKAGEDEF>