<?xml version="1.0" encoding="UTF-8"?>
<SyncDMMAXEXTSYSTEM xmlns="http://www.ibm.com/maximo" xmlns:xsi="http://www.w3.org/2001/XMLSchema-instance" creationDateTime="2014-09-03T09:49:06+01:00" transLanguage="EN" baseLanguage="EN" messageID="1409734146300450908" maximoVersion="7 5 20130829-1209 V7510--1">
	<DMMAXEXTSYSTEMSet>
		<MAXEXTSYSTEM action="AddChange">
			<BIDICONFIG/>
			<CHANGEBY>TIMMINSA</CHANGEBY>
			<CHANGEDATE>2014-09-02T10:19:00+01:00</CHANGEDATE>
			<DESCRIPTION>External System 1</DESCRIPTION>
			<DESCRIPTION_LONGDESCRIPTION/>
			<ENABLED>1</ENABLED>
			<ENDPOINTNAME>MXXMLFILE</ENDPOINTNAME>
			<EXTSYSNAME>EXTSYS1</EXTSYSNAME>
			<HASLD>0</HASLD>
			<JMSMSGENCODING/>
			<LANGCODE>EN</LANGCODE>
			<MAXEXTSYSTEMID>2</MAXEXTSYSTEMID>
			<MAXEXTIFACEIN>
				<CHANGEBY>RADBONM</CHANGEBY>
				<CHANGEDATE>2014-02-19T11:55:57+00:00</CHANGEDATE>
				<ENABLED>1</ENABLED>
				<IFACENAME>IRV_JPTASK</IFACENAME>
				<ISCONTINUOUSQUEUE>1</ISCONTINUOUSQUEUE>
				<MAXEXTIFACEINID>1964</MAXEXTIFACEINID>
			</MAXEXTIFACEIN>
			<MAXEXTIFACEIN>
				<CHANGEBY>TIMMINSA</CHANGEBY>
				<CHANGEDATE>2014-09-01T16:17:58+01:00</CHANGEDATE>
				<ENABLED>1</ENABLED>
				<IFACENAME>IRV_LOCATIONS</IFACENAME>
				<ISCONTINUOUSQUEUE>1</ISCONTINUOUSQUEUE>
				<MAXEXTIFACEINID>3264</MAXEXTIFACEINID>
			</MAXEXTIFACEIN>
			<MAXEXTIFACEIN>
				<CHANGEBY>TIMMINSA</CHANGEBY>
				<CHANGEDATE>2014-07-31T16:30:28+01:00</CHANGEDATE>
				<ENABLED>1</ENABLED>
				<IFACENAME>IRV_PM</IFACENAME>
				<ISCONTINUOUSQUEUE>1</ISCONTINUOUSQUEUE>
				<MAXEXTIFACEINID>3164</MAXEXTIFACEINID>
			</MAXEXTIFACEIN>
			<MAXEXTIFACEIN>
				<CHANGEBY>MAXIMO</CHANGEBY>
				<CHANGEDATE>2014-01-08T21:10:00+00:00</CHANGEDATE>
				<ENABLED>1</ENABLED>
				<IFACENAME>MXAMCREW</IFACENAME>
				<ISCONTINUOUSQUEUE>1</ISCONTINUOUSQUEUE>
				<MAXEXTIFACEINID>864</MAXEXTIFACEINID>
			</MAXEXTIFACEIN>
			<MAXEXTIFACEIN>
				<CHANGEBY>MAXIMO</CHANGEBY>
				<CHANGEDATE>2014-01-08T21:10:00+00:00</CHANGEDATE>
				<ENABLED>1</ENABLED>
				<IFACENAME>MXAMCREWT</IFACENAME>
				<ISCONTINUOUSQUEUE>1</ISCONTINUOUSQUEUE>
				<MAXEXTIFACEINID>764</MAXEXTIFACEINID>
			</MAXEXTIFACEIN>
			<MAXEXTIFACEIN>
				<CHANGEBY>MAXIMO</CHANGEBY>
				<CHANGEDATE>2004-02-06T00:00:00+00:00</CHANGEDATE>
				<ENABLED>1</ENABLED>
				<IFACENAME>MXASSETInterface</IFACENAME>
				<ISCONTINUOUSQUEUE>1</ISCONTINUOUSQUEUE>
				<MAXEXTIFACEINID>30</MAXEXTIFACEINID>
			</MAXEXTIFACEIN>
			<MAXEXTIFACEIN>
				<CHANGEBY>MAXIMO</CHANGEBY>
				<CHANGEDATE>2007-04-29T23:58:52+01:00</CHANGEDATE>
				<ENABLED>1</ENABLED>
				<IFACENAME>MXCLASSInterface</IFACENAME>
				<ISCONTINUOUSQUEUE>1</ISCONTINUOUSQUEUE>
				<MAXEXTIFACEINID>56</MAXEXTIFACEINID>
			</MAXEXTIFACEIN>
			<MAXEXTIFACEIN>
				<CHANGEBY>MAXIMO</CHANGEBY>
				<CHANGEDATE>2004-02-06T00:00:00+00:00</CHANGEDATE>
				<ENABLED>1</ENABLED>
				<IFACENAME>MXCOAInterface</IFACENAME>
				<ISCONTINUOUSQUEUE>1</ISCONTINUOUSQUEUE>
				<MAXEXTIFACEINID>23</MAXEXTIFACEINID>
			</MAXEXTIFACEIN>
			<MAXEXTIFACEIN>
				<CHANGEBY>MAXIMO</CHANGEBY>
				<CHANGEDATE>2003-02-06T00:00:00+00:00</CHANGEDATE>
				<ENABLED>1</ENABLED>
				<IFACENAME>MXCRAFTInterface</IFACENAME>
				<ISCONTINUOUSQUEUE>1</ISCONTINUOUSQUEUE>
				<MAXEXTIFACEINID>38</MAXEXTIFACEINID>
			</MAXEXTIFACEIN>
			<MAXEXTIFACEIN>
				<CHANGEBY>MAXIMO</CHANGEBY>
				<CHANGEDATE>2004-02-06T00:00:00+00:00</CHANGEDATE>
				<ENABLED>1</ENABLED>
				<IFACENAME>MXEMPACTInterface</IFACENAME>
				<ISCONTINUOUSQUEUE>1</ISCONTINUOUSQUEUE>
				<MAXEXTIFACEINID>27</MAXEXTIFACEINID>
			</MAXEXTIFACEIN>
			<MAXEXTIFACEIN>
				<CHANGEBY>MAXIMO</CHANGEBY>
				<CHANGEDATE>2004-02-06T00:00:00+00:00</CHANGEDATE>
				<ENABLED>1</ENABLED>
				<IFACENAME>MXGLCOMPInterface</IFACENAME>
				<ISCONTINUOUSQUEUE>1</ISCONTINUOUSQUEUE>
				<MAXEXTIFACEINID>24</MAXEXTIFACEINID>
			</MAXEXTIFACEIN>
			<MAXEXTIFACEIN>
				<CHANGEBY>MXINTADM</CHANGEBY>
				<CHANGEDATE>2007-05-02T10:24:12+01:00</CHANGEDATE>
				<ENABLED>1</ENABLED>
				<IFACENAME>MXINCIDENTInterface</IFACENAME>
				<ISCONTINUOUSQUEUE>1</ISCONTINUOUSQUEUE>
				<MAXEXTIFACEINID>57</MAXEXTIFACEINID>
			</MAXEXTIFACEIN>
			<MAXEXTIFACEIN>
				<CHANGEBY>MAXIMO</CHANGEBY>
				<CHANGEDATE>2004-02-06T00:00:00+00:00</CHANGEDATE>
				<ENABLED>1</ENABLED>
				<IFACENAME>MXINVBALInterface</IFACENAME>
				<ISCONTINUOUSQUEUE>1</ISCONTINUOUSQUEUE>
				<MAXEXTIFACEINID>21</MAXEXTIFACEINID>
			</MAXEXTIFACEIN>
			<MAXEXTIFACEIN>
				<CHANGEBY>MAXIMO</CHANGEBY>
				<CHANGEDATE>2004-02-04T00:00:00+00:00</CHANGEDATE>
				<ENABLED>1</ENABLED>
				<IFACENAME>MXINVBALQInterface</IFACENAME>
				<ISCONTINUOUSQUEUE>1</ISCONTINUOUSQUEUE>
				<MAXEXTIFACEINID>53</MAXEXTIFACEINID>
			</MAXEXTIFACEIN>
			<MAXEXTIFACEIN>
				<CHANGEBY>MAXIMO</CHANGEBY>
				<CHANGEDATE>2004-02-06T00:00:00+00:00</CHANGEDATE>
				<ENABLED>1</ENABLED>
				<IFACENAME>MXINVENTORYInterface</IFACENAME>
				<ISCONTINUOUSQUEUE>1</ISCONTINUOUSQUEUE>
				<MAXEXTIFACEINID>19</MAXEXTIFACEINID>
			</MAXEXTIFACEIN>
			<MAXEXTIFACEIN>
				<CHANGEBY>MAXIMO</CHANGEBY>
				<CHANGEDATE>2004-02-06T00:00:00+00:00</CHANGEDATE>
				<ENABLED>1</ENABLED>
				<IFACENAME>MXINVISSUEInterface</IFACENAME>
				<ISCONTINUOUSQUEUE>1</ISCONTINUOUSQUEUE>
				<MAXEXTIFACEINID>28</MAXEXTIFACEINID>
			</MAXEXTIFACEIN>
			<MAXEXTIFACEIN>
				<CHANGEBY>MAXIMO</CHANGEBY>
				<CHANGEDATE>2004-02-06T00:00:00+00:00</CHANGEDATE>
				<ENABLED>1</ENABLED>
				<IFACENAME>MXINVOICEInterface</IFACENAME>
				<ISCONTINUOUSQUEUE>1</ISCONTINUOUSQUEUE>
				<MAXEXTIFACEINID>26</MAXEXTIFACEINID>
			</MAXEXTIFACEIN>
			<MAXEXTIFACEIN>
				<CHANGEBY>MAXIMO</CHANGEBY>
				<CHANGEDATE>2004-02-06T00:00:00+00:00</CHANGEDATE>
				<ENABLED>1</ENABLED>
				<IFACENAME>MXINVRESInterface</IFACENAME>
				<ISCONTINUOUSQUEUE>1</ISCONTINUOUSQUEUE>
				<MAXEXTIFACEINID>16</MAXEXTIFACEINID>
			</MAXEXTIFACEIN>
			<MAXEXTIFACEIN>
				<CHANGEBY>MAXIMO</CHANGEBY>
				<CHANGEDATE>2014-01-08T19:29:26+00:00</CHANGEDATE>
				<ENABLED>1</ENABLED>
				<IFACENAME>MXINVUSEInterface</IFACENAME>
				<ISCONTINUOUSQUEUE>1</ISCONTINUOUSQUEUE>
				<MAXEXTIFACEINID>64</MAXEXTIFACEINID>
			</MAXEXTIFACEIN>
			<MAXEXTIFACEIN>
				<CHANGEBY>MAXIMO</CHANGEBY>
				<CHANGEDATE>2004-02-06T00:00:00+00:00</CHANGEDATE>
				<ENABLED>1</ENABLED>
				<IFACENAME>MXINVVENDORInterface</IFACENAME>
				<ISCONTINUOUSQUEUE>1</ISCONTINUOUSQUEUE>
				<MAXEXTIFACEINID>20</MAXEXTIFACEINID>
			</MAXEXTIFACEIN>
			<MAXEXTIFACEIN>
				<CHANGEBY>MAXIMO</CHANGEBY>
				<CHANGEDATE>2004-02-06T00:00:00+00:00</CHANGEDATE>
				<ENABLED>1</ENABLED>
				<IFACENAME>MXITEMInterface</IFACENAME>
				<ISCONTINUOUSQUEUE>1</ISCONTINUOUSQUEUE>
				<MAXEXTIFACEINID>18</MAXEXTIFACEINID>
			</MAXEXTIFACEIN>
			<MAXEXTIFACEIN>
				<CHANGEBY>MAXIMO</CHANGEBY>
				<CHANGEDATE>2003-02-06T00:00:00+00:00</CHANGEDATE>
				<ENABLED>1</ENABLED>
				<IFACENAME>MXLABORInterface</IFACENAME>
				<ISCONTINUOUSQUEUE>1</ISCONTINUOUSQUEUE>
				<MAXEXTIFACEINID>37</MAXEXTIFACEINID>
			</MAXEXTIFACEIN>
			<MAXEXTIFACEIN>
				<CHANGEBY>MAXIMO</CHANGEBY>
				<CHANGEDATE>2014-01-08T21:10:12+00:00</CHANGEDATE>
				<ENABLED>1</ENABLED>
				<IFACENAME>MXLBSLOCATION</IFACENAME>
				<ISCONTINUOUSQUEUE>1</ISCONTINUOUSQUEUE>
				<MAXEXTIFACEINID>1064</MAXEXTIFACEINID>
			</MAXEXTIFACEIN>
			<MAXEXTIFACEIN>
				<CHANGEBY>MAXIMO</CHANGEBY>
				<CHANGEDATE>2014-01-08T21:10:00+00:00</CHANGEDATE>
				<ENABLED>1</ENABLED>
				<IFACENAME>MXMAPMAN</IFACENAME>
				<ISCONTINUOUSQUEUE>1</ISCONTINUOUSQUEUE>
				<MAXEXTIFACEINID>664</MAXEXTIFACEINID>
			</MAXEXTIFACEIN>
			<MAXEXTIFACEIN>
				<CHANGEBY>MAXIMO</CHANGEBY>
				<CHANGEDATE>2007-05-08T14:19:39+01:00</CHANGEDATE>
				<ENABLED>1</ENABLED>
				<IFACENAME>MXMETERInterface</IFACENAME>
				<ISCONTINUOUSQUEUE>1</ISCONTINUOUSQUEUE>
				<MAXEXTIFACEINID>58</MAXEXTIFACEINID>
			</MAXEXTIFACEIN>
			<MAXEXTIFACEIN>
				<CHANGEBY>MAXIMO</CHANGEBY>
				<CHANGEDATE>2004-02-06T00:00:00+00:00</CHANGEDATE>
				<ENABLED>1</ENABLED>
				<IFACENAME>MXOPERLOCInterface</IFACENAME>
				<ISCONTINUOUSQUEUE>1</ISCONTINUOUSQUEUE>
				<MAXEXTIFACEINID>44</MAXEXTIFACEINID>
			</MAXEXTIFACEIN>
			<MAXEXTIFACEIN>
				<CHANGEBY>WILSON</CHANGEBY>
				<CHANGEDATE>2014-01-08T19:37:33+00:00</CHANGEDATE>
				<ENABLED>1</ENABLED>
				<IFACENAME>MXORGANIZATIONInterface</IFACENAME>
				<ISCONTINUOUSQUEUE>1</ISCONTINUOUSQUEUE>
				<MAXEXTIFACEINID>164</MAXEXTIFACEINID>
			</MAXEXTIFACEIN>
			<MAXEXTIFACEIN>
				<CHANGEBY>MAXIMO</CHANGEBY>
				<CHANGEDATE>2003-02-06T00:00:00+00:00</CHANGEDATE>
				<ENABLED>1</ENABLED>
				<IFACENAME>MXPCInterface</IFACENAME>
				<ISCONTINUOUSQUEUE>1</ISCONTINUOUSQUEUE>
				<MAXEXTIFACEINID>39</MAXEXTIFACEINID>
			</MAXEXTIFACEIN>
			<MAXEXTIFACEIN>
				<CHANGEBY>MEA</CHANGEBY>
				<CHANGEDATE>2003-02-06T00:00:00+00:00</CHANGEDATE>
				<ENABLED>1</ENABLED>
				<IFACENAME>MXPERSONInterface</IFACENAME>
				<ISCONTINUOUSQUEUE>1</ISCONTINUOUSQUEUE>
				<MAXEXTIFACEINID>35</MAXEXTIFACEINID>
			</MAXEXTIFACEIN>
			<MAXEXTIFACEIN>
				<CHANGEBY>WILSON</CHANGEBY>
				<CHANGEDATE>2007-04-27T12:00:33+01:00</CHANGEDATE>
				<ENABLED>1</ENABLED>
				<IFACENAME>MXPERUSERInterface</IFACENAME>
				<ISCONTINUOUSQUEUE>1</ISCONTINUOUSQUEUE>
				<MAXEXTIFACEINID>55</MAXEXTIFACEINID>
			</MAXEXTIFACEIN>
			<MAXEXTIFACEIN>
				<CHANGEBY>MAXIMO</CHANGEBY>
				<CHANGEDATE>2004-02-06T00:00:00+00:00</CHANGEDATE>
				<ENABLED>1</ENABLED>
				<IFACENAME>MXPOInterface</IFACENAME>
				<ISCONTINUOUSQUEUE>1</ISCONTINUOUSQUEUE>
				<MAXEXTIFACEINID>10</MAXEXTIFACEINID>
			</MAXEXTIFACEIN>
			<MAXEXTIFACEIN>
				<CHANGEBY>MAXIMO</CHANGEBY>
				<CHANGEDATE>2004-02-06T00:00:00+00:00</CHANGEDATE>
				<ENABLED>1</ENABLED>
				<IFACENAME>MXPRInterface</IFACENAME>
				<ISCONTINUOUSQUEUE>1</ISCONTINUOUSQUEUE>
				<MAXEXTIFACEINID>9</MAXEXTIFACEINID>
			</MAXEXTIFACEIN>
			<MAXEXTIFACEIN>
				<CHANGEBY>WILSON</CHANGEBY>
				<CHANGEDATE>2007-05-16T14:49:13+01:00</CHANGEDATE>
				<ENABLED>1</ENABLED>
				<IFACENAME>MXPROBLEMInterface</IFACENAME>
				<ISCONTINUOUSQUEUE>1</ISCONTINUOUSQUEUE>
				<MAXEXTIFACEINID>61</MAXEXTIFACEINID>
			</MAXEXTIFACEIN>
			<MAXEXTIFACEIN>
				<CHANGEBY>MAXIMO</CHANGEBY>
				<CHANGEDATE>2004-02-06T00:00:00+00:00</CHANGEDATE>
				<ENABLED>1</ENABLED>
				<IFACENAME>MXPROJInterface</IFACENAME>
				<ISCONTINUOUSQUEUE>1</ISCONTINUOUSQUEUE>
				<MAXEXTIFACEINID>17</MAXEXTIFACEINID>
			</MAXEXTIFACEIN>
			<MAXEXTIFACEIN>
				<CHANGEBY>MAXIMO</CHANGEBY>
				<CHANGEDATE>2003-02-06T00:00:00+00:00</CHANGEDATE>
				<ENABLED>1</ENABLED>
				<IFACENAME>MXRCVROTITMInterface</IFACENAME>
				<ISCONTINUOUSQUEUE>1</ISCONTINUOUSQUEUE>
				<MAXEXTIFACEINID>49</MAXEXTIFACEINID>
			</MAXEXTIFACEIN>
			<MAXEXTIFACEIN>
				<CHANGEBY>WILSON</CHANGEBY>
				<CHANGEDATE>2007-05-16T15:13:08+01:00</CHANGEDATE>
				<ENABLED>1</ENABLED>
				<IFACENAME>MXRECEIPTInterface</IFACENAME>
				<ISCONTINUOUSQUEUE>1</ISCONTINUOUSQUEUE>
				<MAXEXTIFACEINID>62</MAXEXTIFACEINID>
			</MAXEXTIFACEIN>
			<MAXEXTIFACEIN>
				<CHANGEBY>MAXIMO</CHANGEBY>
				<CHANGEDATE>2004-02-06T00:00:00+00:00</CHANGEDATE>
				<ENABLED>1</ENABLED>
				<IFACENAME>MXSERVITEMInterface</IFACENAME>
				<ISCONTINUOUSQUEUE>1</ISCONTINUOUSQUEUE>
				<MAXEXTIFACEINID>46</MAXEXTIFACEINID>
			</MAXEXTIFACEIN>
			<MAXEXTIFACEIN>
				<CHANGEBY>MXINTADM</CHANGEBY>
				<CHANGEDATE>2007-05-09T15:21:34+01:00</CHANGEDATE>
				<ENABLED>1</ENABLED>
				<IFACENAME>MXSRInterface</IFACENAME>
				<ISCONTINUOUSQUEUE>1</ISCONTINUOUSQUEUE>
				<MAXEXTIFACEINID>59</MAXEXTIFACEINID>
			</MAXEXTIFACEIN>
			<MAXEXTIFACEIN>
				<CHANGEBY>MAXIMO</CHANGEBY>
				<CHANGEDATE>2014-01-08T21:10:01+00:00</CHANGEDATE>
				<ENABLED>1</ENABLED>
				<IFACENAME>MXSRVAD</IFACENAME>
				<ISCONTINUOUSQUEUE>1</ISCONTINUOUSQUEUE>
				<MAXEXTIFACEINID>964</MAXEXTIFACEINID>
			</MAXEXTIFACEIN>
			<MAXEXTIFACEIN>
				<CHANGEBY>MAXIMO</CHANGEBY>
				<CHANGEDATE>2004-02-06T00:00:00+00:00</CHANGEDATE>
				<ENABLED>1</ENABLED>
				<IFACENAME>MXSTORELOCInterface</IFACENAME>
				<ISCONTINUOUSQUEUE>1</ISCONTINUOUSQUEUE>
				<MAXEXTIFACEINID>13</MAXEXTIFACEINID>
			</MAXEXTIFACEIN>
			<MAXEXTIFACEIN>
				<CHANGEBY>MAXIMO</CHANGEBY>
				<CHANGEDATE>2014-01-08T21:09:51+00:00</CHANGEDATE>
				<ENABLED>1</ENABLED>
				<IFACENAME>MXTKSRVAD</IFACENAME>
				<ISCONTINUOUSQUEUE>1</ISCONTINUOUSQUEUE>
				<MAXEXTIFACEINID>564</MAXEXTIFACEINID>
			</MAXEXTIFACEIN>
			<MAXEXTIFACEIN>
				<CHANGEBY>MAXIMO</CHANGEBY>
				<CHANGEDATE>2004-02-06T00:00:00+00:00</CHANGEDATE>
				<ENABLED>1</ENABLED>
				<IFACENAME>MXTOOLITEMInterface</IFACENAME>
				<ISCONTINUOUSQUEUE>1</ISCONTINUOUSQUEUE>
				<MAXEXTIFACEINID>47</MAXEXTIFACEINID>
			</MAXEXTIFACEIN>
			<MAXEXTIFACEIN>
				<CHANGEBY>MAXIMO</CHANGEBY>
				<CHANGEDATE>2004-02-06T00:00:00+00:00</CHANGEDATE>
				<ENABLED>1</ENABLED>
				<IFACENAME>MXVENDORInterface</IFACENAME>
				<ISCONTINUOUSQUEUE>1</ISCONTINUOUSQUEUE>
				<MAXEXTIFACEINID>8</MAXEXTIFACEINID>
			</MAXEXTIFACEIN>
			<MAXEXTIFACEIN>
				<CHANGEBY>MAXIMO</CHANGEBY>
				<CHANGEDATE>2003-02-06T00:00:00+00:00</CHANGEDATE>
				<ENABLED>1</ENABLED>
				<IFACENAME>MXVENDORMSTRIface</IFACENAME>
				<ISCONTINUOUSQUEUE>1</ISCONTINUOUSQUEUE>
				<MAXEXTIFACEINID>36</MAXEXTIFACEINID>
			</MAXEXTIFACEIN>
			<MAXEXTIFACEIN>
				<CHANGEBY>MAXIMO</CHANGEBY>
				<CHANGEDATE>2007-04-16T12:19:10+01:00</CHANGEDATE>
				<ENABLED>1</ENABLED>
				<IFACENAME>MXWOHierInterface</IFACENAME>
				<ISCONTINUOUSQUEUE>1</ISCONTINUOUSQUEUE>
				<MAXEXTIFACEINID>54</MAXEXTIFACEINID>
			</MAXEXTIFACEIN>
			<MAXEXTIFACEIN>
				<CHANGEBY>MAXIMO</CHANGEBY>
				<CHANGEDATE>2004-02-06T00:00:00+00:00</CHANGEDATE>
				<ENABLED>1</ENABLED>
				<IFACENAME>MXWOInterface</IFACENAME>
				<ISCONTINUOUSQUEUE>1</ISCONTINUOUSQUEUE>
				<MAXEXTIFACEINID>14</MAXEXTIFACEINID>
			</MAXEXTIFACEIN>
			<MAXEXTIFACEIN>
				<CHANGEBY>MAXIMO</CHANGEBY>
				<CHANGEDATE>2014-01-08T21:09:50+00:00</CHANGEDATE>
				<ENABLED>1</ENABLED>
				<IFACENAME>MXWOSRVAD</IFACENAME>
				<ISCONTINUOUSQUEUE>1</ISCONTINUOUSQUEUE>
				<MAXEXTIFACEINID>464</MAXEXTIFACEINID>
			</MAXEXTIFACEIN>
			<MAXEXTIFACEOUT>
				<CHANGEBY>TIMMINSA</CHANGEBY>
				<CHANGEDATE>2014-09-02T10:19:00+01:00</CHANGEDATE>
				<ENABLED>1</ENABLED>
				<ENDPOINTNAME/>
				<IFACENAME>IRV_LOCATIONS</IFACENAME>
				<MAXEXTIFACEOUTID>1765</MAXEXTIFACEOUTID>
			</MAXEXTIFACEOUT>
			<MAXEXTIFACEOUT>
				<CHANGEBY>MAXIMO</CHANGEBY>
				<CHANGEDATE>2004-02-06T00:00:00+00:00</CHANGEDATE>
				<ENABLED>1</ENABLED>
				<ENDPOINTNAME/>
				<IFACENAME>MXASSETInterface</IFACENAME>
				<MAXEXTIFACEOUTID>29</MAXEXTIFACEOUTID>
			</MAXEXTIFACEOUT>
			<MAXEXTIFACEOUT>
				<CHANGEBY>MAXIMO</CHANGEBY>
				<CHANGEDATE>2007-04-29T23:40:21+01:00</CHANGEDATE>
				<ENABLED>1</ENABLED>
				<ENDPOINTNAME/>
				<IFACENAME>MXCLASSInterface</IFACENAME>
				<MAXEXTIFACEOUTID>56</MAXEXTIFACEOUTID>
			</MAXEXTIFACEOUT>
			<MAXEXTIFACEOUT>
				<CHANGEBY>MAXIMO</CHANGEBY>
				<CHANGEDATE>2003-02-06T00:00:00+00:00</CHANGEDATE>
				<ENABLED>1</ENABLED>
				<ENDPOINTNAME/>
				<IFACENAME>MXCRAFTInterface</IFACENAME>
				<MAXEXTIFACEOUTID>37</MAXEXTIFACEOUTID>
			</MAXEXTIFACEOUT>
			<MAXEXTIFACEOUT>
				<CHANGEBY>MAXIMO</CHANGEBY>
				<CHANGEDATE>2004-02-06T00:00:00+00:00</CHANGEDATE>
				<ENABLED>1</ENABLED>
				<ENDPOINTNAME/>
				<IFACENAME>MXCTEMPLATEInterface</IFACENAME>
				<MAXEXTIFACEOUTID>53</MAXEXTIFACEOUTID>
			</MAXEXTIFACEOUT>
			<MAXEXTIFACEOUT>
				<CHANGEBY>MAXIMO</CHANGEBY>
				<CHANGEDATE>2004-02-06T00:00:00+00:00</CHANGEDATE>
				<ENABLED>1</ENABLED>
				<ENDPOINTNAME/>
				<IFACENAME>MXEMPACTInterface</IFACENAME>
				<MAXEXTIFACEOUTID>26</MAXEXTIFACEOUTID>
			</MAXEXTIFACEOUT>
			<MAXEXTIFACEOUT>
				<CHANGEBY>MAXIMO</CHANGEBY>
				<CHANGEDATE>2007-06-13T09:10:12+01:00</CHANGEDATE>
				<ENABLED>1</ENABLED>
				<ENDPOINTNAME/>
				<IFACENAME>MXGLTXNInterface</IFACENAME>
				<MAXEXTIFACEOUTID>61</MAXEXTIFACEOUTID>
			</MAXEXTIFACEOUT>
			<MAXEXTIFACEOUT>
				<CHANGEBY>MXINTADM</CHANGEBY>
				<CHANGEDATE>2007-05-02T10:24:12+01:00</CHANGEDATE>
				<ENABLED>1</ENABLED>
				<ENDPOINTNAME/>
				<IFACENAME>MXINCIDENTInterface</IFACENAME>
				<MAXEXTIFACEOUTID>57</MAXEXTIFACEOUTID>
			</MAXEXTIFACEOUT>
			<MAXEXTIFACEOUT>
				<CHANGEBY>MAXIMO</CHANGEBY>
				<CHANGEDATE>2004-02-06T00:00:00+00:00</CHANGEDATE>
				<ENABLED>1</ENABLED>
				<ENDPOINTNAME/>
				<IFACENAME>MXINVBALInterface</IFACENAME>
				<MAXEXTIFACEOUTID>21</MAXEXTIFACEOUTID>
			</MAXEXTIFACEOUT>
			<MAXEXTIFACEOUT>
				<CHANGEBY>MAXIMO</CHANGEBY>
				<CHANGEDATE>2004-02-06T00:00:00+00:00</CHANGEDATE>
				<ENABLED>1</ENABLED>
				<ENDPOINTNAME/>
				<IFACENAME>MXINVENTORYInterface</IFACENAME>
				<MAXEXTIFACEOUTID>19</MAXEXTIFACEOUTID>
			</MAXEXTIFACEOUT>
			<MAXEXTIFACEOUT>
				<CHANGEBY>MAXIMO</CHANGEBY>
				<CHANGEDATE>2004-02-06T00:00:00+00:00</CHANGEDATE>
				<ENABLED>1</ENABLED>
				<ENDPOINTNAME/>
				<IFACENAME>MXINVISSUEInterface</IFACENAME>
				<MAXEXTIFACEOUTID>27</MAXEXTIFACEOUTID>
			</MAXEXTIFACEOUT>
			<MAXEXTIFACEOUT>
				<CHANGEBY>MAXIMO</CHANGEBY>
				<CHANGEDATE>2004-02-06T00:00:00+00:00</CHANGEDATE>
				<ENABLED>1</ENABLED>
				<ENDPOINTNAME/>
				<IFACENAME>MXINVOICEInterface</IFACENAME>
				<MAXEXTIFACEOUTID>25</MAXEXTIFACEOUTID>
			</MAXEXTIFACEOUT>
			<MAXEXTIFACEOUT>
				<CHANGEBY>MAXIMO</CHANGEBY>
				<CHANGEDATE>2004-02-06T00:00:00+00:00</CHANGEDATE>
				<ENABLED>1</ENABLED>
				<ENDPOINTNAME/>
				<IFACENAME>MXINVRESInterface</IFACENAME>
				<MAXEXTIFACEOUTID>16</MAXEXTIFACEOUTID>
			</MAXEXTIFACEOUT>
			<MAXEXTIFACEOUT>
				<CHANGEBY>MAXIMO</CHANGEBY>
				<CHANGEDATE>2014-01-08T19:29:26+00:00</CHANGEDATE>
				<ENABLED>1</ENABLED>
				<ENDPOINTNAME/>
				<IFACENAME>MXINVUSEInterface</IFACENAME>
				<MAXEXTIFACEOUTID>65</MAXEXTIFACEOUTID>
			</MAXEXTIFACEOUT>
			<MAXEXTIFACEOUT>
				<CHANGEBY>MAXIMO</CHANGEBY>
				<CHANGEDATE>2004-02-06T00:00:00+00:00</CHANGEDATE>
				<ENABLED>1</ENABLED>
				<ENDPOINTNAME/>
				<IFACENAME>MXINVVENDORInterface</IFACENAME>
				<MAXEXTIFACEOUTID>20</MAXEXTIFACEOUTID>
			</MAXEXTIFACEOUT>
			<MAXEXTIFACEOUT>
				<CHANGEBY>MAXIMO</CHANGEBY>
				<CHANGEDATE>2004-02-06T00:00:00+00:00</CHANGEDATE>
				<ENABLED>1</ENABLED>
				<ENDPOINTNAME/>
				<IFACENAME>MXITEMInterface</IFACENAME>
				<MAXEXTIFACEOUTID>18</MAXEXTIFACEOUTID>
			</MAXEXTIFACEOUT>
			<MAXEXTIFACEOUT>
				<CHANGEBY>MAXIMO</CHANGEBY>
				<CHANGEDATE>2003-02-06T00:00:00+00:00</CHANGEDATE>
				<ENABLED>1</ENABLED>
				<ENDPOINTNAME/>
				<IFACENAME>MXLABORInterface</IFACENAME>
				<MAXEXTIFACEOUTID>36</MAXEXTIFACEOUTID>
			</MAXEXTIFACEOUT>
			<MAXEXTIFACEOUT>
				<CHANGEBY>MAXIMO</CHANGEBY>
				<CHANGEDATE>2004-02-06T00:00:00+00:00</CHANGEDATE>
				<ENABLED>1</ENABLED>
				<ENDPOINTNAME/>
				<IFACENAME>MXOPERLOCInterface</IFACENAME>
				<MAXEXTIFACEOUTID>45</MAXEXTIFACEOUTID>
			</MAXEXTIFACEOUT>
			<MAXEXTIFACEOUT>
				<CHANGEBY>WILSON</CHANGEBY>
				<CHANGEDATE>2014-01-08T19:37:33+00:00</CHANGEDATE>
				<ENABLED>1</ENABLED>
				<ENDPOINTNAME/>
				<IFACENAME>MXORGANIZATIONInterface</IFACENAME>
				<MAXEXTIFACEOUTID>165</MAXEXTIFACEOUTID>
			</MAXEXTIFACEOUT>
			<MAXEXTIFACEOUT>
				<CHANGEBY>MAXIMO</CHANGEBY>
				<CHANGEDATE>2003-02-06T00:00:00+00:00</CHANGEDATE>
				<ENABLED>1</ENABLED>
				<ENDPOINTNAME/>
				<IFACENAME>MXPCInterface</IFACENAME>
				<MAXEXTIFACEOUTID>38</MAXEXTIFACEOUTID>
			</MAXEXTIFACEOUT>
			<MAXEXTIFACEOUT>
				<CHANGEBY>MEA</CHANGEBY>
				<CHANGEDATE>2003-02-06T00:00:00+00:00</CHANGEDATE>
				<ENABLED>1</ENABLED>
				<ENDPOINTNAME/>
				<IFACENAME>MXPERSONInterface</IFACENAME>
				<MAXEXTIFACEOUTID>34</MAXEXTIFACEOUTID>
			</MAXEXTIFACEOUT>
			<MAXEXTIFACEOUT>
				<CHANGEBY>WILSON</CHANGEBY>
				<CHANGEDATE>2007-04-27T12:00:11+01:00</CHANGEDATE>
				<ENABLED>1</ENABLED>
				<ENDPOINTNAME/>
				<IFACENAME>MXPERUSERInterface</IFACENAME>
				<MAXEXTIFACEOUTID>55</MAXEXTIFACEOUTID>
			</MAXEXTIFACEOUT>
			<MAXEXTIFACEOUT>
				<CHANGEBY>MAXIMO</CHANGEBY>
				<CHANGEDATE>2004-02-06T00:00:00+00:00</CHANGEDATE>
				<ENABLED>1</ENABLED>
				<ENDPOINTNAME/>
				<IFACENAME>MXPOInterface</IFACENAME>
				<MAXEXTIFACEOUTID>10</MAXEXTIFACEOUTID>
			</MAXEXTIFACEOUT>
			<MAXEXTIFACEOUT>
				<CHANGEBY>MAXIMO</CHANGEBY>
				<CHANGEDATE>2004-02-06T00:00:00+00:00</CHANGEDATE>
				<ENABLED>1</ENABLED>
				<ENDPOINTNAME/>
				<IFACENAME>MXPRInterface</IFACENAME>
				<MAXEXTIFACEOUTID>9</MAXEXTIFACEOUTID>
			</MAXEXTIFACEOUT>
			<MAXEXTIFACEOUT>
				<CHANGEBY>WILSON</CHANGEBY>
				<CHANGEDATE>2007-05-16T14:49:13+01:00</CHANGEDATE>
				<ENABLED>1</ENABLED>
				<ENDPOINTNAME/>
				<IFACENAME>MXPROBLEMInterface</IFACENAME>
				<MAXEXTIFACEOUTID>59</MAXEXTIFACEOUTID>
			</MAXEXTIFACEOUT>
			<MAXEXTIFACEOUT>
				<CHANGEBY>MAXIMO</CHANGEBY>
				<CHANGEDATE>2004-02-06T00:00:00+00:00</CHANGEDATE>
				<ENABLED>1</ENABLED>
				<ENDPOINTNAME/>
				<IFACENAME>MXPROJInterface</IFACENAME>
				<MAXEXTIFACEOUTID>17</MAXEXTIFACEOUTID>
			</MAXEXTIFACEOUT>
			<MAXEXTIFACEOUT>
				<CHANGEBY>WILSON</CHANGEBY>
				<CHANGEDATE>2007-05-16T13:21:28+01:00</CHANGEDATE>
				<ENABLED>1</ENABLED>
				<ENDPOINTNAME/>
				<IFACENAME>MXRECEIPTInterface</IFACENAME>
				<MAXEXTIFACEOUTID>60</MAXEXTIFACEOUTID>
			</MAXEXTIFACEOUT>
			<MAXEXTIFACEOUT>
				<CHANGEBY>MAXIMO</CHANGEBY>
				<CHANGEDATE>2004-02-06T00:00:00+00:00</CHANGEDATE>
				<ENABLED>1</ENABLED>
				<ENDPOINTNAME/>
				<IFACENAME>MXSERVITEMInterface</IFACENAME>
				<MAXEXTIFACEOUTID>47</MAXEXTIFACEOUTID>
			</MAXEXTIFACEOUT>
			<MAXEXTIFACEOUT>
				<CHANGEBY>MXINTADM</CHANGEBY>
				<CHANGEDATE>2007-05-09T15:21:33+01:00</CHANGEDATE>
				<ENABLED>1</ENABLED>
				<ENDPOINTNAME/>
				<IFACENAME>MXSRInterface</IFACENAME>
				<MAXEXTIFACEOUTID>58</MAXEXTIFACEOUTID>
			</MAXEXTIFACEOUT>
			<MAXEXTIFACEOUT>
				<CHANGEBY>MAXIMO</CHANGEBY>
				<CHANGEDATE>2004-02-06T00:00:00+00:00</CHANGEDATE>
				<ENABLED>1</ENABLED>
				<ENDPOINTNAME/>
				<IFACENAME>MXSTORELOCInterface</IFACENAME>
				<MAXEXTIFACEOUTID>13</MAXEXTIFACEOUTID>
			</MAXEXTIFACEOUT>
			<MAXEXTIFACEOUT>
				<CHANGEBY>MAXIMO</CHANGEBY>
				<CHANGEDATE>2004-02-06T00:00:00+00:00</CHANGEDATE>
				<ENABLED>1</ENABLED>
				<ENDPOINTNAME/>
				<IFACENAME>MXTOOLITEMInterface</IFACENAME>
				<MAXEXTIFACEOUTID>48</MAXEXTIFACEOUTID>
			</MAXEXTIFACEOUT>
			<MAXEXTIFACEOUT>
				<CHANGEBY>MAXIMO</CHANGEBY>
				<CHANGEDATE>2004-02-06T00:00:00+00:00</CHANGEDATE>
				<ENABLED>1</ENABLED>
				<ENDPOINTNAME/>
				<IFACENAME>MXVENDORInterface</IFACENAME>
				<MAXEXTIFACEOUTID>8</MAXEXTIFACEOUTID>
			</MAXEXTIFACEOUT>
			<MAXEXTIFACEOUT>
				<CHANGEBY>MAXIMO</CHANGEBY>
				<CHANGEDATE>2003-02-06T00:00:00+00:00</CHANGEDATE>
				<ENABLED>1</ENABLED>
				<ENDPOINTNAME/>
				<IFACENAME>MXVENDORMSTRIface</IFACENAME>
				<MAXEXTIFACEOUTID>35</MAXEXTIFACEOUTID>
			</MAXEXTIFACEOUT>
			<MAXEXTIFACEOUT>
				<CHANGEBY>MAXIMO</CHANGEBY>
				<CHANGEDATE>2004-02-06T00:00:00+00:00</CHANGEDATE>
				<ENABLED>1</ENABLED>
				<ENDPOINTNAME/>
				<IFACENAME>MXWODETAILInterface</IFACENAME>
				<MAXEXTIFACEOUTID>43</MAXEXTIFACEOUTID>
			</MAXEXTIFACEOUT>
			<MAXEXTIFACEOUT>
				<CHANGEBY>MAXIMO</CHANGEBY>
				<CHANGEDATE>2007-04-16T12:19:10+01:00</CHANGEDATE>
				<ENABLED>1</ENABLED>
				<ENDPOINTNAME/>
				<IFACENAME>MXWOHierInterface</IFACENAME>
				<MAXEXTIFACEOUTID>54</MAXEXTIFACEOUTID>
			</MAXEXTIFACEOUT>
			<MAXEXTIFACEOUT>
				<CHANGEBY>MAXIMO</CHANGEBY>
				<CHANGEDATE>2004-02-06T00:00:00+00:00</CHANGEDATE>
				<ENABLED>1</ENABLED>
				<ENDPOINTNAME/>
				<IFACENAME>MXWOInterface</IFACENAME>
				<MAXEXTIFACEOUTID>14</MAXEXTIFACEOUTID>
			</MAXEXTIFACEOUT>
			<MAXEXTSYSCONTROL>
				<CHANGEBY>MAXIMO</CHANGEBY>
				<CHANGEDATE>2004-02-06T00:00:00+00:00</CHANGEDATE>
				<CONTROLTYPE>LIST</CONTROLTYPE>
				<IFACECONTROL>GLSOURCE</IFACECONTROL>
				<ISTRUE>0</ISTRUE>
				<MAXEXTSYSCONTROLID>19</MAXEXTSYSCONTROLID>
				<VALUE/>
			</MAXEXTSYSCONTROL>
			<MAXEXTSYSCONTROL>
				<CHANGEBY>MXINTADM</CHANGEBY>
				<CHANGEDATE>2007-05-02T10:24:13+01:00</CHANGEDATE>
				<CONTROLTYPE>LIST</CONTROLTYPE>
				<IFACECONTROL>ICSEND</IFACECONTROL>
				<ISTRUE>0</ISTRUE>
				<MAXEXTSYSCONTROLID>20</MAXEXTSYSCONTROLID>
				<VALUE/>
				<MAXEXTLISTVAL>
					<CHANGEBY>MXINTADM</CHANGEBY>
					<CHANGEDATE>2007-05-02T10:24:13+01:00</CHANGEDATE>
					<MAXEXTLISTVALID>10</MAXEXTLISTVALID>
					<VALUE>HISTEDIT</VALUE>
				</MAXEXTLISTVAL>
				<MAXEXTLISTVAL>
					<CHANGEBY>MXINTADM</CHANGEBY>
					<CHANGEDATE>2007-05-02T10:24:13+01:00</CHANGEDATE>
					<MAXEXTLISTVALID>11</MAXEXTLISTVALID>
					<VALUE>INPROG</VALUE>
				</MAXEXTLISTVAL>
				<MAXEXTLISTVAL>
					<CHANGEBY>MXINTADM</CHANGEBY>
					<CHANGEDATE>2007-05-02T10:24:13+01:00</CHANGEDATE>
					<MAXEXTLISTVALID>12</MAXEXTLISTVALID>
					<VALUE>QUEUED</VALUE>
				</MAXEXTLISTVAL>
				<MAXEXTLISTVAL>
					<CHANGEBY>MXINTADM</CHANGEBY>
					<CHANGEDATE>2007-05-02T10:24:13+01:00</CHANGEDATE>
					<MAXEXTLISTVALID>13</MAXEXTLISTVALID>
					<VALUE>RESOLVED</VALUE>
				</MAXEXTLISTVAL>
			</MAXEXTSYSCONTROL>
			<MAXEXTSYSCONTROL>
				<CHANGEBY>MAXIMO</CHANGEBY>
				<CHANGEDATE>2014-01-08T19:29:26+00:00</CHANGEDATE>
				<CONTROLTYPE>LIST</CONTROLTYPE>
				<IFACECONTROL>INVUSESEND</IFACECONTROL>
				<ISTRUE>0</ISTRUE>
				<MAXEXTSYSCONTROLID>24</MAXEXTSYSCONTROLID>
				<VALUE/>
				<MAXEXTLISTVAL>
					<CHANGEBY>MAXIMO</CHANGEBY>
					<CHANGEDATE>2014-01-08T19:29:26+00:00</CHANGEDATE>
					<MAXEXTLISTVALID>23</MAXEXTLISTVALID>
					<VALUE>COMPLETE</VALUE>
				</MAXEXTLISTVAL>
				<MAXEXTLISTVAL>
					<CHANGEBY>MAXIMO</CHANGEBY>
					<CHANGEDATE>2014-01-08T19:29:26+00:00</CHANGEDATE>
					<MAXEXTLISTVALID>24</MAXEXTLISTVALID>
					<VALUE>SHIPPED</VALUE>
				</MAXEXTLISTVAL>
			</MAXEXTSYSCONTROL>
			<MAXEXTSYSCONTROL>
				<CHANGEBY>MAXIMO</CHANGEBY>
				<CHANGEDATE>2004-02-06T00:00:00+00:00</CHANGEDATE>
				<CONTROLTYPE>LIST</CONTROLTYPE>
				<IFACECONTROL>ITEMTYPEFORINVVEN</IFACECONTROL>
				<ISTRUE>0</ISTRUE>
				<MAXEXTSYSCONTROLID>18</MAXEXTSYSCONTROLID>
				<VALUE/>
			</MAXEXTSYSCONTROL>
			<MAXEXTSYSCONTROL>
				<CHANGEBY>MAXIMO</CHANGEBY>
				<CHANGEDATE>2004-02-06T00:00:00+00:00</CHANGEDATE>
				<CONTROLTYPE>LIST</CONTROLTYPE>
				<IFACECONTROL>IVSEND</IFACECONTROL>
				<ISTRUE>0</ISTRUE>
				<MAXEXTSYSCONTROLID>7</MAXEXTSYSCONTROLID>
				<VALUE/>
				<MAXEXTLISTVAL>
					<CHANGEBY>MAXIMO</CHANGEBY>
					<CHANGEDATE>2004-02-06T00:00:00+00:00</CHANGEDATE>
					<MAXEXTLISTVALID>5</MAXEXTLISTVALID>
					<VALUE>APPR</VALUE>
				</MAXEXTLISTVAL>
			</MAXEXTSYSCONTROL>
			<MAXEXTSYSCONTROL>
				<CHANGEBY>MAXIMO</CHANGEBY>
				<CHANGEDATE>2007-05-16T10:44:54+01:00</CHANGEDATE>
				<CONTROLTYPE>LIST</CONTROLTYPE>
				<IFACECONTROL>PBSEND</IFACECONTROL>
				<ISTRUE>0</ISTRUE>
				<MAXEXTSYSCONTROLID>22</MAXEXTSYSCONTROLID>
				<VALUE>null</VALUE>
				<MAXEXTLISTVAL>
					<CHANGEBY>MXINTADM</CHANGEBY>
					<CHANGEDATE>2007-05-16T10:44:54+01:00</CHANGEDATE>
					<MAXEXTLISTVALID>18</MAXEXTLISTVALID>
					<VALUE>HISTEDIT</VALUE>
				</MAXEXTLISTVAL>
				<MAXEXTLISTVAL>
					<CHANGEBY>MXINTADM</CHANGEBY>
					<CHANGEDATE>2007-05-16T10:44:54+01:00</CHANGEDATE>
					<MAXEXTLISTVALID>19</MAXEXTLISTVALID>
					<VALUE>INPROG</VALUE>
				</MAXEXTLISTVAL>
				<MAXEXTLISTVAL>
					<CHANGEBY>MXINTADM</CHANGEBY>
					<CHANGEDATE>2007-05-16T10:44:54+01:00</CHANGEDATE>
					<MAXEXTLISTVALID>20</MAXEXTLISTVALID>
					<VALUE>QUEUED</VALUE>
				</MAXEXTLISTVAL>
				<MAXEXTLISTVAL>
					<CHANGEBY>MXINTADM</CHANGEBY>
					<CHANGEDATE>2007-05-16T10:44:54+01:00</CHANGEDATE>
					<MAXEXTLISTVALID>21</MAXEXTLISTVALID>
					<VALUE>RESOLVED</VALUE>
				</MAXEXTLISTVAL>
			</MAXEXTSYSCONTROL>
			<MAXEXTSYSCONTROL>
				<CHANGEBY>MAXIMO</CHANGEBY>
				<CHANGEDATE>2004-02-06T00:00:00+00:00</CHANGEDATE>
				<CONTROLTYPE>LIST</CONTROLTYPE>
				<IFACECONTROL>PCSEND</IFACECONTROL>
				<ISTRUE>0</ISTRUE>
				<MAXEXTSYSCONTROLID>9</MAXEXTSYSCONTROLID>
				<VALUE/>
				<MAXEXTLISTVAL>
					<CHANGEBY>MAXIMO</CHANGEBY>
					<CHANGEDATE>2004-02-06T00:00:00+00:00</CHANGEDATE>
					<MAXEXTLISTVALID>8</MAXEXTLISTVALID>
					<VALUE>APPR</VALUE>
				</MAXEXTLISTVAL>
			</MAXEXTSYSCONTROL>
			<MAXEXTSYSCONTROL>
				<CHANGEBY>MAXIMO</CHANGEBY>
				<CHANGEDATE>2004-02-06T00:00:00+00:00</CHANGEDATE>
				<CONTROLTYPE>LIST</CONTROLTYPE>
				<IFACECONTROL>POSEND</IFACECONTROL>
				<ISTRUE>0</ISTRUE>
				<MAXEXTSYSCONTROLID>1</MAXEXTSYSCONTROLID>
				<VALUE/>
				<MAXEXTLISTVAL>
					<CHANGEBY>MAXIMO</CHANGEBY>
					<CHANGEDATE>2004-02-06T00:00:00+00:00</CHANGEDATE>
					<MAXEXTLISTVALID>1</MAXEXTLISTVALID>
					<VALUE>APPR</VALUE>
				</MAXEXTLISTVAL>
			</MAXEXTSYSCONTROL>
			<MAXEXTSYSCONTROL>
				<CHANGEBY>MAXIMO</CHANGEBY>
				<CHANGEDATE>2004-02-06T00:00:00+00:00</CHANGEDATE>
				<CONTROLTYPE>LIST</CONTROLTYPE>
				<IFACECONTROL>PRSEND</IFACECONTROL>
				<ISTRUE>0</ISTRUE>
				<MAXEXTSYSCONTROLID>2</MAXEXTSYSCONTROLID>
				<VALUE/>
				<MAXEXTLISTVAL>
					<CHANGEBY>MAXIMO</CHANGEBY>
					<CHANGEDATE>2004-02-06T00:00:00+00:00</CHANGEDATE>
					<MAXEXTLISTVALID>2</MAXEXTLISTVALID>
					<VALUE>APPR</VALUE>
				</MAXEXTLISTVAL>
			</MAXEXTSYSCONTROL>
			<MAXEXTSYSCONTROL>
				<CHANGEBY>MAXIMO</CHANGEBY>
				<CHANGEDATE>2004-02-06T00:00:00+00:00</CHANGEDATE>
				<CONTROLTYPE>LIST</CONTROLTYPE>
				<IFACECONTROL>SERVRECSTAT</IFACECONTROL>
				<ISTRUE>0</ISTRUE>
				<MAXEXTSYSCONTROLID>11</MAXEXTSYSCONTROLID>
				<VALUE/>
				<MAXEXTLISTVAL>
					<CHANGEBY>MAXIMO</CHANGEBY>
					<CHANGEDATE>2004-02-06T00:00:00+00:00</CHANGEDATE>
					<MAXEXTLISTVALID>9</MAXEXTLISTVALID>
					<VALUE>COMP</VALUE>
				</MAXEXTLISTVAL>
			</MAXEXTSYSCONTROL>
			<MAXEXTSYSCONTROL>
				<CHANGEBY>MAXIMO</CHANGEBY>
				<CHANGEDATE>2004-02-06T00:00:00+00:00</CHANGEDATE>
				<CONTROLTYPE>LIST</CONTROLTYPE>
				<IFACECONTROL>SKIPITEMTYPE</IFACECONTROL>
				<ISTRUE>0</ISTRUE>
				<MAXEXTSYSCONTROLID>17</MAXEXTSYSCONTROLID>
				<VALUE/>
			</MAXEXTSYSCONTROL>
			<MAXEXTSYSCONTROL>
				<CHANGEBY>MXINTADM</CHANGEBY>
				<CHANGEDATE>2007-05-09T15:21:34+01:00</CHANGEDATE>
				<CONTROLTYPE>LIST</CONTROLTYPE>
				<IFACECONTROL>SRSEND</IFACECONTROL>
				<ISTRUE>0</ISTRUE>
				<MAXEXTSYSCONTROLID>21</MAXEXTSYSCONTROLID>
				<VALUE/>
				<MAXEXTLISTVAL>
					<CHANGEBY>MXINTADM</CHANGEBY>
					<CHANGEDATE>2007-05-09T15:21:34+01:00</CHANGEDATE>
					<MAXEXTLISTVALID>14</MAXEXTLISTVALID>
					<VALUE>HISTEDIT</VALUE>
				</MAXEXTLISTVAL>
				<MAXEXTLISTVAL>
					<CHANGEBY>MXINTADM</CHANGEBY>
					<CHANGEDATE>2007-05-09T15:21:34+01:00</CHANGEDATE>
					<MAXEXTLISTVALID>15</MAXEXTLISTVALID>
					<VALUE>INPROG</VALUE>
				</MAXEXTLISTVAL>
				<MAXEXTLISTVAL>
					<CHANGEBY>MXINTADM</CHANGEBY>
					<CHANGEDATE>2007-05-09T15:21:34+01:00</CHANGEDATE>
					<MAXEXTLISTVALID>16</MAXEXTLISTVALID>
					<VALUE>QUEUED</VALUE>
				</MAXEXTLISTVAL>
				<MAXEXTLISTVAL>
					<CHANGEBY>MXINTADM</CHANGEBY>
					<CHANGEDATE>2007-05-09T15:21:34+01:00</CHANGEDATE>
					<MAXEXTLISTVALID>17</MAXEXTLISTVALID>
					<VALUE>RESOLVED</VALUE>
				</MAXEXTLISTVAL>
			</MAXEXTSYSCONTROL>
			<MAXEXTSYSCONTROL>
				<CHANGEBY>MAXIMO</CHANGEBY>
				<CHANGEDATE>2004-02-06T00:00:00+00:00</CHANGEDATE>
				<CONTROLTYPE>LIST</CONTROLTYPE>
				<IFACECONTROL>WOSTART</IFACECONTROL>
				<ISTRUE>0</ISTRUE>
				<MAXEXTSYSCONTROLID>8</MAXEXTSYSCONTROLID>
				<VALUE/>
				<MAXEXTLISTVAL>
					<CHANGEBY>MAXIMO</CHANGEBY>
					<CHANGEDATE>2004-02-06T00:00:00+00:00</CHANGEDATE>
					<MAXEXTLISTVALID>6</MAXEXTLISTVALID>
					<VALUE>APPR</VALUE>
				</MAXEXTLISTVAL>
			</MAXEXTSYSCONTROL>
		</MAXEXTSYSTEM>
	</DMMAXEXTSYSTEMSet>
</SyncDMMAXEXTSYSTEM>