<?xml version="1.0" encoding="UTF-8"?><SyncDMQUERY xmlns="http://www.ibm.com/maximo" xmlns:xsi="http://www.w3.org/2001/XMLSchema-instance" creationDateTime="2014-10-23T09:58:13+01:00" transLanguage="EN" baseLanguage="EN" messageID="1414054693562927091" maximoVersion="7 5 20130829-1209 V7510--1"><DMQUERYSet><QUERY action="AddChange"><APP>WORKMAN</APP><CLAUSE>((historyflag = 0 and siteid = 'GB' and assignstatus = 'WAITASGN' and worktype = 'PPM') and (exists (select 1 from dbo.workorder where ((status in ('WSCH','APPR'))) and (wonum=wmassignment.wonum and siteid=wmassignment.siteid)))) order by WMASSIGNMENT.TARGCOMPDATE asc</CLAUSE><CLAUSENAME>PPMWAITASGN-ALL</CLAUSENAME><DESCRIPTION>PPM Work Orders Awaiting Assignment - All</DESCRIPTION><ISPUBLIC>1</ISPUBLIC><OWNER>TIMMINSA</OWNER><QUERYID>6111</QUERYID></QUERY><QUERY action="AddChange"><APP>WORKMAN</APP><CLAUSE>((historyflag = 0 and siteid = 'GB' and assignstatus = 'WAITASGN' and worktype = 'PPM') and (exists (select 1 from dbo.workorder where ((status in ('WSCH','APPR'))) and (wonum=wmassignment.wonum and siteid=wmassignment.siteid)))) and ((siteid = 'GB') and (exists (select 1 from dbo.workorder where (exists (select 1 from dbo.locationspec where ((upper(alnvalue) = 'I25')) and (location = workorder.location and siteid = workorder.siteid and assetattrid in (select assetattrid from assetattribute)))) and (wonum=wmassignment.wonum and siteid=wmassignment.siteid)))) order by WMASSIGNMENT.TARGCOMPDATE asc</CLAUSE><CLAUSENAME>PPMWAITASGN-I25</CLAUSENAME><DESCRIPTION>PPM Work Orders Awaiting Assignment - Inside M25</DESCRIPTION><ISPUBLIC>1</ISPUBLIC><OWNER>TIMMINSA</OWNER><QUERYID>6109</QUERYID></QUERY><QUERY action="AddChange"><APP>WORKMAN</APP><CLAUSE>((historyflag = 0 and siteid = 'GB' and assignstatus = 'WAITASGN' and worktype = 'PPM') and (exists (select 1 from dbo.workorder where ((status in ('WSCH','APPR'))) and (wonum=wmassignment.wonum and siteid=wmassignment.siteid)))) and ((siteid = 'GB') and (exists (select 1 from dbo.workorder where (exists (select 1 from dbo.locationspec where ((upper(alnvalue) = 'LONDON')) and (location = workorder.location and siteid = workorder.siteid and assetattrid in (select assetattrid from assetattribute)))) and (wonum=wmassignment.wonum and siteid=wmassignment.siteid)))) order by WMASSIGNMENT.TARGCOMPDATE asc</CLAUSE><CLAUSENAME>PPMWAITASGN-LONDON</CLAUSENAME><DESCRIPTION>PPM Work Orders Awaiting Assignment - London</DESCRIPTION><ISPUBLIC>1</ISPUBLIC><OWNER>TIMMINSA</OWNER><QUERYID>6104</QUERYID></QUERY><QUERY action="AddChange"><APP>WORKMAN</APP><CLAUSE>((historyflag = 0 and siteid = 'GB' and assignstatus = 'WAITASGN' and worktype = 'PPM') and (exists (select 1 from dbo.workorder where ((status in ('WSCH','APPR'))) and (wonum=wmassignment.wonum and siteid=wmassignment.siteid)))) and ((siteid = 'GB') and (exists (select 1 from dbo.workorder where (exists (select 1 from dbo.locationspec where ((upper(alnvalue) = 'MIDLANDS')) and (location = workorder.location and siteid = workorder.siteid and assetattrid in (select assetattrid from assetattribute)))) and (wonum=wmassignment.wonum and siteid=wmassignment.siteid)))) order by WMASSIGNMENT.TARGCOMPDATE asc</CLAUSE><CLAUSENAME>PPMWAITASGN-MIDLANDS</CLAUSENAME><DESCRIPTION>PPM Work Orders Awaiting Assignment - Midlands</DESCRIPTION><ISPUBLIC>1</ISPUBLIC><OWNER>TIMMINSA</OWNER><QUERYID>6105</QUERYID></QUERY><QUERY action="AddChange"><APP>WORKMAN</APP><CLAUSE>((historyflag = 0 and siteid = 'GB' and assignstatus = 'WAITASGN' and worktype = 'PPM') and (exists (select 1 from dbo.workorder where ((status in ('WSCH','APPR'))) and (wonum=wmassignment.wonum and siteid=wmassignment.siteid)))) and ((siteid = 'GB') and (exists (select 1 from dbo.workorder where (exists (select 1 from dbo.locationspec where ((upper(alnvalue) = 'NORTH')) and (location = workorder.location and siteid = workorder.siteid and assetattrid in (select assetattrid from assetattribute)))) and (wonum=wmassignment.wonum and siteid=wmassignment.siteid)))) order by WMASSIGNMENT.TARGCOMPDATE asc</CLAUSE><CLAUSENAME>PPMWAITASGN-NORTH</CLAUSENAME><DESCRIPTION>PPM Work Orders Awaiting Assignment - North</DESCRIPTION><ISPUBLIC>1</ISPUBLIC><OWNER>TIMMINSA</OWNER><QUERYID>6106</QUERYID></QUERY><QUERY action="AddChange"><APP>WORKMAN</APP><CLAUSE>((historyflag = 0 and siteid = 'GB' and assignstatus = 'WAITASGN' and worktype = 'PPM') and (exists (select 1 from dbo.workorder where ((status in ('WSCH','APPR'))) and (wonum=wmassignment.wonum and siteid=wmassignment.siteid)))) and ((siteid = 'GB') and (exists (select 1 from dbo.workorder where (exists (select 1 from dbo.locationspec where ((upper(alnvalue) = 'O25')) and (location = workorder.location and siteid = workorder.siteid and assetattrid in (select assetattrid from assetattribute)))) and (wonum=wmassignment.wonum and siteid=wmassignment.siteid)))) order by WMASSIGNMENT.TARGCOMPDATE asc</CLAUSE><CLAUSENAME>PPMWAITASGN-O25</CLAUSENAME><DESCRIPTION>PPM Work Orders Awaiting Assignment - Outside M25</DESCRIPTION><ISPUBLIC>1</ISPUBLIC><OWNER>TIMMINSA</OWNER><QUERYID>6110</QUERYID></QUERY><QUERY action="AddChange"><APP>WORKMAN</APP><CLAUSE>((historyflag = 0 and siteid = 'GB' and assignstatus = 'WAITASGN' and worktype = 'PPM') and (exists (select 1 from dbo.workorder where ((status in ('WSCH','APPR'))) and (wonum=wmassignment.wonum and siteid=wmassignment.siteid)))) and ((siteid = 'GB') and (exists (select 1 from dbo.workorder where (exists (select 1 from dbo.locationspec where ((upper(alnvalue) = 'SCOTLAND &amp; NI')) and (location = workorder.location and siteid = workorder.siteid and assetattrid in (select assetattrid from assetattribute)))) and (wonum=wmassignment.wonum and siteid=wmassignment.siteid)))) order by WMASSIGNMENT.TARGCOMPDATE asc</CLAUSE><CLAUSENAME>PPMWAITASGN-SCOTNI</CLAUSENAME><DESCRIPTION>PPM Work Orders Awaiting Assignment - Scotland &amp; NI</DESCRIPTION><ISPUBLIC>1</ISPUBLIC><OWNER>TIMMINSA</OWNER><QUERYID>6107</QUERYID></QUERY><QUERY action="AddChange"><APP>WORKMAN</APP><CLAUSE>((historyflag = 0 and siteid = 'GB' and assignstatus = 'WAITASGN' and worktype = 'PPM') and (exists (select 1 from dbo.workorder where ((status in ('WSCH','APPR'))) and (wonum=wmassignment.wonum and siteid=wmassignment.siteid)))) and ((siteid = 'GB') and (exists (select 1 from dbo.workorder where (exists (select 1 from dbo.locationspec where ((upper(alnvalue) = 'SOUTH &amp; WALES')) and (location = workorder.location and siteid = workorder.siteid and assetattrid in (select assetattrid from assetattribute)))) and (wonum=wmassignment.wonum and siteid=wmassignment.siteid)))) order by WMASSIGNMENT.TARGCOMPDATE asc</CLAUSE><CLAUSENAME>PPMWAITASGN-SWALES</CLAUSENAME><DESCRIPTION>PPM Work Orders Awaiting Assignment - South &amp; Wales</DESCRIPTION><ISPUBLIC>1</ISPUBLIC><OWNER>TIMMINSA</OWNER><QUERYID>6108</QUERYID></QUERY></DMQUERYSet></SyncDMQUERY>