<?xml version="1.0" encoding="UTF-8"?><SyncDMPACKAGEDEF xmlns="http://www.ibm.com/maximo" xmlns:xsi="http://www.w3.org/2001/XMLSchema-instance" creationDateTime="2015-01-26T21:30:36+00:00" transLanguage="EN" baseLanguage="EN" messageID="1422307836051288135" maximoVersion="7 5 20130829-1209 V7510--1"><DMPACKAGEDEFSet><DMPACKAGEDEF><ACTIVE>0</ACTIVE><BATCHSIZE>100</BATCHSIZE><CHANGEBY>TIMMINSA</CHANGEBY><CHANGEDATE>2014-09-02T16:30:20+01:00</CHANGEDATE><CONTENTID>1efe18de-1eac-40a4-8a89-12716450985b</CONTENTID><DESCRIPTION>BBC Integration</DESCRIPTION><DESCRIPTION_LONGDESCRIPTION></DESCRIPTION_LONGDESCRIPTION><DMPACKAGEDEFID>1207</DMPACKAGEDEFID><DMROLE></DMROLE><HASLD>0</HASLD><LANGCODE>EN</LANGCODE><PKGDEFNAME>BBC_INTOBJ</PKGDEFNAME><SOURCE>BBC-SQL-D01_BBCMAXSIT_dbo</SOURCE><STATUS maxvalue="APPR">APPR</STATUS><STATUSDATE>2014-09-02T16:32:13+01:00</STATUSDATE><TYPE maxvalue="SNAPSHOT">SNAPSHOT</TYPE><XMLACTION maxvalue="ADDCHANGE">AddChange</XMLACTION><DMPKGDEFSTATUS><CHANGEBY>TIMMINSA</CHANGEBY><CONTENTID>91beaa25-33a8-4bbe-82d7-1080c63bf752</CONTENTID><DMPKGDEFSTATUSID>1209</DMPKGDEFSTATUSID><MEMO></MEMO><STATUS maxvalue="WAPPR">WAPPR</STATUS><STATUSDATE>2014-09-02T16:30:00+01:00</STATUSDATE></DMPKGDEFSTATUS><DMPKGDEFSTATUS><CHANGEBY>TIMMINSA</CHANGEBY><CONTENTID>8f88806e-7ded-41dd-8d40-f1de7fd0c72d</CONTENTID><DMPKGDEFSTATUSID>1208</DMPKGDEFSTATUSID><MEMO></MEMO><STATUS maxvalue="APPR">APPR</STATUS><STATUSDATE>2014-09-02T16:32:00+01:00</STATUSDATE></DMPKGDEFSTATUS><DMPKGCFGGRPDEF><CFGOBJGROUP>BBC_INTOBJ</CFGOBJGROUP><CONTENTID>17e2d430-d9d7-4607-a994-ebb1dc3475a8</CONTENTID><DMPKGCFGGRPDEFID>1306</DMPKGCFGGRPDEFID><DMPKGCFGOBJDEF><CFGOBJECT>DMMAXINTOBJECT</CFGOBJECT><CONTENTID>9ad9da3a-865d-4105-9fe5-d14b844fb79e</CONTENTID><DMPKGCFGOBJDEFID>1204</DMPKGCFGOBJDEFID><WHERECLAUSE>intobjectname in ('DMSECRESTRICT')</WHERECLAUSE></DMPKGCFGOBJDEF><DMPKGCFGOBJDEF><CFGOBJECT>DMMAXIFACEIN</CFGOBJECT><CONTENTID>06c86de2-475e-4317-bd8c-965cfd3f5622</CONTENTID><DMPKGCFGOBJDEFID>1203</DMPKGCFGOBJDEFID><WHERECLAUSE>1=2</WHERECLAUSE></DMPKGCFGOBJDEF><DMPKGCFGOBJDEF><CFGOBJECT>DMMAXEXTSYSTEM</CFGOBJECT><CONTENTID>3a971ddf-1f1c-41a1-ac8c-0705b7c66e5f</CONTENTID><DMPKGCFGOBJDEFID>1202</DMPKGCFGOBJDEFID><WHERECLAUSE>1=2</WHERECLAUSE></DMPKGCFGOBJDEF></DMPKGCFGGRPDEF><DMPKGDIST><CHANGEBY>TIMMINSA</CHANGEBY><CHANGEDATE>2014-10-18T13:12:17+01:00</CHANGEDATE><CONTENTID>547d5216-4765-4527-b9da-d5700226fbbd</CONTENTID><DMPKGDISTID>1303</DMPKGDISTID><TARGETNAME>BBC_DEP</TARGETNAME></DMPKGDIST><DMPKGDIST><CHANGEBY>TIMMINSA</CHANGEBY><CHANGEDATE>2014-10-18T13:12:17+01:00</CHANGEDATE><CONTENTID>51b72571-3035-4f64-b100-cd272c690e86</CONTENTID><DMPKGDISTID>1302</DMPKGDISTID><TARGETNAME>IRVMMFOLDER</TARGETNAME></DMPKGDIST></DMPACKAGEDEF></DMPACKAGEDEFSet></SyncDMPACKAGEDEF>