<?xml version="1.0" encoding="UTF-8"?><SyncDMCFGGROUP xmlns="http://www.ibm.com/maximo" xmlns:xsi="http://www.w3.org/2001/XMLSchema-instance" creationDateTime="2015-01-26T13:57:29+00:00" transLanguage="EN" baseLanguage="EN" messageID="1422280649298799667" maximoVersion="7 5 20130829-1209 V7510--1"><DMCFGGROUPSet><DMCFGGROUP><CFGGROUPORDER>28</CFGGROUPORDER><CFGOBJGROUP>DMESCALATION</CFGOBJGROUP><CHANGEBY>TIMMINSA</CHANGEBY><CHANGEDATE>2014-07-08T13:34:28+01:00</CHANGEDATE><DESCRIPTION>Escalations</DESCRIPTION><DMCFGGROUPID>92533</DMCFGGROUPID><GROUPTYPE maxvalue="CFGDATA">CFGDATA</GROUPTYPE><INTERNAL>0</INTERNAL><DMCFGOBJECT><CFGOBJECT>DMESCALATION</CFGOBJECT><CFGOBJORDER>2</CFGOBJORDER><CHANGEBY>TIMMINSA</CHANGEBY><CHANGEDATE>2014-07-08T13:34:42+01:00</CHANGEDATE><DESCRIPTION>Escalation migration object for Migration Manager</DESCRIPTION><DMCFGOBJECTID>2001</DMCFGOBJECTID><INTERNAL>0</INTERNAL></DMCFGOBJECT><DMCFGOBJECT><CFGOBJECT>DMCRONTASKDEF</CFGOBJECT><CFGOBJORDER>3</CFGOBJORDER><CHANGEBY>TIMMINSA</CHANGEBY><CHANGEDATE>2014-10-18T15:12:06+01:00</CHANGEDATE><DESCRIPTION>Cron task migration object for Migration Manager</DESCRIPTION><DMCFGOBJECTID>2697</DMCFGOBJECTID><INTERNAL>0</INTERNAL></DMCFGOBJECT><DMCFGOBJECT><CFGOBJECT>DMACTION</CFGOBJECT><CFGOBJORDER>1</CFGOBJORDER><CHANGEBY>TIMMINSA</CHANGEBY><CHANGEDATE>2014-10-18T15:16:13+01:00</CHANGEDATE><DESCRIPTION>Action migration object for Migration Manager</DESCRIPTION><DMCFGOBJECTID>2696</DMCFGOBJECTID><INTERNAL>0</INTERNAL></DMCFGOBJECT></DMCFGGROUP></DMCFGGROUPSet></SyncDMCFGGROUP>