<?xml version="1.0" encoding="UTF-8"?><SyncDMCFGGROUP xmlns="http://www.ibm.com/maximo" xmlns:xsi="http://www.w3.org/2001/XMLSchema-instance" creationDateTime="2014-10-09T18:08:39+01:00" transLanguage="EN" baseLanguage="EN" messageID="1412874519673586229" maximoVersion="7 5 20130829-1209 V7510--1"><DMCFGGROUPSet><DMCFGGROUP><CFGGROUPORDER>25</CFGGROUPORDER><CFGOBJGROUP>DMRELATIONSHIP</CFGOBJGROUP><CHANGEBY>TIMMINSA</CHANGEBY><CHANGEDATE>2014-07-08T13:18:45+01:00</CHANGEDATE><DESCRIPTION>Relationships</DESCRIPTION><DMCFGGROUPID>92530</DMCFGGROUPID><GROUPTYPE maxvalue="CFGDATA">CFGDATA</GROUPTYPE><INTERNAL>0</INTERNAL><DMCFGOBJECT><CFGOBJECT>DMMAXRELATIONSHIP</CFGOBJECT><CFGOBJORDER>1</CFGOBJORDER><CHANGEBY>TIMMINSA</CHANGEBY><CHANGEDATE>2014-07-08T13:18:58+01:00</CHANGEDATE><DESCRIPTION>Data dictionary relationship migration object for Migration Manager</DESCRIPTION><DMCFGOBJECTID>1996</DMCFGOBJECTID><INTERNAL>0</INTERNAL></DMCFGOBJECT></DMCFGGROUP></DMCFGGROUPSet></SyncDMCFGGROUP>