<?xml version="1.0" encoding="UTF-8"?><SyncDMPACKAGEDEF xmlns="http://www.ibm.com/maximo" xmlns:xsi="http://www.w3.org/2001/XMLSchema-instance" creationDateTime="2014-10-09T18:08:39+01:00" transLanguage="EN" baseLanguage="EN" messageID="141287451970444220" maximoVersion="7 5 20130829-1209 V7510--1"><DMPACKAGEDEFSet><DMPACKAGEDEF><ACTIVE>0</ACTIVE><BATCHSIZE>100</BATCHSIZE><CHANGEBY>TIMMINSA</CHANGEBY><CHANGEDATE>2014-07-08T13:18:05+01:00</CHANGEDATE><CONTENTID>91e80c1c-323d-4c8f-a5e7-ebe1e73432d7</CONTENTID><DESCRIPTION>Relationship Object</DESCRIPTION><DESCRIPTION_LONGDESCRIPTION></DESCRIPTION_LONGDESCRIPTION><DMPACKAGEDEFID>307</DMPACKAGEDEFID><DMROLE></DMROLE><HASLD>0</HASLD><LANGCODE>EN</LANGCODE><PKGDEFNAME>BBC_RELATION</PKGDEFNAME><SOURCE>BBC-SQL-D01_BBCMAXSIT_dbo</SOURCE><STATUS maxvalue="APPR">APPR</STATUS><STATUSDATE>2014-07-08T13:21:49+01:00</STATUSDATE><TYPE maxvalue="SNAPSHOT">SNAPSHOT</TYPE><XMLACTION maxvalue="ADDCHANGE">AddChange</XMLACTION><DMPKGDEFSTATUS><CHANGEBY>TIMMINSA</CHANGEBY><CONTENTID>9ff4cdae-b6ad-4e5d-9fc3-8772246c21ad</CONTENTID><DMPKGDEFSTATUSID>309</DMPKGDEFSTATUSID><MEMO></MEMO><STATUS maxvalue="APPR">APPR</STATUS><STATUSDATE>2014-07-08T13:21:00+01:00</STATUSDATE></DMPKGDEFSTATUS><DMPKGDEFSTATUS><CHANGEBY>TIMMINSA</CHANGEBY><CONTENTID>794aa0a0-7c02-40ac-b2df-0b65ca49d808</CONTENTID><DMPKGDEFSTATUSID>308</DMPKGDEFSTATUSID><MEMO></MEMO><STATUS maxvalue="WAPPR">WAPPR</STATUS><STATUSDATE>2014-07-08T13:18:00+01:00</STATUSDATE></DMPKGDEFSTATUS><DMPKGCFGGRPDEF><CFGOBJGROUP>DMRELATIONSHIP</CFGOBJGROUP><CONTENTID>d8c86069-9bdd-4c0a-b323-b01d28d6de87</CONTENTID><DMPKGCFGGRPDEFID>406</DMPKGCFGGRPDEFID><DMPKGCFGOBJDEF><CFGOBJECT>DMMAXRELATIONSHIP</CFGOBJECT><CONTENTID>8f4cf14c-6cae-4e7f-bcf4-93bc8f7abe94</CONTENTID><DMPKGCFGOBJDEFID>302</DMPKGCFGOBJDEFID><WHERECLAUSE>(parent='PO' and  name= 'WFLASTMEMO' )or(parent = 'INVOICE' and name in('WFLASTMEMO','WFINSTANCE','WFCALLSTACK','POLINE','IRV_REASONCODE'))</WHERECLAUSE></DMPKGCFGOBJDEF></DMPKGCFGGRPDEF></DMPACKAGEDEF></DMPACKAGEDEFSet></SyncDMPACKAGEDEF>