<?xml version="1.0" encoding="UTF-8"?><SyncDMMAXRELATIONSHIP xmlns="http://www.ibm.com/maximo" xmlns:xsi="http://www.w3.org/2001/XMLSchema-instance" creationDateTime="2014-10-09T18:08:39+01:00" transLanguage="EN" baseLanguage="EN" messageID="1412874519220430685" maximoVersion="7 5 20130829-1209 V7510--1"><DMMAXRELATIONSHIPSet><MAXRELATIONSHIP action="AddChange"><CARDINALITY></CARDINALITY><CHILD>ALNDOMAIN</CHILD><DBJOINREQUIRED>0</DBJOINREQUIRED><MAXRELATIONSHIPID>141989</MAXRELATIONSHIPID><NAME>IRV_REASONCODE</NAME><PARENT>INVOICE</PARENT><REMARKS></REMARKS><WHERECLAUSE>VALUE = :IRV_REASONCODE and DOMAINID = 'IRV_PIREASON'</WHERECLAUSE></MAXRELATIONSHIP><MAXRELATIONSHIP action="AddChange"><CARDINALITY maxvalue="UNDEFINED">UNDEFINED</CARDINALITY><CHILD>POLINE</CHILD><DBJOINREQUIRED>0</DBJOINREQUIRED><MAXRELATIONSHIPID>516</MAXRELATIONSHIPID><NAME>POLINE</NAME><PARENT>INVOICE</PARENT><REMARKS>Relationship to the POLine table, used to find all purchase order lines for a given invoice. (poline.ponum = invoice.ponum and and poline.siteid =  invoice.siteid and poline.scheduleid is null). The resulting set will contain zero or more objects.</REMARKS><WHERECLAUSE>ponum = :ponum and siteid = :positeid
and :porevisionnum = revisionnum
 and scheduleid is null</WHERECLAUSE></MAXRELATIONSHIP><MAXRELATIONSHIP action="AddChange"><CARDINALITY></CARDINALITY><CHILD>WFCALLSTACK</CHILD><DBJOINREQUIRED>0</DBJOINREQUIRED><MAXRELATIONSHIPID>142089</MAXRELATIONSHIPID><NAME>WFCALLSTACK</NAME><PARENT>INVOICE</PARENT><REMARKS></REMARKS><WHERECLAUSE>ownertable = 'INVOICE' and ownerid = :invoiceid</WHERECLAUSE></MAXRELATIONSHIP><MAXRELATIONSHIP action="AddChange"><CARDINALITY></CARDINALITY><CHILD>WFINSTANCE</CHILD><DBJOINREQUIRED>0</DBJOINREQUIRED><MAXRELATIONSHIPID>142191</MAXRELATIONSHIPID><NAME>WFINSTANCE</NAME><PARENT>INVOICE</PARENT><REMARKS></REMARKS><WHERECLAUSE>active = 1 and ownertable = 'INVOICE' and ownerid = :invoiceid and processname = 'TOPICWF'</WHERECLAUSE></MAXRELATIONSHIP><MAXRELATIONSHIP action="AddChange"><CARDINALITY></CARDINALITY><CHILD>WFTRANSACTION</CHILD><DBJOINREQUIRED>0</DBJOINREQUIRED><MAXRELATIONSHIPID>142190</MAXRELATIONSHIPID><NAME>WFLASTMEMO</NAME><PARENT>INVOICE</PARENT><REMARKS>Find the last memo in the workflow</REMARKS><WHERECLAUSE>transid = (select top 1 transid from wftransaction where ownertable = 'INVOICE' and ownerid = :invoiceid and memo is not null order by transdate desc)</WHERECLAUSE></MAXRELATIONSHIP><MAXRELATIONSHIP action="AddChange"><CARDINALITY></CARDINALITY><CHILD>WFTRANSACTION</CHILD><DBJOINREQUIRED>0</DBJOINREQUIRED><MAXRELATIONSHIPID>142189</MAXRELATIONSHIPID><NAME>WFLASTMEMO</NAME><PARENT>PO</PARENT><REMARKS>Get the last memo in the workflow</REMARKS><WHERECLAUSE>transid = (select top 1 transid from wftransaction where ownertable = 'PO' and ownerid = :poid and memo is not null order by transdate desc)</WHERECLAUSE></MAXRELATIONSHIP></DMMAXRELATIONSHIPSet></SyncDMMAXRELATIONSHIP>