<?xml version="1.0" encoding="UTF-8"?><SyncDMCFGGROUP xmlns="http://www.ibm.com/maximo" xmlns:xsi="http://www.w3.org/2001/XMLSchema-instance" creationDateTime="2014-09-15T15:14:03+01:00" transLanguage="EN" baseLanguage="EN" messageID="1410790443398411510" maximoVersion="7 5 20130829-1209 V7510--1"><DMCFGGROUPSet><DMCFGGROUP><CFGGROUPORDER>31</CFGGROUPORDER><CFGOBJGROUP>BBC_DOMAINS</CFGOBJGROUP><CHANGEBY>TIMMINSA</CHANGEBY><CHANGEDATE>2014-08-19T11:10:35+01:00</CHANGEDATE><DESCRIPTION>BBC_DOMAINS</DESCRIPTION><DMCFGGROUPID>92830</DMCFGGROUPID><GROUPTYPE maxvalue="CFGDATA">CFGDATA</GROUPTYPE><INTERNAL>0</INTERNAL><DMCFGOBJECT><CFGOBJECT>DMMAXDOMAIN</CFGOBJECT><CFGOBJORDER>1</CFGOBJORDER><CHANGEBY>TIMMINSA</CHANGEBY><CHANGEDATE>2014-08-19T11:10:47+01:00</CHANGEDATE><DESCRIPTION>Domain migration object for Migration Manager</DESCRIPTION><DMCFGOBJECTID>2296</DMCFGOBJECTID><INTERNAL>0</INTERNAL></DMCFGOBJECT></DMCFGGROUP></DMCFGGROUPSet></SyncDMCFGGROUP>