<?xml version="1.0" encoding="UTF-8"?><SyncDMMAXDOMAIN xmlns="http://www.ibm.com/maximo" xmlns:xsi="http://www.w3.org/2001/XMLSchema-instance" creationDateTime="2014-09-15T15:14:03+01:00" transLanguage="EN" baseLanguage="EN" messageID="1410790442867896071" maximoVersion="7 5 20130829-1209 V7510--1"><DMMAXDOMAINSet><MAXDOMAIN action="AddChange"><DESCRIPTION>BBC Region</DESCRIPTION><DOMAINID>IRV_BBCREG</DOMAINID><DOMAINTYPE maxvalue="ALN">ALN</DOMAINTYPE><INTERNAL>0</INTERNAL><LENGTH>50</LENGTH><MAXDOMAINID>12172</MAXDOMAINID><MAXTYPE>ALN</MAXTYPE><NEVERCACHE>0</NEVERCACHE><SCALE>0</SCALE><ALNDOMAIN><ALNDOMAINID>7676</ALNDOMAINID><DESCRIPTION>BBC Region - London</DESCRIPTION><ORGID></ORGID><PLUSPCUSTOMER></PLUSPCUSTOMER><SITEID></SITEID><VALUE>London</VALUE><VALUEID>IRV_BBCREG|London</VALUEID></ALNDOMAIN><ALNDOMAIN><ALNDOMAINID>7677</ALNDOMAINID><DESCRIPTION>BBC Region - O25</DESCRIPTION><ORGID></ORGID><PLUSPCUSTOMER></PLUSPCUSTOMER><SITEID></SITEID><VALUE>O25</VALUE><VALUEID>IRV_BBCREG|O25</VALUEID></ALNDOMAIN><ALNDOMAIN><ALNDOMAINID>7678</ALNDOMAINID><DESCRIPTION>BBC Region - Scotland &amp; NI</DESCRIPTION><ORGID></ORGID><PLUSPCUSTOMER></PLUSPCUSTOMER><SITEID></SITEID><VALUE>Scotland &amp; NI</VALUE><VALUEID>IRV_BBCREG|Scotland &amp; NI</VALUEID></ALNDOMAIN><ALNDOMAIN><ALNDOMAINID>7679</ALNDOMAINID><DESCRIPTION>BBC Region - TVC</DESCRIPTION><ORGID></ORGID><PLUSPCUSTOMER></PLUSPCUSTOMER><SITEID></SITEID><VALUE>TVC</VALUE><VALUEID>IRV_BBCREG|TVC</VALUEID></ALNDOMAIN></MAXDOMAIN><MAXDOMAIN action="AddChange"><DESCRIPTION>Interserve Region</DESCRIPTION><DOMAINID>IRV_IRVREG</DOMAINID><DOMAINTYPE maxvalue="ALN">ALN</DOMAINTYPE><INTERNAL>0</INTERNAL><LENGTH>50</LENGTH><MAXDOMAINID>12174</MAXDOMAINID><MAXTYPE>ALN</MAXTYPE><NEVERCACHE>0</NEVERCACHE><SCALE>0</SCALE><ALNDOMAIN><ALNDOMAINID>7682</ALNDOMAINID><DESCRIPTION>Interserve Region - London</DESCRIPTION><ORGID></ORGID><PLUSPCUSTOMER></PLUSPCUSTOMER><SITEID></SITEID><VALUE>London</VALUE><VALUEID>IRV_IRVREG|London</VALUEID></ALNDOMAIN><ALNDOMAIN><ALNDOMAINID>7683</ALNDOMAINID><DESCRIPTION>Interserve Region - Midlands</DESCRIPTION><ORGID></ORGID><PLUSPCUSTOMER></PLUSPCUSTOMER><SITEID></SITEID><VALUE>Midlands</VALUE><VALUEID>IRV_IRVREG|Midlands</VALUEID></ALNDOMAIN><ALNDOMAIN><ALNDOMAINID>7684</ALNDOMAINID><DESCRIPTION>Interserve Region - North</DESCRIPTION><ORGID></ORGID><PLUSPCUSTOMER></PLUSPCUSTOMER><SITEID></SITEID><VALUE>North</VALUE><VALUEID>IRV_IRVREG|North</VALUEID></ALNDOMAIN><ALNDOMAIN><ALNDOMAINID>7685</ALNDOMAINID><DESCRIPTION>Interserve Region - Scotland &amp; NI</DESCRIPTION><ORGID></ORGID><PLUSPCUSTOMER></PLUSPCUSTOMER><SITEID></SITEID><VALUE>Scotland &amp; NI</VALUE><VALUEID>IRV_IRVREG|Scotland &amp; NI</VALUEID></ALNDOMAIN><ALNDOMAIN><ALNDOMAINID>7686</ALNDOMAINID><DESCRIPTION>Interserve Region - South &amp; Wales</DESCRIPTION><ORGID></ORGID><PLUSPCUSTOMER></PLUSPCUSTOMER><SITEID></SITEID><VALUE>South &amp; Wales</VALUE><VALUEID>IRV_IRVREG|South &amp; Wales</VALUEID></ALNDOMAIN></MAXDOMAIN><MAXDOMAIN action="AddChange"><DESCRIPTION>Location Regions</DESCRIPTION><DOMAINID>IRV_LOCREG</DOMAINID><DOMAINTYPE maxvalue="MAXTABLE">TABLE</DOMAINTYPE><INTERNAL>0</INTERNAL><LENGTH xsi:nil="true"></LENGTH><MAXDOMAINID>12177</MAXDOMAINID><MAXTYPE></MAXTYPE><NEVERCACHE>0</NEVERCACHE><SCALE xsi:nil="true"></SCALE><MAXTABLEDOMAIN><ERRORACCESSKEY></ERRORACCESSKEY><ERRORRESOURCBUNDLE></ERRORRESOURCBUNDLE><LISTWHERECLAUSE>exists (select 1 from assetattribute where assetattribute.domainid = alndomain.domainid)</LISTWHERECLAUSE><MAXTABLEDOMAINID>2878</MAXTABLEDOMAINID><OBJECTNAME>ALNDOMAIN</OBJECTNAME><ORGID></ORGID><SITEID></SITEID><VALIDTNWHERECLAUSE>exists (select 1 from assetattribute where assetattribute.domainid = alndomain.domainid)</VALIDTNWHERECLAUSE></MAXTABLEDOMAIN></MAXDOMAIN><MAXDOMAIN action="AddChange"><DESCRIPTION>NSC Region</DESCRIPTION><DOMAINID>IRV_NSCREG</DOMAINID><DOMAINTYPE maxvalue="ALN">ALN</DOMAINTYPE><INTERNAL>0</INTERNAL><LENGTH>50</LENGTH><MAXDOMAINID>12175</MAXDOMAINID><MAXTYPE>ALN</MAXTYPE><NEVERCACHE>0</NEVERCACHE><SCALE>0</SCALE><ALNDOMAIN><ALNDOMAINID>7776</ALNDOMAINID><DESCRIPTION>NSC Region - London</DESCRIPTION><ORGID></ORGID><PLUSPCUSTOMER></PLUSPCUSTOMER><SITEID></SITEID><VALUE>London</VALUE><VALUEID>IRV_NSCREG|London</VALUEID></ALNDOMAIN><ALNDOMAIN><ALNDOMAINID>7777</ALNDOMAINID><DESCRIPTION>NSC Region - Midlands</DESCRIPTION><ORGID></ORGID><PLUSPCUSTOMER></PLUSPCUSTOMER><SITEID></SITEID><VALUE>Midlands</VALUE><VALUEID>IRV_NSCREG|Midlands</VALUEID></ALNDOMAIN><ALNDOMAIN><ALNDOMAINID>7778</ALNDOMAINID><DESCRIPTION>NSC Region - North</DESCRIPTION><ORGID></ORGID><PLUSPCUSTOMER></PLUSPCUSTOMER><SITEID></SITEID><VALUE>North</VALUE><VALUEID>IRV_NSCREG|North</VALUEID></ALNDOMAIN><ALNDOMAIN><ALNDOMAINID>7779</ALNDOMAINID><DESCRIPTION>NSC Region - Scotland &amp; NI</DESCRIPTION><ORGID></ORGID><PLUSPCUSTOMER></PLUSPCUSTOMER><SITEID></SITEID><VALUE>Scotland &amp; NI</VALUE><VALUEID>IRV_NSCREG|Scotland &amp; NI</VALUEID></ALNDOMAIN><ALNDOMAIN><ALNDOMAINID>7780</ALNDOMAINID><DESCRIPTION>NSC Region - South &amp; Wales</DESCRIPTION><ORGID></ORGID><PLUSPCUSTOMER></PLUSPCUSTOMER><SITEID></SITEID><VALUE>South &amp; Wales</VALUE><VALUEID>IRV_NSCREG|South &amp; Wales</VALUEID></ALNDOMAIN></MAXDOMAIN></DMMAXDOMAINSet></SyncDMMAXDOMAIN>