<?xml version="1.0" encoding="UTF-8"?><SyncDMPACKAGEDEF xmlns="http://www.ibm.com/maximo" xmlns:xsi="http://www.w3.org/2001/XMLSchema-instance" creationDateTime="2014-09-15T15:14:03+01:00" transLanguage="EN" baseLanguage="EN" messageID="1410790443413980786" maximoVersion="7 5 20130829-1209 V7510--1"><DMPACKAGEDEFSet><DMPACKAGEDEF><ACTIVE>0</ACTIVE><BATCHSIZE>100</BATCHSIZE><CHANGEBY>TIMMINSA</CHANGEBY><CHANGEDATE>2014-09-15T15:12:28+01:00</CHANGEDATE><CONTENTID>f2fd7dc5-3a66-4fc9-8863-ff700864c8f9</CONTENTID><DESCRIPTION>Domains Package</DESCRIPTION><DESCRIPTION_LONGDESCRIPTION></DESCRIPTION_LONGDESCRIPTION><DMPACKAGEDEFID>1007</DMPACKAGEDEFID><DMROLE></DMROLE><HASLD>0</HASLD><LANGCODE>EN</LANGCODE><PKGDEFNAME>BBC_DOMAINS</PKGDEFNAME><SOURCE>BBC-SQL-D01_BBCMAXSIT_dbo</SOURCE><STATUS maxvalue="APPR">APPR</STATUS><STATUSDATE>2014-09-15T15:13:15+01:00</STATUSDATE><TYPE maxvalue="SNAPSHOT">SNAPSHOT</TYPE><XMLACTION maxvalue="ADDCHANGE">AddChange</XMLACTION><DMPKGDEFSTATUS><CHANGEBY>TIMMINSA</CHANGEBY><CONTENTID>a464a228-ff38-4138-8289-43b02ee6c203</CONTENTID><DMPKGDEFSTATUSID>1008</DMPKGDEFSTATUSID><MEMO></MEMO><STATUS maxvalue="WAPPR">WAPPR</STATUS><STATUSDATE>2014-08-19T11:19:00+01:00</STATUSDATE></DMPKGDEFSTATUS><DMPKGDEFSTATUS><CHANGEBY>TIMMINSA</CHANGEBY><CONTENTID>9ad218da-00e2-4c78-b786-66f1714b17c6</CONTENTID><DMPKGDEFSTATUSID>1009</DMPKGDEFSTATUSID><MEMO></MEMO><STATUS maxvalue="APPR">APPR</STATUS><STATUSDATE>2014-09-15T15:13:00+01:00</STATUSDATE></DMPKGDEFSTATUS><DMPKGCFGGRPDEF><CFGOBJGROUP>BBC_DOMAINS</CFGOBJGROUP><CONTENTID>961b192f-51b3-4b2c-9663-d4767d966cba</CONTENTID><DMPKGCFGGRPDEFID>1106</DMPKGCFGGRPDEFID><DMPKGCFGOBJDEF><CFGOBJECT>DMMAXDOMAIN</CFGOBJECT><CONTENTID>5eb663f4-71a6-4246-8714-01d1beb5dd38</CONTENTID><DMPKGCFGOBJDEFID>1002</DMPKGCFGOBJDEFID><WHERECLAUSE>domainid in ('IRV_LOCREG','IRV_NSCREG','IRV_BBCREG','IRV_IRVREG')</WHERECLAUSE></DMPKGCFGOBJDEF></DMPKGCFGGRPDEF><DMPKGDIST><CHANGEBY>TIMMINSA</CHANGEBY><CHANGEDATE>2014-09-15T15:12:28+01:00</CHANGEDATE><CONTENTID>494af31a-734e-4245-8853-d512c0142348</CONTENTID><DMPKGDISTID>902</DMPKGDISTID><TARGETNAME>IRVMMFOLDER</TARGETNAME></DMPKGDIST></DMPACKAGEDEF></DMPACKAGEDEFSet></SyncDMPACKAGEDEF>