<?xml version="1.0" encoding="UTF-8"?><SyncDMWFPROCESS xmlns="http://www.ibm.com/maximo" xmlns:xsi="http://www.w3.org/2001/XMLSchema-instance" creationDateTime="2014-07-31T13:13:31+01:00" transLanguage="EN" baseLanguage="EN" messageID="1406808811778525633" maximoVersion="7 5 20130829-1209 V7510--1"><DMWFPROCESSSet><WFPROCESS action="AddChange"><ACTIVE>0</ACTIVE><AUTOINITIATE>0</AUTOINITIATE><CHANGEBY>TIMMINSA</CHANGEBY><CHANGEDATE>2014-07-28T16:55:56+01:00</CHANGEDATE><DELETABLE>0</DELETABLE><DESCRIPTION>Sub Workflow for Workorder - Estreq</DESCRIPTION><DESCRIPTION_LONGDESCRIPTION></DESCRIPTION_LONGDESCRIPTION><ENABLED>1</ENABLED><EXTERNALREFID></EXTERNALREFID><HASLD>0</HASLD><LANGCODE>EN</LANGCODE><MIGRATED>0</MIGRATED><OBJECTNAME>WORKORDER</OBJECTNAME><OWNERSYSID></OWNERSYSID><PROCESSNAME>SUBWOESTRE</PROCESSNAME><PROCESSREV>28</PROCESSREV><SENDERSYSID>MX</SENDERSYSID><SOURCESYSID></SOURCESYSID><WFPROCESSID>5544</WFPROCESSID><WFNODE><DESCRIPTION>START 1</DESCRIPTION><DESCRIPTION_LONGDESCRIPTION></DESCRIPTION_LONGDESCRIPTION><HASLD>0</HASLD><IMAGEFILE></IMAGEFILE><LANGCODE>EN</LANGCODE><NODEID>1</NODEID><NODETYPE maxvalue="WFSTART">START</NODETYPE><TITLE>START 1</TITLE><WFNODEID>15161</WFNODEID><XCOORDINATE>1</XCOORDINATE><YCOORDINATE>1</YCOORDINATE><WFSTART><WFSTARTID>5570</WFSTARTID></WFSTART><WFACTION><ACTION></ACTION><ACTIONID>46</ACTIONID><CONDITION></CONDITION><CONDITIONCLASS></CONDITIONCLASS><INSTRUCTION>Approve or Cancel WO</INSTRUCTION><ISPOSITIVE>1</ISPOSITIVE><MEMBERNODEID>3</MEMBERNODEID><OWNERNODEID>1</OWNERNODEID><SEQUENCE xsi:nil="true"></SEQUENCE><WFACTIONID>18069</WFACTIONID></WFACTION></WFNODE><WFNODE><DESCRIPTION>STOP 2</DESCRIPTION><DESCRIPTION_LONGDESCRIPTION></DESCRIPTION_LONGDESCRIPTION><HASLD>0</HASLD><IMAGEFILE></IMAGEFILE><LANGCODE>EN</LANGCODE><NODEID>2</NODEID><NODETYPE maxvalue="WFSTOP">STOP</NODETYPE><TITLE>STOP 2</TITLE><WFNODEID>15162</WFNODEID><XCOORDINATE>8</XCOORDINATE><YCOORDINATE>4</YCOORDINATE><WFSTOP><WFSTOPID>6960</WFSTOPID></WFSTOP></WFNODE><WFNODE><DESCRIPTION>Approve or Cancel WO</DESCRIPTION><DESCRIPTION_LONGDESCRIPTION></DESCRIPTION_LONGDESCRIPTION><HASLD>0</HASLD><IMAGEFILE></IMAGEFILE><LANGCODE>EN</LANGCODE><NODEID>3</NODEID><NODETYPE maxvalue="WFINPUT">INPUT</NODETYPE><TITLE>APPROVE OR CANCEL WO</TITLE><WFNODEID>15163</WFNODEID><XCOORDINATE>7</XCOORDINATE><YCOORDINATE>1</YCOORDINATE><WFINPUT><DISPLAYONE>0</DISPLAYONE><WFINPUTID>4023</WFINPUTID></WFINPUT><WFACTION><ACTION></ACTION><ACTIONID>49</ACTIONID><CONDITION></CONDITION><CONDITIONCLASS></CONDITIONCLASS><INSTRUCTION>Approve Work Order</INSTRUCTION><ISPOSITIVE>1</ISPOSITIVE><MEMBERNODEID>16</MEMBERNODEID><OWNERNODEID>3</OWNERNODEID><SEQUENCE>1</SEQUENCE><WFACTIONID>18070</WFACTIONID></WFACTION><WFACTION><ACTION>WO CANCEL</ACTION><ACTIONID>1</ACTIONID><CONDITION></CONDITION><CONDITIONCLASS></CONDITIONCLASS><INSTRUCTION>Cancel Work Order</INSTRUCTION><ISPOSITIVE>1</ISPOSITIVE><MEMBERNODEID>2</MEMBERNODEID><OWNERNODEID>3</OWNERNODEID><SEQUENCE>2</SEQUENCE><WFACTIONID>18071</WFACTIONID></WFACTION></WFNODE><WFNODE><DESCRIPTION>STOP 15</DESCRIPTION><DESCRIPTION_LONGDESCRIPTION></DESCRIPTION_LONGDESCRIPTION><HASLD>0</HASLD><IMAGEFILE></IMAGEFILE><LANGCODE>EN</LANGCODE><NODEID>15</NODEID><NODETYPE maxvalue="WFSTOP">STOP</NODETYPE><TITLE>STOP 15</TITLE><WFNODEID>15164</WFNODEID><XCOORDINATE>13</XCOORDINATE><YCOORDINATE>1</YCOORDINATE><WFSTOP><WFSTOPID>6961</WFSTOPID></WFSTOP></WFNODE><WFNODE><DESCRIPTION>Project?</DESCRIPTION><DESCRIPTION_LONGDESCRIPTION></DESCRIPTION_LONGDESCRIPTION><HASLD>0</HASLD><IMAGEFILE></IMAGEFILE><LANGCODE>EN</LANGCODE><NODEID>16</NODEID><NODETYPE maxvalue="WFCONDITION">CONDITION</NODETYPE><TITLE>PROJECT?</TITLE><WFNODEID>15165</WFNODEID><XCOORDINATE>9</XCOORDINATE><YCOORDINATE>1</YCOORDINATE><WFACTION><ACTION>WO APPR</ACTION><ACTIONID>50</ACTIONID><CONDITION></CONDITION><CONDITIONCLASS></CONDITIONCLASS><INSTRUCTION>STOP 15</INSTRUCTION><ISPOSITIVE>1</ISPOSITIVE><MEMBERNODEID>15</MEMBERNODEID><OWNERNODEID>16</OWNERNODEID><SEQUENCE xsi:nil="true"></SEQUENCE><WFACTIONID>18072</WFACTIONID></WFACTION><WFACTION><ACTION>IRVSTATUSESTAPPR</ACTION><ACTIONID>51</ACTIONID><CONDITION></CONDITION><CONDITIONCLASS></CONDITIONCLASS><INSTRUCTION>STOP 17</INSTRUCTION><ISPOSITIVE>0</ISPOSITIVE><MEMBERNODEID>17</MEMBERNODEID><OWNERNODEID>16</OWNERNODEID><SEQUENCE xsi:nil="true"></SEQUENCE><WFACTIONID>18074</WFACTIONID></WFACTION><WFCONDITION><CONDITION>(select count(1) from classancestor where ancestorclassid = '950' and  classstructureid = :classstructureid) = 1</CONDITION><CUSTOMCLASS></CUSTOMCLASS><WFCONDITIONID>9474</WFCONDITIONID></WFCONDITION></WFNODE><WFNODE><DESCRIPTION>STOP 17</DESCRIPTION><DESCRIPTION_LONGDESCRIPTION></DESCRIPTION_LONGDESCRIPTION><HASLD>0</HASLD><IMAGEFILE></IMAGEFILE><LANGCODE>EN</LANGCODE><NODEID>17</NODEID><NODETYPE maxvalue="WFSTOP">STOP</NODETYPE><TITLE>STOP 17</TITLE><WFNODEID>15166</WFNODEID><XCOORDINATE>9</XCOORDINATE><YCOORDINATE>4</YCOORDINATE><WFSTOP><WFSTOPID>6962</WFSTOPID></WFSTOP></WFNODE></WFPROCESS><WFPROCESS action="AddChange"><ACTIVE>0</ACTIVE><AUTOINITIATE>0</AUTOINITIATE><CHANGEBY>TIMMINSA</CHANGEBY><CHANGEDATE>2014-07-29T17:54:39+01:00</CHANGEDATE><DELETABLE>0</DELETABLE><DESCRIPTION>Sub Workflow for Workorder - Create PO</DESCRIPTION><DESCRIPTION_LONGDESCRIPTION></DESCRIPTION_LONGDESCRIPTION><ENABLED>1</ENABLED><EXTERNALREFID></EXTERNALREFID><HASLD>0</HASLD><LANGCODE>EN</LANGCODE><MIGRATED>0</MIGRATED><OBJECTNAME>WORKORDER</OBJECTNAME><OWNERSYSID></OWNERSYSID><PROCESSNAME>SUBWOPO</PROCESSNAME><PROCESSREV>55</PROCESSREV><SENDERSYSID>MX</SENDERSYSID><SOURCESYSID></SOURCESYSID><WFPROCESSID>5556</WFPROCESSID><WFNODE><DESCRIPTION>START 1</DESCRIPTION><DESCRIPTION_LONGDESCRIPTION></DESCRIPTION_LONGDESCRIPTION><HASLD>0</HASLD><IMAGEFILE></IMAGEFILE><LANGCODE>EN</LANGCODE><NODEID>1</NODEID><NODETYPE maxvalue="WFSTART">START</NODETYPE><TITLE>START 1</TITLE><WFNODEID>15518</WFNODEID><XCOORDINATE>1</XCOORDINATE><YCOORDINATE>0</YCOORDINATE><WFSTART><WFSTARTID>5594</WFSTARTID></WFSTART><WFACTION><ACTION></ACTION><ACTIONID>165</ACTIONID><CONDITION></CONDITION><CONDITIONCLASS></CONDITIONCLASS><INSTRUCTION>vendor quote is empty</INSTRUCTION><ISPOSITIVE>1</ISPOSITIVE><MEMBERNODEID>3</MEMBERNODEID><OWNERNODEID>1</OWNERNODEID><SEQUENCE xsi:nil="true"></SEQUENCE><WFACTIONID>18464</WFACTIONID></WFACTION></WFNODE><WFNODE><DESCRIPTION>vendor quote is empty</DESCRIPTION><DESCRIPTION_LONGDESCRIPTION></DESCRIPTION_LONGDESCRIPTION><HASLD>0</HASLD><IMAGEFILE></IMAGEFILE><LANGCODE>EN</LANGCODE><NODEID>3</NODEID><NODETYPE maxvalue="WFCONDITION">CONDITION</NODETYPE><TITLE>VENDOR QUOTE IS NULL</TITLE><WFNODEID>15519</WFNODEID><XCOORDINATE>3</XCOORDINATE><YCOORDINATE>0</YCOORDINATE><WFACTION><ACTION></ACTION><ACTIONID>166</ACTIONID><CONDITION></CONDITION><CONDITIONCLASS></CONDITIONCLASS><INSTRUCTION>The vendor on the WO is the vendor on the RP</INSTRUCTION><ISPOSITIVE>1</ISPOSITIVE><MEMBERNODEID>13</MEMBERNODEID><OWNERNODEID>3</OWNERNODEID><SEQUENCE xsi:nil="true"></SEQUENCE><WFACTIONID>18465</WFACTIONID></WFACTION><WFACTION><ACTION></ACTION><ACTIONID>217</ACTIONID><CONDITION></CONDITION><CONDITIONCLASS></CONDITIONCLASS><INSTRUCTION>VENDOR DEC NULL</INSTRUCTION><ISPOSITIVE>0</ISPOSITIVE><MEMBERNODEID>57</MEMBERNODEID><OWNERNODEID>3</OWNERNODEID><SEQUENCE xsi:nil="true"></SEQUENCE><WFACTIONID>18466</WFACTIONID></WFACTION><WFCONDITION><CONDITION>IRV_VENDORQUOTE is NULL and status != 'ESTREQ'</CONDITION><CUSTOMCLASS></CUSTOMCLASS><WFCONDITIONID>9643</WFCONDITIONID></WFCONDITION></WFNODE><WFNODE><DESCRIPTION>Does the Financial mandate have a value and is it greater than 0?</DESCRIPTION><DESCRIPTION_LONGDESCRIPTION></DESCRIPTION_LONGDESCRIPTION><HASLD>0</HASLD><IMAGEFILE></IMAGEFILE><LANGCODE>EN</LANGCODE><NODEID>12</NODEID><NODETYPE maxvalue="WFCONDITION">CONDITION</NODETYPE><TITLE>FINMANDATE</TITLE><WFNODEID>15520</WFNODEID><XCOORDINATE>3</XCOORDINATE><YCOORDINATE>4</YCOORDINATE><WFACTION><ACTION></ACTION><ACTIONID>198</ACTIONID><CONDITION></CONDITION><CONDITIONCLASS></CONDITIONCLASS><INSTRUCTION>Send Vendor PO</INSTRUCTION><ISPOSITIVE>1</ISPOSITIVE><MEMBERNODEID>26</MEMBERNODEID><OWNERNODEID>12</OWNERNODEID><SEQUENCE xsi:nil="true"></SEQUENCE><WFACTIONID>18467</WFACTIONID></WFACTION><WFACTION><ACTION></ACTION><ACTIONID>201</ACTIONID><CONDITION></CONDITION><CONDITIONCLASS></CONDITIONCLASS><INSTRUCTION>OWNERGROUP IS NSCSD?</INSTRUCTION><ISPOSITIVE>0</ISPOSITIVE><MEMBERNODEID>51</MEMBERNODEID><OWNERNODEID>12</OWNERNODEID><SEQUENCE xsi:nil="true"></SEQUENCE><WFACTIONID>18468</WFACTIONID></WFACTION><WFCONDITION><CONDITION>:irv_finmandate is not NULL</CONDITION><CUSTOMCLASS></CUSTOMCLASS><WFCONDITIONID>9644</WFCONDITIONID></WFCONDITION></WFNODE><WFNODE><DESCRIPTION>The vendor on the WO is the vendor on the RP</DESCRIPTION><DESCRIPTION_LONGDESCRIPTION></DESCRIPTION_LONGDESCRIPTION><HASLD>0</HASLD><IMAGEFILE></IMAGEFILE><LANGCODE>EN</LANGCODE><NODEID>13</NODEID><NODETYPE maxvalue="WFCONDITION">CONDITION</NODETYPE><TITLE>VENDOR WO SAME AS ON RP</TITLE><WFNODEID>15521</WFNODEID><XCOORDINATE>3</XCOORDINATE><YCOORDINATE>3</YCOORDINATE><WFACTION><ACTION></ACTION><ACTIONID>172</ACTIONID><CONDITION></CONDITION><CONDITIONCLASS></CONDITIONCLASS><INSTRUCTION>Does the Financial mandate have a value and is it greater than 0?</INSTRUCTION><ISPOSITIVE>1</ISPOSITIVE><MEMBERNODEID>12</MEMBERNODEID><OWNERNODEID>13</OWNERNODEID><SEQUENCE xsi:nil="true"></SEQUENCE><WFACTIONID>18469</WFACTIONID></WFACTION><WFACTION><ACTION></ACTION><ACTIONID>200</ACTIONID><CONDITION></CONDITION><CONDITIONCLASS></CONDITIONCLASS><INSTRUCTION>OWNERGROUP IS NSCSD?</INSTRUCTION><ISPOSITIVE>0</ISPOSITIVE><MEMBERNODEID>51</MEMBERNODEID><OWNERNODEID>13</OWNERNODEID><SEQUENCE xsi:nil="true"></SEQUENCE><WFACTIONID>18470</WFACTIONID></WFACTION><WFCONDITION><CONDITION>:vendor = (select assignvendor from plusprespplan where sanum = :ORIGTICKET.pluspresponseplan) or (select count(1) from plusprespplan where sanum = :ORIGTICKET.pluspresponseplan and assignvendor is null) = 1</CONDITION><CUSTOMCLASS></CUSTOMCLASS><WFCONDITIONID>9645</WFCONDITIONID></WFCONDITION></WFNODE><WFNODE><DESCRIPTION>Send Vendor PO</DESCRIPTION><DESCRIPTION_LONGDESCRIPTION></DESCRIPTION_LONGDESCRIPTION><HASLD>0</HASLD><IMAGEFILE></IMAGEFILE><LANGCODE>EN</LANGCODE><NODEID>26</NODEID><NODETYPE maxvalue="WFCONDITION">CONDITION</NODETYPE><TITLE>VENDORPO</TITLE><WFNODEID>15522</WFNODEID><XCOORDINATE>3</XCOORDINATE><YCOORDINATE>6</YCOORDINATE><WFACTION><ACTION>IRV WO DISPATCH</ACTION><ACTIONID>93</ACTIONID><CONDITION></CONDITION><CONDITIONCLASS></CONDITIONCLASS><INSTRUCTION>STOP 27</INSTRUCTION><ISPOSITIVE>0</ISPOSITIVE><MEMBERNODEID>27</MEMBERNODEID><OWNERNODEID>26</OWNERNODEID><SEQUENCE xsi:nil="true"></SEQUENCE><WFACTIONID>18471</WFACTIONID></WFACTION><WFACTION><ACTION>IRVWOATUOPO</ACTION><ACTIONID>177</ACTIONID><CONDITION></CONDITION><CONDITIONCLASS></CONDITIONCLASS><INSTRUCTION>STOP 45</INSTRUCTION><ISPOSITIVE>1</ISPOSITIVE><MEMBERNODEID>45</MEMBERNODEID><OWNERNODEID>26</OWNERNODEID><SEQUENCE xsi:nil="true"></SEQUENCE><WFACTIONID>18472</WFACTIONID></WFACTION><WFCONDITION><CONDITION>:IRV_VENDORPO = 1</CONDITION><CUSTOMCLASS></CUSTOMCLASS><WFCONDITIONID>9646</WFCONDITIONID></WFCONDITION></WFNODE><WFNODE><DESCRIPTION>STOP 27</DESCRIPTION><DESCRIPTION_LONGDESCRIPTION></DESCRIPTION_LONGDESCRIPTION><HASLD>0</HASLD><IMAGEFILE></IMAGEFILE><LANGCODE>EN</LANGCODE><NODEID>27</NODEID><NODETYPE maxvalue="WFSTOP">STOP</NODETYPE><TITLE>STOP 27</TITLE><WFNODEID>15523</WFNODEID><XCOORDINATE>7</XCOORDINATE><YCOORDINATE>7</YCOORDINATE><WFSTOP><WFSTOPID>7088</WFSTOPID></WFSTOP></WFNODE><WFNODE><DESCRIPTION>Vendor Quote Accepted</DESCRIPTION><DESCRIPTION_LONGDESCRIPTION></DESCRIPTION_LONGDESCRIPTION><HASLD>0</HASLD><IMAGEFILE></IMAGEFILE><LANGCODE>EN</LANGCODE><NODEID>43</NODEID><NODETYPE maxvalue="WFCONDITION">CONDITION</NODETYPE><TITLE>VENDOR QUOTE ACCEPTED?</TITLE><WFNODEID>15524</WFNODEID><XCOORDINATE>4</XCOORDINATE><YCOORDINATE>1</YCOORDINATE><WFACTION><ACTION></ACTION><ACTIONID>184</ACTIONID><CONDITION></CONDITION><CONDITIONCLASS></CONDITIONCLASS><INSTRUCTION>INTERACTION 49</INSTRUCTION><ISPOSITIVE>0</ISPOSITIVE><MEMBERNODEID>49</MEMBERNODEID><OWNERNODEID>43</OWNERNODEID><SEQUENCE xsi:nil="true"></SEQUENCE><WFACTIONID>18474</WFACTIONID></WFACTION><WFACTION><ACTION></ACTION><ACTIONID>205</ACTIONID><CONDITION></CONDITION><CONDITIONCLASS></CONDITIONCLASS><INSTRUCTION>OWNERGROUP IS NSCSD?</INSTRUCTION><ISPOSITIVE>1</ISPOSITIVE><MEMBERNODEID>53</MEMBERNODEID><OWNERNODEID>43</OWNERNODEID><SEQUENCE xsi:nil="true"></SEQUENCE><WFACTIONID>18475</WFACTIONID></WFACTION><WFCONDITION><CONDITION>IRV_QUOTEDECISION = 'Accept'</CONDITION><CUSTOMCLASS></CUSTOMCLASS><WFCONDITIONID>9647</WFCONDITIONID></WFCONDITION></WFNODE><WFNODE><DESCRIPTION>STOP 45</DESCRIPTION><DESCRIPTION_LONGDESCRIPTION></DESCRIPTION_LONGDESCRIPTION><HASLD>0</HASLD><IMAGEFILE></IMAGEFILE><LANGCODE>EN</LANGCODE><NODEID>45</NODEID><NODETYPE maxvalue="WFSTOP">STOP</NODETYPE><TITLE>STOP 45</TITLE><WFNODEID>15525</WFNODEID><XCOORDINATE>7</XCOORDINATE><YCOORDINATE>6</YCOORDINATE><WFSTOP><WFSTOPID>7089</WFSTOPID></WFSTOP></WFNODE><WFNODE><DESCRIPTION>STOP 47</DESCRIPTION><DESCRIPTION_LONGDESCRIPTION></DESCRIPTION_LONGDESCRIPTION><HASLD>0</HASLD><IMAGEFILE></IMAGEFILE><LANGCODE>EN</LANGCODE><NODEID>47</NODEID><NODETYPE maxvalue="WFSTOP">STOP</NODETYPE><TITLE>STOP 47</TITLE><WFNODEID>15526</WFNODEID><XCOORDINATE>7</XCOORDINATE><YCOORDINATE>5</YCOORDINATE><WFSTOP><WFSTOPID>7090</WFSTOPID></WFSTOP></WFNODE><WFNODE><DESCRIPTION>STOP 48</DESCRIPTION><DESCRIPTION_LONGDESCRIPTION></DESCRIPTION_LONGDESCRIPTION><HASLD>0</HASLD><IMAGEFILE></IMAGEFILE><LANGCODE>EN</LANGCODE><NODEID>48</NODEID><NODETYPE maxvalue="WFSTOP">STOP</NODETYPE><TITLE>STOP 48</TITLE><WFNODEID>15527</WFNODEID><XCOORDINATE>7</XCOORDINATE><YCOORDINATE>1</YCOORDINATE><WFSTOP><WFSTOPID>7091</WFSTOPID></WFSTOP></WFNODE><WFNODE><DESCRIPTION>QUOTE REJECTED</DESCRIPTION><DESCRIPTION_LONGDESCRIPTION></DESCRIPTION_LONGDESCRIPTION><HASLD>0</HASLD><IMAGEFILE></IMAGEFILE><LANGCODE>EN</LANGCODE><NODEID>49</NODEID><NODETYPE maxvalue="WFINTERACTION">INTERACTION</NODETYPE><TITLE>QUOTE REJECTED</TITLE><WFNODEID>15528</WFNODEID><XCOORDINATE>5</XCOORDINATE><YCOORDINATE>1</YCOORDINATE><WFACTION><ACTION></ACTION><ACTIONID>185</ACTIONID><CONDITION></CONDITION><CONDITIONCLASS></CONDITIONCLASS><INSTRUCTION>STOP 48</INSTRUCTION><ISPOSITIVE>1</ISPOSITIVE><MEMBERNODEID>48</MEMBERNODEID><OWNERNODEID>49</OWNERNODEID><SEQUENCE xsi:nil="true"></SEQUENCE><WFACTIONID>18476</WFACTIONID></WFACTION><WFINTERACTION><ACTION></ACTION><APP></APP><DIRECTIONS>Attention</DIRECTIONS><DIRECTIONS_LONGDESCRIPTION>This quote has been rejected. Please close this workorder.</DIRECTIONS_LONGDESCRIPTION><HASLD>1</HASLD><LANGCODE>EN</LANGCODE><LAUNCHPROCESS></LAUNCHPROCESS><PAGE></PAGE><RELATION></RELATION><TABNAME></TABNAME><WFINTERACTIONID>5760</WFINTERACTIONID><LONGDESCRIPTION><CONTENTUID>413,680</CONTENTUID><LANGCODE>EN</LANGCODE><LDKEY>5760</LDKEY><LDOWNERCOL>DIRECTIONS</LDOWNERCOL><LDOWNERTABLE>WFINTERACTION</LDOWNERTABLE><LDTEXT>This quote has been rejected. Please close this workorder.</LDTEXT><LONGDESCRIPTIONID>413680</LONGDESCRIPTIONID></LONGDESCRIPTION></WFINTERACTION></WFNODE><WFNODE><DESCRIPTION>LOL BREACHED?</DESCRIPTION><DESCRIPTION_LONGDESCRIPTION></DESCRIPTION_LONGDESCRIPTION><HASLD>0</HASLD><IMAGEFILE></IMAGEFILE><LANGCODE>EN</LANGCODE><NODEID>50</NODEID><NODETYPE maxvalue="WFCONDITION">CONDITION</NODETYPE><TITLE>LOL BREACHED?</TITLE><WFNODEID>15529</WFNODEID><XCOORDINATE>5</XCOORDINATE><YCOORDINATE>5</YCOORDINATE><WFACTION><ACTION>IRVESTREQGROUP</ACTION><ACTIONID>194</ACTIONID><CONDITION></CONDITION><CONDITIONCLASS></CONDITIONCLASS><INSTRUCTION>STOP 47</INSTRUCTION><ISPOSITIVE>1</ISPOSITIVE><MEMBERNODEID>47</MEMBERNODEID><OWNERNODEID>50</OWNERNODEID><SEQUENCE xsi:nil="true"></SEQUENCE><WFACTIONID>18477</WFACTIONID></WFACTION><WFACTION><ACTION>IRVPOVENDORQUOTE</ACTION><ACTIONID>196</ACTIONID><CONDITION></CONDITION><CONDITIONCLASS></CONDITIONCLASS><INSTRUCTION>STOP 47</INSTRUCTION><ISPOSITIVE>0</ISPOSITIVE><MEMBERNODEID>47</MEMBERNODEID><OWNERNODEID>50</OWNERNODEID><SEQUENCE xsi:nil="true"></SEQUENCE><WFACTIONID>18478</WFACTIONID></WFACTION><WFCONDITION><CONDITION>:IRV_FINLIMIT &lt; ((select sum(wototalcost) from irvwocostv where parentwo = :wogroup and orgid = :orgid and siteid = :siteid) + :IRV_VENDORQUOTE)</CONDITION><CUSTOMCLASS></CUSTOMCLASS><WFCONDITIONID>9648</WFCONDITIONID></WFCONDITION></WFNODE><WFNODE><DESCRIPTION>OWNERGROUP IS NSCSD?</DESCRIPTION><DESCRIPTION_LONGDESCRIPTION></DESCRIPTION_LONGDESCRIPTION><HASLD>0</HASLD><IMAGEFILE></IMAGEFILE><LANGCODE>EN</LANGCODE><NODEID>51</NODEID><NODETYPE maxvalue="WFCONDITION">CONDITION</NODETYPE><TITLE>OWNERGROUP IS NSCSD?</TITLE><WFNODEID>15530</WFNODEID><XCOORDINATE>4</XCOORDINATE><YCOORDINATE>4</YCOORDINATE><WFACTION><ACTION></ACTION><ACTIONID>202</ACTIONID><CONDITION></CONDITION><CONDITIONCLASS></CONDITIONCLASS><INSTRUCTION>LOL BREACHED?</INSTRUCTION><ISPOSITIVE>0</ISPOSITIVE><MEMBERNODEID>50</MEMBERNODEID><OWNERNODEID>51</OWNERNODEID><SEQUENCE xsi:nil="true"></SEQUENCE><WFACTIONID>18479</WFACTIONID></WFACTION><WFACTION><ACTION>IRVSETOGBBCPROCESTREQPO</ACTION><ACTIONID>203</ACTIONID><CONDITION></CONDITION><CONDITIONCLASS></CONDITIONCLASS><INSTRUCTION>STOP 52</INSTRUCTION><ISPOSITIVE>1</ISPOSITIVE><MEMBERNODEID>52</MEMBERNODEID><OWNERNODEID>51</OWNERNODEID><SEQUENCE xsi:nil="true"></SEQUENCE><WFACTIONID>18480</WFACTIONID></WFACTION><WFCONDITION><CONDITION>:OWNERGROUP = 'NSCSD'</CONDITION><CUSTOMCLASS></CUSTOMCLASS><WFCONDITIONID>9649</WFCONDITIONID></WFCONDITION></WFNODE><WFNODE><DESCRIPTION>STOP 52</DESCRIPTION><DESCRIPTION_LONGDESCRIPTION></DESCRIPTION_LONGDESCRIPTION><HASLD>0</HASLD><IMAGEFILE></IMAGEFILE><LANGCODE>EN</LANGCODE><NODEID>52</NODEID><NODETYPE maxvalue="WFSTOP">STOP</NODETYPE><TITLE>STOP 52</TITLE><WFNODEID>15531</WFNODEID><XCOORDINATE>7</XCOORDINATE><YCOORDINATE>4</YCOORDINATE><WFSTOP><WFSTOPID>7092</WFSTOPID></WFSTOP></WFNODE><WFNODE><DESCRIPTION>OWNERGROUP IS NSCSD?</DESCRIPTION><DESCRIPTION_LONGDESCRIPTION></DESCRIPTION_LONGDESCRIPTION><HASLD>0</HASLD><IMAGEFILE></IMAGEFILE><LANGCODE>EN</LANGCODE><NODEID>53</NODEID><NODETYPE maxvalue="WFCONDITION">CONDITION</NODETYPE><TITLE>OWNERGROUP IS NSCSD?</TITLE><WFNODEID>15532</WFNODEID><XCOORDINATE>4</XCOORDINATE><YCOORDINATE>2</YCOORDINATE><WFACTION><ACTION>IRVPOVENDORQUOTE</ACTION><ACTIONID>207</ACTIONID><CONDITION></CONDITION><CONDITIONCLASS></CONDITIONCLASS><INSTRUCTION>STOP 55</INSTRUCTION><ISPOSITIVE>1</ISPOSITIVE><MEMBERNODEID>55</MEMBERNODEID><OWNERNODEID>53</OWNERNODEID><SEQUENCE xsi:nil="true"></SEQUENCE><WFACTIONID>18481</WFACTIONID></WFACTION><WFACTION><ACTION></ACTION><ACTIONID>208</ACTIONID><CONDITION></CONDITION><CONDITIONCLASS></CONDITIONCLASS><INSTRUCTION>CONDITION 54</INSTRUCTION><ISPOSITIVE>0</ISPOSITIVE><MEMBERNODEID>54</MEMBERNODEID><OWNERNODEID>53</OWNERNODEID><SEQUENCE xsi:nil="true"></SEQUENCE><WFACTIONID>18482</WFACTIONID></WFACTION><WFCONDITION><CONDITION>:OWNERGROUP = 'NSCSD'</CONDITION><CUSTOMCLASS></CUSTOMCLASS><WFCONDITIONID>9650</WFCONDITIONID></WFCONDITION></WFNODE><WFNODE><DESCRIPTION>LOL BREACHED?</DESCRIPTION><DESCRIPTION_LONGDESCRIPTION></DESCRIPTION_LONGDESCRIPTION><HASLD>0</HASLD><IMAGEFILE></IMAGEFILE><LANGCODE>EN</LANGCODE><NODEID>54</NODEID><NODETYPE maxvalue="WFCONDITION">CONDITION</NODETYPE><TITLE>LOL BREACHED?</TITLE><WFNODEID>15533</WFNODEID><XCOORDINATE>5</XCOORDINATE><YCOORDINATE>3</YCOORDINATE><WFACTION><ACTION>IRVESTREQGROUP</ACTION><ACTIONID>209</ACTIONID><CONDITION></CONDITION><CONDITIONCLASS></CONDITIONCLASS><INSTRUCTION>STOP 56</INSTRUCTION><ISPOSITIVE>1</ISPOSITIVE><MEMBERNODEID>56</MEMBERNODEID><OWNERNODEID>54</OWNERNODEID><SEQUENCE xsi:nil="true"></SEQUENCE><WFACTIONID>18483</WFACTIONID></WFACTION><WFACTION><ACTION>IRVPOVENDORQUOTE</ACTION><ACTIONID>210</ACTIONID><CONDITION></CONDITION><CONDITIONCLASS></CONDITIONCLASS><INSTRUCTION>STOP 56</INSTRUCTION><ISPOSITIVE>0</ISPOSITIVE><MEMBERNODEID>56</MEMBERNODEID><OWNERNODEID>54</OWNERNODEID><SEQUENCE xsi:nil="true"></SEQUENCE><WFACTIONID>18484</WFACTIONID></WFACTION><WFCONDITION><CONDITION>:IRV_FINLIMIT &lt; ((select sum(wototalcost) from irvwocostv where parentwo = :wogroup and orgid = :orgid and siteid = :siteid) + :IRV_VENDORQUOTE)</CONDITION><CUSTOMCLASS></CUSTOMCLASS><WFCONDITIONID>9651</WFCONDITIONID></WFCONDITION></WFNODE><WFNODE><DESCRIPTION>STOP 55</DESCRIPTION><DESCRIPTION_LONGDESCRIPTION></DESCRIPTION_LONGDESCRIPTION><HASLD>0</HASLD><IMAGEFILE></IMAGEFILE><LANGCODE>EN</LANGCODE><NODEID>55</NODEID><NODETYPE maxvalue="WFSTOP">STOP</NODETYPE><TITLE>STOP 55</TITLE><WFNODEID>15534</WFNODEID><XCOORDINATE>7</XCOORDINATE><YCOORDINATE>2</YCOORDINATE><WFSTOP><WFSTOPID>7093</WFSTOPID></WFSTOP></WFNODE><WFNODE><DESCRIPTION>STOP 56</DESCRIPTION><DESCRIPTION_LONGDESCRIPTION></DESCRIPTION_LONGDESCRIPTION><HASLD>0</HASLD><IMAGEFILE></IMAGEFILE><LANGCODE>EN</LANGCODE><NODEID>56</NODEID><NODETYPE maxvalue="WFSTOP">STOP</NODETYPE><TITLE>STOP 56</TITLE><WFNODEID>15535</WFNODEID><XCOORDINATE>7</XCOORDINATE><YCOORDINATE>3</YCOORDINATE><WFSTOP><WFSTOPID>7094</WFSTOPID></WFSTOP></WFNODE><WFNODE><DESCRIPTION>VENDOR DEC NULL</DESCRIPTION><DESCRIPTION_LONGDESCRIPTION></DESCRIPTION_LONGDESCRIPTION><HASLD>0</HASLD><IMAGEFILE></IMAGEFILE><LANGCODE>EN</LANGCODE><NODEID>57</NODEID><NODETYPE maxvalue="WFCONDITION">CONDITION</NODETYPE><TITLE>VENDOR DEC NULL</TITLE><WFNODEID>15536</WFNODEID><XCOORDINATE>4</XCOORDINATE><YCOORDINATE>0</YCOORDINATE><WFACTION><ACTION></ACTION><ACTIONID>218</ACTIONID><CONDITION></CONDITION><CONDITIONCLASS></CONDITIONCLASS><INSTRUCTION>Vendor Quote Accepted</INSTRUCTION><ISPOSITIVE>0</ISPOSITIVE><MEMBERNODEID>43</MEMBERNODEID><OWNERNODEID>57</OWNERNODEID><SEQUENCE xsi:nil="true"></SEQUENCE><WFACTIONID>18485</WFACTIONID></WFACTION><WFACTION><ACTION></ACTION><ACTIONID>219</ACTIONID><CONDITION></CONDITION><CONDITIONCLASS></CONDITIONCLASS><INSTRUCTION>INTERACTION 59</INSTRUCTION><ISPOSITIVE>1</ISPOSITIVE><MEMBERNODEID>59</MEMBERNODEID><OWNERNODEID>57</OWNERNODEID><SEQUENCE xsi:nil="true"></SEQUENCE><WFACTIONID>18486</WFACTIONID></WFACTION><WFCONDITION><CONDITION>IRV_QUOTEDECISION is null</CONDITION><CUSTOMCLASS></CUSTOMCLASS><WFCONDITIONID>9652</WFCONDITIONID></WFCONDITION></WFNODE><WFNODE><DESCRIPTION>STOP 58</DESCRIPTION><DESCRIPTION_LONGDESCRIPTION></DESCRIPTION_LONGDESCRIPTION><HASLD>0</HASLD><IMAGEFILE></IMAGEFILE><LANGCODE>EN</LANGCODE><NODEID>58</NODEID><NODETYPE maxvalue="WFSTOP">STOP</NODETYPE><TITLE>STOP 58</TITLE><WFNODEID>15537</WFNODEID><XCOORDINATE>7</XCOORDINATE><YCOORDINATE>0</YCOORDINATE><WFSTOP><WFSTOPID>7095</WFSTOPID></WFSTOP></WFNODE><WFNODE><DESCRIPTION>Quote Decision</DESCRIPTION><DESCRIPTION_LONGDESCRIPTION></DESCRIPTION_LONGDESCRIPTION><HASLD>0</HASLD><IMAGEFILE></IMAGEFILE><LANGCODE>EN</LANGCODE><NODEID>59</NODEID><NODETYPE maxvalue="WFINTERACTION">INTERACTION</NODETYPE><TITLE>QUOTE DECISION</TITLE><WFNODEID>15538</WFNODEID><XCOORDINATE>5</XCOORDINATE><YCOORDINATE>0</YCOORDINATE><WFACTION><ACTION></ACTION><ACTIONID>220</ACTIONID><CONDITION></CONDITION><CONDITIONCLASS></CONDITIONCLASS><INSTRUCTION>STOP 58</INSTRUCTION><ISPOSITIVE>1</ISPOSITIVE><MEMBERNODEID>58</MEMBERNODEID><OWNERNODEID>59</OWNERNODEID><SEQUENCE xsi:nil="true"></SEQUENCE><WFACTIONID>18487</WFACTIONID></WFACTION><WFINTERACTION><ACTION></ACTION><APP></APP><DIRECTIONS>Quote Decision</DIRECTIONS><DIRECTIONS_LONGDESCRIPTION>Please enter a quote decision.</DIRECTIONS_LONGDESCRIPTION><HASLD>1</HASLD><LANGCODE>EN</LANGCODE><LAUNCHPROCESS></LAUNCHPROCESS><PAGE></PAGE><RELATION></RELATION><TABNAME></TABNAME><WFINTERACTIONID>5761</WFINTERACTIONID><LONGDESCRIPTION><CONTENTUID>413,681</CONTENTUID><LANGCODE>EN</LANGCODE><LDKEY>5761</LDKEY><LDOWNERCOL>DIRECTIONS</LDOWNERCOL><LDOWNERTABLE>WFINTERACTION</LDOWNERTABLE><LDTEXT>Please enter a quote decision.</LDTEXT><LONGDESCRIPTIONID>413681</LONGDESCRIPTIONID></LONGDESCRIPTION></WFINTERACTION></WFNODE><WFNOTIFICATION><ACTIONID>177</ACTIONID><NODEID>26</NODEID><NOTIFICATIONID>4608</NOTIFICATIONID><TEMPLATEID>IRVWOMAILVENDOR</TEMPLATEID><UNIQUEID>2</UNIQUEID></WFNOTIFICATION><WFNOTIFICATION><ACTIONID>93</ACTIONID><NODEID>26</NODEID><NOTIFICATIONID>4607</NOTIFICATIONID><TEMPLATEID>IRVWOMAILVENDOR</TEMPLATEID><UNIQUEID>3</UNIQUEID></WFNOTIFICATION></WFPROCESS></DMWFPROCESSSet></SyncDMWFPROCESS>