<?xml version="1.0" encoding="UTF-8"?><SyncDMSCRIPT xmlns="http://www.ibm.com/maximo" xmlns:xsi="http://www.w3.org/2001/XMLSchema-instance" creationDateTime="2014-08-03T21:15:34+01:00" transLanguage="EN" baseLanguage="EN" messageID="140709693401470186" maximoVersion="7 5 20130829-1209 V7510--1"><DMSCRIPTSet><AUTOSCRIPT action="AddChange"><ACTION></ACTION><AUTOSCRIPT>IRV_MOBASS</AUTOSCRIPT><AUTOSCRIPTID>2364</AUTOSCRIPTID><BINARYSCRIPTSOURCE></BINARYSCRIPTSOURCE><CATEGORY></CATEGORY><CHANGEBY>TIMMINSA</CHANGEBY><CHANGEDATE>2014-08-03T21:10:50+01:00</CHANGEDATE><COMMENTS></COMMENTS><CREATEDBY>TIMMINSA</CREATEDBY><CREATEDBYEMAIL>Andrew.Timmins@interservefm.com</CREATEDBYEMAIL><CREATEDBYID></CREATEDBYID><CREATEDBYNAME></CREATEDBYNAME><CREATEDBYPHONE></CREATEDBYPHONE><CREATEDDATE>2014-08-03T20:03:21+01:00</CREATEDDATE><DESCRIPTION>Stop Multiple Mobile assignments</DESCRIPTION><LOGLEVEL>ERROR</LOGLEVEL><ORGID></ORGID><OWNER>TIMMINSA</OWNER><OWNEREMAIL>Andrew.Timmins@interservefm.com</OWNEREMAIL><OWNERID></OWNERID><OWNERNAME></OWNERNAME><OWNERPHONE></OWNERPHONE><SCHEDULEDSTATUS></SCHEDULEDSTATUS><SCRIPTLANGUAGE>jython</SCRIPTLANGUAGE><SITEID></SITEID><SOURCE>from psdi.mbo import MboConstants 
from psdi.server import MXServer

if IRV_CONTMETHOD == "MOBILE":

	errorDetected = 0

	WOMboSet = mbo.getMboSet("WORKORDER")
	WOMbo = WOMboSet.getMbo(0)

	AssMboSet = WOMbo.getMboSet("ASSIGNMENT")
	AssCount = AssMboSet.count()

		
	for i in range(AssCount):
		AssMbo = AssMboSet.getMbo(i)
		LaborMboSet = AssMbo.getMboSet("LABOR")
		
		LabCount = LaborMboSet.count()
		
		if LabCount &gt;=1:
		
			LaborMbo = LaborMboSet.getMbo(0)
		
			LabNULL = LaborMbo.isNull("IRV_CONTMETHOD")
			
			if LabNULL == False:
				contmethod = LaborMbo.getString("IRV_CONTMETHOD")

				if contmethod == "MOBILE":
					
					if contmethod == "MOBILE":
						errorDetected +=1


	if errorDetected &gt;= 1:
		errorgroup='irvwo'
		errorkey='irvwodupmobass'</SOURCE><STATUS maxvalue="Draft">Draft</STATUS><STATUSDATE>2014-08-03T20:03:21+01:00</STATUSDATE><USERDEFINED>1</USERDEFINED><VERSION></VERSION><AUTOSCRIPTVARS><ACCESSFLAG>0</ACCESSFLAG><ALLOWOVERRIDE>1</ALLOWOVERRIDE><AUTOSCRIPTVARSID>731</AUTOSCRIPTVARSID><DESCRIPTION></DESCRIPTION><LITERALDATATYPE></LITERALDATATYPE><VARBINDINGTYPE>ATTRIBUTE</VARBINDINGTYPE><VARBINDINGVALUE></VARBINDINGVALUE><VARNAME>IRV_CONTMETHOD</VARNAME><VARTYPE>IN</VARTYPE></AUTOSCRIPTVARS></AUTOSCRIPT></DMSCRIPTSet></SyncDMSCRIPT>