<?xml version="1.0" encoding="UTF-8"?><SyncDMCFGGROUP xmlns="http://www.ibm.com/maximo" xmlns:xsi="http://www.w3.org/2001/XMLSchema-instance" creationDateTime="2014-08-03T21:15:34+01:00" transLanguage="EN" baseLanguage="EN" messageID="1407096934764954777" maximoVersion="7 5 20130829-1209 V7510--1"><DMCFGGROUPSet><DMCFGGROUP><CFGGROUPORDER>16</CFGGROUPORDER><CFGOBJGROUP>SCRIPTCFG</CFGOBJGROUP><CHANGEBY>WILSON</CHANGEBY><CHANGEDATE>2014-01-08T19:37:34+00:00</CHANGEDATE><DESCRIPTION>Scripting System Objects</DESCRIPTION><DMCFGGROUPID>91928</DMCFGGROUPID><GROUPTYPE maxvalue="CFGDATA">CFGDATA</GROUPTYPE><INTERNAL>1</INTERNAL><DMCFGOBJECT><CFGOBJECT>DMSCRIPT</CFGOBJECT><CFGOBJORDER>1</CFGOBJORDER><CHANGEBY>WILSON</CHANGEBY><CHANGEDATE>2014-01-08T19:37:34+00:00</CHANGEDATE><DESCRIPTION>Autoscript migration object for Migration Manager</DESCRIPTION><DMCFGOBJECTID>1192</DMCFGOBJECTID><INTERNAL>1</INTERNAL></DMCFGOBJECT><DMCFGOBJECT><CFGOBJECT>DMLAUNCHPOINT</CFGOBJECT><CFGOBJORDER>2</CFGOBJORDER><CHANGEBY>WILSON</CHANGEBY><CHANGEDATE>2014-01-08T19:37:34+00:00</CHANGEDATE><DESCRIPTION>Script Launchpoint migration object for Migration Manager</DESCRIPTION><DMCFGOBJECTID>1193</DMCFGOBJECTID><INTERNAL>1</INTERNAL></DMCFGOBJECT></DMCFGGROUP></DMCFGGROUPSet></SyncDMCFGGROUP>