<?xml version="1.0" encoding="UTF-8"?><SyncDMLAUNCHPOINT xmlns="http://www.ibm.com/maximo" xmlns:xsi="http://www.w3.org/2001/XMLSchema-instance" creationDateTime="2014-08-03T21:15:34+01:00" transLanguage="EN" baseLanguage="EN" messageID="1407096934107194240" maximoVersion="7 5 20130829-1209 V7510--1"><DMLAUNCHPOINTSet><SCRIPTLAUNCHPOINT action="AddChange"><ACTIONNAME></ACTIONNAME><ACTIVE>1</ACTIVE><ADD>1</ADD><ATTRIBUTENAME></ATTRIBUTENAME><AUTOSCRIPT>IRV_MOBASS</AUTOSCRIPT><CONDITION></CONDITION><DELETE>0</DELETE><DESCRIPTION>Stop Multiple Mobile assignments</DESCRIPTION><INIT>0</INIT><LAUNCHPOINTNAME>IRV_MOBASS</LAUNCHPOINTNAME><LAUNCHPOINTTYPE>OBJECT</LAUNCHPOINTTYPE><OBJECTEVENT>2</OBJECTEVENT><OBJECTNAME>ASSIGNMENT</OBJECTNAME><SCRIPTLAUNCHPOINTID>2445</SCRIPTLAUNCHPOINTID><UPDATE>0</UPDATE><LAUNCHPOINTVARS><LAUNCHPOINTVARSID>821</LAUNCHPOINTVARSID><OVERRIDDEN>1</OVERRIDDEN><VARBINDINGVALUE>LABOR.IRV_CONTMETHOD</VARBINDINGVALUE><VARNAME>IRV_CONTMETHOD</VARNAME></LAUNCHPOINTVARS></SCRIPTLAUNCHPOINT></DMLAUNCHPOINTSet></SyncDMLAUNCHPOINT>