<?xml version="1.0" encoding="UTF-8"?><SyncDMMAXRELATIONSHIP xmlns="http://www.ibm.com/maximo" xmlns:xsi="http://www.w3.org/2001/XMLSchema-instance" creationDateTime="2014-09-15T15:27:13+01:00" transLanguage="EN" baseLanguage="EN" messageID="14107912333845000" maximoVersion="7 5 20130829-1209 V7510--1"><DMMAXRELATIONSHIPSet><MAXRELATIONSHIP action="AddChange"><CARDINALITY></CARDINALITY><CHILD>LOCATIONSPEC</CHILD><DBJOINREQUIRED>0</DBJOINREQUIRED><MAXRELATIONSHIPID>141789</MAXRELATIONSHIPID><NAME>IRVREGSPEC</NAME><PARENT>LOCATIONS</PARENT><REMARKS></REMARKS><WHERECLAUSE>location = :location and siteid = :siteid and assetattrid in (select assetattrid from assetattribute)</WHERECLAUSE></MAXRELATIONSHIP><MAXRELATIONSHIP action="AddChange"><CARDINALITY></CARDINALITY><CHILD>LOCATIONSPEC</CHILD><DBJOINREQUIRED>0</DBJOINREQUIRED><MAXRELATIONSHIPID>141889</MAXRELATIONSHIPID><NAME>IRVREGSPEC</NAME><PARENT>WORKORDER</PARENT><REMARKS></REMARKS><WHERECLAUSE>location = :location and siteid = :siteid and assetattrid in (select assetattrid from assetattribute)</WHERECLAUSE></MAXRELATIONSHIP><MAXRELATIONSHIP action="AddChange"><CARDINALITY></CARDINALITY><CHILD>LOCATIONSPEC</CHILD><DBJOINREQUIRED>0</DBJOINREQUIRED><MAXRELATIONSHIPID>141890</MAXRELATIONSHIPID><NAME>IRVREGSPEC</NAME><PARENT>SR</PARENT><REMARKS></REMARKS><WHERECLAUSE>location = :location and siteid = :siteid and assetattrid in (select assetattrid from assetattribute)</WHERECLAUSE></MAXRELATIONSHIP></DMMAXRELATIONSHIPSet></SyncDMMAXRELATIONSHIP>