<?xml version="1.0" encoding="UTF-8"?><SyncDMPACKAGEDEF xmlns="http://www.ibm.com/maximo" xmlns:xsi="http://www.w3.org/2001/XMLSchema-instance" creationDateTime="2014-09-15T15:27:14+01:00" transLanguage="EN" baseLanguage="EN" messageID="1410791233868185819" maximoVersion="7 5 20130829-1209 V7510--1"><DMPACKAGEDEFSet><DMPACKAGEDEF><ACTIVE>0</ACTIVE><BATCHSIZE>100</BATCHSIZE><CHANGEBY>TIMMINSA</CHANGEBY><CHANGEDATE>2014-09-15T15:25:41+01:00</CHANGEDATE><CONTENTID>104ef1f2-eb4c-4049-9982-ee84064b1d2b</CONTENTID><DESCRIPTION>BBC Relationships</DESCRIPTION><DESCRIPTION_LONGDESCRIPTION></DESCRIPTION_LONGDESCRIPTION><DMPACKAGEDEFID>1009</DMPACKAGEDEFID><DMROLE></DMROLE><HASLD>0</HASLD><LANGCODE>EN</LANGCODE><PKGDEFNAME>BBC_REL</PKGDEFNAME><SOURCE>BBC-SQL-D01_BBCMAXSIT_dbo</SOURCE><STATUS maxvalue="APPR">APPR</STATUS><STATUSDATE>2014-09-15T15:26:19+01:00</STATUSDATE><TYPE maxvalue="SNAPSHOT">SNAPSHOT</TYPE><XMLACTION maxvalue="ADDCHANGE">AddChange</XMLACTION><DMPKGDEFSTATUS><CHANGEBY>TIMMINSA</CHANGEBY><CONTENTID>210e266e-3a41-4bd0-9eeb-16b5fa0ba702</CONTENTID><DMPKGDEFSTATUSID>1012</DMPKGDEFSTATUSID><MEMO></MEMO><STATUS maxvalue="WAPPR">WAPPR</STATUS><STATUSDATE>2014-09-15T15:25:00+01:00</STATUSDATE></DMPKGDEFSTATUS><DMPKGDEFSTATUS><CHANGEBY>TIMMINSA</CHANGEBY><CONTENTID>89bae311-6828-4216-a965-a1538c59a34b</CONTENTID><DMPKGDEFSTATUSID>1013</DMPKGDEFSTATUSID><MEMO></MEMO><STATUS maxvalue="APPR">APPR</STATUS><STATUSDATE>2014-09-15T15:26:00+01:00</STATUSDATE></DMPKGDEFSTATUS><DMPKGCFGGRPDEF><CFGOBJGROUP>DMRELATIONSHIP</CFGOBJGROUP><CONTENTID>0cba4670-a1a4-43ed-bad7-5e1401a9bea0</CONTENTID><DMPKGCFGGRPDEFID>1108</DMPKGCFGGRPDEFID><DMPKGCFGOBJDEF><CFGOBJECT>DMMAXRELATIONSHIP</CFGOBJECT><CONTENTID>b7fc834c-8f36-4de4-b993-9dde85eb7fcd</CONTENTID><DMPKGCFGOBJDEFID>1004</DMPKGCFGOBJDEFID><WHERECLAUSE>name = 'IRVREGSPEC'</WHERECLAUSE></DMPKGCFGOBJDEF></DMPKGCFGGRPDEF></DMPACKAGEDEF></DMPACKAGEDEFSet></SyncDMPACKAGEDEF>