<?xml version="1.0" encoding="UTF-8"?><SyncDMPACKAGE xmlns="http://www.ibm.com/maximo" xmlns:xsi="http://www.w3.org/2001/XMLSchema-instance" creationDateTime="2015-01-26T16:37:10+00:00" transLanguage="EN" baseLanguage="EN" messageID="1422290230065505843" maximoVersion="7 5 20130829-1209 V7510--1"><DMPACKAGESet><DMPACKAGE><CHANGEBY>TIMMINSA</CHANGEBY><CONTENTID>9f2b5618-9368-4fcb-89fb-f1aac4a6840d</CONTENTID><CREATEBY>TIMMINSA</CREATEBY><CREATEDATE>2015-01-26T16:36:23+00:00</CREATEDATE><DMPACKAGEID>1808</DMPACKAGEID><FILENAME></FILENAME><PACKAGE>BBC_STARTC_BBC-SQL-D01_BBCMAXSIT_dbo_20150126163623</PACKAGE><PKGDEFNAME>BBC_STARTC</PKGDEFNAME><PROGRESSSTATUS maxvalue="CREATED">CREATED</PROGRESSSTATUS><README></README><REDISTRIBUTESRC></REDISTRIBUTESRC><SOURCE>BBC-SQL-D01_BBCMAXSIT_dbo</SOURCE><STATUS maxvalue="CREATED">CREATED</STATUS><STATUSDATE>2015-01-26T16:37:09+00:00</STATUSDATE><DMPKGSTATUS><CHANGEBY>TIMMINSA</CHANGEBY><CHANGEDATE>2015-01-26T16:37:09+00:00</CHANGEDATE><CONTENTID>a4cec655-3ecf-4ca5-a7ee-c985d05e4817</CONTENTID><DMPKGSTATUSID>1933</DMPKGSTATUSID><MEMO>Progress status changed in product environment BBC-SQL-D01_BBCMAXSIT_dbo from CREATE_NEW while creating package</MEMO><PROGRESSSTATUS maxvalue="CREATED_CFGDATA">CREATED_CFGDATA</PROGRESSSTATUS><REDISTRIBUTESRC></REDISTRIBUTESRC><STATUS maxvalue="CREATE_INPROGRESS">CREATE_INPROGRESS</STATUS></DMPKGSTATUS><DMPKGSTATUS><CHANGEBY>TIMMINSA</CHANGEBY><CHANGEDATE>2015-01-26T16:37:09+00:00</CHANGEDATE><CONTENTID>8534d8b4-c3fb-4c09-a366-74bc86f3a3fb</CONTENTID><DMPKGSTATUSID>1935</DMPKGSTATUSID><MEMO>Progress status changed in product environment BBC-SQL-D01_BBCMAXSIT_dbo from CREATED_PKGMETADATA while creating package</MEMO><PROGRESSSTATUS maxvalue="CREATED_MANIFEST">CREATED_MANIFEST</PROGRESSSTATUS><REDISTRIBUTESRC></REDISTRIBUTESRC><STATUS maxvalue="CREATE_INPROGRESS">CREATE_INPROGRESS</STATUS></DMPKGSTATUS><DMPKGSTATUS><CHANGEBY>TIMMINSA</CHANGEBY><CHANGEDATE>2015-01-26T16:37:09+00:00</CHANGEDATE><CONTENTID>788dc536-8182-4b18-9cb8-7634a1b8d4b2</CONTENTID><DMPKGSTATUSID>1934</DMPKGSTATUSID><MEMO>Progress status changed in product environment BBC-SQL-D01_BBCMAXSIT_dbo from CREATED_CFGDATA while creating package</MEMO><PROGRESSSTATUS maxvalue="CREATED_PKGMETADATA">CREATED_PKGMETADATA</PROGRESSSTATUS><REDISTRIBUTESRC></REDISTRIBUTESRC><STATUS maxvalue="CREATE_INPROGRESS">CREATE_INPROGRESS</STATUS></DMPKGSTATUS><DMPKGSTATUS><CHANGEBY>TIMMINSA</CHANGEBY><CHANGEDATE>2015-01-26T16:36:23+00:00</CHANGEDATE><CONTENTID>3bfd1d6a-a5e4-4414-a529-9b32e04fe0fb</CONTENTID><DMPKGSTATUSID>1932</DMPKGSTATUSID><MEMO>Progress status changed in product environment BBC-SQL-D01_BBCMAXSIT_dbo while creating package.</MEMO><PROGRESSSTATUS maxvalue="CREATE_NEW">CREATE_NEW</PROGRESSSTATUS><REDISTRIBUTESRC></REDISTRIBUTESRC><STATUS maxvalue="CREATE_NEW">CREATE_NEW</STATUS></DMPKGSTATUS><DMPKGSTATUS><CHANGEBY>TIMMINSA</CHANGEBY><CHANGEDATE>2015-01-26T16:37:09+00:00</CHANGEDATE><CONTENTID>799f492b-f035-4ca7-a379-3b5aec43f0a7</CONTENTID><DMPKGSTATUSID>1936</DMPKGSTATUSID><MEMO>Progress status changed in product environment BBC-SQL-D01_BBCMAXSIT_dbo from CREATED_MANIFEST while creating package</MEMO><PROGRESSSTATUS maxvalue="CREATED">CREATED</PROGRESSSTATUS><REDISTRIBUTESRC></REDISTRIBUTESRC><STATUS maxvalue="CREATED">CREATED</STATUS></DMPKGSTATUS></DMPACKAGE></DMPACKAGESet></SyncDMPACKAGE>