<?xml version="1.0" encoding="UTF-8"?><SyncDMMAXMESSAGES xmlns="http://www.ibm.com/maximo" xmlns:xsi="http://www.w3.org/2001/XMLSchema-instance" creationDateTime="2014-08-05T12:57:55+01:00" transLanguage="EN" baseLanguage="EN" messageID="1407239875701623175" maximoVersion="7 5 20130829-1209 V7510--1"><DMMAXMESSAGESSet><MAXMESSAGES action="AddChange"><ADMINRESPONSE></ADMINRESPONSE><BUTTONTEXT></BUTTONTEXT><DISPLAYMETHOD>MSGBOX</DISPLAYMETHOD><EXPLANATION></EXPLANATION><MAXMESSAGESID>785428</MAXMESSAGESID><MSGGROUP>irvwo</MSGGROUP><MSGID>BMXZZ0110E</MSGID><MSGKEY>irvwodupmobass</MSGKEY><OPERATORRESPONSE></OPERATORRESPONSE><OPTIONS>2</OPTIONS><PREFIX>1</PREFIX><SYSTEMACTION></SYSTEMACTION><TITLE></TITLE><VALUE>A duplicate mobile assignment has been made, please make another assignment.</VALUE></MAXMESSAGES></DMMAXMESSAGESSet></SyncDMMAXMESSAGES>