<?xml version="1.0" encoding="UTF-8"?><SyncDMCFGGROUP xmlns="http://www.ibm.com/maximo" xmlns:xsi="http://www.w3.org/2001/XMLSchema-instance" creationDateTime="2014-08-05T12:57:56+01:00" transLanguage="EN" baseLanguage="EN" messageID="1407239876107335103" maximoVersion="7 5 20130829-1209 V7510--1"><DMCFGGROUPSet><DMCFGGROUP><CFGGROUPORDER>29</CFGGROUPORDER><CFGOBJGROUP>BBC_MAXMES</CFGOBJGROUP><CHANGEBY>TIMMINSA</CHANGEBY><CHANGEDATE>2014-07-28T14:50:22+01:00</CHANGEDATE><DESCRIPTION>Maximo Messages</DESCRIPTION><DMCFGGROUPID>92630</DMCFGGROUPID><GROUPTYPE maxvalue="CFGDATA">CFGDATA</GROUPTYPE><INTERNAL>0</INTERNAL><DMCFGOBJECT><CFGOBJECT>DMMAXMESSAGES</CFGOBJECT><CFGOBJORDER>1</CFGOBJORDER><CHANGEBY>TIMMINSA</CHANGEBY><CHANGEDATE>2014-07-28T14:50:31+01:00</CHANGEDATE><DESCRIPTION>System message migration object for Migration Manager</DESCRIPTION><DMCFGOBJECTID>2096</DMCFGOBJECTID><INTERNAL>0</INTERNAL></DMCFGOBJECT></DMCFGGROUP></DMCFGGROUPSet></SyncDMCFGGROUP>