<?xml version="1.0" encoding="UTF-8"?><SyncDMMAXOBJECTCFG xmlns="http://www.ibm.com/maximo" xmlns:xsi="http://www.w3.org/2001/XMLSchema-instance" creationDateTime="2014-09-15T15:41:30+01:00" transLanguage="EN" baseLanguage="EN" messageID="1410792089807385463" maximoVersion="7 5 20130829-1209 V7510--1"><DMMAXOBJECTCFGSet><MAXOBJECTCFG action="AddChange"><CHANGED>N</CHANGED><CLASSNAME>psdi.app.location.LocationSpecSet</CLASSNAME><DESCRIPTION>Values of an attribute specified for a location</DESCRIPTION><EAUDITENABLED>0</EAUDITENABLED><EAUDITFILTER></EAUDITFILTER><EAUDITTBNAME></EAUDITTBNAME><ENTITYNAME>LOCATIONSPEC</ENTITYNAME><ESIGFILTER></ESIGFILTER><EXTENDSOBJECT></EXTENDSOBJECT><IMPORTED>0</IMPORTED><INTERNAL>0</INTERNAL><ISAUDITTABLE>0</ISAUDITTABLE><ISVIEW>0</ISVIEW><MAINOBJECT>0</MAINOBJECT><MAXOBJECTID>93</MAXOBJECTID><OBJECTNAME>LOCATIONSPEC</OBJECTNAME><PERSISTENT>1</PERSISTENT><SERVICENAME>LOCATION</SERVICENAME><SITEORGTYPE maxvalue="SITE">SITE</SITEORGTYPE><STORAGEPARTITION>PRIMARY</STORAGEPARTITION><TEXTDIRECTION></TEXTDIRECTION><TEXTSEARCHENABLED>0</TEXTSEARCHENABLED><TRIGROOT>LOCATIONSPEC</TRIGROOT><UNIQUECOLUMNNAME>LOCATIONSPECID</UNIQUECOLUMNNAME><USERDEFINED>0</USERDEFINED><MAXTABLECFG><ADDROWSTAMP>1</ADDROWSTAMP><ALTIXNAME></ALTIXNAME><CONTENTATTRIBUTE></CONTENTATTRIBUTE><EAUDITTBNAME></EAUDITTBNAME><ISAUDITTABLE>0</ISAUDITTABLE><ISLANGTABLE>0</ISLANGTABLE><LANGCOLUMNNAME></LANGCOLUMNNAME><LANGTABLENAME></LANGTABLENAME><MAXTABLEID>208</MAXTABLEID><RESTOREDATA>0</RESTOREDATA><STORAGEPARTITION>PRIMARY</STORAGEPARTITION><TABLENAME>LOCATIONSPEC</TABLENAME><TEXTSEARCHENABLED>0</TEXTSEARCHENABLED><TRIGROOT>LOCATIONSPEC</TRIGROOT><UNIQUECOLUMNNAME>LOCATIONSPECID</UNIQUECOLUMNNAME></MAXTABLECFG><MAXATTRIBUTECFG><ALIAS>ALNVALUE</ALIAS><ATTRIBUTENAME>ALNVALUE</ATTRIBUTENAME><ATTRIBUTENO>9</ATTRIBUTENO><AUTOKEYNAME></AUTOKEYNAME><CANAUTONUM>0</CANAUTONUM><CHANGED>N</CHANGED><CLASSNAME>psdi.app.assetcatalog.FldSpecificationAlnValue</CLASSNAME><COLUMNNAME>ALNVALUE</COLUMNNAME><COMPLEXEXPRESSION></COMPLEXEXPRESSION><DEFAULTVALUE></DEFAULTVALUE><DOMAINID>IRV_LOCREG</DOMAINID><EAUDITENABLED>0</EAUDITENABLED><ENTITYNAME>LOCATIONSPEC</ENTITYNAME><ESIGENABLED>0</ESIGENABLED><HANDLECOLUMNNAME></HANDLECOLUMNNAME><ISLDOWNER>0</ISLDOWNER><ISPOSITIVE>0</ISPOSITIVE><LENGTH>254</LENGTH><LOCALIZABLE>1</LOCALIZABLE><MAXATTRIBUTEID>1547</MAXATTRIBUTEID><MAXTYPE>ALN</MAXTYPE><MLINUSE>0</MLINUSE><MLSUPPORTED>0</MLSUPPORTED><MUSTBE>1</MUSTBE><PERSISTENT>1</PERSISTENT><PRIMARYKEYCOLSEQ xsi:nil="true"></PRIMARYKEYCOLSEQ><REMARKS>Alphanumeric(text) value</REMARKS><REQUIRED>0</REQUIRED><RESTRICTED>0</RESTRICTED><SAMEASATTRIBUTE>VALUE</SAMEASATTRIBUTE><SAMEASOBJECT>ALNDOMAIN</SAMEASOBJECT><SCALE>0</SCALE><SEARCHTYPE>WILDCARD</SEARCHTYPE><SEQUENCENAME></SEQUENCENAME><TEXTDIRECTION></TEXTDIRECTION><TITLE>Alphanumeric Value</TITLE><USERDEFINED>0</USERDEFINED></MAXATTRIBUTECFG><MAXATTRIBUTECFG><ALIAS>ASSETATTRID</ALIAS><ATTRIBUTENAME>ASSETATTRID</ATTRIBUTENAME><ATTRIBUTENO>2</ATTRIBUTENO><AUTOKEYNAME></AUTOKEYNAME><CANAUTONUM>0</CANAUTONUM><CHANGED>N</CHANGED><CLASSNAME>psdi.plusp.app.assetcatalog.PlusPFldCommonSpecAssetAttrid</CLASSNAME><COLUMNNAME>ASSETATTRID</COLUMNNAME><COMPLEXEXPRESSION></COMPLEXEXPRESSION><DEFAULTVALUE></DEFAULTVALUE><DOMAINID></DOMAINID><EAUDITENABLED>0</EAUDITENABLED><ENTITYNAME>LOCATIONSPEC</ENTITYNAME><ESIGENABLED>0</ESIGENABLED><HANDLECOLUMNNAME></HANDLECOLUMNNAME><ISLDOWNER>0</ISLDOWNER><ISPOSITIVE>0</ISPOSITIVE><LENGTH>8</LENGTH><LOCALIZABLE>0</LOCALIZABLE><MAXATTRIBUTEID>1728</MAXATTRIBUTEID><MAXTYPE>UPPER</MAXTYPE><MLINUSE>0</MLINUSE><MLSUPPORTED>0</MLSUPPORTED><MUSTBE>0</MUSTBE><PERSISTENT>1</PERSISTENT><PRIMARYKEYCOLSEQ>2</PRIMARYKEYCOLSEQ><REMARKS>Asset attribute identifier</REMARKS><REQUIRED>1</REQUIRED><RESTRICTED>0</RESTRICTED><SAMEASATTRIBUTE>ASSETATTRID</SAMEASATTRIBUTE><SAMEASOBJECT>ASSETATTRIBUTE</SAMEASOBJECT><SCALE>0</SCALE><SEARCHTYPE>WILDCARD</SEARCHTYPE><SEQUENCENAME></SEQUENCENAME><TEXTDIRECTION></TEXTDIRECTION><TITLE>Attribute</TITLE><USERDEFINED>0</USERDEFINED></MAXATTRIBUTECFG><MAXATTRIBUTECFG><ALIAS>CHANGEBY</ALIAS><ATTRIBUTENAME>CHANGEBY</ATTRIBUTENAME><ATTRIBUTENO>11</ATTRIBUTENO><AUTOKEYNAME></AUTOKEYNAME><CANAUTONUM>0</CANAUTONUM><CHANGED>N</CHANGED><CLASSNAME></CLASSNAME><COLUMNNAME>CHANGEBY</COLUMNNAME><COMPLEXEXPRESSION></COMPLEXEXPRESSION><DEFAULTVALUE></DEFAULTVALUE><DOMAINID></DOMAINID><EAUDITENABLED>0</EAUDITENABLED><ENTITYNAME>LOCATIONSPEC</ENTITYNAME><ESIGENABLED>0</ESIGENABLED><HANDLECOLUMNNAME></HANDLECOLUMNNAME><ISLDOWNER>0</ISLDOWNER><ISPOSITIVE>0</ISPOSITIVE><LENGTH>30</LENGTH><LOCALIZABLE>0</LOCALIZABLE><MAXATTRIBUTEID>1729</MAXATTRIBUTEID><MAXTYPE>UPPER</MAXTYPE><MLINUSE>0</MLINUSE><MLSUPPORTED>0</MLSUPPORTED><MUSTBE>0</MUSTBE><PERSISTENT>1</PERSISTENT><PRIMARYKEYCOLSEQ xsi:nil="true"></PRIMARYKEYCOLSEQ><REMARKS>User name who last changed record</REMARKS><REQUIRED>1</REQUIRED><RESTRICTED>0</RESTRICTED><SAMEASATTRIBUTE>PERSONID</SAMEASATTRIBUTE><SAMEASOBJECT>PERSON</SAMEASOBJECT><SCALE>0</SCALE><SEARCHTYPE>EXACT</SEARCHTYPE><SEQUENCENAME></SEQUENCENAME><TEXTDIRECTION></TEXTDIRECTION><TITLE>Changed By</TITLE><USERDEFINED>0</USERDEFINED></MAXATTRIBUTECFG><MAXATTRIBUTECFG><ALIAS>CHANGEDATE</ALIAS><ATTRIBUTENAME>CHANGEDATE</ATTRIBUTENAME><ATTRIBUTENO>10</ATTRIBUTENO><AUTOKEYNAME></AUTOKEYNAME><CANAUTONUM>0</CANAUTONUM><CHANGED>N</CHANGED><CLASSNAME></CLASSNAME><COLUMNNAME>CHANGEDATE</COLUMNNAME><COMPLEXEXPRESSION></COMPLEXEXPRESSION><DEFAULTVALUE></DEFAULTVALUE><DOMAINID></DOMAINID><EAUDITENABLED>0</EAUDITENABLED><ENTITYNAME>LOCATIONSPEC</ENTITYNAME><ESIGENABLED>0</ESIGENABLED><HANDLECOLUMNNAME></HANDLECOLUMNNAME><ISLDOWNER>0</ISLDOWNER><ISPOSITIVE>0</ISPOSITIVE><LENGTH>10</LENGTH><LOCALIZABLE>0</LOCALIZABLE><MAXATTRIBUTEID>2076</MAXATTRIBUTEID><MAXTYPE>DATETIME</MAXTYPE><MLINUSE>0</MLINUSE><MLSUPPORTED>0</MLSUPPORTED><MUSTBE>1</MUSTBE><PERSISTENT>1</PERSISTENT><PRIMARYKEYCOLSEQ xsi:nil="true"></PRIMARYKEYCOLSEQ><REMARKS>Date record modified</REMARKS><REQUIRED>1</REQUIRED><RESTRICTED>0</RESTRICTED><SAMEASATTRIBUTE></SAMEASATTRIBUTE><SAMEASOBJECT></SAMEASOBJECT><SCALE>0</SCALE><SEARCHTYPE>EXACT</SEARCHTYPE><SEQUENCENAME></SEQUENCENAME><TEXTDIRECTION></TEXTDIRECTION><TITLE>Changed Date</TITLE><USERDEFINED>0</USERDEFINED></MAXATTRIBUTECFG><MAXATTRIBUTECFG><ALIAS>CLASSSTRUCTUREID</ALIAS><ATTRIBUTENAME>CLASSSTRUCTUREID</ATTRIBUTENAME><ATTRIBUTENO>3</ATTRIBUTENO><AUTOKEYNAME></AUTOKEYNAME><CANAUTONUM>0</CANAUTONUM><CHANGED>N</CHANGED><CLASSNAME></CLASSNAME><COLUMNNAME>CLASSSTRUCTUREID</COLUMNNAME><COMPLEXEXPRESSION></COMPLEXEXPRESSION><DEFAULTVALUE></DEFAULTVALUE><DOMAINID></DOMAINID><EAUDITENABLED>0</EAUDITENABLED><ENTITYNAME>LOCATIONSPEC</ENTITYNAME><ESIGENABLED>0</ESIGENABLED><HANDLECOLUMNNAME></HANDLECOLUMNNAME><ISLDOWNER>0</ISLDOWNER><ISPOSITIVE>0</ISPOSITIVE><LENGTH>20</LENGTH><LOCALIZABLE>0</LOCALIZABLE><MAXATTRIBUTEID>2052</MAXATTRIBUTEID><MAXTYPE>UPPER</MAXTYPE><MLINUSE>0</MLINUSE><MLSUPPORTED>0</MLSUPPORTED><MUSTBE>1</MUSTBE><PERSISTENT>1</PERSISTENT><PRIMARYKEYCOLSEQ xsi:nil="true"></PRIMARYKEYCOLSEQ><REMARKS>Classification Structure identifier</REMARKS><REQUIRED>1</REQUIRED><RESTRICTED>1</RESTRICTED><SAMEASATTRIBUTE>CLASSSTRUCTUREID</SAMEASATTRIBUTE><SAMEASOBJECT>CLASSSTRUCTURE</SAMEASOBJECT><SCALE>0</SCALE><SEARCHTYPE>EXACT</SEARCHTYPE><SEQUENCENAME></SEQUENCENAME><TEXTDIRECTION></TEXTDIRECTION><TITLE>Class Structure</TITLE><USERDEFINED>0</USERDEFINED></MAXATTRIBUTECFG><MAXATTRIBUTECFG><ALIAS>DISPLAYSEQUENCE</ALIAS><ATTRIBUTENAME>DISPLAYSEQUENCE</ATTRIBUTENAME><ATTRIBUTENO>6</ATTRIBUTENO><AUTOKEYNAME></AUTOKEYNAME><CANAUTONUM>0</CANAUTONUM><CHANGED>N</CHANGED><CLASSNAME></CLASSNAME><COLUMNNAME>DISPLAYSEQUENCE</COLUMNNAME><COMPLEXEXPRESSION></COMPLEXEXPRESSION><DEFAULTVALUE></DEFAULTVALUE><DOMAINID></DOMAINID><EAUDITENABLED>0</EAUDITENABLED><ENTITYNAME>LOCATIONSPEC</ENTITYNAME><ESIGENABLED>0</ESIGENABLED><HANDLECOLUMNNAME></HANDLECOLUMNNAME><ISLDOWNER>0</ISLDOWNER><ISPOSITIVE>1</ISPOSITIVE><LENGTH>10</LENGTH><LOCALIZABLE>0</LOCALIZABLE><MAXATTRIBUTEID>1969</MAXATTRIBUTEID><MAXTYPE>SMALLINT</MAXTYPE><MLINUSE>0</MLINUSE><MLSUPPORTED>0</MLSUPPORTED><MUSTBE>1</MUSTBE><PERSISTENT>1</PERSISTENT><PRIMARYKEYCOLSEQ xsi:nil="true"></PRIMARYKEYCOLSEQ><REMARKS>Display sequence</REMARKS><REQUIRED>1</REQUIRED><RESTRICTED>0</RESTRICTED><SAMEASATTRIBUTE></SAMEASATTRIBUTE><SAMEASOBJECT></SAMEASOBJECT><SCALE>0</SCALE><SEARCHTYPE>EXACT</SEARCHTYPE><SEQUENCENAME></SEQUENCENAME><TEXTDIRECTION></TEXTDIRECTION><TITLE>Display Sequence</TITLE><USERDEFINED>0</USERDEFINED></MAXATTRIBUTECFG><MAXATTRIBUTECFG><ALIAS>INHERITEDFROMITEM</ALIAS><ATTRIBUTENAME>INHERITEDFROMITEM</ATTRIBUTENAME><ATTRIBUTENO>4</ATTRIBUTENO><AUTOKEYNAME></AUTOKEYNAME><CANAUTONUM>0</CANAUTONUM><CHANGED>N</CHANGED><CLASSNAME></CLASSNAME><COLUMNNAME>INHERITEDFROMITEM</COLUMNNAME><COMPLEXEXPRESSION></COMPLEXEXPRESSION><DEFAULTVALUE>0</DEFAULTVALUE><DOMAINID></DOMAINID><EAUDITENABLED>0</EAUDITENABLED><ENTITYNAME>LOCATIONSPEC</ENTITYNAME><ESIGENABLED>0</ESIGENABLED><HANDLECOLUMNNAME></HANDLECOLUMNNAME><ISLDOWNER>0</ISLDOWNER><ISPOSITIVE>0</ISPOSITIVE><LENGTH>1</LENGTH><LOCALIZABLE>0</LOCALIZABLE><MAXATTRIBUTEID>1970</MAXATTRIBUTEID><MAXTYPE>YORN</MAXTYPE><MLINUSE>0</MLINUSE><MLSUPPORTED>0</MLSUPPORTED><MUSTBE>1</MUSTBE><PERSISTENT>1</PERSISTENT><PRIMARYKEYCOLSEQ xsi:nil="true"></PRIMARYKEYCOLSEQ><REMARKS>Specification inherited from item specification?</REMARKS><REQUIRED>1</REQUIRED><RESTRICTED>0</RESTRICTED><SAMEASATTRIBUTE></SAMEASATTRIBUTE><SAMEASOBJECT></SAMEASOBJECT><SCALE>0</SCALE><SEARCHTYPE>EXACT</SEARCHTYPE><SEQUENCENAME></SEQUENCENAME><TEXTDIRECTION></TEXTDIRECTION><TITLE>Inherited from Item</TITLE><USERDEFINED>0</USERDEFINED></MAXATTRIBUTECFG><MAXATTRIBUTECFG><ALIAS>ITEMSPECVALCHANGED</ALIAS><ATTRIBUTENAME>ITEMSPECVALCHANGED</ATTRIBUTENAME><ATTRIBUTENO>5</ATTRIBUTENO><AUTOKEYNAME></AUTOKEYNAME><CANAUTONUM>0</CANAUTONUM><CHANGED>N</CHANGED><CLASSNAME></CLASSNAME><COLUMNNAME>ITEMSPECVALCHANGED</COLUMNNAME><COMPLEXEXPRESSION></COMPLEXEXPRESSION><DEFAULTVALUE>0</DEFAULTVALUE><DOMAINID></DOMAINID><EAUDITENABLED>0</EAUDITENABLED><ENTITYNAME>LOCATIONSPEC</ENTITYNAME><ESIGENABLED>0</ESIGENABLED><HANDLECOLUMNNAME></HANDLECOLUMNNAME><ISLDOWNER>0</ISLDOWNER><ISPOSITIVE>0</ISPOSITIVE><LENGTH>1</LENGTH><LOCALIZABLE>0</LOCALIZABLE><MAXATTRIBUTEID>1971</MAXATTRIBUTEID><MAXTYPE>YORN</MAXTYPE><MLINUSE>0</MLINUSE><MLSUPPORTED>0</MLSUPPORTED><MUSTBE>1</MUSTBE><PERSISTENT>1</PERSISTENT><PRIMARYKEYCOLSEQ xsi:nil="true"></PRIMARYKEYCOLSEQ><REMARKS>Item specification value changed after being inherited? N if value not changed and N if value not inherited from ItemSpecification.</REMARKS><REQUIRED>1</REQUIRED><RESTRICTED>0</RESTRICTED><SAMEASATTRIBUTE></SAMEASATTRIBUTE><SAMEASOBJECT></SAMEASOBJECT><SCALE>0</SCALE><SEARCHTYPE>EXACT</SEARCHTYPE><SEQUENCENAME></SEQUENCENAME><TEXTDIRECTION></TEXTDIRECTION><TITLE>Item Specification Value Changed </TITLE><USERDEFINED>0</USERDEFINED></MAXATTRIBUTECFG><MAXATTRIBUTECFG><ALIAS>LINKEDTOATTRIBUTE</ALIAS><ATTRIBUTENAME>LINKEDTOATTRIBUTE</ATTRIBUTENAME><ATTRIBUTENO>23</ATTRIBUTENO><AUTOKEYNAME></AUTOKEYNAME><CANAUTONUM>0</CANAUTONUM><CHANGED>N</CHANGED><CLASSNAME></CLASSNAME><COLUMNNAME>LINKEDTOATTRIBUTE</COLUMNNAME><COMPLEXEXPRESSION></COMPLEXEXPRESSION><DEFAULTVALUE></DEFAULTVALUE><DOMAINID></DOMAINID><EAUDITENABLED>0</EAUDITENABLED><ENTITYNAME>LOCATIONSPEC</ENTITYNAME><ESIGENABLED>0</ESIGENABLED><HANDLECOLUMNNAME></HANDLECOLUMNNAME><ISLDOWNER>0</ISLDOWNER><ISPOSITIVE>0</ISPOSITIVE><LENGTH>8</LENGTH><LOCALIZABLE>0</LOCALIZABLE><MAXATTRIBUTEID>52516</MAXATTRIBUTEID><MAXTYPE>UPPER</MAXTYPE><MLINUSE>0</MLINUSE><MLSUPPORTED>0</MLSUPPORTED><MUSTBE>0</MUSTBE><PERSISTENT>1</PERSISTENT><PRIMARYKEYCOLSEQ xsi:nil="true"></PRIMARYKEYCOLSEQ><REMARKS>This attribute is linked to another attribute in this specification.</REMARKS><REQUIRED>0</REQUIRED><RESTRICTED>0</RESTRICTED><SAMEASATTRIBUTE>ASSETATTRID</SAMEASATTRIBUTE><SAMEASOBJECT>ASSETATTRIBUTE</SAMEASOBJECT><SCALE>0</SCALE><SEARCHTYPE>EXACT</SEARCHTYPE><SEQUENCENAME></SEQUENCENAME><TEXTDIRECTION></TEXTDIRECTION><TITLE>Linked to Attribute</TITLE><USERDEFINED>0</USERDEFINED></MAXATTRIBUTECFG><MAXATTRIBUTECFG><ALIAS>LINKEDTOSECTION</ALIAS><ATTRIBUTENAME>LINKEDTOSECTION</ATTRIBUTENAME><ATTRIBUTENO>24</ATTRIBUTENO><AUTOKEYNAME></AUTOKEYNAME><CANAUTONUM>0</CANAUTONUM><CHANGED>N</CHANGED><CLASSNAME></CLASSNAME><COLUMNNAME>LINKEDTOSECTION</COLUMNNAME><COMPLEXEXPRESSION></COMPLEXEXPRESSION><DEFAULTVALUE></DEFAULTVALUE><DOMAINID></DOMAINID><EAUDITENABLED>0</EAUDITENABLED><ENTITYNAME>LOCATIONSPEC</ENTITYNAME><ESIGENABLED>0</ESIGENABLED><HANDLECOLUMNNAME></HANDLECOLUMNNAME><ISLDOWNER>0</ISLDOWNER><ISPOSITIVE>0</ISPOSITIVE><LENGTH>10</LENGTH><LOCALIZABLE>0</LOCALIZABLE><MAXATTRIBUTEID>52517</MAXATTRIBUTEID><MAXTYPE>UPPER</MAXTYPE><MLINUSE>0</MLINUSE><MLSUPPORTED>0</MLSUPPORTED><MUSTBE>0</MUSTBE><PERSISTENT>1</PERSISTENT><PRIMARYKEYCOLSEQ xsi:nil="true"></PRIMARYKEYCOLSEQ><REMARKS>This section is linked to another section in this specification.</REMARKS><REQUIRED>0</REQUIRED><RESTRICTED>0</RESTRICTED><SAMEASATTRIBUTE>SECTION</SAMEASATTRIBUTE><SAMEASOBJECT>CLASSSPEC</SAMEASOBJECT><SCALE>0</SCALE><SEARCHTYPE>EXACT</SEARCHTYPE><SEQUENCENAME></SEQUENCENAME><TEXTDIRECTION></TEXTDIRECTION><TITLE>Linked to Section</TITLE><USERDEFINED>0</USERDEFINED></MAXATTRIBUTECFG><MAXATTRIBUTECFG><ALIAS>LOCATION</ALIAS><ATTRIBUTENAME>LOCATION</ATTRIBUTENAME><ATTRIBUTENO>1</ATTRIBUTENO><AUTOKEYNAME></AUTOKEYNAME><CANAUTONUM>0</CANAUTONUM><CHANGED>N</CHANGED><CLASSNAME></CLASSNAME><COLUMNNAME>LOCATION</COLUMNNAME><COMPLEXEXPRESSION></COMPLEXEXPRESSION><DEFAULTVALUE></DEFAULTVALUE><DOMAINID></DOMAINID><EAUDITENABLED>0</EAUDITENABLED><ENTITYNAME>LOCATIONSPEC</ENTITYNAME><ESIGENABLED>0</ESIGENABLED><HANDLECOLUMNNAME></HANDLECOLUMNNAME><ISLDOWNER>0</ISLDOWNER><ISPOSITIVE>0</ISPOSITIVE><LENGTH>12</LENGTH><LOCALIZABLE>0</LOCALIZABLE><MAXATTRIBUTEID>1972</MAXATTRIBUTEID><MAXTYPE>UPPER</MAXTYPE><MLINUSE>0</MLINUSE><MLSUPPORTED>0</MLSUPPORTED><MUSTBE>0</MUSTBE><PERSISTENT>1</PERSISTENT><PRIMARYKEYCOLSEQ>1</PRIMARYKEYCOLSEQ><REMARKS>Location identifier</REMARKS><REQUIRED>1</REQUIRED><RESTRICTED>0</RESTRICTED><SAMEASATTRIBUTE>LOCATION</SAMEASATTRIBUTE><SAMEASOBJECT>LOCATIONS</SAMEASOBJECT><SCALE>0</SCALE><SEARCHTYPE>WILDCARD</SEARCHTYPE><SEQUENCENAME></SEQUENCENAME><TEXTDIRECTION></TEXTDIRECTION><TITLE>Location</TITLE><USERDEFINED>0</USERDEFINED></MAXATTRIBUTECFG><MAXATTRIBUTECFG><ALIAS>LOCATIONSPECID</ALIAS><ATTRIBUTENAME>LOCATIONSPECID</ATTRIBUTENAME><ATTRIBUTENO>20</ATTRIBUTENO><AUTOKEYNAME></AUTOKEYNAME><CANAUTONUM>0</CANAUTONUM><CHANGED>N</CHANGED><CLASSNAME></CLASSNAME><COLUMNNAME>LOCATIONSPECID</COLUMNNAME><COMPLEXEXPRESSION></COMPLEXEXPRESSION><DEFAULTVALUE></DEFAULTVALUE><DOMAINID></DOMAINID><EAUDITENABLED>0</EAUDITENABLED><ENTITYNAME>LOCATIONSPEC</ENTITYNAME><ESIGENABLED>0</ESIGENABLED><HANDLECOLUMNNAME></HANDLECOLUMNNAME><ISLDOWNER>0</ISLDOWNER><ISPOSITIVE>0</ISPOSITIVE><LENGTH>19</LENGTH><LOCALIZABLE>0</LOCALIZABLE><MAXATTRIBUTEID>8327</MAXATTRIBUTEID><MAXTYPE>BIGINT</MAXTYPE><MLINUSE>0</MLINUSE><MLSUPPORTED>0</MLSUPPORTED><MUSTBE>1</MUSTBE><PERSISTENT>1</PERSISTENT><PRIMARYKEYCOLSEQ xsi:nil="true"></PRIMARYKEYCOLSEQ><REMARKS>Unique Identifier</REMARKS><REQUIRED>1</REQUIRED><RESTRICTED>1</RESTRICTED><SAMEASATTRIBUTE></SAMEASATTRIBUTE><SAMEASOBJECT></SAMEASOBJECT><SCALE>0</SCALE><SEARCHTYPE>EXACT</SEARCHTYPE><SEQUENCENAME>LOCATIONSPECSEQ</SEQUENCENAME><TEXTDIRECTION></TEXTDIRECTION><TITLE>LOCATIONSPECID</TITLE><USERDEFINED>0</USERDEFINED></MAXATTRIBUTECFG><MAXATTRIBUTECFG><ALIAS>LS01</ALIAS><ATTRIBUTENAME>LS01</ATTRIBUTENAME><ATTRIBUTENO>12</ATTRIBUTENO><AUTOKEYNAME></AUTOKEYNAME><CANAUTONUM>0</CANAUTONUM><CHANGED>N</CHANGED><CLASSNAME></CLASSNAME><COLUMNNAME>LS01</COLUMNNAME><COMPLEXEXPRESSION></COMPLEXEXPRESSION><DEFAULTVALUE></DEFAULTVALUE><DOMAINID></DOMAINID><EAUDITENABLED>0</EAUDITENABLED><ENTITYNAME>LOCATIONSPEC</ENTITYNAME><ESIGENABLED>0</ESIGENABLED><HANDLECOLUMNNAME></HANDLECOLUMNNAME><ISLDOWNER>0</ISLDOWNER><ISPOSITIVE>0</ISPOSITIVE><LENGTH>10</LENGTH><LOCALIZABLE>0</LOCALIZABLE><MAXATTRIBUTEID>1548</MAXATTRIBUTEID><MAXTYPE>ALN</MAXTYPE><MLINUSE>0</MLINUSE><MLSUPPORTED>0</MLSUPPORTED><MUSTBE>0</MUSTBE><PERSISTENT>1</PERSISTENT><PRIMARYKEYCOLSEQ xsi:nil="true"></PRIMARYKEYCOLSEQ><REMARKS>Cross-over field from ClassSpec.CS01</REMARKS><REQUIRED>0</REQUIRED><RESTRICTED>0</RESTRICTED><SAMEASATTRIBUTE></SAMEASATTRIBUTE><SAMEASOBJECT></SAMEASOBJECT><SCALE>0</SCALE><SEARCHTYPE>WILDCARD</SEARCHTYPE><SEQUENCENAME></SEQUENCENAME><TEXTDIRECTION></TEXTDIRECTION><TITLE>Ls01</TITLE><USERDEFINED>0</USERDEFINED></MAXATTRIBUTECFG><MAXATTRIBUTECFG><ALIAS>LS02</ALIAS><ATTRIBUTENAME>LS02</ATTRIBUTENAME><ATTRIBUTENO>13</ATTRIBUTENO><AUTOKEYNAME></AUTOKEYNAME><CANAUTONUM>0</CANAUTONUM><CHANGED>N</CHANGED><CLASSNAME></CLASSNAME><COLUMNNAME>LS02</COLUMNNAME><COMPLEXEXPRESSION></COMPLEXEXPRESSION><DEFAULTVALUE></DEFAULTVALUE><DOMAINID></DOMAINID><EAUDITENABLED>0</EAUDITENABLED><ENTITYNAME>LOCATIONSPEC</ENTITYNAME><ESIGENABLED>0</ESIGENABLED><HANDLECOLUMNNAME></HANDLECOLUMNNAME><ISLDOWNER>0</ISLDOWNER><ISPOSITIVE>0</ISPOSITIVE><LENGTH>10</LENGTH><LOCALIZABLE>0</LOCALIZABLE><MAXATTRIBUTEID>1549</MAXATTRIBUTEID><MAXTYPE>ALN</MAXTYPE><MLINUSE>0</MLINUSE><MLSUPPORTED>0</MLSUPPORTED><MUSTBE>0</MUSTBE><PERSISTENT>1</PERSISTENT><PRIMARYKEYCOLSEQ xsi:nil="true"></PRIMARYKEYCOLSEQ><REMARKS>Cross-over field from ClassSpec.CS02</REMARKS><REQUIRED>0</REQUIRED><RESTRICTED>0</RESTRICTED><SAMEASATTRIBUTE></SAMEASATTRIBUTE><SAMEASOBJECT></SAMEASOBJECT><SCALE>0</SCALE><SEARCHTYPE>WILDCARD</SEARCHTYPE><SEQUENCENAME></SEQUENCENAME><TEXTDIRECTION></TEXTDIRECTION><TITLE>Ls02</TITLE><USERDEFINED>0</USERDEFINED></MAXATTRIBUTECFG><MAXATTRIBUTECFG><ALIAS>LS03</ALIAS><ATTRIBUTENAME>LS03</ATTRIBUTENAME><ATTRIBUTENO>14</ATTRIBUTENO><AUTOKEYNAME></AUTOKEYNAME><CANAUTONUM>0</CANAUTONUM><CHANGED>N</CHANGED><CLASSNAME></CLASSNAME><COLUMNNAME>LS03</COLUMNNAME><COMPLEXEXPRESSION></COMPLEXEXPRESSION><DEFAULTVALUE></DEFAULTVALUE><DOMAINID></DOMAINID><EAUDITENABLED>0</EAUDITENABLED><ENTITYNAME>LOCATIONSPEC</ENTITYNAME><ESIGENABLED>0</ESIGENABLED><HANDLECOLUMNNAME></HANDLECOLUMNNAME><ISLDOWNER>0</ISLDOWNER><ISPOSITIVE>0</ISPOSITIVE><LENGTH>10</LENGTH><LOCALIZABLE>0</LOCALIZABLE><MAXATTRIBUTEID>1550</MAXATTRIBUTEID><MAXTYPE>ALN</MAXTYPE><MLINUSE>0</MLINUSE><MLSUPPORTED>0</MLSUPPORTED><MUSTBE>0</MUSTBE><PERSISTENT>1</PERSISTENT><PRIMARYKEYCOLSEQ xsi:nil="true"></PRIMARYKEYCOLSEQ><REMARKS>Cross-over field from ClassSpec.CS03</REMARKS><REQUIRED>0</REQUIRED><RESTRICTED>0</RESTRICTED><SAMEASATTRIBUTE></SAMEASATTRIBUTE><SAMEASOBJECT></SAMEASOBJECT><SCALE>0</SCALE><SEARCHTYPE>WILDCARD</SEARCHTYPE><SEQUENCENAME></SEQUENCENAME><TEXTDIRECTION></TEXTDIRECTION><TITLE>Ls03</TITLE><USERDEFINED>0</USERDEFINED></MAXATTRIBUTECFG><MAXATTRIBUTECFG><ALIAS>LS04</ALIAS><ATTRIBUTENAME>LS04</ATTRIBUTENAME><ATTRIBUTENO>15</ATTRIBUTENO><AUTOKEYNAME></AUTOKEYNAME><CANAUTONUM>0</CANAUTONUM><CHANGED>N</CHANGED><CLASSNAME></CLASSNAME><COLUMNNAME>LS04</COLUMNNAME><COMPLEXEXPRESSION></COMPLEXEXPRESSION><DEFAULTVALUE></DEFAULTVALUE><DOMAINID></DOMAINID><EAUDITENABLED>0</EAUDITENABLED><ENTITYNAME>LOCATIONSPEC</ENTITYNAME><ESIGENABLED>0</ESIGENABLED><HANDLECOLUMNNAME></HANDLECOLUMNNAME><ISLDOWNER>0</ISLDOWNER><ISPOSITIVE>0</ISPOSITIVE><LENGTH>10</LENGTH><LOCALIZABLE>0</LOCALIZABLE><MAXATTRIBUTEID>1551</MAXATTRIBUTEID><MAXTYPE>DATETIME</MAXTYPE><MLINUSE>0</MLINUSE><MLSUPPORTED>0</MLSUPPORTED><MUSTBE>0</MUSTBE><PERSISTENT>1</PERSISTENT><PRIMARYKEYCOLSEQ xsi:nil="true"></PRIMARYKEYCOLSEQ><REMARKS>Cross-over field from ClassSpec.CS04</REMARKS><REQUIRED>0</REQUIRED><RESTRICTED>0</RESTRICTED><SAMEASATTRIBUTE></SAMEASATTRIBUTE><SAMEASOBJECT></SAMEASOBJECT><SCALE>0</SCALE><SEARCHTYPE>EXACT</SEARCHTYPE><SEQUENCENAME></SEQUENCENAME><TEXTDIRECTION></TEXTDIRECTION><TITLE>Ls04</TITLE><USERDEFINED>0</USERDEFINED></MAXATTRIBUTECFG><MAXATTRIBUTECFG><ALIAS>LS05</ALIAS><ATTRIBUTENAME>LS05</ATTRIBUTENAME><ATTRIBUTENO>16</ATTRIBUTENO><AUTOKEYNAME></AUTOKEYNAME><CANAUTONUM>0</CANAUTONUM><CHANGED>N</CHANGED><CLASSNAME></CLASSNAME><COLUMNNAME>LS05</COLUMNNAME><COMPLEXEXPRESSION></COMPLEXEXPRESSION><DEFAULTVALUE></DEFAULTVALUE><DOMAINID></DOMAINID><EAUDITENABLED>0</EAUDITENABLED><ENTITYNAME>LOCATIONSPEC</ENTITYNAME><ESIGENABLED>0</ESIGENABLED><HANDLECOLUMNNAME></HANDLECOLUMNNAME><ISLDOWNER>0</ISLDOWNER><ISPOSITIVE>0</ISPOSITIVE><LENGTH>15</LENGTH><LOCALIZABLE>0</LOCALIZABLE><MAXATTRIBUTEID>1552</MAXATTRIBUTEID><MAXTYPE>DECIMAL</MAXTYPE><MLINUSE>0</MLINUSE><MLSUPPORTED>0</MLSUPPORTED><MUSTBE>0</MUSTBE><PERSISTENT>1</PERSISTENT><PRIMARYKEYCOLSEQ xsi:nil="true"></PRIMARYKEYCOLSEQ><REMARKS>Cross-over field from ClassSpec.CS05</REMARKS><REQUIRED>0</REQUIRED><RESTRICTED>0</RESTRICTED><SAMEASATTRIBUTE></SAMEASATTRIBUTE><SAMEASOBJECT></SAMEASOBJECT><SCALE>2</SCALE><SEARCHTYPE>EXACT</SEARCHTYPE><SEQUENCENAME></SEQUENCENAME><TEXTDIRECTION></TEXTDIRECTION><TITLE>Ls05</TITLE><USERDEFINED>0</USERDEFINED></MAXATTRIBUTECFG><MAXATTRIBUTECFG><ALIAS>MANDATORY</ALIAS><ATTRIBUTENAME>MANDATORY</ATTRIBUTENAME><ATTRIBUTENO>21</ATTRIBUTENO><AUTOKEYNAME></AUTOKEYNAME><CANAUTONUM>0</CANAUTONUM><CHANGED>N</CHANGED><CLASSNAME></CLASSNAME><COLUMNNAME>MANDATORY</COLUMNNAME><COMPLEXEXPRESSION></COMPLEXEXPRESSION><DEFAULTVALUE>0</DEFAULTVALUE><DOMAINID></DOMAINID><EAUDITENABLED>0</EAUDITENABLED><ENTITYNAME>LOCATIONSPEC</ENTITYNAME><ESIGENABLED>0</ESIGENABLED><HANDLECOLUMNNAME></HANDLECOLUMNNAME><ISLDOWNER>0</ISLDOWNER><ISPOSITIVE>0</ISPOSITIVE><LENGTH>1</LENGTH><LOCALIZABLE>0</LOCALIZABLE><MAXATTRIBUTEID>48893</MAXATTRIBUTEID><MAXTYPE>YORN</MAXTYPE><MLINUSE>0</MLINUSE><MLSUPPORTED>0</MLSUPPORTED><MUSTBE>1</MUSTBE><PERSISTENT>1</PERSISTENT><PRIMARYKEYCOLSEQ xsi:nil="true"></PRIMARYKEYCOLSEQ><REMARKS>Is value mandatory?</REMARKS><REQUIRED>1</REQUIRED><RESTRICTED>0</RESTRICTED><SAMEASATTRIBUTE></SAMEASATTRIBUTE><SAMEASOBJECT></SAMEASOBJECT><SCALE>0</SCALE><SEARCHTYPE>EXACT</SEARCHTYPE><SEQUENCENAME></SEQUENCENAME><TEXTDIRECTION></TEXTDIRECTION><TITLE>Mandatory</TITLE><USERDEFINED>0</USERDEFINED></MAXATTRIBUTECFG><MAXATTRIBUTECFG><ALIAS>MEASUREUNITID</ALIAS><ATTRIBUTENAME>MEASUREUNITID</ATTRIBUTENAME><ATTRIBUTENO>8</ATTRIBUTENO><AUTOKEYNAME></AUTOKEYNAME><CANAUTONUM>0</CANAUTONUM><CHANGED>N</CHANGED><CLASSNAME>psdi.app.assetcatalog.FldMeasureUnitId</CLASSNAME><COLUMNNAME>MEASUREUNITID</COLUMNNAME><COMPLEXEXPRESSION></COMPLEXEXPRESSION><DEFAULTVALUE></DEFAULTVALUE><DOMAINID></DOMAINID><EAUDITENABLED>0</EAUDITENABLED><ENTITYNAME>LOCATIONSPEC</ENTITYNAME><ESIGENABLED>0</ESIGENABLED><HANDLECOLUMNNAME></HANDLECOLUMNNAME><ISLDOWNER>0</ISLDOWNER><ISPOSITIVE>0</ISPOSITIVE><LENGTH>16</LENGTH><LOCALIZABLE>1</LOCALIZABLE><MAXATTRIBUTEID>1553</MAXATTRIBUTEID><MAXTYPE>UPPER</MAXTYPE><MLINUSE>0</MLINUSE><MLSUPPORTED>0</MLSUPPORTED><MUSTBE>0</MUSTBE><PERSISTENT>1</PERSISTENT><PRIMARYKEYCOLSEQ xsi:nil="true"></PRIMARYKEYCOLSEQ><REMARKS>Entered units</REMARKS><REQUIRED>0</REQUIRED><RESTRICTED>0</RESTRICTED><SAMEASATTRIBUTE>MEASUREUNITID</SAMEASATTRIBUTE><SAMEASOBJECT>MEASUREUNIT</SAMEASOBJECT><SCALE>0</SCALE><SEARCHTYPE>EXACT</SEARCHTYPE><SEQUENCENAME></SEQUENCENAME><TEXTDIRECTION></TEXTDIRECTION><TITLE>Unit of Measure</TITLE><USERDEFINED>0</USERDEFINED></MAXATTRIBUTECFG><MAXATTRIBUTECFG><ALIAS>NUMVALUE</ALIAS><ATTRIBUTENAME>NUMVALUE</ATTRIBUTENAME><ATTRIBUTENO>7</ATTRIBUTENO><AUTOKEYNAME></AUTOKEYNAME><CANAUTONUM>0</CANAUTONUM><CHANGED>N</CHANGED><CLASSNAME>psdi.app.assetcatalog.FldSpecificationNumValue</CLASSNAME><COLUMNNAME>NUMVALUE</COLUMNNAME><COMPLEXEXPRESSION></COMPLEXEXPRESSION><DEFAULTVALUE></DEFAULTVALUE><DOMAINID></DOMAINID><EAUDITENABLED>0</EAUDITENABLED><ENTITYNAME>LOCATIONSPEC</ENTITYNAME><ESIGENABLED>0</ESIGENABLED><HANDLECOLUMNNAME></HANDLECOLUMNNAME><ISLDOWNER>0</ISLDOWNER><ISPOSITIVE>0</ISPOSITIVE><LENGTH>30</LENGTH><LOCALIZABLE>0</LOCALIZABLE><MAXATTRIBUTEID>1554</MAXATTRIBUTEID><MAXTYPE>DECIMAL</MAXTYPE><MLINUSE>0</MLINUSE><MLSUPPORTED>0</MLSUPPORTED><MUSTBE>1</MUSTBE><PERSISTENT>1</PERSISTENT><PRIMARYKEYCOLSEQ xsi:nil="true"></PRIMARYKEYCOLSEQ><REMARKS>Numeric value in entered units</REMARKS><REQUIRED>0</REQUIRED><RESTRICTED>0</RESTRICTED><SAMEASATTRIBUTE>VALUE</SAMEASATTRIBUTE><SAMEASOBJECT>NUMERICDOMAIN</SAMEASOBJECT><SCALE>10</SCALE><SEARCHTYPE>EXACT</SEARCHTYPE><SEQUENCENAME></SEQUENCENAME><TEXTDIRECTION></TEXTDIRECTION><TITLE>Numeric Value</TITLE><USERDEFINED>0</USERDEFINED></MAXATTRIBUTECFG><MAXATTRIBUTECFG><ALIAS>ORGID</ALIAS><ATTRIBUTENAME>ORGID</ATTRIBUTENAME><ATTRIBUTENO>18</ATTRIBUTENO><AUTOKEYNAME></AUTOKEYNAME><CANAUTONUM>0</CANAUTONUM><CHANGED>N</CHANGED><CLASSNAME></CLASSNAME><COLUMNNAME>ORGID</COLUMNNAME><COMPLEXEXPRESSION></COMPLEXEXPRESSION><DEFAULTVALUE></DEFAULTVALUE><DOMAINID></DOMAINID><EAUDITENABLED>0</EAUDITENABLED><ENTITYNAME>LOCATIONSPEC</ENTITYNAME><ESIGENABLED>0</ESIGENABLED><HANDLECOLUMNNAME></HANDLECOLUMNNAME><ISLDOWNER>0</ISLDOWNER><ISPOSITIVE>0</ISPOSITIVE><LENGTH>8</LENGTH><LOCALIZABLE>0</LOCALIZABLE><MAXATTRIBUTEID>2531</MAXATTRIBUTEID><MAXTYPE>UPPER</MAXTYPE><MLINUSE>0</MLINUSE><MLSUPPORTED>0</MLSUPPORTED><MUSTBE>0</MUSTBE><PERSISTENT>1</PERSISTENT><PRIMARYKEYCOLSEQ xsi:nil="true"></PRIMARYKEYCOLSEQ><REMARKS>Organization Identifier</REMARKS><REQUIRED>1</REQUIRED><RESTRICTED>0</RESTRICTED><SAMEASATTRIBUTE>ORGID</SAMEASATTRIBUTE><SAMEASOBJECT>ORGANIZATION</SAMEASOBJECT><SCALE>0</SCALE><SEARCHTYPE>EXACT</SEARCHTYPE><SEQUENCENAME></SEQUENCENAME><TEXTDIRECTION></TEXTDIRECTION><TITLE>Organization</TITLE><USERDEFINED>0</USERDEFINED></MAXATTRIBUTECFG><MAXATTRIBUTECFG><ALIAS>PLUSPCUSTMATCH</ALIAS><ATTRIBUTENAME>PLUSPCUSTMATCH</ATTRIBUTENAME><ATTRIBUTENO>25</ATTRIBUTENO><AUTOKEYNAME></AUTOKEYNAME><CANAUTONUM>0</CANAUTONUM><CHANGED>N</CHANGED><CLASSNAME>psdi.plusp.app.common.PlusPFldCustomerMatch</CLASSNAME><COLUMNNAME></COLUMNNAME><COMPLEXEXPRESSION></COMPLEXEXPRESSION><DEFAULTVALUE></DEFAULTVALUE><DOMAINID>PLUSPCUSTATTR</DOMAINID><EAUDITENABLED>0</EAUDITENABLED><ENTITYNAME></ENTITYNAME><ESIGENABLED>0</ESIGENABLED><HANDLECOLUMNNAME></HANDLECOLUMNNAME><ISLDOWNER>0</ISLDOWNER><ISPOSITIVE>0</ISPOSITIVE><LENGTH>12</LENGTH><LOCALIZABLE>0</LOCALIZABLE><MAXATTRIBUTEID>114790</MAXATTRIBUTEID><MAXTYPE>UPPER</MAXTYPE><MLINUSE>0</MLINUSE><MLSUPPORTED>0</MLSUPPORTED><MUSTBE>1</MUSTBE><PERSISTENT>0</PERSISTENT><PRIMARYKEYCOLSEQ xsi:nil="true"></PRIMARYKEYCOLSEQ><REMARKS>An indication that this customer-specific specification does or does not match the Primary Customer on the Asset.</REMARKS><REQUIRED>0</REQUIRED><RESTRICTED>0</RESTRICTED><SAMEASATTRIBUTE></SAMEASATTRIBUTE><SAMEASOBJECT></SAMEASOBJECT><SCALE>0</SCALE><SEARCHTYPE>NONE</SEARCHTYPE><SEQUENCENAME></SEQUENCENAME><TEXTDIRECTION></TEXTDIRECTION><TITLE>Customer Match</TITLE><USERDEFINED>0</USERDEFINED></MAXATTRIBUTECFG><MAXATTRIBUTECFG><ALIAS>SECTION</ALIAS><ATTRIBUTENAME>SECTION</ATTRIBUTENAME><ATTRIBUTENO>19</ATTRIBUTENO><AUTOKEYNAME></AUTOKEYNAME><CANAUTONUM>0</CANAUTONUM><CHANGED>N</CHANGED><CLASSNAME></CLASSNAME><COLUMNNAME>SECTION</COLUMNNAME><COMPLEXEXPRESSION></COMPLEXEXPRESSION><DEFAULTVALUE></DEFAULTVALUE><DOMAINID></DOMAINID><EAUDITENABLED>0</EAUDITENABLED><ENTITYNAME>LOCATIONSPEC</ENTITYNAME><ESIGENABLED>0</ESIGENABLED><HANDLECOLUMNNAME></HANDLECOLUMNNAME><ISLDOWNER>0</ISLDOWNER><ISPOSITIVE>0</ISPOSITIVE><LENGTH>10</LENGTH><LOCALIZABLE>0</LOCALIZABLE><MAXATTRIBUTEID>6115</MAXATTRIBUTEID><MAXTYPE>UPPER</MAXTYPE><MLINUSE>0</MLINUSE><MLSUPPORTED>0</MLSUPPORTED><MUSTBE>0</MUSTBE><PERSISTENT>1</PERSISTENT><PRIMARYKEYCOLSEQ>3</PRIMARYKEYCOLSEQ><REMARKS>Section for a Group of Attributes</REMARKS><REQUIRED>0</REQUIRED><RESTRICTED>0</RESTRICTED><SAMEASATTRIBUTE>SECTION</SAMEASATTRIBUTE><SAMEASOBJECT>CLASSSPEC</SAMEASOBJECT><SCALE>0</SCALE><SEARCHTYPE>WILDCARD</SEARCHTYPE><SEQUENCENAME></SEQUENCENAME><TEXTDIRECTION></TEXTDIRECTION><TITLE>Section</TITLE><USERDEFINED>0</USERDEFINED></MAXATTRIBUTECFG><MAXATTRIBUTECFG><ALIAS>SITEID</ALIAS><ATTRIBUTENAME>SITEID</ATTRIBUTENAME><ATTRIBUTENO>17</ATTRIBUTENO><AUTOKEYNAME></AUTOKEYNAME><CANAUTONUM>0</CANAUTONUM><CHANGED>N</CHANGED><CLASSNAME>psdi.app.site.FldSiteID</CLASSNAME><COLUMNNAME>SITEID</COLUMNNAME><COMPLEXEXPRESSION></COMPLEXEXPRESSION><DEFAULTVALUE></DEFAULTVALUE><DOMAINID></DOMAINID><EAUDITENABLED>0</EAUDITENABLED><ENTITYNAME>LOCATIONSPEC</ENTITYNAME><ESIGENABLED>0</ESIGENABLED><HANDLECOLUMNNAME></HANDLECOLUMNNAME><ISLDOWNER>0</ISLDOWNER><ISPOSITIVE>0</ISPOSITIVE><LENGTH>8</LENGTH><LOCALIZABLE>0</LOCALIZABLE><MAXATTRIBUTEID>2530</MAXATTRIBUTEID><MAXTYPE>UPPER</MAXTYPE><MLINUSE>0</MLINUSE><MLSUPPORTED>0</MLSUPPORTED><MUSTBE>0</MUSTBE><PERSISTENT>1</PERSISTENT><PRIMARYKEYCOLSEQ>4</PRIMARYKEYCOLSEQ><REMARKS>Site Identifier</REMARKS><REQUIRED>1</REQUIRED><RESTRICTED>0</RESTRICTED><SAMEASATTRIBUTE>SITEID</SAMEASATTRIBUTE><SAMEASOBJECT>SITE</SAMEASOBJECT><SCALE>0</SCALE><SEARCHTYPE>WILDCARD</SEARCHTYPE><SEQUENCENAME></SEQUENCENAME><TEXTDIRECTION></TEXTDIRECTION><TITLE>Site</TITLE><USERDEFINED>0</USERDEFINED></MAXATTRIBUTECFG><MAXATTRIBUTECFG><ALIAS>TABLEVALUE</ALIAS><ATTRIBUTENAME>TABLEVALUE</ATTRIBUTENAME><ATTRIBUTENO>22</ATTRIBUTENO><AUTOKEYNAME></AUTOKEYNAME><CANAUTONUM>0</CANAUTONUM><CHANGED>N</CHANGED><CLASSNAME>psdi.app.assetcatalog.FldSpecificationTableValue</CLASSNAME><COLUMNNAME>TABLEVALUE</COLUMNNAME><COMPLEXEXPRESSION></COMPLEXEXPRESSION><DEFAULTVALUE></DEFAULTVALUE><DOMAINID></DOMAINID><EAUDITENABLED>0</EAUDITENABLED><ENTITYNAME>LOCATIONSPEC</ENTITYNAME><ESIGENABLED>0</ESIGENABLED><HANDLECOLUMNNAME></HANDLECOLUMNNAME><ISLDOWNER>0</ISLDOWNER><ISPOSITIVE>0</ISPOSITIVE><LENGTH>254</LENGTH><LOCALIZABLE>0</LOCALIZABLE><MAXATTRIBUTEID>50683</MAXATTRIBUTEID><MAXTYPE>ALN</MAXTYPE><MLINUSE>0</MLINUSE><MLSUPPORTED>0</MLSUPPORTED><MUSTBE>0</MUSTBE><PERSISTENT>1</PERSISTENT><PRIMARYKEYCOLSEQ xsi:nil="true"></PRIMARYKEYCOLSEQ><REMARKS>The value from the table specified in the DOMAIN where the domaintype and datatype is TABLE.</REMARKS><REQUIRED>0</REQUIRED><RESTRICTED>0</RESTRICTED><SAMEASATTRIBUTE></SAMEASATTRIBUTE><SAMEASOBJECT></SAMEASOBJECT><SCALE>0</SCALE><SEARCHTYPE>WILDCARD</SEARCHTYPE><SEQUENCENAME></SEQUENCENAME><TEXTDIRECTION></TEXTDIRECTION><TITLE>Table Value</TITLE><USERDEFINED>0</USERDEFINED></MAXATTRIBUTECFG><MAXSYSINDEXES><CHANGED>N</CHANGED><CLUSTERRULE>0</CLUSTERRULE><MAXSYSINDEXESID>15434</MAXSYSINDEXESID><NAME>LOCATIONSPEC_NDX</NAME><REQUIRED>1</REQUIRED><STORAGEPARTITION>PRIMARY</STORAGEPARTITION><TBNAME>LOCATIONSPEC</TBNAME><TEXTSEARCH>0</TEXTSEARCH><UNIQUEIDINDEX>1</UNIQUEIDINDEX><UNIQUERULE>U</UNIQUERULE><MAXSYSKEYS><CHANGED>N</CHANGED><COLNAME>LOCATIONSPECID</COLNAME><COLSEQ>1</COLSEQ><IXNAME>LOCATIONSPEC_NDX</IXNAME><MAXSYSKEYSID>20440</MAXSYSKEYSID><ORDERING>A</ORDERING></MAXSYSKEYS></MAXSYSINDEXES><MAXSYSINDEXES><CHANGED>N</CHANGED><CLUSTERRULE>1</CLUSTERRULE><MAXSYSINDEXESID>35501</MAXSYSINDEXESID><NAME>LOCATIONSPEC_NDX1</NAME><REQUIRED>0</REQUIRED><STORAGEPARTITION>PRIMARY</STORAGEPARTITION><TBNAME>LOCATIONSPEC</TBNAME><TEXTSEARCH>0</TEXTSEARCH><UNIQUEIDINDEX>0</UNIQUEIDINDEX><UNIQUERULE>U</UNIQUERULE><MAXSYSKEYS><CHANGED>N</CHANGED><COLNAME>ASSETATTRID</COLNAME><COLSEQ>2</COLSEQ><IXNAME>LOCATIONSPEC_NDX1</IXNAME><MAXSYSKEYSID>41993</MAXSYSKEYSID><ORDERING>A</ORDERING></MAXSYSKEYS><MAXSYSKEYS><CHANGED>N</CHANGED><COLNAME>LOCATION</COLNAME><COLSEQ>1</COLSEQ><IXNAME>LOCATIONSPEC_NDX1</IXNAME><MAXSYSKEYSID>41992</MAXSYSKEYSID><ORDERING>A</ORDERING></MAXSYSKEYS><MAXSYSKEYS><CHANGED>N</CHANGED><COLNAME>SECTION</COLNAME><COLSEQ>3</COLSEQ><IXNAME>LOCATIONSPEC_NDX1</IXNAME><MAXSYSKEYSID>41995</MAXSYSKEYSID><ORDERING>A</ORDERING></MAXSYSKEYS><MAXSYSKEYS><CHANGED>N</CHANGED><COLNAME>SITEID</COLNAME><COLSEQ>4</COLSEQ><IXNAME>LOCATIONSPEC_NDX1</IXNAME><MAXSYSKEYSID>41994</MAXSYSKEYSID><ORDERING>A</ORDERING></MAXSYSKEYS></MAXSYSINDEXES><MAXSYSINDEXES><CHANGED>N</CHANGED><CLUSTERRULE>0</CLUSTERRULE><MAXSYSINDEXESID>16556</MAXSYSINDEXESID><NAME>LOCATIONSPEC_NDX2</NAME><REQUIRED>0</REQUIRED><STORAGEPARTITION>PRIMARY</STORAGEPARTITION><TBNAME>LOCATIONSPEC</TBNAME><TEXTSEARCH>0</TEXTSEARCH><UNIQUEIDINDEX>0</UNIQUEIDINDEX><UNIQUERULE>D</UNIQUERULE><MAXSYSKEYS><CHANGED>N</CHANGED><COLNAME>ASSETATTRID</COLNAME><COLSEQ>2</COLSEQ><IXNAME>LOCATIONSPEC_NDX2</IXNAME><MAXSYSKEYSID>20446</MAXSYSKEYSID><ORDERING>A</ORDERING></MAXSYSKEYS><MAXSYSKEYS><CHANGED>N</CHANGED><COLNAME>CLASSSTRUCTUREID</COLNAME><COLSEQ>1</COLSEQ><IXNAME>LOCATIONSPEC_NDX2</IXNAME><MAXSYSKEYSID>20445</MAXSYSKEYSID><ORDERING>A</ORDERING></MAXSYSKEYS><MAXSYSKEYS><CHANGED>N</CHANGED><COLNAME>SECTION</COLNAME><COLSEQ>3</COLSEQ><IXNAME>LOCATIONSPEC_NDX2</IXNAME><MAXSYSKEYSID>20447</MAXSYSKEYSID><ORDERING>A</ORDERING></MAXSYSKEYS><MAXSYSKEYS><CHANGED>N</CHANGED><COLNAME>SITEID</COLNAME><COLSEQ>4</COLSEQ><IXNAME>LOCATIONSPEC_NDX2</IXNAME><MAXSYSKEYSID>20448</MAXSYSKEYSID><ORDERING>A</ORDERING></MAXSYSKEYS></MAXSYSINDEXES><MAXSYSINDEXES><CHANGED>N</CHANGED><CLUSTERRULE>0</CLUSTERRULE><MAXSYSINDEXESID>16557</MAXSYSINDEXESID><NAME>LOCATIONSPEC_NDX3</NAME><REQUIRED>0</REQUIRED><STORAGEPARTITION>PRIMARY</STORAGEPARTITION><TBNAME>LOCATIONSPEC</TBNAME><TEXTSEARCH>0</TEXTSEARCH><UNIQUEIDINDEX>0</UNIQUEIDINDEX><UNIQUERULE>D</UNIQUERULE><MAXSYSKEYS><CHANGED>N</CHANGED><COLNAME>ASSETATTRID</COLNAME><COLSEQ>1</COLSEQ><IXNAME>LOCATIONSPEC_NDX3</IXNAME><MAXSYSKEYSID>20449</MAXSYSKEYSID><ORDERING>A</ORDERING></MAXSYSKEYS><MAXSYSKEYS><CHANGED>N</CHANGED><COLNAME>SECTION</COLNAME><COLSEQ>2</COLSEQ><IXNAME>LOCATIONSPEC_NDX3</IXNAME><MAXSYSKEYSID>20450</MAXSYSKEYSID><ORDERING>A</ORDERING></MAXSYSKEYS><MAXSYSKEYS><CHANGED>N</CHANGED><COLNAME>SITEID</COLNAME><COLSEQ>3</COLSEQ><IXNAME>LOCATIONSPEC_NDX3</IXNAME><MAXSYSKEYSID>20451</MAXSYSKEYSID><ORDERING>A</ORDERING></MAXSYSKEYS></MAXSYSINDEXES></MAXOBJECTCFG></DMMAXOBJECTCFGSet></SyncDMMAXOBJECTCFG>