<?xml version="1.0" encoding="UTF-8"?><SyncDMPACKAGEDEF xmlns="http://www.ibm.com/maximo" xmlns:xsi="http://www.w3.org/2001/XMLSchema-instance" creationDateTime="2014-09-15T15:41:31+01:00" transLanguage="EN" baseLanguage="EN" messageID="1410792091167332596" maximoVersion="7 5 20130829-1209 V7510--1"><DMPACKAGEDEFSet><DMPACKAGEDEF><ACTIVE>0</ACTIVE><BATCHSIZE>100</BATCHSIZE><CHANGEBY>TIMMINSA</CHANGEBY><CHANGEDATE>2014-09-15T15:18:03+01:00</CHANGEDATE><CONTENTID>6fc498fe-643f-4a5f-b53c-12ca4afd418e</CONTENTID><DESCRIPTION>Database Config</DESCRIPTION><DESCRIPTION_LONGDESCRIPTION></DESCRIPTION_LONGDESCRIPTION><DMPACKAGEDEFID>1008</DMPACKAGEDEFID><DMROLE></DMROLE><HASLD>0</HASLD><LANGCODE>EN</LANGCODE><PKGDEFNAME>BBC_DATACONF</PKGDEFNAME><SOURCE>BBC-SQL-D01_BBCMAXSIT_dbo</SOURCE><STATUS maxvalue="APPR">APPR</STATUS><STATUSDATE>2014-09-15T15:18:20+01:00</STATUSDATE><TYPE maxvalue="SNAPSHOT">SNAPSHOT</TYPE><XMLACTION maxvalue="ADDCHANGE">AddChange</XMLACTION><DMPKGDEFSTATUS><CHANGEBY>TIMMINSA</CHANGEBY><CONTENTID>88ae0851-f799-4a81-a505-1a2d1dd23795</CONTENTID><DMPKGDEFSTATUSID>1010</DMPKGDEFSTATUSID><MEMO></MEMO><STATUS maxvalue="WAPPR">WAPPR</STATUS><STATUSDATE>2014-08-28T11:34:00+01:00</STATUSDATE></DMPKGDEFSTATUS><DMPKGDEFSTATUS><CHANGEBY>TIMMINSA</CHANGEBY><CONTENTID>51959e1d-0a33-4da4-8993-d41328e08a34</CONTENTID><DMPKGDEFSTATUSID>1011</DMPKGDEFSTATUSID><MEMO></MEMO><STATUS maxvalue="APPR">APPR</STATUS><STATUSDATE>2014-09-15T15:18:00+01:00</STATUSDATE></DMPKGDEFSTATUS><DMPKGCFGGRPDEF><CFGOBJGROUP>BBC_DATACONF</CFGOBJGROUP><CONTENTID>9ea8a701-11e8-45da-84b8-20f503695b60</CONTENTID><DMPKGCFGGRPDEFID>1107</DMPKGCFGGRPDEFID><DMPKGCFGOBJDEF><CFGOBJECT>DMMAXOBJECTCFG</CFGOBJECT><CONTENTID>efee3a19-93e6-4afb-948a-1f3a886a3537</CONTENTID><DMPKGCFGOBJDEFID>1003</DMPKGCFGOBJDEFID><WHERECLAUSE>objectname = 'LOCATIONSPEC'</WHERECLAUSE></DMPKGCFGOBJDEF></DMPKGCFGGRPDEF><DMPKGDIST><CHANGEBY>TIMMINSA</CHANGEBY><CHANGEDATE>2014-09-15T15:19:33+01:00</CHANGEDATE><CONTENTID>d25af612-ec9c-4acc-aba3-ee3645cb3185</CONTENTID><DMPKGDISTID>903</DMPKGDISTID><TARGETNAME>IRVMMFOLDER</TARGETNAME></DMPKGDIST></DMPACKAGEDEF></DMPACKAGEDEFSet></SyncDMPACKAGEDEF>