<?xml version="1.0" encoding="UTF-8"?><SyncDMACTION xmlns="http://www.ibm.com/maximo" xmlns:xsi="http://www.w3.org/2001/XMLSchema-instance" creationDateTime="2014-10-18T15:18:38+01:00" transLanguage="EN" baseLanguage="EN" messageID="1413641918614109637" maximoVersion="7 5 20130829-1209 V7510--1"><DMACTIONSet><ACTION action="AddChange"><ACTION>1152</ACTION><ACTIONID>6078</ACTIONID><DESCRIPTION></DESCRIPTION><DESCRIPTION_LONGDESCRIPTION></DESCRIPTION_LONGDESCRIPTION><DISPVALUE></DISPVALUE><HASLD>0</HASLD><LANGCODE>EN</LANGCODE><MEMO></MEMO><OBJECTNAME>SR</OBJECTNAME><PARAMETER></PARAMETER><SENDERSYSID>MX</SENDERSYSID><TYPE maxvalue="GROUP">GROUP</TYPE><USEWITH maxvalue="ESCALATION">ESCALATION</USEWITH><VALUE></VALUE><VALUE2></VALUE2></ACTION></DMACTIONSet></SyncDMACTION>