<?xml version="1.0" encoding="UTF-8"?><SyncDMPACKAGEDEF xmlns="http://www.ibm.com/maximo" xmlns:xsi="http://www.w3.org/2001/XMLSchema-instance" creationDateTime="2014-10-18T15:18:40+01:00" transLanguage="EN" baseLanguage="EN" messageID="1413641920114930380" maximoVersion="7 5 20130829-1209 V7510--1"><DMPACKAGEDEFSet><DMPACKAGEDEF><ACTIVE>0</ACTIVE><BATCHSIZE>100</BATCHSIZE><CHANGEBY>TIMMINSA</CHANGEBY><CHANGEDATE>2014-10-18T15:11:38+01:00</CHANGEDATE><CONTENTID>6cb5e1cd-9e9d-44f2-b09d-eab0c8aa2862</CONTENTID><DESCRIPTION>Escalation</DESCRIPTION><DESCRIPTION_LONGDESCRIPTION></DESCRIPTION_LONGDESCRIPTION><DMPACKAGEDEFID>1507</DMPACKAGEDEFID><DMROLE></DMROLE><HASLD>0</HASLD><LANGCODE>EN</LANGCODE><PKGDEFNAME>BBC_ESC</PKGDEFNAME><SOURCE>BBC-SQL-D01_BBCMAXSIT_dbo</SOURCE><STATUS maxvalue="APPR">APPR</STATUS><STATUSDATE>2014-10-18T15:14:00+01:00</STATUSDATE><TYPE maxvalue="SNAPSHOT">SNAPSHOT</TYPE><XMLACTION maxvalue="ADDCHANGE">AddChange</XMLACTION><DMPKGDEFSTATUS><CHANGEBY>TIMMINSA</CHANGEBY><CONTENTID>08c5773b-4405-441b-87e6-d3f62db79778</CONTENTID><DMPKGDEFSTATUSID>1508</DMPKGDEFSTATUSID><MEMO></MEMO><STATUS maxvalue="WAPPR">WAPPR</STATUS><STATUSDATE>2014-07-08T13:35:00+01:00</STATUSDATE></DMPKGDEFSTATUS><DMPKGDEFSTATUS><CHANGEBY>TIMMINSA</CHANGEBY><CONTENTID>861d0470-6b0b-4473-bbb1-675e6779a857</CONTENTID><DMPKGDEFSTATUSID>1509</DMPKGDEFSTATUSID><MEMO></MEMO><STATUS maxvalue="APPR">APPR</STATUS><STATUSDATE>2014-10-18T15:14:00+01:00</STATUSDATE></DMPKGDEFSTATUS><DMPKGCFGGRPDEF><CFGOBJGROUP>DMESCALATION</CFGOBJGROUP><CONTENTID>30a7468a-8326-4ff9-97b4-40077fafc0d5</CONTENTID><DMPKGCFGGRPDEFID>1606</DMPKGCFGGRPDEFID><DMPKGCFGOBJDEF><CFGOBJECT>DMESCALATION</CFGOBJECT><CONTENTID>2fbb2f34-b08b-470f-b6e5-3a1a7d1a16eb</CONTENTID><DMPKGCFGOBJDEFID>1504</DMPKGCFGOBJDEFID><WHERECLAUSE>escalation in ('IRVSRRES','IRVSRRESNOT')</WHERECLAUSE></DMPKGCFGOBJDEF><DMPKGCFGOBJDEF><CFGOBJECT>DMCRONTASKDEF</CFGOBJECT><CONTENTID>43dc2e4a-bf37-4937-8a7a-156fcd71b965</CONTENTID><DMPKGCFGOBJDEFID>1505</DMPKGCFGOBJDEFID><WHERECLAUSE>crontaskname = 'ESCALATION'</WHERECLAUSE></DMPKGCFGOBJDEF><DMPKGCFGOBJDEF><CFGOBJECT>DMACTION</CFGOBJECT><CONTENTID>cbbaeb24-c596-4c57-bb76-e1b5a280cb04</CONTENTID><DMPKGCFGOBJDEFID>1506</DMPKGCFGOBJDEFID><WHERECLAUSE>action  = '1152'</WHERECLAUSE></DMPKGCFGOBJDEF></DMPKGCFGGRPDEF><DMPKGDIST><CHANGEBY>TIMMINSA</CHANGEBY><CHANGEDATE>2014-10-18T15:15:04+01:00</CHANGEDATE><CONTENTID>14bc3c50-3497-4109-b3cb-2f6e69b24061</CONTENTID><DMPKGDISTID>1405</DMPKGDISTID><TARGETNAME>BBC_DEP</TARGETNAME></DMPKGDIST><DMPKGDIST><CHANGEBY>TIMMINSA</CHANGEBY><CHANGEDATE>2014-10-18T15:15:04+01:00</CHANGEDATE><CONTENTID>74866937-a0b2-4e5f-b91b-ffd686768e5e</CONTENTID><DMPKGDISTID>1404</DMPKGDISTID><TARGETNAME>IRVMMFOLDER</TARGETNAME></DMPKGDIST></DMPACKAGEDEF></DMPACKAGEDEFSet></SyncDMPACKAGEDEF>