<?xml version="1.0" encoding="UTF-8"?><SyncDMACTION xmlns="http://www.ibm.com/maximo" xmlns:xsi="http://www.w3.org/2001/XMLSchema-instance" creationDateTime="2014-08-28T09:43:16+01:00" transLanguage="EN" baseLanguage="EN" messageID="1409215396014184659" maximoVersion="7 5 20130829-1209 V7510--1"><DMACTIONSet><ACTION action="AddChange"><ACTION>CREATERETURNWO</ACTION><ACTIONID>5378</ACTIONID><DESCRIPTION>Create Return Work Order</DESCRIPTION><DESCRIPTION_LONGDESCRIPTION></DESCRIPTION_LONGDESCRIPTION><DISPVALUE>com.ibm.tivoli.maximo.script.ScriptAction</DISPVALUE><HASLD>0</HASLD><LANGCODE>EN</LANGCODE><MEMO></MEMO><OBJECTNAME>WORKORDER</OBJECTNAME><PARAMETER>CREATERETURNWO,CREATERETURNWO,CREATERETURNWO</PARAMETER><SENDERSYSID>MX</SENDERSYSID><TYPE maxvalue="CUSTOM">CUSTOM</TYPE><USEWITH maxvalue="ALL">ALL</USEWITH><VALUE>com.ibm.tivoli.maximo.script.ScriptAction</VALUE><VALUE2></VALUE2></ACTION><ACTION action="AddChange"><ACTION>IRVCREATEWO</ACTION><ACTIONID>1880</ACTIONID><DESCRIPTION>Create new workorder</DESCRIPTION><DESCRIPTION_LONGDESCRIPTION></DESCRIPTION_LONGDESCRIPTION><DISPVALUE>CREATEWO</DISPVALUE><HASLD>0</HASLD><LANGCODE>EN</LANGCODE><MEMO></MEMO><OBJECTNAME>WORKORDER</OBJECTNAME><PARAMETER></PARAMETER><SENDERSYSID>MX</SENDERSYSID><TYPE maxvalue="APPACTION">APPACTION</TYPE><USEWITH maxvalue="ALL">ALL</USEWITH><VALUE></VALUE><VALUE2>CREATEWO</VALUE2></ACTION><ACTION action="AddChange"><ACTION>IRVDUPWO</ACTION><ACTIONID>2195</ACTIONID><DESCRIPTION>Create duplicate WO from work order workflow</DESCRIPTION><DESCRIPTION_LONGDESCRIPTION></DESCRIPTION_LONGDESCRIPTION><DISPVALUE>com.ibm.tivoli.maximo.script.ScriptAction</DISPVALUE><HASLD>0</HASLD><LANGCODE>EN</LANGCODE><MEMO></MEMO><OBJECTNAME>WORKORDER</OBJECTNAME><PARAMETER>IRVDUPWO,IRVDUPWO,IRVDUPWO</PARAMETER><SENDERSYSID>MX</SENDERSYSID><TYPE maxvalue="CUSTOM">CUSTOM</TYPE><USEWITH maxvalue="ALL">ALL</USEWITH><VALUE>com.ibm.tivoli.maximo.script.ScriptAction</VALUE><VALUE2></VALUE2></ACTION><ACTION action="AddChange"><ACTION>IRVESTREQOGBBCPROC</ACTION><ACTIONID>1788</ACTIONID><DESCRIPTION>Sets wo status to ESTREQ and sets owner group to BBCPROC</DESCRIPTION><DESCRIPTION_LONGDESCRIPTION></DESCRIPTION_LONGDESCRIPTION><DISPVALUE></DISPVALUE><HASLD>0</HASLD><LANGCODE>EN</LANGCODE><MEMO></MEMO><OBJECTNAME>WORKORDER</OBJECTNAME><PARAMETER></PARAMETER><SENDERSYSID>MX</SENDERSYSID><TYPE maxvalue="GROUP">GROUP</TYPE><USEWITH maxvalue="ALL">ALL</USEWITH><VALUE></VALUE><VALUE2></VALUE2></ACTION><ACTION action="AddChange"><ACTION>IRVGENLABTRANS</ACTION><ACTIONID>1975</ACTIONID><DESCRIPTION>On work completion generate the labour transaction records</DESCRIPTION><DESCRIPTION_LONGDESCRIPTION></DESCRIPTION_LONGDESCRIPTION><DISPVALUE>com.ibm.tivoli.maximo.script.ScriptAction</DISPVALUE><HASLD>0</HASLD><LANGCODE>EN</LANGCODE><MEMO></MEMO><OBJECTNAME>WORKORDER</OBJECTNAME><PARAMETER>IRVGENLABTRANS,IRVGENLABTRANS,IRVGENLABTRANS</PARAMETER><SENDERSYSID>MX</SENDERSYSID><TYPE maxvalue="CUSTOM">CUSTOM</TYPE><USEWITH maxvalue="ALL">ALL</USEWITH><VALUE>com.ibm.tivoli.maximo.script.ScriptAction</VALUE><VALUE2></VALUE2></ACTION><ACTION action="AddChange"><ACTION>IRVWOACTFINCOMP</ACTION><ACTIONID>2187</ACTIONID><DESCRIPTION>Set actual finish and status to COMP</DESCRIPTION><DESCRIPTION_LONGDESCRIPTION></DESCRIPTION_LONGDESCRIPTION><DISPVALUE></DISPVALUE><HASLD>0</HASLD><LANGCODE>EN</LANGCODE><MEMO></MEMO><OBJECTNAME>WORKORDER</OBJECTNAME><PARAMETER></PARAMETER><SENDERSYSID>MX</SENDERSYSID><TYPE maxvalue="GROUP">GROUP</TYPE><USEWITH maxvalue="ALL">ALL</USEWITH><VALUE></VALUE><VALUE2></VALUE2></ACTION><ACTION action="AddChange"><ACTION>IRVWOCOMP</ACTION><ACTIONID>2188</ACTIONID><DESCRIPTION>Sets work order status to COMP</DESCRIPTION><DESCRIPTION_LONGDESCRIPTION></DESCRIPTION_LONGDESCRIPTION><DISPVALUE>COMP</DISPVALUE><HASLD>0</HASLD><LANGCODE>EN</LANGCODE><MEMO></MEMO><OBJECTNAME>WORKORDER</OBJECTNAME><PARAMETER></PARAMETER><SENDERSYSID>MX</SENDERSYSID><TYPE maxvalue="CHANGESTATUS">CHANGESTATUS</TYPE><USEWITH maxvalue="ALL">ALL</USEWITH><VALUE></VALUE><VALUE2>COMP</VALUE2></ACTION><ACTION action="AddChange"><ACTION>IRVWODELASSIGN2</ACTION><ACTIONID>1882</ACTIONID><DESCRIPTION></DESCRIPTION><DESCRIPTION_LONGDESCRIPTION></DESCRIPTION_LONGDESCRIPTION><DISPVALUE>com.ibm.tivoli.maximo.script.ScriptAction</DISPVALUE><HASLD>0</HASLD><LANGCODE>EN</LANGCODE><MEMO></MEMO><OBJECTNAME>WORKORDER</OBJECTNAME><PARAMETER>IRVWODELASSIGN2</PARAMETER><SENDERSYSID>MX</SENDERSYSID><TYPE maxvalue="CUSTOM">CUSTOM</TYPE><USEWITH maxvalue="ALL">ALL</USEWITH><VALUE>com.ibm.tivoli.maximo.script.ScriptAction</VALUE><VALUE2></VALUE2></ACTION><ACTION action="AddChange"><ACTION>IRVWODELASSIGNNSCSD</ACTION><ACTIONID>2180</ACTIONID><DESCRIPTION>removes assignment and set ownergroup to NSCSD</DESCRIPTION><DESCRIPTION_LONGDESCRIPTION></DESCRIPTION_LONGDESCRIPTION><DISPVALUE>com.ibm.tivoli.maximo.script.ScriptAction</DISPVALUE><HASLD>0</HASLD><LANGCODE>EN</LANGCODE><MEMO></MEMO><OBJECTNAME>WORKORDER</OBJECTNAME><PARAMETER>IRVWODELASSIGNNSCSD</PARAMETER><SENDERSYSID>MX</SENDERSYSID><TYPE maxvalue="CUSTOM">CUSTOM</TYPE><USEWITH maxvalue="ALL">ALL</USEWITH><VALUE>com.ibm.tivoli.maximo.script.ScriptAction</VALUE><VALUE2></VALUE2></ACTION><ACTION action="AddChange"><ACTION>IRVWONEWACT</ACTION><ACTIONID>2193</ACTIONID><DESCRIPTION>New activity from workorder workflow</DESCRIPTION><DESCRIPTION_LONGDESCRIPTION></DESCRIPTION_LONGDESCRIPTION><DISPVALUE>com.ibm.tivoli.maximo.script.ScriptAction</DISPVALUE><HASLD>0</HASLD><LANGCODE>EN</LANGCODE><MEMO></MEMO><OBJECTNAME>WORKORDER</OBJECTNAME><PARAMETER>IRVNEWACTIVITY</PARAMETER><SENDERSYSID>MX</SENDERSYSID><TYPE maxvalue="CUSTOM">CUSTOM</TYPE><USEWITH maxvalue="ALL">ALL</USEWITH><VALUE>com.ibm.tivoli.maximo.script.ScriptAction</VALUE><VALUE2></VALUE2></ACTION></DMACTIONSet></SyncDMACTION>