<?xml version="1.0" encoding="UTF-8"?><SyncDMREPORT xmlns="http://www.ibm.com/maximo" xmlns:xsi="http://www.w3.org/2001/XMLSchema-instance" creationDateTime="2014-09-18T14:16:31+01:00" transLanguage="EN" baseLanguage="EN" messageID="1411046190912203382" maximoVersion="7 5 20130829-1209 V7510--1"><DMREPORTSet><REPORT><APPNAME>PLUSPWO</APPNAME><ATTACHEDDOC>0</ATTACHEDDOC><BASETABLENAME>WORKORDER</BASETABLENAME><DESCRIPTION>PPM Work Order Analysis</DESCRIPTION><DESTINATIONFOLDER></DESTINATIONFOLDER><DETAIL>0</DETAIL><DISPLAYORDER xsi:nil="true"></DISPLAYORDER><DP>0</DP><DPLOC maxvalue="NONE">NONE</DPLOC><EDITENABLED>0</EDITENABLED><EXCLUDEDYNAMICWHERE>0</EXCLUDEDYNAMICWHERE><LANGCODE>EN</LANGCODE><LASTRUNBY>SHAHREZA</LASTRUNBY><LASTRUNDATE>2014-09-18T10:00:57+01:00</LASTRUNDATE><LASTRUNDURATION>0:00:20</LASTRUNDURATION><NOREQUESTPAGE>0</NOREQUESTPAGE><PACKAGE></PACKAGE><PACKAGELOC></PACKAGELOC><PAD>0</PAD><PADLOC maxvalue="NONE">NONE</PADLOC><PRIORITY xsi:nil="true"></PRIORITY><QL>0</QL><QLLOC maxvalue="NONE">NONE</QLLOC><RECORDLIMIT xsi:nil="true"></RECORDLIMIT><REPORTFOLDER>PLUSPWO</REPORTFOLDER><REPORTID>3280</REPORTID><REPORTNAME>irvppmwoanalysis.rptdesign</REPORTNAME><REPORTNUM>1308</REPORTNUM><RUNTYPE maxvalue="BIRT">BIRT</RUNTYPE><SCHEDULEONLY>0</SCHEDULEONLY><TOOLBARICON maxvalue="NONE">NONE</TOOLBARICON><TOOLBARLOCATION maxvalue="NONE">NONE</TOOLBARLOCATION><TOOLBARSEQUENCE xsi:nil="true"></TOOLBARSEQUENCE><USERID></USERID><USEWHEREWITHPARAM>1</USEWHEREWITHPARAM><REPORTLOOKUP><ATTRIBUTENAME>assetnum</ATTRIBUTENAME><DEFAULTVALUE></DEFAULTVALUE><HIDDEN>0</HIDDEN><LABELOVERRIDE>Asset Number</LABELOVERRIDE><LOOKUPNAME>pluspasset</LOOKUPNAME><MULTILOOKUP>1</MULTILOOKUP><OPERATOR></OPERATOR><PARAMETERNAME>assetnum</PARAMETERNAME><REPORTLOOKUPID>1559</REPORTLOOKUPID><REPORTNUM>1308</REPORTNUM><REQUIRED>0</REQUIRED><SEQUENCE>5</SEQUENCE></REPORTLOOKUP><REPORTLOOKUP><ATTRIBUTENAME></ATTRIBUTENAME><DEFAULTVALUE></DEFAULTVALUE><HIDDEN>0</HIDDEN><LABELOVERRIDE>Finish Date/ Time</LABELOVERRIDE><LOOKUPNAME>datelookup</LOOKUPNAME><MULTILOOKUP>0</MULTILOOKUP><OPERATOR></OPERATOR><PARAMETERNAME>enddate</PARAMETERNAME><REPORTLOOKUPID>1552</REPORTLOOKUPID><REPORTNUM>1308</REPORTNUM><REQUIRED>0</REQUIRED><SEQUENCE>2</SEQUENCE></REPORTLOOKUP><REPORTLOOKUP><ATTRIBUTENAME>failurecode</ATTRIBUTENAME><DEFAULTVALUE></DEFAULTVALUE><HIDDEN>0</HIDDEN><LABELOVERRIDE>Failure Class</LABELOVERRIDE><LOOKUPNAME>failurecode</LOOKUPNAME><MULTILOOKUP>0</MULTILOOKUP><OPERATOR></OPERATOR><PARAMETERNAME>failurecode</PARAMETERNAME><REPORTLOOKUPID>1560</REPORTLOOKUPID><REPORTNUM>1308</REPORTNUM><REQUIRED>0</REQUIRED><SEQUENCE>10</SEQUENCE></REPORTLOOKUP><REPORTLOOKUP><ATTRIBUTENAME>pm.frequency</ATTRIBUTENAME><DEFAULTVALUE></DEFAULTVALUE><HIDDEN>0</HIDDEN><LABELOVERRIDE>Frequency</LABELOVERRIDE><LOOKUPNAME></LOOKUPNAME><MULTILOOKUP>1</MULTILOOKUP><OPERATOR></OPERATOR><PARAMETERNAME>frequency</PARAMETERNAME><REPORTLOOKUPID>1562</REPORTLOOKUPID><REPORTNUM>1308</REPORTNUM><REQUIRED>0</REQUIRED><SEQUENCE>8</SEQUENCE></REPORTLOOKUP><REPORTLOOKUP><ATTRIBUTENAME>pm.frequnit</ATTRIBUTENAME><DEFAULTVALUE></DEFAULTVALUE><HIDDEN>0</HIDDEN><LABELOVERRIDE>Frequency Units</LABELOVERRIDE><LOOKUPNAME>valuelist</LOOKUPNAME><MULTILOOKUP>1</MULTILOOKUP><OPERATOR></OPERATOR><PARAMETERNAME>frequnit</PARAMETERNAME><REPORTLOOKUPID>1561</REPORTLOOKUPID><REPORTNUM>1308</REPORTNUM><REQUIRED>0</REQUIRED><SEQUENCE>7</SEQUENCE></REPORTLOOKUP><REPORTLOOKUP><ATTRIBUTENAME>irv_checstatus</ATTRIBUTENAME><DEFAULTVALUE></DEFAULTVALUE><HIDDEN>0</HIDDEN><LABELOVERRIDE>Statutory Documentation</LABELOVERRIDE><LOOKUPNAME>valuelist</LOOKUPNAME><MULTILOOKUP>1</MULTILOOKUP><OPERATOR></OPERATOR><PARAMETERNAME>irv_checstatus</PARAMETERNAME><REPORTLOOKUPID>1550</REPORTLOOKUPID><REPORTNUM>1308</REPORTNUM><REQUIRED>0</REQUIRED><SEQUENCE>16</SEQUENCE></REPORTLOOKUP><REPORTLOOKUP><ATTRIBUTENAME>irv_servprio</ATTRIBUTENAME><DEFAULTVALUE></DEFAULTVALUE><HIDDEN>0</HIDDEN><LABELOVERRIDE>PMWO Criticality</LABELOVERRIDE><LOOKUPNAME>valuelist</LOOKUPNAME><MULTILOOKUP>1</MULTILOOKUP><OPERATOR></OPERATOR><PARAMETERNAME>irv_servprio</PARAMETERNAME><REPORTLOOKUPID>1555</REPORTLOOKUPID><REPORTNUM>1308</REPORTNUM><REQUIRED>0</REQUIRED><SEQUENCE>9</SEQUENCE></REPORTLOOKUP><REPORTLOOKUP><ATTRIBUTENAME>jpnum</ATTRIBUTENAME><DEFAULTVALUE></DEFAULTVALUE><HIDDEN>0</HIDDEN><LABELOVERRIDE>Job Plan</LABELOVERRIDE><LOOKUPNAME>jobplan</LOOKUPNAME><MULTILOOKUP>1</MULTILOOKUP><OPERATOR></OPERATOR><PARAMETERNAME>jpnum</PARAMETERNAME><REPORTLOOKUPID>1548</REPORTLOOKUPID><REPORTNUM>1308</REPORTNUM><REQUIRED>0</REQUIRED><SEQUENCE>14</SEQUENCE></REPORTLOOKUP><REPORTLOOKUP><ATTRIBUTENAME>location.locancestor.ancestor</ATTRIBUTENAME><DEFAULTVALUE></DEFAULTVALUE><HIDDEN>0</HIDDEN><LABELOVERRIDE>Search Location Hierarchy</LABELOVERRIDE><LOOKUPNAME>irvplusplocations</LOOKUPNAME><MULTILOOKUP>1</MULTILOOKUP><OPERATOR></OPERATOR><PARAMETERNAME>location</PARAMETERNAME><REPORTLOOKUPID>1558</REPORTLOOKUPID><REPORTNUM>1308</REPORTNUM><REQUIRED>0</REQUIRED><SEQUENCE>4</SEQUENCE></REPORTLOOKUP><REPORTLOOKUP><ATTRIBUTENAME>location.IRV_CUSTPRIORITY</ATTRIBUTENAME><DEFAULTVALUE></DEFAULTVALUE><HIDDEN>0</HIDDEN><LABELOVERRIDE>Location Criticallity</LABELOVERRIDE><LOOKUPNAME>valuelist</LOOKUPNAME><MULTILOOKUP>1</MULTILOOKUP><OPERATOR></OPERATOR><PARAMETERNAME>loccrit</PARAMETERNAME><REPORTLOOKUPID>1647</REPORTLOOKUPID><REPORTNUM>1308</REPORTNUM><REQUIRED>0</REQUIRED><SEQUENCE>12</SEQUENCE></REPORTLOOKUP><REPORTLOOKUP><ATTRIBUTENAME></ATTRIBUTENAME><DEFAULTVALUE></DEFAULTVALUE><HIDDEN>0</HIDDEN><LABELOVERRIDE>Overdue</LABELOVERRIDE><LOOKUPNAME></LOOKUPNAME><MULTILOOKUP>0</MULTILOOKUP><OPERATOR></OPERATOR><PARAMETERNAME>overdue</PARAMETERNAME><REPORTLOOKUPID>1549</REPORTLOOKUPID><REPORTNUM>1308</REPORTNUM><REQUIRED>0</REQUIRED><SEQUENCE>15</SEQUENCE></REPORTLOOKUP><REPORTLOOKUP><ATTRIBUTENAME>problemcode</ATTRIBUTENAME><DEFAULTVALUE></DEFAULTVALUE><HIDDEN>0</HIDDEN><LABELOVERRIDE>Failure Code</LABELOVERRIDE><LOOKUPNAME>failurecode</LOOKUPNAME><MULTILOOKUP>0</MULTILOOKUP><OPERATOR></OPERATOR><PARAMETERNAME>problemcode</PARAMETERNAME><REPORTLOOKUPID>1554</REPORTLOOKUPID><REPORTNUM>1308</REPORTNUM><REQUIRED>0</REQUIRED><SEQUENCE>11</SEQUENCE></REPORTLOOKUP><REPORTLOOKUP><ATTRIBUTENAME>irvregspec.alnvalue</ATTRIBUTENAME><DEFAULTVALUE></DEFAULTVALUE><HIDDEN>0</HIDDEN><LABELOVERRIDE>Region</LABELOVERRIDE><LOOKUPNAME>valuelist</LOOKUPNAME><MULTILOOKUP>1</MULTILOOKUP><OPERATOR></OPERATOR><PARAMETERNAME>region</PARAMETERNAME><REPORTLOOKUPID>1646</REPORTLOOKUPID><REPORTNUM>1308</REPORTNUM><REQUIRED>0</REQUIRED><SEQUENCE>3</SEQUENCE></REPORTLOOKUP><REPORTLOOKUP><ATTRIBUTENAME></ATTRIBUTENAME><DEFAULTVALUE></DEFAULTVALUE><HIDDEN>0</HIDDEN><LABELOVERRIDE>Start Date/ Time</LABELOVERRIDE><LOOKUPNAME>datelookup</LOOKUPNAME><MULTILOOKUP>0</MULTILOOKUP><OPERATOR></OPERATOR><PARAMETERNAME>startdate</PARAMETERNAME><REPORTLOOKUPID>1556</REPORTLOOKUPID><REPORTNUM>1308</REPORTNUM><REQUIRED>0</REQUIRED><SEQUENCE>1</SEQUENCE></REPORTLOOKUP><REPORTLOOKUP><ATTRIBUTENAME>status</ATTRIBUTENAME><DEFAULTVALUE></DEFAULTVALUE><HIDDEN>0</HIDDEN><LABELOVERRIDE>Status</LABELOVERRIDE><LOOKUPNAME>valuelist</LOOKUPNAME><MULTILOOKUP>1</MULTILOOKUP><OPERATOR></OPERATOR><PARAMETERNAME>status</PARAMETERNAME><REPORTLOOKUPID>1557</REPORTLOOKUPID><REPORTNUM>1308</REPORTNUM><REQUIRED>0</REQUIRED><SEQUENCE>17</SEQUENCE></REPORTLOOKUP><REPORTLOOKUP><ATTRIBUTENAME>vendor</ATTRIBUTENAME><DEFAULTVALUE></DEFAULTVALUE><HIDDEN>0</HIDDEN><LABELOVERRIDE>Vendor</LABELOVERRIDE><LOOKUPNAME>vendors</LOOKUPNAME><MULTILOOKUP>1</MULTILOOKUP><OPERATOR></OPERATOR><PARAMETERNAME>vendor</PARAMETERNAME><REPORTLOOKUPID>1551</REPORTLOOKUPID><REPORTNUM>1308</REPORTNUM><REQUIRED>0</REQUIRED><SEQUENCE>13</SEQUENCE></REPORTLOOKUP><REPORTLOOKUP><ATTRIBUTENAME>worktype</ATTRIBUTENAME><DEFAULTVALUE>=PPM</DEFAULTVALUE><HIDDEN>0</HIDDEN><LABELOVERRIDE>Work Type</LABELOVERRIDE><LOOKUPNAME>worktype</LOOKUPNAME><MULTILOOKUP>1</MULTILOOKUP><OPERATOR></OPERATOR><PARAMETERNAME>worktype</PARAMETERNAME><REPORTLOOKUPID>1553</REPORTLOOKUPID><REPORTNUM>1308</REPORTNUM><REQUIRED>0</REQUIRED><SEQUENCE>6</SEQUENCE></REPORTLOOKUP><REPORTAPPAUTH><GROUPNAME>TYPE2B</GROUPNAME><REPORTAPPAUTHID>2161</REPORTAPPAUTHID><RUNTYPE maxvalue="BIRT">BIRT</RUNTYPE></REPORTAPPAUTH><REPORTAPPAUTH><GROUPNAME>TYPE2A</GROUPNAME><REPORTAPPAUTHID>2160</REPORTAPPAUTHID><RUNTYPE maxvalue="BIRT">BIRT</RUNTYPE></REPORTAPPAUTH><REPORTAPPAUTH><GROUPNAME>TYPE1G</GROUPNAME><REPORTAPPAUTHID>2159</REPORTAPPAUTHID><RUNTYPE maxvalue="BIRT">BIRT</RUNTYPE></REPORTAPPAUTH><REPORTAPPAUTH><GROUPNAME>TYPE1A</GROUPNAME><REPORTAPPAUTHID>2158</REPORTAPPAUTHID><RUNTYPE maxvalue="BIRT">BIRT</RUNTYPE></REPORTAPPAUTH><REPORTAPPAUTH><GROUPNAME>TYPE2G</GROUPNAME><REPORTAPPAUTHID>2157</REPORTAPPAUTHID><RUNTYPE maxvalue="BIRT">BIRT</RUNTYPE></REPORTAPPAUTH><REPORTAPPAUTH><GROUPNAME>MAXADMIN</GROUPNAME><REPORTAPPAUTHID>2156</REPORTAPPAUTHID><RUNTYPE maxvalue="BIRT">BIRT</RUNTYPE></REPORTAPPAUTH></REPORT></DMREPORTSet></SyncDMREPORT>