<?xml version="1.0" encoding="UTF-8"?><SyncDMROLE xmlns="http://www.ibm.com/maximo" xmlns:xsi="http://www.w3.org/2001/XMLSchema-instance" creationDateTime="2014-10-09T17:43:20+01:00" transLanguage="EN" baseLanguage="EN" messageID="1412873000181320384" maximoVersion="7 5 20130829-1209 V7510--1"><DMROLESet><MAXROLE action="AddChange"><DESCRIPTION>Invoice Issue</DESCRIPTION><DESCRIPTION_LONGDESCRIPTION></DESCRIPTION_LONGDESCRIPTION><HASLD>0</HASLD><ISBROADCAST>1</ISBROADCAST><ISEMAILDATASET>0</ISEMAILDATASET><LANGCODE>EN</LANGCODE><MAXROLE>IRV_INVISS</MAXROLE><MAXROLEID>1135</MAXROLEID><OBJECTNAME>INVOICE</OBJECTNAME><PARAMETER></PARAMETER><SENDERSYSID>MX</SENDERSYSID><TYPE maxvalue="PERSONGROUP">PERSONGROUP</TYPE><VALUE>:irv_issuetype</VALUE></MAXROLE><MAXROLE action="AddChange"><DESCRIPTION>Invoice Tolerance Approval Group</DESCRIPTION><DESCRIPTION_LONGDESCRIPTION></DESCRIPTION_LONGDESCRIPTION><HASLD>0</HASLD><ISBROADCAST>1</ISBROADCAST><ISEMAILDATASET>0</ISEMAILDATASET><LANGCODE>EN</LANGCODE><MAXROLE>IRV_TOLAPP</MAXROLE><MAXROLEID>1035</MAXROLEID><OBJECTNAME>INVOICE</OBJECTNAME><PARAMETER></PARAMETER><SENDERSYSID>MX</SENDERSYSID><TYPE maxvalue="PERSONGROUP">PERSONGROUP</TYPE><VALUE>:irv_tolapprgrp</VALUE></MAXROLE><MAXROLE action="AddChange"><DESCRIPTION>Assigned labor role</DESCRIPTION><DESCRIPTION_LONGDESCRIPTION></DESCRIPTION_LONGDESCRIPTION><HASLD>0</HASLD><ISBROADCAST>1</ISBROADCAST><ISEMAILDATASET>1</ISEMAILDATASET><LANGCODE>EN</LANGCODE><MAXROLE>IRVASSLAB</MAXROLE><MAXROLEID>735</MAXROLEID><OBJECTNAME>WORKORDER</OBJECTNAME><PARAMETER></PARAMETER><SENDERSYSID>MX</SENDERSYSID><TYPE maxvalue="DATASET">DATASET</TYPE><VALUE>:IRVASSIGNED.LABOR.PERSON.PRIMARYEMAIL</VALUE></MAXROLE><MAXROLE action="AddChange"><DESCRIPTION>PO Approval</DESCRIPTION><DESCRIPTION_LONGDESCRIPTION></DESCRIPTION_LONGDESCRIPTION><HASLD>0</HASLD><ISBROADCAST>1</ISBROADCAST><ISEMAILDATASET>0</ISEMAILDATASET><LANGCODE>EN</LANGCODE><MAXROLE>POAPPR</MAXROLE><MAXROLEID>1036</MAXROLEID><OBJECTNAME>PO</OBJECTNAME><PARAMETER></PARAMETER><SENDERSYSID>MX</SENDERSYSID><TYPE maxvalue="PERSONGROUP">PERSONGROUP</TYPE><VALUE>:irv_apprgrp</VALUE></MAXROLE></DMROLESet></SyncDMROLE>