<?xml version="1.0" encoding="UTF-8"?><SyncDMSECRESTRICT xmlns="http://www.ibm.com/maximo" xmlns:xsi="http://www.w3.org/2001/XMLSchema-instance" creationDateTime="2015-01-26T21:27:27+00:00" transLanguage="EN" baseLanguage="EN" messageID="1422307647598674798" maximoVersion="7 5 20130829-1209 V7510--1"><DMSECRESTRICTSet><SECURITYRESTRICT action="AddChange"><APP>PROPMAINT</APP><ATTRIBUTENAME>DISPPROPVALUE</ATTRIBUTENAME><CONDITIONNUM>BMX1000</CONDITIONNUM><GROUPNAME></GROUPNAME><OBJECTNAME>MAXPROP</OBJECTNAME><PLUSPCUSTRESTR>0</PLUSPCUSTRESTR><REEVALUATE>0</REEVALUATE><RESTRICTION maxvalue="HIDDEN">HIDDEN</RESTRICTION><SECURITYRESTRICTID>1</SECURITYRESTRICTID><SRESTRICTNUM>BMXAASR001</SRESTRICTNUM><TYPE maxvalue="ATTR">ATTR</TYPE></SECURITYRESTRICT><SECURITYRESTRICT action="AddChange"><APP>PROPMAINT</APP><ATTRIBUTENAME>CACHEDVALUE</ATTRIBUTENAME><CONDITIONNUM>BMX1000</CONDITIONNUM><GROUPNAME></GROUPNAME><OBJECTNAME>MAXPROP</OBJECTNAME><PLUSPCUSTRESTR>0</PLUSPCUSTRESTR><REEVALUATE>0</REEVALUATE><RESTRICTION maxvalue="HIDDEN">HIDDEN</RESTRICTION><SECURITYRESTRICTID>2</SECURITYRESTRICTID><SRESTRICTNUM>BMXAASR002</SRESTRICTNUM><TYPE maxvalue="ATTR">ATTR</TYPE></SECURITYRESTRICT><SECURITYRESTRICT action="AddChange"><APP>PROPMAINT</APP><ATTRIBUTENAME>MAXIMODEFAULT</ATTRIBUTENAME><CONDITIONNUM>BMX1000</CONDITIONNUM><GROUPNAME></GROUPNAME><OBJECTNAME>MAXPROP</OBJECTNAME><PLUSPCUSTRESTR>0</PLUSPCUSTRESTR><REEVALUATE>0</REEVALUATE><RESTRICTION maxvalue="HIDDEN">HIDDEN</RESTRICTION><SECURITYRESTRICTID>3</SECURITYRESTRICTID><SRESTRICTNUM>BMXAASR003</SRESTRICTNUM><TYPE maxvalue="ATTR">ATTR</TYPE></SECURITYRESTRICT><SECURITYRESTRICT action="AddChange"><APP></APP><ATTRIBUTENAME></ATTRIBUTENAME><CONDITIONNUM>MAPPALITEM</CONDITIONNUM><GROUPNAME></GROUPNAME><OBJECTNAME>PALETTEITEM</OBJECTNAME><PLUSPCUSTRESTR>0</PLUSPCUSTRESTR><REEVALUATE>0</REEVALUATE><RESTRICTION maxvalue="HIDDEN">HIDDEN</RESTRICTION><SECURITYRESTRICTID>5</SECURITYRESTRICTID><SRESTRICTNUM>BMXAXSR001</SRESTRICTNUM><TYPE maxvalue="ROW">ROW</TYPE></SECURITYRESTRICT><SECURITYRESTRICT action="AddChange"><APP>PLUSPSR</APP><ATTRIBUTENAME>IRVCHARGEJUST</ATTRIBUTENAME><CONDITIONNUM>IRV0003</CONDITIONNUM><GROUPNAME></GROUPNAME><OBJECTNAME>SR</OBJECTNAME><PLUSPCUSTRESTR>0</PLUSPCUSTRESTR><REEVALUATE>1</REEVALUATE><RESTRICTION maxvalue="READONLY">READONLY</RESTRICTION><SECURITYRESTRICTID>104</SECURITYRESTRICTID><SRESTRICTNUM>IRVS0001</SRESTRICTNUM><TYPE maxvalue="ATTR">ATTR</TYPE></SECURITYRESTRICT><SECURITYRESTRICT action="AddChange"><APP>PLUSPSR</APP><ATTRIBUTENAME>IRVCHARGEJUST</ATTRIBUTENAME><CONDITIONNUM>IRV0004</CONDITIONNUM><GROUPNAME></GROUPNAME><OBJECTNAME>SR</OBJECTNAME><PLUSPCUSTRESTR>0</PLUSPCUSTRESTR><REEVALUATE>1</REEVALUATE><RESTRICTION maxvalue="REQUIRED">REQUIRED</RESTRICTION><SECURITYRESTRICTID>105</SECURITYRESTRICTID><SRESTRICTNUM>IRVS0002</SRESTRICTNUM><TYPE maxvalue="ATTR">ATTR</TYPE></SECURITYRESTRICT><SECURITYRESTRICT action="AddChange"><APP>PLUSPSR</APP><ATTRIBUTENAME>IRVCHARGEREAS</ATTRIBUTENAME><CONDITIONNUM>IRV0002</CONDITIONNUM><GROUPNAME></GROUPNAME><OBJECTNAME>SR</OBJECTNAME><PLUSPCUSTRESTR>0</PLUSPCUSTRESTR><REEVALUATE>1</REEVALUATE><RESTRICTION maxvalue="READONLY">READONLY</RESTRICTION><SECURITYRESTRICTID>106</SECURITYRESTRICTID><SRESTRICTNUM>IRVS0003</SRESTRICTNUM><TYPE maxvalue="ATTR">ATTR</TYPE></SECURITYRESTRICT><SECURITYRESTRICT action="AddChange"><APP>PLUSPSR</APP><ATTRIBUTENAME>IRVCHARGEREAS</ATTRIBUTENAME><CONDITIONNUM>IRV0001</CONDITIONNUM><GROUPNAME></GROUPNAME><OBJECTNAME>SR</OBJECTNAME><PLUSPCUSTRESTR>0</PLUSPCUSTRESTR><REEVALUATE>1</REEVALUATE><RESTRICTION maxvalue="REQUIRED">REQUIRED</RESTRICTION><SECURITYRESTRICTID>107</SECURITYRESTRICTID><SRESTRICTNUM>IRVS0004</SRESTRICTNUM><TYPE maxvalue="ATTR">ATTR</TYPE></SECURITYRESTRICT><SECURITYRESTRICT action="AddChange"><APP>IRV_VPWO</APP><ATTRIBUTENAME></ATTRIBUTENAME><CONDITIONNUM>IRVVENDORWO</CONDITIONNUM><GROUPNAME>TYPE3V</GROUPNAME><OBJECTNAME>WORKORDER</OBJECTNAME><PLUSPCUSTRESTR>0</PLUSPCUSTRESTR><REEVALUATE>1</REEVALUATE><RESTRICTION maxvalue="QUALIFIED">QUALIFIED</RESTRICTION><SECURITYRESTRICTID>1014</SECURITYRESTRICTID><SRESTRICTNUM>1099</SRESTRICTNUM><TYPE maxvalue="ROW">ROW</TYPE></SECURITYRESTRICT><SECURITYRESTRICT action="AddChange"><APP>IRV_VPWO</APP><ATTRIBUTENAME></ATTRIBUTENAME><CONDITIONNUM>IRVWOSTATUS</CONDITIONNUM><GROUPNAME>TYPE3V</GROUPNAME><OBJECTNAME>SYNONYMDOMAIN</OBJECTNAME><PLUSPCUSTRESTR>0</PLUSPCUSTRESTR><REEVALUATE>1</REEVALUATE><RESTRICTION maxvalue="QUALIFIED">QUALIFIED</RESTRICTION><SECURITYRESTRICTID>1015</SECURITYRESTRICTID><SRESTRICTNUM>1100</SRESTRICTNUM><TYPE maxvalue="ROW">ROW</TYPE></SECURITYRESTRICT><SECURITYRESTRICT action="AddChange"><APP>TKTEMPLATE</APP><ATTRIBUTENAME>HIERARCHYPATH</ATTRIBUTENAME><CONDITIONNUM></CONDITIONNUM><GROUPNAME></GROUPNAME><OBJECTNAME>CLASSSTRUCTURE</OBJECTNAME><PLUSPCUSTRESTR>0</PLUSPCUSTRESTR><REEVALUATE>1</REEVALUATE><RESTRICTION maxvalue="READONLY">READONLY</RESTRICTION><SECURITYRESTRICTID>110</SECURITYRESTRICTID><SRESTRICTNUM>IRVS0007</SRESTRICTNUM><TYPE maxvalue="ATTR">ATTR</TYPE></SECURITYRESTRICT><SECURITYRESTRICT action="AddChange"><APP>TKTEMPLATE</APP><ATTRIBUTENAME>DESCRIPTION_CLASS</ATTRIBUTENAME><CONDITIONNUM></CONDITIONNUM><GROUPNAME></GROUPNAME><OBJECTNAME>CLASSSTRUCTURE</OBJECTNAME><PLUSPCUSTRESTR>0</PLUSPCUSTRESTR><REEVALUATE>1</REEVALUATE><RESTRICTION maxvalue="READONLY">READONLY</RESTRICTION><SECURITYRESTRICTID>111</SECURITYRESTRICTID><SRESTRICTNUM>IRVS0008</SRESTRICTNUM><TYPE maxvalue="ATTR">ATTR</TYPE></SECURITYRESTRICT><SECURITYRESTRICT action="AddChange"><APP>PLUSPSR</APP><ATTRIBUTENAME>CLASSSTRUCTUREID</ATTRIBUTENAME><CONDITIONNUM>IRV0007</CONDITIONNUM><GROUPNAME></GROUPNAME><OBJECTNAME>SR</OBJECTNAME><PLUSPCUSTRESTR>0</PLUSPCUSTRESTR><REEVALUATE>1</REEVALUATE><RESTRICTION maxvalue="READONLY">READONLY</RESTRICTION><SECURITYRESTRICTID>112</SECURITYRESTRICTID><SRESTRICTNUM>IRVS0009</SRESTRICTNUM><TYPE maxvalue="ATTR">ATTR</TYPE></SECURITYRESTRICT><SECURITYRESTRICT action="AddChange"><APP>IRV_VPWO</APP><ATTRIBUTENAME></ATTRIBUTENAME><CONDITIONNUM>IRVVENDORWO</CONDITIONNUM><GROUPNAME></GROUPNAME><OBJECTNAME>WORKORDER</OBJECTNAME><PLUSPCUSTRESTR>0</PLUSPCUSTRESTR><REEVALUATE>1</REEVALUATE><RESTRICTION maxvalue="QUALIFIED">QUALIFIED</RESTRICTION><SECURITYRESTRICTID>214</SECURITYRESTRICTID><SRESTRICTNUM>1002</SRESTRICTNUM><TYPE maxvalue="ROW">ROW</TYPE></SECURITYRESTRICT><SECURITYRESTRICT action="AddChange"><APP></APP><ATTRIBUTENAME></ATTRIBUTENAME><CONDITIONNUM>BMXAQ1024</CONDITIONNUM><GROUPNAME>Custumeraccess</GROUPNAME><OBJECTNAME>CLASSSTRUCTURE</OBJECTNAME><PLUSPCUSTRESTR>1</PLUSPCUSTRESTR><REEVALUATE>1</REEVALUATE><RESTRICTION maxvalue="QUALIFIED">QUALIFIED</RESTRICTION><SECURITYRESTRICTID>315</SECURITYRESTRICTID><SRESTRICTNUM>1006</SRESTRICTNUM><TYPE maxvalue="ROW">ROW</TYPE></SECURITYRESTRICT><SECURITYRESTRICT action="AddChange"><APP></APP><ATTRIBUTENAME></ATTRIBUTENAME><CONDITIONNUM>BMXAQ1029</CONDITIONNUM><GROUPNAME>Custumeraccess</GROUPNAME><OBJECTNAME>CLASSSTRUCTURE</OBJECTNAME><PLUSPCUSTRESTR>1</PLUSPCUSTRESTR><REEVALUATE>1</REEVALUATE><RESTRICTION maxvalue="HIDDEN">HIDDEN</RESTRICTION><SECURITYRESTRICTID>316</SECURITYRESTRICTID><SRESTRICTNUM>1007</SRESTRICTNUM><TYPE maxvalue="ROW">ROW</TYPE></SECURITYRESTRICT><SECURITYRESTRICT action="AddChange"><APP></APP><ATTRIBUTENAME></ATTRIBUTENAME><CONDITIONNUM>BMXAQ1034</CONDITIONNUM><GROUPNAME>Custumeraccess</GROUPNAME><OBJECTNAME>CLASSSPEC</OBJECTNAME><PLUSPCUSTRESTR>1</PLUSPCUSTRESTR><REEVALUATE>1</REEVALUATE><RESTRICTION maxvalue="HIDDEN">HIDDEN</RESTRICTION><SECURITYRESTRICTID>317</SECURITYRESTRICTID><SRESTRICTNUM>1008</SRESTRICTNUM><TYPE maxvalue="ROW">ROW</TYPE></SECURITYRESTRICT><SECURITYRESTRICT action="AddChange"><APP></APP><ATTRIBUTENAME></ATTRIBUTENAME><CONDITIONNUM>BMXAQ1039</CONDITIONNUM><GROUPNAME>Custumeraccess</GROUPNAME><OBJECTNAME>ITEM</OBJECTNAME><PLUSPCUSTRESTR>1</PLUSPCUSTRESTR><REEVALUATE>1</REEVALUATE><RESTRICTION maxvalue="QUALIFIED">QUALIFIED</RESTRICTION><SECURITYRESTRICTID>318</SECURITYRESTRICTID><SRESTRICTNUM>1009</SRESTRICTNUM><TYPE maxvalue="ROW">ROW</TYPE></SECURITYRESTRICT><SECURITYRESTRICT action="AddChange"><APP></APP><ATTRIBUTENAME></ATTRIBUTENAME><CONDITIONNUM>BMXAQ1044</CONDITIONNUM><GROUPNAME>Custumeraccess</GROUPNAME><OBJECTNAME>ITEM</OBJECTNAME><PLUSPCUSTRESTR>1</PLUSPCUSTRESTR><REEVALUATE>1</REEVALUATE><RESTRICTION maxvalue="HIDDEN">HIDDEN</RESTRICTION><SECURITYRESTRICTID>319</SECURITYRESTRICTID><SRESTRICTNUM>1010</SRESTRICTNUM><TYPE maxvalue="ROW">ROW</TYPE></SECURITYRESTRICT><SECURITYRESTRICT action="AddChange"><APP></APP><ATTRIBUTENAME></ATTRIBUTENAME><CONDITIONNUM>BMXAQ1049</CONDITIONNUM><GROUPNAME>Custumeraccess</GROUPNAME><OBJECTNAME>SERVICEITEMS</OBJECTNAME><PLUSPCUSTRESTR>1</PLUSPCUSTRESTR><REEVALUATE>1</REEVALUATE><RESTRICTION maxvalue="QUALIFIED">QUALIFIED</RESTRICTION><SECURITYRESTRICTID>320</SECURITYRESTRICTID><SRESTRICTNUM>1011</SRESTRICTNUM><TYPE maxvalue="ROW">ROW</TYPE></SECURITYRESTRICT><SECURITYRESTRICT action="AddChange"><APP></APP><ATTRIBUTENAME></ATTRIBUTENAME><CONDITIONNUM>BMXAQ1054</CONDITIONNUM><GROUPNAME>Custumeraccess</GROUPNAME><OBJECTNAME>SERVICEITEMS</OBJECTNAME><PLUSPCUSTRESTR>1</PLUSPCUSTRESTR><REEVALUATE>1</REEVALUATE><RESTRICTION maxvalue="HIDDEN">HIDDEN</RESTRICTION><SECURITYRESTRICTID>321</SECURITYRESTRICTID><SRESTRICTNUM>1012</SRESTRICTNUM><TYPE maxvalue="ROW">ROW</TYPE></SECURITYRESTRICT><SECURITYRESTRICT action="AddChange"><APP></APP><ATTRIBUTENAME></ATTRIBUTENAME><CONDITIONNUM>BMXAQ1059</CONDITIONNUM><GROUPNAME>Custumeraccess</GROUPNAME><OBJECTNAME>BULLETINBOARD</OBJECTNAME><PLUSPCUSTRESTR>1</PLUSPCUSTRESTR><REEVALUATE>1</REEVALUATE><RESTRICTION maxvalue="QUALIFIED">QUALIFIED</RESTRICTION><SECURITYRESTRICTID>322</SECURITYRESTRICTID><SRESTRICTNUM>1013</SRESTRICTNUM><TYPE maxvalue="ROW">ROW</TYPE></SECURITYRESTRICT><SECURITYRESTRICT action="AddChange"><APP></APP><ATTRIBUTENAME></ATTRIBUTENAME><CONDITIONNUM>BMXAQ1064</CONDITIONNUM><GROUPNAME>Custumeraccess</GROUPNAME><OBJECTNAME>BULLETINBOARD</OBJECTNAME><PLUSPCUSTRESTR>1</PLUSPCUSTRESTR><REEVALUATE>1</REEVALUATE><RESTRICTION maxvalue="HIDDEN">HIDDEN</RESTRICTION><SECURITYRESTRICTID>323</SECURITYRESTRICTID><SRESTRICTNUM>1014</SRESTRICTNUM><TYPE maxvalue="ROW">ROW</TYPE></SECURITYRESTRICT><SECURITYRESTRICT action="AddChange"><APP></APP><ATTRIBUTENAME></ATTRIBUTENAME><CONDITIONNUM>BMXAQ1069</CONDITIONNUM><GROUPNAME>Custumeraccess</GROUPNAME><OBJECTNAME>SOLUTION</OBJECTNAME><PLUSPCUSTRESTR>1</PLUSPCUSTRESTR><REEVALUATE>1</REEVALUATE><RESTRICTION maxvalue="QUALIFIED">QUALIFIED</RESTRICTION><SECURITYRESTRICTID>324</SECURITYRESTRICTID><SRESTRICTNUM>1015</SRESTRICTNUM><TYPE maxvalue="ROW">ROW</TYPE></SECURITYRESTRICT><SECURITYRESTRICT action="AddChange"><APP></APP><ATTRIBUTENAME></ATTRIBUTENAME><CONDITIONNUM>BMXAQ1074</CONDITIONNUM><GROUPNAME>Custumeraccess</GROUPNAME><OBJECTNAME>SOLUTION</OBJECTNAME><PLUSPCUSTRESTR>1</PLUSPCUSTRESTR><REEVALUATE>1</REEVALUATE><RESTRICTION maxvalue="HIDDEN">HIDDEN</RESTRICTION><SECURITYRESTRICTID>325</SECURITYRESTRICTID><SRESTRICTNUM>1016</SRESTRICTNUM><TYPE maxvalue="ROW">ROW</TYPE></SECURITYRESTRICT><SECURITYRESTRICT action="AddChange"><APP></APP><ATTRIBUTENAME></ATTRIBUTENAME><CONDITIONNUM>BMXAQ1079</CONDITIONNUM><GROUPNAME>Custumeraccess</GROUPNAME><OBJECTNAME>ASSET</OBJECTNAME><PLUSPCUSTRESTR>1</PLUSPCUSTRESTR><REEVALUATE>1</REEVALUATE><RESTRICTION maxvalue="QUALIFIED">QUALIFIED</RESTRICTION><SECURITYRESTRICTID>326</SECURITYRESTRICTID><SRESTRICTNUM>1017</SRESTRICTNUM><TYPE maxvalue="ROW">ROW</TYPE></SECURITYRESTRICT><SECURITYRESTRICT action="AddChange"><APP></APP><ATTRIBUTENAME></ATTRIBUTENAME><CONDITIONNUM>BMXAQ1084</CONDITIONNUM><GROUPNAME>Custumeraccess</GROUPNAME><OBJECTNAME>ASSET</OBJECTNAME><PLUSPCUSTRESTR>1</PLUSPCUSTRESTR><REEVALUATE>1</REEVALUATE><RESTRICTION maxvalue="HIDDEN">HIDDEN</RESTRICTION><SECURITYRESTRICTID>327</SECURITYRESTRICTID><SRESTRICTNUM>1018</SRESTRICTNUM><TYPE maxvalue="ROW">ROW</TYPE></SECURITYRESTRICT><SECURITYRESTRICT action="AddChange"><APP></APP><ATTRIBUTENAME></ATTRIBUTENAME><CONDITIONNUM>BMXAQ1089</CONDITIONNUM><GROUPNAME>Custumeraccess</GROUPNAME><OBJECTNAME>CI</OBJECTNAME><PLUSPCUSTRESTR>1</PLUSPCUSTRESTR><REEVALUATE>1</REEVALUATE><RESTRICTION maxvalue="QUALIFIED">QUALIFIED</RESTRICTION><SECURITYRESTRICTID>328</SECURITYRESTRICTID><SRESTRICTNUM>1019</SRESTRICTNUM><TYPE maxvalue="ROW">ROW</TYPE></SECURITYRESTRICT><SECURITYRESTRICT action="AddChange"><APP></APP><ATTRIBUTENAME></ATTRIBUTENAME><CONDITIONNUM>BMXAQ1094</CONDITIONNUM><GROUPNAME>Custumeraccess</GROUPNAME><OBJECTNAME>CI</OBJECTNAME><PLUSPCUSTRESTR>1</PLUSPCUSTRESTR><REEVALUATE>1</REEVALUATE><RESTRICTION maxvalue="HIDDEN">HIDDEN</RESTRICTION><SECURITYRESTRICTID>329</SECURITYRESTRICTID><SRESTRICTNUM>1020</SRESTRICTNUM><TYPE maxvalue="ROW">ROW</TYPE></SECURITYRESTRICT><SECURITYRESTRICT action="AddChange"><APP></APP><ATTRIBUTENAME></ATTRIBUTENAME><CONDITIONNUM>BMXAQ1099</CONDITIONNUM><GROUPNAME>Custumeraccess</GROUPNAME><OBJECTNAME>LOCATIONS</OBJECTNAME><PLUSPCUSTRESTR>1</PLUSPCUSTRESTR><REEVALUATE>1</REEVALUATE><RESTRICTION maxvalue="QUALIFIED">QUALIFIED</RESTRICTION><SECURITYRESTRICTID>330</SECURITYRESTRICTID><SRESTRICTNUM>1021</SRESTRICTNUM><TYPE maxvalue="ROW">ROW</TYPE></SECURITYRESTRICT><SECURITYRESTRICT action="AddChange"><APP></APP><ATTRIBUTENAME></ATTRIBUTENAME><CONDITIONNUM>BMXAQ1104</CONDITIONNUM><GROUPNAME>Custumeraccess</GROUPNAME><OBJECTNAME>LOCATIONS</OBJECTNAME><PLUSPCUSTRESTR>1</PLUSPCUSTRESTR><REEVALUATE>1</REEVALUATE><RESTRICTION maxvalue="HIDDEN">HIDDEN</RESTRICTION><SECURITYRESTRICTID>331</SECURITYRESTRICTID><SRESTRICTNUM>1022</SRESTRICTNUM><TYPE maxvalue="ROW">ROW</TYPE></SECURITYRESTRICT><SECURITYRESTRICT action="AddChange"><APP></APP><ATTRIBUTENAME></ATTRIBUTENAME><CONDITIONNUM>BMXAQ1114</CONDITIONNUM><GROUPNAME>Custumeraccess</GROUPNAME><OBJECTNAME>COMPUTERSYSTEM</OBJECTNAME><PLUSPCUSTRESTR>1</PLUSPCUSTRESTR><REEVALUATE>1</REEVALUATE><RESTRICTION maxvalue="HIDDEN">HIDDEN</RESTRICTION><SECURITYRESTRICTID>332</SECURITYRESTRICTID><SRESTRICTNUM>1023</SRESTRICTNUM><TYPE maxvalue="ROW">ROW</TYPE></SECURITYRESTRICT><SECURITYRESTRICT action="AddChange"><APP></APP><ATTRIBUTENAME></ATTRIBUTENAME><CONDITIONNUM>BMXAQ1109</CONDITIONNUM><GROUPNAME>Custumeraccess</GROUPNAME><OBJECTNAME>COMPUTERSYSTEM</OBJECTNAME><PLUSPCUSTRESTR>1</PLUSPCUSTRESTR><REEVALUATE>1</REEVALUATE><RESTRICTION maxvalue="QUALIFIED">QUALIFIED</RESTRICTION><SECURITYRESTRICTID>333</SECURITYRESTRICTID><SRESTRICTNUM>1024</SRESTRICTNUM><TYPE maxvalue="ROW">ROW</TYPE></SECURITYRESTRICT><SECURITYRESTRICT action="AddChange"><APP></APP><ATTRIBUTENAME></ATTRIBUTENAME><CONDITIONNUM>BMXAQ1119</CONDITIONNUM><GROUPNAME>Custumeraccess</GROUPNAME><OBJECTNAME>NETDEVICE</OBJECTNAME><PLUSPCUSTRESTR>1</PLUSPCUSTRESTR><REEVALUATE>1</REEVALUATE><RESTRICTION maxvalue="QUALIFIED">QUALIFIED</RESTRICTION><SECURITYRESTRICTID>334</SECURITYRESTRICTID><SRESTRICTNUM>1025</SRESTRICTNUM><TYPE maxvalue="ROW">ROW</TYPE></SECURITYRESTRICT><SECURITYRESTRICT action="AddChange"><APP></APP><ATTRIBUTENAME></ATTRIBUTENAME><CONDITIONNUM>BMXAQ1124</CONDITIONNUM><GROUPNAME>Custumeraccess</GROUPNAME><OBJECTNAME>NETDEVICE</OBJECTNAME><PLUSPCUSTRESTR>1</PLUSPCUSTRESTR><REEVALUATE>1</REEVALUATE><RESTRICTION maxvalue="HIDDEN">HIDDEN</RESTRICTION><SECURITYRESTRICTID>335</SECURITYRESTRICTID><SRESTRICTNUM>1026</SRESTRICTNUM><TYPE maxvalue="ROW">ROW</TYPE></SECURITYRESTRICT><SECURITYRESTRICT action="AddChange"><APP></APP><ATTRIBUTENAME></ATTRIBUTENAME><CONDITIONNUM>BMXAQ1129</CONDITIONNUM><GROUPNAME>Custumeraccess</GROUPNAME><OBJECTNAME>NETPRINTER</OBJECTNAME><PLUSPCUSTRESTR>1</PLUSPCUSTRESTR><REEVALUATE>1</REEVALUATE><RESTRICTION maxvalue="QUALIFIED">QUALIFIED</RESTRICTION><SECURITYRESTRICTID>336</SECURITYRESTRICTID><SRESTRICTNUM>1027</SRESTRICTNUM><TYPE maxvalue="ROW">ROW</TYPE></SECURITYRESTRICT><SECURITYRESTRICT action="AddChange"><APP></APP><ATTRIBUTENAME></ATTRIBUTENAME><CONDITIONNUM>BMXAQ1134</CONDITIONNUM><GROUPNAME>Custumeraccess</GROUPNAME><OBJECTNAME>NETPRINTER</OBJECTNAME><PLUSPCUSTRESTR>1</PLUSPCUSTRESTR><REEVALUATE>1</REEVALUATE><RESTRICTION maxvalue="HIDDEN">HIDDEN</RESTRICTION><SECURITYRESTRICTID>337</SECURITYRESTRICTID><SRESTRICTNUM>1028</SRESTRICTNUM><TYPE maxvalue="ROW">ROW</TYPE></SECURITYRESTRICT><SECURITYRESTRICT action="AddChange"><APP></APP><ATTRIBUTENAME></ATTRIBUTENAME><CONDITIONNUM>BMXAQ1139</CONDITIONNUM><GROUPNAME>Custumeraccess</GROUPNAME><OBJECTNAME>RECONCOMPRULE</OBJECTNAME><PLUSPCUSTRESTR>1</PLUSPCUSTRESTR><REEVALUATE>1</REEVALUATE><RESTRICTION maxvalue="QUALIFIED">QUALIFIED</RESTRICTION><SECURITYRESTRICTID>338</SECURITYRESTRICTID><SRESTRICTNUM>1029</SRESTRICTNUM><TYPE maxvalue="ROW">ROW</TYPE></SECURITYRESTRICT><SECURITYRESTRICT action="AddChange"><APP></APP><ATTRIBUTENAME></ATTRIBUTENAME><CONDITIONNUM>BMXAQ1144</CONDITIONNUM><GROUPNAME>Custumeraccess</GROUPNAME><OBJECTNAME>RECONCOMPRULE</OBJECTNAME><PLUSPCUSTRESTR>1</PLUSPCUSTRESTR><REEVALUATE>1</REEVALUATE><RESTRICTION maxvalue="HIDDEN">HIDDEN</RESTRICTION><SECURITYRESTRICTID>339</SECURITYRESTRICTID><SRESTRICTNUM>1030</SRESTRICTNUM><TYPE maxvalue="ROW">ROW</TYPE></SECURITYRESTRICT><SECURITYRESTRICT action="AddChange"><APP></APP><ATTRIBUTENAME></ATTRIBUTENAME><CONDITIONNUM>BMXAQ1149</CONDITIONNUM><GROUPNAME>Custumeraccess</GROUPNAME><OBJECTNAME>RECONLINKRULE</OBJECTNAME><PLUSPCUSTRESTR>1</PLUSPCUSTRESTR><REEVALUATE>1</REEVALUATE><RESTRICTION maxvalue="QUALIFIED">QUALIFIED</RESTRICTION><SECURITYRESTRICTID>340</SECURITYRESTRICTID><SRESTRICTNUM>1031</SRESTRICTNUM><TYPE maxvalue="ROW">ROW</TYPE></SECURITYRESTRICT><SECURITYRESTRICT action="AddChange"><APP></APP><ATTRIBUTENAME></ATTRIBUTENAME><CONDITIONNUM>BMXAQ1154</CONDITIONNUM><GROUPNAME>Custumeraccess</GROUPNAME><OBJECTNAME>RECONLINKRULE</OBJECTNAME><PLUSPCUSTRESTR>1</PLUSPCUSTRESTR><REEVALUATE>1</REEVALUATE><RESTRICTION maxvalue="HIDDEN">HIDDEN</RESTRICTION><SECURITYRESTRICTID>341</SECURITYRESTRICTID><SRESTRICTNUM>1032</SRESTRICTNUM><TYPE maxvalue="ROW">ROW</TYPE></SECURITYRESTRICT><SECURITYRESTRICT action="AddChange"><APP></APP><ATTRIBUTENAME></ATTRIBUTENAME><CONDITIONNUM>BMXAQ1159</CONDITIONNUM><GROUPNAME>Custumeraccess</GROUPNAME><OBJECTNAME>RECONTASK</OBJECTNAME><PLUSPCUSTRESTR>1</PLUSPCUSTRESTR><REEVALUATE>1</REEVALUATE><RESTRICTION maxvalue="QUALIFIED">QUALIFIED</RESTRICTION><SECURITYRESTRICTID>342</SECURITYRESTRICTID><SRESTRICTNUM>1033</SRESTRICTNUM><TYPE maxvalue="ROW">ROW</TYPE></SECURITYRESTRICT><SECURITYRESTRICT action="AddChange"><APP></APP><ATTRIBUTENAME></ATTRIBUTENAME><CONDITIONNUM>BMXAQ1164</CONDITIONNUM><GROUPNAME>Custumeraccess</GROUPNAME><OBJECTNAME>RECONTASK</OBJECTNAME><PLUSPCUSTRESTR>1</PLUSPCUSTRESTR><REEVALUATE>1</REEVALUATE><RESTRICTION maxvalue="HIDDEN">HIDDEN</RESTRICTION><SECURITYRESTRICTID>343</SECURITYRESTRICTID><SRESTRICTNUM>1034</SRESTRICTNUM><TYPE maxvalue="ROW">ROW</TYPE></SECURITYRESTRICT><SECURITYRESTRICT action="AddChange"><APP></APP><ATTRIBUTENAME></ATTRIBUTENAME><CONDITIONNUM>BMXAQ1169</CONDITIONNUM><GROUPNAME>Custumeraccess</GROUPNAME><OBJECTNAME>RECONTASKFILTER</OBJECTNAME><PLUSPCUSTRESTR>1</PLUSPCUSTRESTR><REEVALUATE>1</REEVALUATE><RESTRICTION maxvalue="QUALIFIED">QUALIFIED</RESTRICTION><SECURITYRESTRICTID>344</SECURITYRESTRICTID><SRESTRICTNUM>1035</SRESTRICTNUM><TYPE maxvalue="ROW">ROW</TYPE></SECURITYRESTRICT><SECURITYRESTRICT action="AddChange"><APP></APP><ATTRIBUTENAME></ATTRIBUTENAME><CONDITIONNUM>BMXAQ1174</CONDITIONNUM><GROUPNAME>Custumeraccess</GROUPNAME><OBJECTNAME>RECONTASKFILTER</OBJECTNAME><PLUSPCUSTRESTR>1</PLUSPCUSTRESTR><REEVALUATE>1</REEVALUATE><RESTRICTION maxvalue="HIDDEN">HIDDEN</RESTRICTION><SECURITYRESTRICTID>345</SECURITYRESTRICTID><SRESTRICTNUM>1036</SRESTRICTNUM><TYPE maxvalue="ROW">ROW</TYPE></SECURITYRESTRICT><SECURITYRESTRICT action="AddChange"><APP></APP><ATTRIBUTENAME></ATTRIBUTENAME><CONDITIONNUM>BMXAQ1179</CONDITIONNUM><GROUPNAME>Custumeraccess</GROUPNAME><OBJECTNAME>WOACTIVITY</OBJECTNAME><PLUSPCUSTRESTR>1</PLUSPCUSTRESTR><REEVALUATE>1</REEVALUATE><RESTRICTION maxvalue="QUALIFIED">QUALIFIED</RESTRICTION><SECURITYRESTRICTID>346</SECURITYRESTRICTID><SRESTRICTNUM>1037</SRESTRICTNUM><TYPE maxvalue="ROW">ROW</TYPE></SECURITYRESTRICT><SECURITYRESTRICT action="AddChange"><APP></APP><ATTRIBUTENAME></ATTRIBUTENAME><CONDITIONNUM>BMXAQ1184</CONDITIONNUM><GROUPNAME>Custumeraccess</GROUPNAME><OBJECTNAME>WOACTIVITY</OBJECTNAME><PLUSPCUSTRESTR>1</PLUSPCUSTRESTR><REEVALUATE>1</REEVALUATE><RESTRICTION maxvalue="HIDDEN">HIDDEN</RESTRICTION><SECURITYRESTRICTID>347</SECURITYRESTRICTID><SRESTRICTNUM>1038</SRESTRICTNUM><TYPE maxvalue="ROW">ROW</TYPE></SECURITYRESTRICT><SECURITYRESTRICT action="AddChange"><APP></APP><ATTRIBUTENAME></ATTRIBUTENAME><CONDITIONNUM>BMXAQ1189</CONDITIONNUM><GROUPNAME>Custumeraccess</GROUPNAME><OBJECTNAME>WOCHANGE</OBJECTNAME><PLUSPCUSTRESTR>1</PLUSPCUSTRESTR><REEVALUATE>1</REEVALUATE><RESTRICTION maxvalue="QUALIFIED">QUALIFIED</RESTRICTION><SECURITYRESTRICTID>348</SECURITYRESTRICTID><SRESTRICTNUM>1039</SRESTRICTNUM><TYPE maxvalue="ROW">ROW</TYPE></SECURITYRESTRICT><SECURITYRESTRICT action="AddChange"><APP></APP><ATTRIBUTENAME></ATTRIBUTENAME><CONDITIONNUM>BMXAQ1194</CONDITIONNUM><GROUPNAME>Custumeraccess</GROUPNAME><OBJECTNAME>WOCHANGE</OBJECTNAME><PLUSPCUSTRESTR>1</PLUSPCUSTRESTR><REEVALUATE>1</REEVALUATE><RESTRICTION maxvalue="HIDDEN">HIDDEN</RESTRICTION><SECURITYRESTRICTID>349</SECURITYRESTRICTID><SRESTRICTNUM>1040</SRESTRICTNUM><TYPE maxvalue="ROW">ROW</TYPE></SECURITYRESTRICT><SECURITYRESTRICT action="AddChange"><APP></APP><ATTRIBUTENAME></ATTRIBUTENAME><CONDITIONNUM>BMXAQ1204</CONDITIONNUM><GROUPNAME>Custumeraccess</GROUPNAME><OBJECTNAME>WORELEASE</OBJECTNAME><PLUSPCUSTRESTR>1</PLUSPCUSTRESTR><REEVALUATE>1</REEVALUATE><RESTRICTION maxvalue="HIDDEN">HIDDEN</RESTRICTION><SECURITYRESTRICTID>350</SECURITYRESTRICTID><SRESTRICTNUM>1041</SRESTRICTNUM><TYPE maxvalue="ROW">ROW</TYPE></SECURITYRESTRICT><SECURITYRESTRICT action="AddChange"><APP></APP><ATTRIBUTENAME></ATTRIBUTENAME><CONDITIONNUM>BMXAQ1199</CONDITIONNUM><GROUPNAME>Custumeraccess</GROUPNAME><OBJECTNAME>WORELEASE</OBJECTNAME><PLUSPCUSTRESTR>1</PLUSPCUSTRESTR><REEVALUATE>1</REEVALUATE><RESTRICTION maxvalue="QUALIFIED">QUALIFIED</RESTRICTION><SECURITYRESTRICTID>351</SECURITYRESTRICTID><SRESTRICTNUM>1042</SRESTRICTNUM><TYPE maxvalue="ROW">ROW</TYPE></SECURITYRESTRICT><SECURITYRESTRICT action="AddChange"><APP></APP><ATTRIBUTENAME></ATTRIBUTENAME><CONDITIONNUM>BMXAQ1209</CONDITIONNUM><GROUPNAME>Custumeraccess</GROUPNAME><OBJECTNAME>WORKORDER</OBJECTNAME><PLUSPCUSTRESTR>1</PLUSPCUSTRESTR><REEVALUATE>1</REEVALUATE><RESTRICTION maxvalue="QUALIFIED">QUALIFIED</RESTRICTION><SECURITYRESTRICTID>352</SECURITYRESTRICTID><SRESTRICTNUM>1043</SRESTRICTNUM><TYPE maxvalue="ROW">ROW</TYPE></SECURITYRESTRICT><SECURITYRESTRICT action="AddChange"><APP></APP><ATTRIBUTENAME></ATTRIBUTENAME><CONDITIONNUM>BMXAQ1214</CONDITIONNUM><GROUPNAME>Custumeraccess</GROUPNAME><OBJECTNAME>WORKORDER</OBJECTNAME><PLUSPCUSTRESTR>1</PLUSPCUSTRESTR><REEVALUATE>1</REEVALUATE><RESTRICTION maxvalue="HIDDEN">HIDDEN</RESTRICTION><SECURITYRESTRICTID>353</SECURITYRESTRICTID><SRESTRICTNUM>1044</SRESTRICTNUM><TYPE maxvalue="ROW">ROW</TYPE></SECURITYRESTRICT><SECURITYRESTRICT action="AddChange"><APP></APP><ATTRIBUTENAME></ATTRIBUTENAME><CONDITIONNUM>BMXAQ1219</CONDITIONNUM><GROUPNAME>Custumeraccess</GROUPNAME><OBJECTNAME>SR</OBJECTNAME><PLUSPCUSTRESTR>1</PLUSPCUSTRESTR><REEVALUATE>1</REEVALUATE><RESTRICTION maxvalue="QUALIFIED">QUALIFIED</RESTRICTION><SECURITYRESTRICTID>354</SECURITYRESTRICTID><SRESTRICTNUM>1045</SRESTRICTNUM><TYPE maxvalue="ROW">ROW</TYPE></SECURITYRESTRICT><SECURITYRESTRICT action="AddChange"><APP></APP><ATTRIBUTENAME></ATTRIBUTENAME><CONDITIONNUM>BMXAQ1224</CONDITIONNUM><GROUPNAME>Custumeraccess</GROUPNAME><OBJECTNAME>SR</OBJECTNAME><PLUSPCUSTRESTR>1</PLUSPCUSTRESTR><REEVALUATE>1</REEVALUATE><RESTRICTION maxvalue="HIDDEN">HIDDEN</RESTRICTION><SECURITYRESTRICTID>355</SECURITYRESTRICTID><SRESTRICTNUM>1046</SRESTRICTNUM><TYPE maxvalue="ROW">ROW</TYPE></SECURITYRESTRICT><SECURITYRESTRICT action="AddChange"><APP></APP><ATTRIBUTENAME></ATTRIBUTENAME><CONDITIONNUM>BMXAQ1229</CONDITIONNUM><GROUPNAME>Custumeraccess</GROUPNAME><OBJECTNAME>INCIDENT</OBJECTNAME><PLUSPCUSTRESTR>1</PLUSPCUSTRESTR><REEVALUATE>1</REEVALUATE><RESTRICTION maxvalue="QUALIFIED">QUALIFIED</RESTRICTION><SECURITYRESTRICTID>356</SECURITYRESTRICTID><SRESTRICTNUM>1047</SRESTRICTNUM><TYPE maxvalue="ROW">ROW</TYPE></SECURITYRESTRICT><SECURITYRESTRICT action="AddChange"><APP></APP><ATTRIBUTENAME></ATTRIBUTENAME><CONDITIONNUM>BMXAQ1234</CONDITIONNUM><GROUPNAME>Custumeraccess</GROUPNAME><OBJECTNAME>INCIDENT</OBJECTNAME><PLUSPCUSTRESTR>1</PLUSPCUSTRESTR><REEVALUATE>1</REEVALUATE><RESTRICTION maxvalue="HIDDEN">HIDDEN</RESTRICTION><SECURITYRESTRICTID>357</SECURITYRESTRICTID><SRESTRICTNUM>1048</SRESTRICTNUM><TYPE maxvalue="ROW">ROW</TYPE></SECURITYRESTRICT><SECURITYRESTRICT action="AddChange"><APP></APP><ATTRIBUTENAME></ATTRIBUTENAME><CONDITIONNUM>BMXAQ1239</CONDITIONNUM><GROUPNAME>Custumeraccess</GROUPNAME><OBJECTNAME>PROBLEM</OBJECTNAME><PLUSPCUSTRESTR>1</PLUSPCUSTRESTR><REEVALUATE>1</REEVALUATE><RESTRICTION maxvalue="QUALIFIED">QUALIFIED</RESTRICTION><SECURITYRESTRICTID>358</SECURITYRESTRICTID><SRESTRICTNUM>1049</SRESTRICTNUM><TYPE maxvalue="ROW">ROW</TYPE></SECURITYRESTRICT><SECURITYRESTRICT action="AddChange"><APP></APP><ATTRIBUTENAME></ATTRIBUTENAME><CONDITIONNUM>BMXAQ1244</CONDITIONNUM><GROUPNAME>Custumeraccess</GROUPNAME><OBJECTNAME>PROBLEM</OBJECTNAME><PLUSPCUSTRESTR>1</PLUSPCUSTRESTR><REEVALUATE>1</REEVALUATE><RESTRICTION maxvalue="HIDDEN">HIDDEN</RESTRICTION><SECURITYRESTRICTID>359</SECURITYRESTRICTID><SRESTRICTNUM>1050</SRESTRICTNUM><TYPE maxvalue="ROW">ROW</TYPE></SECURITYRESTRICT><SECURITYRESTRICT action="AddChange"><APP></APP><ATTRIBUTENAME></ATTRIBUTENAME><CONDITIONNUM>BMXAQ1249</CONDITIONNUM><GROUPNAME>Custumeraccess</GROUPNAME><OBJECTNAME>PLUSPAGREEMENT</OBJECTNAME><PLUSPCUSTRESTR>1</PLUSPCUSTRESTR><REEVALUATE>1</REEVALUATE><RESTRICTION maxvalue="QUALIFIED">QUALIFIED</RESTRICTION><SECURITYRESTRICTID>360</SECURITYRESTRICTID><SRESTRICTNUM>1051</SRESTRICTNUM><TYPE maxvalue="ROW">ROW</TYPE></SECURITYRESTRICT><SECURITYRESTRICT action="AddChange"><APP></APP><ATTRIBUTENAME></ATTRIBUTENAME><CONDITIONNUM>BMXAQ1254</CONDITIONNUM><GROUPNAME>Custumeraccess</GROUPNAME><OBJECTNAME>PLUSPAGREEMENT</OBJECTNAME><PLUSPCUSTRESTR>1</PLUSPCUSTRESTR><REEVALUATE>1</REEVALUATE><RESTRICTION maxvalue="HIDDEN">HIDDEN</RESTRICTION><SECURITYRESTRICTID>361</SECURITYRESTRICTID><SRESTRICTNUM>1052</SRESTRICTNUM><TYPE maxvalue="ROW">ROW</TYPE></SECURITYRESTRICT><SECURITYRESTRICT action="AddChange"><APP></APP><ATTRIBUTENAME></ATTRIBUTENAME><CONDITIONNUM>BMXAQ1259</CONDITIONNUM><GROUPNAME>Custumeraccess</GROUPNAME><OBJECTNAME>PLUSPBILLBATCH</OBJECTNAME><PLUSPCUSTRESTR>1</PLUSPCUSTRESTR><REEVALUATE>1</REEVALUATE><RESTRICTION maxvalue="QUALIFIED">QUALIFIED</RESTRICTION><SECURITYRESTRICTID>362</SECURITYRESTRICTID><SRESTRICTNUM>1053</SRESTRICTNUM><TYPE maxvalue="ROW">ROW</TYPE></SECURITYRESTRICT><SECURITYRESTRICT action="AddChange"><APP></APP><ATTRIBUTENAME></ATTRIBUTENAME><CONDITIONNUM>BMXAQ1264</CONDITIONNUM><GROUPNAME>Custumeraccess</GROUPNAME><OBJECTNAME>PLUSPBILLBATCH</OBJECTNAME><PLUSPCUSTRESTR>1</PLUSPCUSTRESTR><REEVALUATE>1</REEVALUATE><RESTRICTION maxvalue="HIDDEN">HIDDEN</RESTRICTION><SECURITYRESTRICTID>363</SECURITYRESTRICTID><SRESTRICTNUM>1054</SRESTRICTNUM><TYPE maxvalue="ROW">ROW</TYPE></SECURITYRESTRICT><SECURITYRESTRICT action="AddChange"><APP></APP><ATTRIBUTENAME></ATTRIBUTENAME><CONDITIONNUM>BMXAQ1269</CONDITIONNUM><GROUPNAME>Custumeraccess</GROUPNAME><OBJECTNAME>PLUSPPREBILLB</OBJECTNAME><PLUSPCUSTRESTR>1</PLUSPCUSTRESTR><REEVALUATE>1</REEVALUATE><RESTRICTION maxvalue="QUALIFIED">QUALIFIED</RESTRICTION><SECURITYRESTRICTID>364</SECURITYRESTRICTID><SRESTRICTNUM>1055</SRESTRICTNUM><TYPE maxvalue="ROW">ROW</TYPE></SECURITYRESTRICT><SECURITYRESTRICT action="AddChange"><APP></APP><ATTRIBUTENAME></ATTRIBUTENAME><CONDITIONNUM>BMXAQ1274</CONDITIONNUM><GROUPNAME>Custumeraccess</GROUPNAME><OBJECTNAME>PLUSPPREBILLB</OBJECTNAME><PLUSPCUSTRESTR>1</PLUSPCUSTRESTR><REEVALUATE>1</REEVALUATE><RESTRICTION maxvalue="HIDDEN">HIDDEN</RESTRICTION><SECURITYRESTRICTID>365</SECURITYRESTRICTID><SRESTRICTNUM>1056</SRESTRICTNUM><TYPE maxvalue="ROW">ROW</TYPE></SECURITYRESTRICT><SECURITYRESTRICT action="AddChange"><APP></APP><ATTRIBUTENAME></ATTRIBUTENAME><CONDITIONNUM>BMXAQ1279</CONDITIONNUM><GROUPNAME>Custumeraccess</GROUPNAME><OBJECTNAME>PLUSPCUSTOMER</OBJECTNAME><PLUSPCUSTRESTR>1</PLUSPCUSTRESTR><REEVALUATE>1</REEVALUATE><RESTRICTION maxvalue="QUALIFIED">QUALIFIED</RESTRICTION><SECURITYRESTRICTID>366</SECURITYRESTRICTID><SRESTRICTNUM>1057</SRESTRICTNUM><TYPE maxvalue="ROW">ROW</TYPE></SECURITYRESTRICT><SECURITYRESTRICT action="AddChange"><APP></APP><ATTRIBUTENAME></ATTRIBUTENAME><CONDITIONNUM>BMXAQ1284</CONDITIONNUM><GROUPNAME>Custumeraccess</GROUPNAME><OBJECTNAME>PLUSPCUSTOMER</OBJECTNAME><PLUSPCUSTRESTR>1</PLUSPCUSTRESTR><REEVALUATE>1</REEVALUATE><RESTRICTION maxvalue="HIDDEN">HIDDEN</RESTRICTION><SECURITYRESTRICTID>367</SECURITYRESTRICTID><SRESTRICTNUM>1058</SRESTRICTNUM><TYPE maxvalue="ROW">ROW</TYPE></SECURITYRESTRICT><SECURITYRESTRICT action="AddChange"><APP></APP><ATTRIBUTENAME></ATTRIBUTENAME><CONDITIONNUM>BMXAQ1294</CONDITIONNUM><GROUPNAME>Custumeraccess</GROUPNAME><OBJECTNAME>PLUSPSALESORDER</OBJECTNAME><PLUSPCUSTRESTR>1</PLUSPCUSTRESTR><REEVALUATE>1</REEVALUATE><RESTRICTION maxvalue="HIDDEN">HIDDEN</RESTRICTION><SECURITYRESTRICTID>368</SECURITYRESTRICTID><SRESTRICTNUM>1059</SRESTRICTNUM><TYPE maxvalue="ROW">ROW</TYPE></SECURITYRESTRICT><SECURITYRESTRICT action="AddChange"><APP></APP><ATTRIBUTENAME></ATTRIBUTENAME><CONDITIONNUM>BMXAQ1289</CONDITIONNUM><GROUPNAME>Custumeraccess</GROUPNAME><OBJECTNAME>PLUSPSALESORDER</OBJECTNAME><PLUSPCUSTRESTR>1</PLUSPCUSTRESTR><REEVALUATE>1</REEVALUATE><RESTRICTION maxvalue="QUALIFIED">QUALIFIED</RESTRICTION><SECURITYRESTRICTID>369</SECURITYRESTRICTID><SRESTRICTNUM>1060</SRESTRICTNUM><TYPE maxvalue="ROW">ROW</TYPE></SECURITYRESTRICT><SECURITYRESTRICT action="AddChange"><APP></APP><ATTRIBUTENAME></ATTRIBUTENAME><CONDITIONNUM>BMXAQ1299</CONDITIONNUM><GROUPNAME>Custumeraccess</GROUPNAME><OBJECTNAME>PLUSPRESPPLAN</OBJECTNAME><PLUSPCUSTRESTR>1</PLUSPCUSTRESTR><REEVALUATE>1</REEVALUATE><RESTRICTION maxvalue="QUALIFIED">QUALIFIED</RESTRICTION><SECURITYRESTRICTID>370</SECURITYRESTRICTID><SRESTRICTNUM>1061</SRESTRICTNUM><TYPE maxvalue="ROW">ROW</TYPE></SECURITYRESTRICT><SECURITYRESTRICT action="AddChange"><APP></APP><ATTRIBUTENAME></ATTRIBUTENAME><CONDITIONNUM>BMXAQ1304</CONDITIONNUM><GROUPNAME>Custumeraccess</GROUPNAME><OBJECTNAME>PLUSPRESPPLAN</OBJECTNAME><PLUSPCUSTRESTR>1</PLUSPCUSTRESTR><REEVALUATE>1</REEVALUATE><RESTRICTION maxvalue="HIDDEN">HIDDEN</RESTRICTION><SECURITYRESTRICTID>371</SECURITYRESTRICTID><SRESTRICTNUM>1062</SRESTRICTNUM><TYPE maxvalue="ROW">ROW</TYPE></SECURITYRESTRICT><SECURITYRESTRICT action="AddChange"><APP></APP><ATTRIBUTENAME></ATTRIBUTENAME><CONDITIONNUM>BMXAQ1309</CONDITIONNUM><GROUPNAME>Custumeraccess</GROUPNAME><OBJECTNAME>SLA</OBJECTNAME><PLUSPCUSTRESTR>1</PLUSPCUSTRESTR><REEVALUATE>1</REEVALUATE><RESTRICTION maxvalue="QUALIFIED">QUALIFIED</RESTRICTION><SECURITYRESTRICTID>372</SECURITYRESTRICTID><SRESTRICTNUM>1063</SRESTRICTNUM><TYPE maxvalue="ROW">ROW</TYPE></SECURITYRESTRICT><SECURITYRESTRICT action="AddChange"><APP></APP><ATTRIBUTENAME></ATTRIBUTENAME><CONDITIONNUM>BMXAQ1314</CONDITIONNUM><GROUPNAME>Custumeraccess</GROUPNAME><OBJECTNAME>SLA</OBJECTNAME><PLUSPCUSTRESTR>1</PLUSPCUSTRESTR><REEVALUATE>1</REEVALUATE><RESTRICTION maxvalue="HIDDEN">HIDDEN</RESTRICTION><SECURITYRESTRICTID>373</SECURITYRESTRICTID><SRESTRICTNUM>1064</SRESTRICTNUM><TYPE maxvalue="ROW">ROW</TYPE></SECURITYRESTRICT><SECURITYRESTRICT action="AddChange"><APP></APP><ATTRIBUTENAME></ATTRIBUTENAME><CONDITIONNUM>BMXAQ1319</CONDITIONNUM><GROUPNAME>Custumeraccess</GROUPNAME><OBJECTNAME>PERSON</OBJECTNAME><PLUSPCUSTRESTR>1</PLUSPCUSTRESTR><REEVALUATE>1</REEVALUATE><RESTRICTION maxvalue="QUALIFIED">QUALIFIED</RESTRICTION><SECURITYRESTRICTID>374</SECURITYRESTRICTID><SRESTRICTNUM>1065</SRESTRICTNUM><TYPE maxvalue="ROW">ROW</TYPE></SECURITYRESTRICT><SECURITYRESTRICT action="AddChange"><APP></APP><ATTRIBUTENAME></ATTRIBUTENAME><CONDITIONNUM>BMXAQ1324</CONDITIONNUM><GROUPNAME>Custumeraccess</GROUPNAME><OBJECTNAME>PERSON</OBJECTNAME><PLUSPCUSTRESTR>1</PLUSPCUSTRESTR><REEVALUATE>1</REEVALUATE><RESTRICTION maxvalue="HIDDEN">HIDDEN</RESTRICTION><SECURITYRESTRICTID>375</SECURITYRESTRICTID><SRESTRICTNUM>1066</SRESTRICTNUM><TYPE maxvalue="ROW">ROW</TYPE></SECURITYRESTRICT><SECURITYRESTRICT action="AddChange"><APP></APP><ATTRIBUTENAME></ATTRIBUTENAME><CONDITIONNUM>BMXAQ1329</CONDITIONNUM><GROUPNAME>Custumeraccess</GROUPNAME><OBJECTNAME>RECONASSETRESULT</OBJECTNAME><PLUSPCUSTRESTR>1</PLUSPCUSTRESTR><REEVALUATE>1</REEVALUATE><RESTRICTION maxvalue="QUALIFIED">QUALIFIED</RESTRICTION><SECURITYRESTRICTID>376</SECURITYRESTRICTID><SRESTRICTNUM>1067</SRESTRICTNUM><TYPE maxvalue="ROW">ROW</TYPE></SECURITYRESTRICT><SECURITYRESTRICT action="AddChange"><APP></APP><ATTRIBUTENAME></ATTRIBUTENAME><CONDITIONNUM>BMXAQ1334</CONDITIONNUM><GROUPNAME>Custumeraccess</GROUPNAME><OBJECTNAME>RECONASSETRESULT</OBJECTNAME><PLUSPCUSTRESTR>1</PLUSPCUSTRESTR><REEVALUATE>1</REEVALUATE><RESTRICTION maxvalue="HIDDEN">HIDDEN</RESTRICTION><SECURITYRESTRICTID>377</SECURITYRESTRICTID><SRESTRICTNUM>1068</SRESTRICTNUM><TYPE maxvalue="ROW">ROW</TYPE></SECURITYRESTRICT><SECURITYRESTRICT action="AddChange"><APP>IRV_VPWO</APP><ATTRIBUTENAME>LOGTYPE</ATTRIBUTENAME><CONDITIONNUM></CONDITIONNUM><GROUPNAME></GROUPNAME><OBJECTNAME>WORKLOG</OBJECTNAME><PLUSPCUSTRESTR>0</PLUSPCUSTRESTR><REEVALUATE>1</REEVALUATE><RESTRICTION maxvalue="READONLY">READONLY</RESTRICTION><SECURITYRESTRICTID>215</SECURITYRESTRICTID><SRESTRICTNUM>1003</SRESTRICTNUM><TYPE maxvalue="ATTR">ATTR</TYPE></SECURITYRESTRICT><SECURITYRESTRICT action="AddChange"><APP>IRV_VPWO</APP><ATTRIBUTENAME></ATTRIBUTENAME><CONDITIONNUM>IRVHIDECOMML</CONDITIONNUM><GROUPNAME></GROUPNAME><OBJECTNAME>COMMLOG</OBJECTNAME><PLUSPCUSTRESTR>0</PLUSPCUSTRESTR><REEVALUATE>1</REEVALUATE><RESTRICTION maxvalue="HIDDEN">HIDDEN</RESTRICTION><SECURITYRESTRICTID>216</SECURITYRESTRICTID><SRESTRICTNUM>1004</SRESTRICTNUM><TYPE maxvalue="ROW">ROW</TYPE></SECURITYRESTRICT><SECURITYRESTRICT action="AddChange"><APP>PO</APP><ATTRIBUTENAME>ORDERQTY</ATTRIBUTENAME><CONDITIONNUM>ATTRHIDEPOLI</CONDITIONNUM><GROUPNAME>MAXEVERYONE</GROUPNAME><OBJECTNAME>POLINE</OBJECTNAME><PLUSPCUSTRESTR>0</PLUSPCUSTRESTR><REEVALUATE>1</REEVALUATE><RESTRICTION maxvalue="HIDDEN">HIDDEN</RESTRICTION><SECURITYRESTRICTID>415</SECURITYRESTRICTID><SRESTRICTNUM>1079</SRESTRICTNUM><TYPE maxvalue="ATTR">ATTR</TYPE></SECURITYRESTRICT><SECURITYRESTRICT action="AddChange"><APP>PLUSPRESP</APP><ATTRIBUTENAME>IRVCHARGEREAS</ATTRIBUTENAME><CONDITIONNUM>IRV0001</CONDITIONNUM><GROUPNAME></GROUPNAME><OBJECTNAME>PLUSPRESPPLAN</OBJECTNAME><PLUSPCUSTRESTR>0</PLUSPCUSTRESTR><REEVALUATE>1</REEVALUATE><RESTRICTION maxvalue="REQUIRED">REQUIRED</RESTRICTION><SECURITYRESTRICTID>514</SECURITYRESTRICTID><SRESTRICTNUM>1085</SRESTRICTNUM><TYPE maxvalue="ATTR">ATTR</TYPE></SECURITYRESTRICT><SECURITYRESTRICT action="AddChange"><APP>PLUSPRESP</APP><ATTRIBUTENAME>IRVCHARGEREAS</ATTRIBUTENAME><CONDITIONNUM>IRV0002</CONDITIONNUM><GROUPNAME></GROUPNAME><OBJECTNAME>PLUSPRESPPLAN</OBJECTNAME><PLUSPCUSTRESTR>0</PLUSPCUSTRESTR><REEVALUATE>1</REEVALUATE><RESTRICTION maxvalue="READONLY">READONLY</RESTRICTION><SECURITYRESTRICTID>515</SECURITYRESTRICTID><SRESTRICTNUM>1086</SRESTRICTNUM><TYPE maxvalue="ATTR">ATTR</TYPE></SECURITYRESTRICT><SECURITYRESTRICT action="AddChange"><APP>PLUSPRESP</APP><ATTRIBUTENAME>IRVFINLIMIT</ATTRIBUTENAME><CONDITIONNUM>IRV0008</CONDITIONNUM><GROUPNAME></GROUPNAME><OBJECTNAME>PLUSPRESPPLAN</OBJECTNAME><PLUSPCUSTRESTR>0</PLUSPCUSTRESTR><REEVALUATE>1</REEVALUATE><RESTRICTION maxvalue="READONLY">READONLY</RESTRICTION><SECURITYRESTRICTID>614</SECURITYRESTRICTID><SRESTRICTNUM>1087</SRESTRICTNUM><TYPE maxvalue="ATTR">ATTR</TYPE></SECURITYRESTRICT><SECURITYRESTRICT action="AddChange"><APP>PLUSPRESP</APP><ATTRIBUTENAME>IRVFINMANDATE</ATTRIBUTENAME><CONDITIONNUM>IRV0008</CONDITIONNUM><GROUPNAME></GROUPNAME><OBJECTNAME>PLUSPRESPPLAN</OBJECTNAME><PLUSPCUSTRESTR>0</PLUSPCUSTRESTR><REEVALUATE>1</REEVALUATE><RESTRICTION maxvalue="READONLY">READONLY</RESTRICTION><SECURITYRESTRICTID>615</SECURITYRESTRICTID><SRESTRICTNUM>1088</SRESTRICTNUM><TYPE maxvalue="ATTR">ATTR</TYPE></SECURITYRESTRICT><SECURITYRESTRICT action="AddChange"><APP>PLUSPSR</APP><ATTRIBUTENAME>IRVEXCUSEAUTHBY</ATTRIBUTENAME><CONDITIONNUM>IRV0009</CONDITIONNUM><GROUPNAME></GROUPNAME><OBJECTNAME>SR</OBJECTNAME><PLUSPCUSTRESTR>0</PLUSPCUSTRESTR><REEVALUATE>1</REEVALUATE><RESTRICTION maxvalue="READONLY">READONLY</RESTRICTION><SECURITYRESTRICTID>714</SECURITYRESTRICTID><SRESTRICTNUM>1089</SRESTRICTNUM><TYPE maxvalue="ATTR">ATTR</TYPE></SECURITYRESTRICT><SECURITYRESTRICT action="AddChange"><APP>PLUSPSR</APP><ATTRIBUTENAME>IRVEXCUSECODE</ATTRIBUTENAME><CONDITIONNUM>IRV0009</CONDITIONNUM><GROUPNAME></GROUPNAME><OBJECTNAME>SR</OBJECTNAME><PLUSPCUSTRESTR>0</PLUSPCUSTRESTR><REEVALUATE>1</REEVALUATE><RESTRICTION maxvalue="READONLY">READONLY</RESTRICTION><SECURITYRESTRICTID>715</SECURITYRESTRICTID><SRESTRICTNUM>1090</SRESTRICTNUM><TYPE maxvalue="ATTR">ATTR</TYPE></SECURITYRESTRICT><SECURITYRESTRICT action="AddChange"><APP>PLUSPSR</APP><ATTRIBUTENAME>IRVEXCUSEFINISH</ATTRIBUTENAME><CONDITIONNUM>IRV0009</CONDITIONNUM><GROUPNAME></GROUPNAME><OBJECTNAME>SR</OBJECTNAME><PLUSPCUSTRESTR>0</PLUSPCUSTRESTR><REEVALUATE>1</REEVALUATE><RESTRICTION maxvalue="READONLY">READONLY</RESTRICTION><SECURITYRESTRICTID>716</SECURITYRESTRICTID><SRESTRICTNUM>1091</SRESTRICTNUM><TYPE maxvalue="ATTR">ATTR</TYPE></SECURITYRESTRICT><SECURITYRESTRICT action="AddChange"><APP>PLUSPSR</APP><ATTRIBUTENAME>IRVEXCUSESTART</ATTRIBUTENAME><CONDITIONNUM>IRV0009</CONDITIONNUM><GROUPNAME></GROUPNAME><OBJECTNAME>SR</OBJECTNAME><PLUSPCUSTRESTR>0</PLUSPCUSTRESTR><REEVALUATE>1</REEVALUATE><RESTRICTION maxvalue="READONLY">READONLY</RESTRICTION><SECURITYRESTRICTID>717</SECURITYRESTRICTID><SRESTRICTNUM>1092</SRESTRICTNUM><TYPE maxvalue="ATTR">ATTR</TYPE></SECURITYRESTRICT><SECURITYRESTRICT action="AddChange"><APP>PLUSPSR</APP><ATTRIBUTENAME>IRVEXCUSESTATUS</ATTRIBUTENAME><CONDITIONNUM>IRV0011</CONDITIONNUM><GROUPNAME></GROUPNAME><OBJECTNAME>SR</OBJECTNAME><PLUSPCUSTRESTR>0</PLUSPCUSTRESTR><REEVALUATE>1</REEVALUATE><RESTRICTION maxvalue="READONLY">READONLY</RESTRICTION><SECURITYRESTRICTID>718</SECURITYRESTRICTID><SRESTRICTNUM>1093</SRESTRICTNUM><TYPE maxvalue="ATTR">ATTR</TYPE></SECURITYRESTRICT><SECURITYRESTRICT action="AddChange"><APP>PLUSPSR</APP><ATTRIBUTENAME>IRVEXCUSETEXT</ATTRIBUTENAME><CONDITIONNUM>IRV0009</CONDITIONNUM><GROUPNAME></GROUPNAME><OBJECTNAME>SR</OBJECTNAME><PLUSPCUSTRESTR>0</PLUSPCUSTRESTR><REEVALUATE>1</REEVALUATE><RESTRICTION maxvalue="READONLY">READONLY</RESTRICTION><SECURITYRESTRICTID>719</SECURITYRESTRICTID><SRESTRICTNUM>1094</SRESTRICTNUM><TYPE maxvalue="ATTR">ATTR</TYPE></SECURITYRESTRICT><SECURITYRESTRICT action="AddChange"><APP>PLUSPWO</APP><ATTRIBUTENAME>IRV_CHARGEJUST</ATTRIBUTENAME><CONDITIONNUM>IRV0020</CONDITIONNUM><GROUPNAME></GROUPNAME><OBJECTNAME>WORKORDER</OBJECTNAME><PLUSPCUSTRESTR>0</PLUSPCUSTRESTR><REEVALUATE>1</REEVALUATE><RESTRICTION maxvalue="READONLY">READONLY</RESTRICTION><SECURITYRESTRICTID>914</SECURITYRESTRICTID><SRESTRICTNUM>1096</SRESTRICTNUM><TYPE maxvalue="ATTR">ATTR</TYPE></SECURITYRESTRICT><SECURITYRESTRICT action="AddChange"><APP>PLUSPWO</APP><ATTRIBUTENAME>IRV_CHARGEJUST</ATTRIBUTENAME><CONDITIONNUM>IRV0021</CONDITIONNUM><GROUPNAME></GROUPNAME><OBJECTNAME>WORKORDER</OBJECTNAME><PLUSPCUSTRESTR>0</PLUSPCUSTRESTR><REEVALUATE>1</REEVALUATE><RESTRICTION maxvalue="REQUIRED">REQUIRED</RESTRICTION><SECURITYRESTRICTID>915</SECURITYRESTRICTID><SRESTRICTNUM>1097</SRESTRICTNUM><TYPE maxvalue="ATTR">ATTR</TYPE></SECURITYRESTRICT><SECURITYRESTRICT action="AddChange"><APP></APP><ATTRIBUTENAME>REPORTEDBYID</ATTRIBUTENAME><CONDITIONNUM>IRV0007</CONDITIONNUM><GROUPNAME></GROUPNAME><OBJECTNAME>SR</OBJECTNAME><PLUSPCUSTRESTR>0</PLUSPCUSTRESTR><REEVALUATE>1</REEVALUATE><RESTRICTION maxvalue="READONLY">READONLY</RESTRICTION><SECURITYRESTRICTID>1115</SECURITYRESTRICTID><SRESTRICTNUM>1102</SRESTRICTNUM><TYPE maxvalue="ATTR">ATTR</TYPE></SECURITYRESTRICT><SECURITYRESTRICT action="AddChange"><APP></APP><ATTRIBUTENAME>REPORTEDBYNAME</ATTRIBUTENAME><CONDITIONNUM>IRV0007</CONDITIONNUM><GROUPNAME></GROUPNAME><OBJECTNAME>SR</OBJECTNAME><PLUSPCUSTRESTR>0</PLUSPCUSTRESTR><REEVALUATE>1</REEVALUATE><RESTRICTION maxvalue="READONLY">READONLY</RESTRICTION><SECURITYRESTRICTID>1116</SECURITYRESTRICTID><SRESTRICTNUM>1103</SRESTRICTNUM><TYPE maxvalue="ATTR">ATTR</TYPE></SECURITYRESTRICT><SECURITYRESTRICT action="AddChange"><APP></APP><ATTRIBUTENAME>REPORTEDPHONE</ATTRIBUTENAME><CONDITIONNUM>IRV0007</CONDITIONNUM><GROUPNAME></GROUPNAME><OBJECTNAME>SR</OBJECTNAME><PLUSPCUSTRESTR>0</PLUSPCUSTRESTR><REEVALUATE>1</REEVALUATE><RESTRICTION maxvalue="READONLY">READONLY</RESTRICTION><SECURITYRESTRICTID>1117</SECURITYRESTRICTID><SRESTRICTNUM>1104</SRESTRICTNUM><TYPE maxvalue="ATTR">ATTR</TYPE></SECURITYRESTRICT><SECURITYRESTRICT action="AddChange"><APP></APP><ATTRIBUTENAME>REPORTEDEMAIL</ATTRIBUTENAME><CONDITIONNUM>IRV0007</CONDITIONNUM><GROUPNAME></GROUPNAME><OBJECTNAME>SR</OBJECTNAME><PLUSPCUSTRESTR>0</PLUSPCUSTRESTR><REEVALUATE>1</REEVALUATE><RESTRICTION maxvalue="READONLY">READONLY</RESTRICTION><SECURITYRESTRICTID>1118</SECURITYRESTRICTID><SRESTRICTNUM>1105</SRESTRICTNUM><TYPE maxvalue="ATTR">ATTR</TYPE></SECURITYRESTRICT><SECURITYRESTRICT action="AddChange"><APP></APP><ATTRIBUTENAME>AFFECTEDPERSONID</ATTRIBUTENAME><CONDITIONNUM>IRV0007</CONDITIONNUM><GROUPNAME></GROUPNAME><OBJECTNAME>SR</OBJECTNAME><PLUSPCUSTRESTR>0</PLUSPCUSTRESTR><REEVALUATE>1</REEVALUATE><RESTRICTION maxvalue="READONLY">READONLY</RESTRICTION><SECURITYRESTRICTID>1214</SECURITYRESTRICTID><SRESTRICTNUM>1106</SRESTRICTNUM><TYPE maxvalue="ATTR">ATTR</TYPE></SECURITYRESTRICT><SECURITYRESTRICT action="AddChange"><APP></APP><ATTRIBUTENAME>AFFECTEDUSERNAME</ATTRIBUTENAME><CONDITIONNUM>IRV0007</CONDITIONNUM><GROUPNAME></GROUPNAME><OBJECTNAME>SR</OBJECTNAME><PLUSPCUSTRESTR>0</PLUSPCUSTRESTR><REEVALUATE>1</REEVALUATE><RESTRICTION maxvalue="READONLY">READONLY</RESTRICTION><SECURITYRESTRICTID>1215</SECURITYRESTRICTID><SRESTRICTNUM>1107</SRESTRICTNUM><TYPE maxvalue="ATTR">ATTR</TYPE></SECURITYRESTRICT><SECURITYRESTRICT action="AddChange"><APP></APP><ATTRIBUTENAME>AFFECTEDPHONE</ATTRIBUTENAME><CONDITIONNUM>IRV0007</CONDITIONNUM><GROUPNAME></GROUPNAME><OBJECTNAME>SR</OBJECTNAME><PLUSPCUSTRESTR>0</PLUSPCUSTRESTR><REEVALUATE>1</REEVALUATE><RESTRICTION maxvalue="READONLY">READONLY</RESTRICTION><SECURITYRESTRICTID>1216</SECURITYRESTRICTID><SRESTRICTNUM>1108</SRESTRICTNUM><TYPE maxvalue="ATTR">ATTR</TYPE></SECURITYRESTRICT><SECURITYRESTRICT action="AddChange"><APP></APP><ATTRIBUTENAME>AFFECTEDEMAIL</ATTRIBUTENAME><CONDITIONNUM>IRV0007</CONDITIONNUM><GROUPNAME></GROUPNAME><OBJECTNAME>SR</OBJECTNAME><PLUSPCUSTRESTR>0</PLUSPCUSTRESTR><REEVALUATE>1</REEVALUATE><RESTRICTION maxvalue="READONLY">READONLY</RESTRICTION><SECURITYRESTRICTID>1217</SECURITYRESTRICTID><SRESTRICTNUM>1109</SRESTRICTNUM><TYPE maxvalue="ATTR">ATTR</TYPE></SECURITYRESTRICT></DMSECRESTRICTSet></SyncDMSECRESTRICT>