<?xml version="1.0" encoding="UTF-8"?><SyncDMSECRESTRICT xmlns="http://www.ibm.com/maximo" xmlns:xsi="http://www.w3.org/2001/XMLSchema-instance" creationDateTime="2015-01-26T21:27:27+00:00" transLanguage="EN" baseLanguage="EN" messageID="1422307647660933847" maximoVersion="7 5 20130829-1209 V7510--1"><DMSECRESTRICTSet><SECURITYRESTRICT action="AddChange"><APP></APP><ATTRIBUTENAME>LOCATION</ATTRIBUTENAME><CONDITIONNUM>IRV0007</CONDITIONNUM><GROUPNAME></GROUPNAME><OBJECTNAME>SR</OBJECTNAME><PLUSPCUSTRESTR>0</PLUSPCUSTRESTR><REEVALUATE>1</REEVALUATE><RESTRICTION maxvalue="READONLY">READONLY</RESTRICTION><SECURITYRESTRICTID>1218</SECURITYRESTRICTID><SRESTRICTNUM>1110</SRESTRICTNUM><TYPE maxvalue="ATTR">ATTR</TYPE></SECURITYRESTRICT><SECURITYRESTRICT action="AddChange"><APP></APP><ATTRIBUTENAME>PLUSPCUSTOMER</ATTRIBUTENAME><CONDITIONNUM>IRV0007</CONDITIONNUM><GROUPNAME></GROUPNAME><OBJECTNAME>SR</OBJECTNAME><PLUSPCUSTRESTR>0</PLUSPCUSTRESTR><REEVALUATE>1</REEVALUATE><RESTRICTION maxvalue="READONLY">READONLY</RESTRICTION><SECURITYRESTRICTID>1219</SECURITYRESTRICTID><SRESTRICTNUM>1111</SRESTRICTNUM><TYPE maxvalue="ATTR">ATTR</TYPE></SECURITYRESTRICT><SECURITYRESTRICT action="AddChange"><APP></APP><ATTRIBUTENAME>REPORTDATE</ATTRIBUTENAME><CONDITIONNUM>IRV0007</CONDITIONNUM><GROUPNAME></GROUPNAME><OBJECTNAME>SR</OBJECTNAME><PLUSPCUSTRESTR>0</PLUSPCUSTRESTR><REEVALUATE>1</REEVALUATE><RESTRICTION maxvalue="READONLY">READONLY</RESTRICTION><SECURITYRESTRICTID>1220</SECURITYRESTRICTID><SRESTRICTNUM>1112</SRESTRICTNUM><TYPE maxvalue="ATTR">ATTR</TYPE></SECURITYRESTRICT><SECURITYRESTRICT action="AddChange"><APP></APP><ATTRIBUTENAME>AFFECTEDDATE</ATTRIBUTENAME><CONDITIONNUM>IRV0007</CONDITIONNUM><GROUPNAME></GROUPNAME><OBJECTNAME>SR</OBJECTNAME><PLUSPCUSTRESTR>0</PLUSPCUSTRESTR><REEVALUATE>1</REEVALUATE><RESTRICTION maxvalue="READONLY">READONLY</RESTRICTION><SECURITYRESTRICTID>1221</SECURITYRESTRICTID><SRESTRICTNUM>1113</SRESTRICTNUM><TYPE maxvalue="ATTR">ATTR</TYPE></SECURITYRESTRICT><SECURITYRESTRICT action="AddChange"><APP></APP><ATTRIBUTENAME>TARGETCONTACTDATE</ATTRIBUTENAME><CONDITIONNUM>IRV0007</CONDITIONNUM><GROUPNAME></GROUPNAME><OBJECTNAME>SR</OBJECTNAME><PLUSPCUSTRESTR>0</PLUSPCUSTRESTR><REEVALUATE>1</REEVALUATE><RESTRICTION maxvalue="READONLY">READONLY</RESTRICTION><SECURITYRESTRICTID>1222</SECURITYRESTRICTID><SRESTRICTNUM>1114</SRESTRICTNUM><TYPE maxvalue="ATTR">ATTR</TYPE></SECURITYRESTRICT><SECURITYRESTRICT action="AddChange"><APP></APP><ATTRIBUTENAME>ACTUALCONTACTDATE</ATTRIBUTENAME><CONDITIONNUM>IRV0007</CONDITIONNUM><GROUPNAME></GROUPNAME><OBJECTNAME>SR</OBJECTNAME><PLUSPCUSTRESTR>0</PLUSPCUSTRESTR><REEVALUATE>1</REEVALUATE><RESTRICTION maxvalue="READONLY">READONLY</RESTRICTION><SECURITYRESTRICTID>1223</SECURITYRESTRICTID><SRESTRICTNUM>1115</SRESTRICTNUM><TYPE maxvalue="ATTR">ATTR</TYPE></SECURITYRESTRICT><SECURITYRESTRICT action="AddChange"><APP></APP><ATTRIBUTENAME>DESCRIPTION_LONGDESCRIPTION</ATTRIBUTENAME><CONDITIONNUM>IRV0007</CONDITIONNUM><GROUPNAME></GROUPNAME><OBJECTNAME>SR</OBJECTNAME><PLUSPCUSTRESTR>0</PLUSPCUSTRESTR><REEVALUATE>1</REEVALUATE><RESTRICTION maxvalue="READONLY">READONLY</RESTRICTION><SECURITYRESTRICTID>1224</SECURITYRESTRICTID><SRESTRICTNUM>1116</SRESTRICTNUM><TYPE maxvalue="ATTR">ATTR</TYPE></SECURITYRESTRICT><SECURITYRESTRICT action="AddChange"><APP></APP><ATTRIBUTENAME>IRVCUSTPRI</ATTRIBUTENAME><CONDITIONNUM>IRV0007</CONDITIONNUM><GROUPNAME></GROUPNAME><OBJECTNAME>SR</OBJECTNAME><PLUSPCUSTRESTR>0</PLUSPCUSTRESTR><REEVALUATE>1</REEVALUATE><RESTRICTION maxvalue="READONLY">READONLY</RESTRICTION><SECURITYRESTRICTID>1225</SECURITYRESTRICTID><SRESTRICTNUM>1117</SRESTRICTNUM><TYPE maxvalue="ATTR">ATTR</TYPE></SECURITYRESTRICT><SECURITYRESTRICT action="AddChange"><APP></APP><ATTRIBUTENAME>ASSETSITEID</ATTRIBUTENAME><CONDITIONNUM>IRV0007</CONDITIONNUM><GROUPNAME></GROUPNAME><OBJECTNAME>SR</OBJECTNAME><PLUSPCUSTRESTR>0</PLUSPCUSTRESTR><REEVALUATE>1</REEVALUATE><RESTRICTION maxvalue="READONLY">READONLY</RESTRICTION><SECURITYRESTRICTID>1226</SECURITYRESTRICTID><SRESTRICTNUM>1118</SRESTRICTNUM><TYPE maxvalue="ATTR">ATTR</TYPE></SECURITYRESTRICT><SECURITYRESTRICT action="AddChange"><APP></APP><ATTRIBUTENAME>IRVSERVICELINE</ATTRIBUTENAME><CONDITIONNUM>IRV0007</CONDITIONNUM><GROUPNAME></GROUPNAME><OBJECTNAME>SR</OBJECTNAME><PLUSPCUSTRESTR>0</PLUSPCUSTRESTR><REEVALUATE>1</REEVALUATE><RESTRICTION maxvalue="READONLY">READONLY</RESTRICTION><SECURITYRESTRICTID>1227</SECURITYRESTRICTID><SRESTRICTNUM>1119</SRESTRICTNUM><TYPE maxvalue="ATTR">ATTR</TYPE></SECURITYRESTRICT><SECURITYRESTRICT action="AddChange"><APP></APP><ATTRIBUTENAME></ATTRIBUTENAME><CONDITIONNUM>BMXAQ1339</CONDITIONNUM><GROUPNAME>Custumeraccess</GROUPNAME><OBJECTNAME>RECONCIRESULT</OBJECTNAME><PLUSPCUSTRESTR>1</PLUSPCUSTRESTR><REEVALUATE>1</REEVALUATE><RESTRICTION maxvalue="QUALIFIED">QUALIFIED</RESTRICTION><SECURITYRESTRICTID>378</SECURITYRESTRICTID><SRESTRICTNUM>1069</SRESTRICTNUM><TYPE maxvalue="ROW">ROW</TYPE></SECURITYRESTRICT><SECURITYRESTRICT action="AddChange"><APP></APP><ATTRIBUTENAME></ATTRIBUTENAME><CONDITIONNUM>BMXAQ1344</CONDITIONNUM><GROUPNAME>Custumeraccess</GROUPNAME><OBJECTNAME>RECONCIRESULT</OBJECTNAME><PLUSPCUSTRESTR>1</PLUSPCUSTRESTR><REEVALUATE>1</REEVALUATE><RESTRICTION maxvalue="HIDDEN">HIDDEN</RESTRICTION><SECURITYRESTRICTID>379</SECURITYRESTRICTID><SRESTRICTNUM>1070</SRESTRICTNUM><TYPE maxvalue="ROW">ROW</TYPE></SECURITYRESTRICT><SECURITYRESTRICT action="AddChange"><APP></APP><ATTRIBUTENAME></ATTRIBUTENAME><CONDITIONNUM>BMXAQ1349</CONDITIONNUM><GROUPNAME>Custumeraccess</GROUPNAME><OBJECTNAME>WORKVIEW</OBJECTNAME><PLUSPCUSTRESTR>1</PLUSPCUSTRESTR><REEVALUATE>1</REEVALUATE><RESTRICTION maxvalue="QUALIFIED">QUALIFIED</RESTRICTION><SECURITYRESTRICTID>380</SECURITYRESTRICTID><SRESTRICTNUM>1071</SRESTRICTNUM><TYPE maxvalue="ROW">ROW</TYPE></SECURITYRESTRICT><SECURITYRESTRICT action="AddChange"><APP></APP><ATTRIBUTENAME></ATTRIBUTENAME><CONDITIONNUM>BMXAQ1354</CONDITIONNUM><GROUPNAME>Custumeraccess</GROUPNAME><OBJECTNAME>WORKVIEW</OBJECTNAME><PLUSPCUSTRESTR>1</PLUSPCUSTRESTR><REEVALUATE>1</REEVALUATE><RESTRICTION maxvalue="HIDDEN">HIDDEN</RESTRICTION><SECURITYRESTRICTID>381</SECURITYRESTRICTID><SRESTRICTNUM>1072</SRESTRICTNUM><TYPE maxvalue="ROW">ROW</TYPE></SECURITYRESTRICT><SECURITYRESTRICT action="AddChange"><APP></APP><ATTRIBUTENAME></ATTRIBUTENAME><CONDITIONNUM>BMXAQ1359</CONDITIONNUM><GROUPNAME>Custumeraccess</GROUPNAME><OBJECTNAME>RECONASSETLINK</OBJECTNAME><PLUSPCUSTRESTR>1</PLUSPCUSTRESTR><REEVALUATE>1</REEVALUATE><RESTRICTION maxvalue="QUALIFIED">QUALIFIED</RESTRICTION><SECURITYRESTRICTID>382</SECURITYRESTRICTID><SRESTRICTNUM>1073</SRESTRICTNUM><TYPE maxvalue="ROW">ROW</TYPE></SECURITYRESTRICT><SECURITYRESTRICT action="AddChange"><APP></APP><ATTRIBUTENAME></ATTRIBUTENAME><CONDITIONNUM>BMXAQ1364</CONDITIONNUM><GROUPNAME>Custumeraccess</GROUPNAME><OBJECTNAME>RECONASSETLINK</OBJECTNAME><PLUSPCUSTRESTR>1</PLUSPCUSTRESTR><REEVALUATE>1</REEVALUATE><RESTRICTION maxvalue="HIDDEN">HIDDEN</RESTRICTION><SECURITYRESTRICTID>383</SECURITYRESTRICTID><SRESTRICTNUM>1074</SRESTRICTNUM><TYPE maxvalue="ROW">ROW</TYPE></SECURITYRESTRICT><SECURITYRESTRICT action="AddChange"><APP></APP><ATTRIBUTENAME></ATTRIBUTENAME><CONDITIONNUM>BMXAQ1369</CONDITIONNUM><GROUPNAME>Custumeraccess</GROUPNAME><OBJECTNAME>RECONCILINK</OBJECTNAME><PLUSPCUSTRESTR>1</PLUSPCUSTRESTR><REEVALUATE>1</REEVALUATE><RESTRICTION maxvalue="QUALIFIED">QUALIFIED</RESTRICTION><SECURITYRESTRICTID>384</SECURITYRESTRICTID><SRESTRICTNUM>1075</SRESTRICTNUM><TYPE maxvalue="ROW">ROW</TYPE></SECURITYRESTRICT><SECURITYRESTRICT action="AddChange"><APP></APP><ATTRIBUTENAME></ATTRIBUTENAME><CONDITIONNUM>BMXAQ1374</CONDITIONNUM><GROUPNAME>Custumeraccess</GROUPNAME><OBJECTNAME>RECONCILINK</OBJECTNAME><PLUSPCUSTRESTR>1</PLUSPCUSTRESTR><REEVALUATE>1</REEVALUATE><RESTRICTION maxvalue="HIDDEN">HIDDEN</RESTRICTION><SECURITYRESTRICTID>385</SECURITYRESTRICTID><SRESTRICTNUM>1076</SRESTRICTNUM><TYPE maxvalue="ROW">ROW</TYPE></SECURITYRESTRICT></DMSECRESTRICTSet></SyncDMSECRESTRICT>