<?xml version="1.0" encoding="UTF-8"?><SyncDMCFGGROUP xmlns="http://www.ibm.com/maximo" xmlns:xsi="http://www.w3.org/2001/XMLSchema-instance" creationDateTime="2015-01-26T21:27:28+00:00" transLanguage="EN" baseLanguage="EN" messageID="1422307648129874030" maximoVersion="7 5 20130829-1209 V7510--1"><DMCFGGROUPSet><DMCFGGROUP><CFGGROUPORDER>41</CFGGROUPORDER><CFGOBJGROUP>DMSECRESTRICT</CFGOBJGROUP><CHANGEBY>TIMMINSA</CHANGEBY><CHANGEDATE>2015-01-26T21:23:08+00:00</CHANGEDATE><DESCRIPTION>Security Restrictions</DESCRIPTION><DMCFGGROUPID>93330</DMCFGGROUPID><GROUPTYPE maxvalue="CFGDATA">CFGDATA</GROUPTYPE><INTERNAL>0</INTERNAL><DMCFGOBJECT><CFGOBJECT>DMSECRESTRICT</CFGOBJECT><CFGOBJORDER>1</CFGOBJORDER><CHANGEBY>TIMMINSA</CHANGEBY><CHANGEDATE>2015-01-26T21:23:17+00:00</CHANGEDATE><DESCRIPTION>Security Restrictions</DESCRIPTION><DMCFGOBJECTID>2896</DMCFGOBJECTID><INTERNAL>0</INTERNAL></DMCFGOBJECT></DMCFGGROUP></DMCFGGROUPSet></SyncDMCFGGROUP>