<?xml version="1.0" encoding="UTF-8"?><SyncDMPACKAGE xmlns="http://www.ibm.com/maximo" xmlns:xsi="http://www.w3.org/2001/XMLSchema-instance" creationDateTime="2014-07-29T16:39:32+01:00" transLanguage="EN" baseLanguage="EN" messageID="1406648372585355403" maximoVersion="7 5 20130829-1209 V7510--1"><DMPACKAGESet><DMPACKAGE><CHANGEBY>TIMMINSA</CHANGEBY><CONTENTID>b0c7ff49-def3-4f83-9ded-490555e54f8e</CONTENTID><CREATEBY>TIMMINSA</CREATEBY><CREATEDATE>2014-07-29T16:38:48+01:00</CREATEDATE><DMPACKAGEID>408</DMPACKAGEID><FILENAME></FILENAME><PACKAGE>BBC_WF_BBC-SQL-D01_BBCMAXDEV_dbo_20140729163848</PACKAGE><PKGDEFNAME>BBC_WF</PKGDEFNAME><PROGRESSSTATUS maxvalue="CREATED">CREATED</PROGRESSSTATUS><README></README><REDISTRIBUTESRC></REDISTRIBUTESRC><SOURCE>BBC-SQL-D01_BBCMAXDEV_dbo</SOURCE><STATUS maxvalue="CREATED">CREATED</STATUS><STATUSDATE>2014-07-29T16:39:32+01:00</STATUSDATE><DMPKGSTATUS><CHANGEBY>TIMMINSA</CHANGEBY><CHANGEDATE>2014-07-29T16:39:32+01:00</CHANGEDATE><CONTENTID>81cd2bee-348d-4099-a26b-06c4a5bf2933</CONTENTID><DMPKGSTATUSID>433</DMPKGSTATUSID><MEMO>Progress status changed in product environment BBC-SQL-D01_BBCMAXDEV_dbo from CREATE_NEW while creating package</MEMO><PROGRESSSTATUS maxvalue="CREATED_CFGDATA">CREATED_CFGDATA</PROGRESSSTATUS><REDISTRIBUTESRC></REDISTRIBUTESRC><STATUS maxvalue="CREATE_INPROGRESS">CREATE_INPROGRESS</STATUS></DMPKGSTATUS><DMPKGSTATUS><CHANGEBY>TIMMINSA</CHANGEBY><CHANGEDATE>2014-07-29T16:39:32+01:00</CHANGEDATE><CONTENTID>6a320017-c5eb-4f67-b065-3c332aec4260</CONTENTID><DMPKGSTATUSID>435</DMPKGSTATUSID><MEMO>Progress status changed in product environment BBC-SQL-D01_BBCMAXDEV_dbo from CREATED_PKGMETADATA while creating package</MEMO><PROGRESSSTATUS maxvalue="CREATED_MANIFEST">CREATED_MANIFEST</PROGRESSSTATUS><REDISTRIBUTESRC></REDISTRIBUTESRC><STATUS maxvalue="CREATE_INPROGRESS">CREATE_INPROGRESS</STATUS></DMPKGSTATUS><DMPKGSTATUS><CHANGEBY>TIMMINSA</CHANGEBY><CHANGEDATE>2014-07-29T16:39:32+01:00</CHANGEDATE><CONTENTID>6ce60197-da40-4454-8d48-85df743c597c</CONTENTID><DMPKGSTATUSID>434</DMPKGSTATUSID><MEMO>Progress status changed in product environment BBC-SQL-D01_BBCMAXDEV_dbo from CREATED_CFGDATA while creating package</MEMO><PROGRESSSTATUS maxvalue="CREATED_PKGMETADATA">CREATED_PKGMETADATA</PROGRESSSTATUS><REDISTRIBUTESRC></REDISTRIBUTESRC><STATUS maxvalue="CREATE_INPROGRESS">CREATE_INPROGRESS</STATUS></DMPKGSTATUS><DMPKGSTATUS><CHANGEBY>TIMMINSA</CHANGEBY><CHANGEDATE>2014-07-29T16:38:48+01:00</CHANGEDATE><CONTENTID>9256cd9a-ba5f-4ea5-a2d7-4d6e54490969</CONTENTID><DMPKGSTATUSID>432</DMPKGSTATUSID><MEMO>Progress status changed in product environment BBC-SQL-D01_BBCMAXDEV_dbo while creating package.</MEMO><PROGRESSSTATUS maxvalue="CREATE_NEW">CREATE_NEW</PROGRESSSTATUS><REDISTRIBUTESRC></REDISTRIBUTESRC><STATUS maxvalue="CREATE_NEW">CREATE_NEW</STATUS></DMPKGSTATUS><DMPKGSTATUS><CHANGEBY>TIMMINSA</CHANGEBY><CHANGEDATE>2014-07-29T16:39:32+01:00</CHANGEDATE><CONTENTID>bb764124-15eb-4d56-8a67-962c1cdef0b3</CONTENTID><DMPKGSTATUSID>436</DMPKGSTATUSID><MEMO>Progress status changed in product environment BBC-SQL-D01_BBCMAXDEV_dbo from CREATED_MANIFEST while creating package</MEMO><PROGRESSSTATUS maxvalue="CREATED">CREATED</PROGRESSSTATUS><REDISTRIBUTESRC></REDISTRIBUTESRC><STATUS maxvalue="CREATED">CREATED</STATUS></DMPKGSTATUS></DMPACKAGE></DMPACKAGESet></SyncDMPACKAGE>