<?xml version="1.0" encoding="UTF-8"?><SyncDMESCALATION xmlns="http://www.ibm.com/maximo" xmlns:xsi="http://www.w3.org/2001/XMLSchema-instance" creationDateTime="2015-02-23T11:31:18+00:00" transLanguage="EN" baseLanguage="EN" messageID="1424691078235714864" maximoVersion="7 5 20130829-1209 V7510--1"><DMESCALATIONSet><ESCALATION action="AddChange"><ACTIVE>1</ACTIVE><CHANGEBY>TIMMINSA</CHANGEBY><CHANGEDATE>2015-02-09T15:04:29+00:00</CHANGEDATE><CONDITION>(select COUNT(1) from workorder where wonum in (select relatedreckey from relatedrecord where class = 'SR' and relatedrecclass = 'WORKORDER' and recordkey =  sr.ticketid) and status not in ('CAN'))  = (select COUNT(1) from workorder where wonum in (select relatedreckey from relatedrecord where class = 'SR' and relatedrecclass = 'WORKORDER' and recordkey =  sr.ticketid) and status in ('FINCOMP','HISTEDIT') and statusdate  &lt;= dateadd(day,-60,getdate()))  and status = 'RESOLVED'</CONDITION><CRONTASKNAME>ESCALATION</CRONTASKNAME><DESCRIPTION>CLOSE the SR record when the work order is FINCOMP</DESCRIPTION><DESCRIPTION_LONGDESCRIPTION></DESCRIPTION_LONGDESCRIPTION><ESCALATION>IRVSRCOMP</ESCALATION><ESCALATIONID>1720</ESCALATIONID><ESCCALENDAR></ESCCALENDAR><ESCCALORGID></ESCCALORGID><ESCSHIFT></ESCSHIFT><ESCSTATUSFLAG>0</ESCSTATUSFLAG><HASLD>0</HASLD><INSTANCENAME>ESCIRVSRCOMP</INSTANCENAME><LANGCODE>EN</LANGCODE><OBJECTNAME>SR</OBJECTNAME><ORGID></ORGID><PLUSPONDEMAND>0</PLUSPONDEMAND><PLUSPSOURCEAPP>ESCALATION</PLUSPSOURCEAPP><SCHEDULE>1w,0,0,1,*,*,*,7,*,*</SCHEDULE><SITEID></SITEID><SLANUM></SLANUM><ESCREFPOINT><ACTION>1076</ACTION><CALCCALENDAR></CALCCALENDAR><CALCORGID></CALCORGID><CALCSHIFT></CALCSHIFT><ELAPSEDINTERVAL xsi:nil="true"></ELAPSEDINTERVAL><EVENTATTRIBUTE></EVENTATTRIBUTE><EVENTCONDITION></EVENTCONDITION><INTERVALUOM></INTERVALUOM><REFPOINTID>1618</REFPOINTID><REFPOINTNUM>1</REFPOINTNUM><REPEAT>1</REPEAT></ESCREFPOINT></ESCALATION></DMESCALATIONSet></SyncDMESCALATION>