<?xml version="1.0" encoding="UTF-8"?><SyncDMPKGDSTTRGT xmlns="http://www.ibm.com/maximo" xmlns:xsi="http://www.w3.org/2001/XMLSchema-instance" creationDateTime="2014-10-30T11:27:28+00:00" transLanguage="EN" baseLanguage="EN" messageID="1414668447880283567" maximoVersion="7 5 20130829-1209 V7510--1"><DMPKGDSTTRGTSet><DMPKGDSTTRGT><CHANGEBY>TIMMINSA</CHANGEBY><CHANGEDATE>2014-10-06T09:15:50+01:00</CHANGEDATE><DESCRIPTION>BBC Deployment Environment</DESCRIPTION><DMPKGDSTTRGTID>102</DMPKGDSTTRGTID><DRIVERNAME>com.microsoft.sqlserver.jdbc.SQLServerDriver</DRIVERNAME><LANGCODE>EN</LANGCODE><PASSWORD mxencrypted="1">iKnXiAqZT5XnfbigUKzB8lWpasb3SThq</PASSWORD><SCHEMANAME>dbo</SCHEMANAME><TARGETNAME>BBC_DEP</TARGETNAME><TYPE maxvalue="DATABASE">DATABASE</TYPE><URL>jdbc:sqlserver://;serverName=BBC-SQL-D01.bbc-irv.local;databaseName=BBCMAXDEP;portNumber=1433;integratedSecurity=false;sendStringParametersAsUnicode=false;selectMethod=cursor;</URL><USERNAME>migmgr</USERNAME></DMPKGDSTTRGT><DMPKGDSTTRGT><CHANGEBY>REISH</CHANGEBY><CHANGEDATE>2014-03-06T16:12:18+00:00</CHANGEDATE><DESCRIPTION>Interserve Migration Manager Packages Folder</DESCRIPTION><DMPKGDSTTRGTID>2</DMPKGDSTTRGTID><DRIVERNAME></DRIVERNAME><LANGCODE>EN</LANGCODE><PASSWORD></PASSWORD><SCHEMANAME></SCHEMANAME><TARGETNAME>IRVMMFOLDER</TARGETNAME><TYPE maxvalue="FILE">FILE</TYPE><URL>D:\mm_packages\</URL><USERNAME></USERNAME></DMPKGDSTTRGT></DMPKGDSTTRGTSet></SyncDMPKGDSTTRGT>