<?xml version="1.0" encoding="UTF-8"?><SyncDMQUERY xmlns="http://www.ibm.com/maximo" xmlns:xsi="http://www.w3.org/2001/XMLSchema-instance" creationDateTime="2014-10-30T11:27:27+00:00" transLanguage="EN" baseLanguage="EN" messageID="1414668447458316549" maximoVersion="7 5 20130829-1209 V7510--1"><DMQUERYSet><QUERY action="AddChange"><APP>WORKMAN</APP><CLAUSE>((status = 'APPR' or status = 'DISPATCH' or status = 'ESTAPPR' or status = 'ONSITE' or status = 'TRAVEL' or status = 'WPCOND' or status = 'INPRG' or status = 'ONHOLD' or status = 'RETURN' or status = 'START' or status = 'ESTREQ' or status = 'WAPPR' or status = 'WMATL' or status = 'WSCH') and historyflag = 0 and siteid = 'GB' and worktype = 'PPM') and (exists (select 1 from dbo.locancestor where ((ancestor = '1000092')) and (location =wmassignment.location and systemid = ( select systemid from locsystem where primarysystem = '1' and siteid =wmassignment.siteid) and siteid=wmassignment.siteid)))</CLAUSE><CLAUSENAME>PPM Bristol</CLAUSENAME><DESCRIPTION>PPM Bristol</DESCRIPTION><ISPUBLIC>0</ISPUBLIC><OWNER>LANGLEYJ</OWNER><QUERYID>3111</QUERYID></QUERY><QUERY action="AddChange"><APP>WORKMAN</APP><CLAUSE>((status = 'APPR' or status = 'DISPATCH' or status = 'ESTAPPR' or status = 'ONSITE' or status = 'TRAVEL' or status = 'WPCOND' or status = 'INPRG' or status = 'ONHOLD' or status = 'RETURN' or status = 'START' or status = 'ESTREQ' or status = 'WAPPR' or status = 'WMATL' or status = 'WSCH') and historyflag = 0 and siteid = 'GB' and worktype = 'RW') and (exists (select 1 from dbo.locancestor where ((ancestor = '1000092')) and (location =wmassignment.location and systemid = ( select systemid from locsystem where primarysystem = '1' and siteid =wmassignment.siteid) and siteid=wmassignment.siteid)))</CLAUSE><CLAUSENAME>RW Bristol</CLAUSENAME><DESCRIPTION>RW Bristol</DESCRIPTION><ISPUBLIC>0</ISPUBLIC><OWNER>LANGLEYJ</OWNER><QUERYID>3112</QUERYID></QUERY><QUERY action="AddChange"><APP>WORKMAN</APP><CLAUSE>historyflag = 0 and siteid = 'GB' and assignstatus = 'WAITASGN' and worktype = 'PPM' and status in ('WSCH','APPR') order by WMASSIGNMENT.TARGCOMPDATE asc</CLAUSE><CLAUSENAME>PPMWAITASGN-ALL</CLAUSENAME><DESCRIPTION>PPM Work Orders Awaiting Assignment - All</DESCRIPTION><ISPUBLIC>1</ISPUBLIC><OWNER>TIMMINSA</OWNER><QUERYID>7104</QUERYID></QUERY><QUERY action="AddChange"><APP>WORKMAN</APP><CLAUSE>historyflag = 0 and siteid = 'GB' and assignstatus = 'WAITASGN' and worktype = 'PPM' and status in ('WSCH','APPR') and ((siteid = 'GB') and (exists (select 1 from dbo.workorder where (exists (select 1 from dbo.locationspec where ((upper(alnvalue) = 'I25')) and (location = workorder.location and siteid = workorder.siteid and assetattrid in (select assetattrid from assetattribute)))) and (wonum=wmassignment.wonum and siteid=wmassignment.siteid)))) order by WMASSIGNMENT.TARGCOMPDATE asc</CLAUSE><CLAUSENAME>PPMWAITASGN-I25</CLAUSENAME><DESCRIPTION>PPM Work Orders Awaiting Assignment - Inside M25</DESCRIPTION><ISPUBLIC>1</ISPUBLIC><OWNER>TIMMINSA</OWNER><QUERYID>7105</QUERYID></QUERY><QUERY action="AddChange"><APP>WORKMAN</APP><CLAUSE>historyflag = 0 and siteid = 'GB' and assignstatus = 'WAITASGN' and worktype = 'PPM' and status in ('WSCH','APPR') and ((siteid = 'GB') and (exists (select 1 from dbo.workorder where (exists (select 1 from dbo.locationspec where ((upper(alnvalue) = 'LONDON')) and (location = workorder.location and siteid = workorder.siteid and assetattrid in (select assetattrid from assetattribute)))) and (wonum=wmassignment.wonum and siteid=wmassignment.siteid)))) order by WMASSIGNMENT.TARGCOMPDATE asc</CLAUSE><CLAUSENAME>PPMWAITASGN-LONDON</CLAUSENAME><DESCRIPTION>PPM Work Orders Awaiting Assignment - London</DESCRIPTION><ISPUBLIC>1</ISPUBLIC><OWNER>TIMMINSA</OWNER><QUERYID>7106</QUERYID></QUERY><QUERY action="AddChange"><APP>WORKMAN</APP><CLAUSE>historyflag = 0 and siteid = 'GB' and assignstatus = 'WAITASGN' and worktype = 'PPM' and status in ('WSCH','APPR') and ((siteid = 'GB') and (exists (select 1 from dbo.workorder where (exists (select 1 from dbo.locationspec where ((upper(alnvalue) = 'MIDLANDS')) and (location = workorder.location and siteid = workorder.siteid and assetattrid in (select assetattrid from assetattribute)))) and (wonum=wmassignment.wonum and siteid=wmassignment.siteid)))) order by WMASSIGNMENT.TARGCOMPDATE asc</CLAUSE><CLAUSENAME>PPMWAITASGN-MIDLANDS</CLAUSENAME><DESCRIPTION>PPM Work Orders Awaiting Assignment - Midlands</DESCRIPTION><ISPUBLIC>1</ISPUBLIC><OWNER>TIMMINSA</OWNER><QUERYID>7107</QUERYID></QUERY><QUERY action="AddChange"><APP>WORKMAN</APP><CLAUSE>historyflag = 0 and siteid = 'GB' and assignstatus = 'WAITASGN' and worktype = 'PPM' and status in ('WSCH','APPR') and ((siteid = 'GB') and (exists (select 1 from dbo.workorder where (exists (select 1 from dbo.locationspec where ((upper(alnvalue) = 'NORTH')) and (location = workorder.location and siteid = workorder.siteid and assetattrid in (select assetattrid from assetattribute)))) and (wonum=wmassignment.wonum and siteid=wmassignment.siteid)))) order by WMASSIGNMENT.TARGCOMPDATE asc</CLAUSE><CLAUSENAME>PPMWAITASGN-NORTH</CLAUSENAME><DESCRIPTION>PPM Work Orders Awaiting Assignment - North</DESCRIPTION><ISPUBLIC>1</ISPUBLIC><OWNER>TIMMINSA</OWNER><QUERYID>7108</QUERYID></QUERY><QUERY action="AddChange"><APP>WORKMAN</APP><CLAUSE>historyflag = 0 and siteid = 'GB' and assignstatus = 'WAITASGN' and worktype = 'PPM' and status in ('WSCH','APPR') and ((siteid = 'GB') and (exists (select 1 from dbo.workorder where (exists (select 1 from dbo.locationspec where ((upper(alnvalue) = 'O25')) and (location = workorder.location and siteid = workorder.siteid and assetattrid in (select assetattrid from assetattribute)))) and (wonum=wmassignment.wonum and siteid=wmassignment.siteid)))) order by WMASSIGNMENT.TARGCOMPDATE asc</CLAUSE><CLAUSENAME>PPMWAITASGN-O25</CLAUSENAME><DESCRIPTION>PPM Work Orders Awaiting Assignment - Outside M25</DESCRIPTION><ISPUBLIC>1</ISPUBLIC><OWNER>TIMMINSA</OWNER><QUERYID>7109</QUERYID></QUERY><QUERY action="AddChange"><APP>WORKMAN</APP><CLAUSE>historyflag = 0 and siteid = 'GB' and assignstatus = 'WAITASGN' and worktype = 'PPM' and status in ('WSCH','APPR') and ((siteid = 'GB') and (exists (select 1 from dbo.workorder where (exists (select 1 from dbo.locationspec where ((upper(alnvalue) = 'SCOTLAND &amp; NI')) and (location = workorder.location and siteid = workorder.siteid and assetattrid in (select assetattrid from assetattribute)))) and (wonum=wmassignment.wonum and siteid=wmassignment.siteid)))) order by WMASSIGNMENT.TARGCOMPDATE asc</CLAUSE><CLAUSENAME>PPMWAITASGN-SCOTNI</CLAUSENAME><DESCRIPTION>PPM Work Orders Awaiting Assignment - Scotland &amp; NI</DESCRIPTION><ISPUBLIC>1</ISPUBLIC><OWNER>TIMMINSA</OWNER><QUERYID>7110</QUERYID></QUERY><QUERY action="AddChange"><APP>WORKMAN</APP><CLAUSE>historyflag = 0 and siteid = 'GB' and assignstatus = 'WAITASGN' and worktype = 'PPM' and status in ('WSCH','APPR') and ((siteid = 'GB') and (exists (select 1 from dbo.workorder where (exists (select 1 from dbo.locationspec where ((upper(alnvalue) = 'SOUTH &amp; WALES')) and (location = workorder.location and siteid = workorder.siteid and assetattrid in (select assetattrid from assetattribute)))) and (wonum=wmassignment.wonum and siteid=wmassignment.siteid)))) order by WMASSIGNMENT.TARGCOMPDATE asc</CLAUSE><CLAUSENAME>PPMWAITASGN-SWALES</CLAUSENAME><DESCRIPTION>PPM Work Orders Awaiting Assignment - South &amp; Wales</DESCRIPTION><ISPUBLIC>1</ISPUBLIC><OWNER>TIMMINSA</OWNER><QUERYID>7111</QUERYID></QUERY></DMQUERYSet></SyncDMQUERY>