<?xml version="1.0" encoding="UTF-8"?><SyncDMPACKAGEDEF xmlns="http://www.ibm.com/maximo" xmlns:xsi="http://www.w3.org/2001/XMLSchema-instance" creationDateTime="2014-10-30T11:27:28+00:00" transLanguage="EN" baseLanguage="EN" messageID="1414668447926796336" maximoVersion="7 5 20130829-1209 V7510--1"><DMPACKAGEDEFSet><DMPACKAGEDEF><ACTIVE>0</ACTIVE><BATCHSIZE>100</BATCHSIZE><CHANGEBY>TIMMINSA</CHANGEBY><CHANGEDATE>2014-10-30T11:26:12+00:00</CHANGEDATE><CONTENTID>a5baad26-48aa-4d33-8e39-c2bcd773f743</CONTENTID><DESCRIPTION>Query</DESCRIPTION><DESCRIPTION_LONGDESCRIPTION></DESCRIPTION_LONGDESCRIPTION><DMPACKAGEDEFID>1110</DMPACKAGEDEFID><DMROLE></DMROLE><HASLD>0</HASLD><LANGCODE>EN</LANGCODE><PKGDEFNAME>BBC_QUERY</PKGDEFNAME><SOURCE>BBC-SQL-D01_BBCMAXDEP_dbo</SOURCE><STATUS maxvalue="APPR">APPR</STATUS><STATUSDATE>2014-10-30T11:26:35+00:00</STATUSDATE><TYPE maxvalue="SNAPSHOT">SNAPSHOT</TYPE><XMLACTION maxvalue="ADDCHANGE">AddChange</XMLACTION><DMPKGDEFSTATUS><CHANGEBY>TIMMINSA</CHANGEBY><CONTENTID>f980d677-b8de-4002-b4fb-50ba032e0fac</CONTENTID><DMPKGDEFSTATUSID>1114</DMPKGDEFSTATUSID><MEMO></MEMO><STATUS maxvalue="WAPPR">WAPPR</STATUS><STATUSDATE>2014-10-09T18:02:00+01:00</STATUSDATE></DMPKGDEFSTATUS><DMPKGDEFSTATUS><CHANGEBY>TIMMINSA</CHANGEBY><CONTENTID>dd5f8cde-9445-4c27-af2b-dae1ac005f3b</CONTENTID><DMPKGDEFSTATUSID>1115</DMPKGDEFSTATUSID><MEMO></MEMO><STATUS maxvalue="APPR">APPR</STATUS><STATUSDATE>2014-10-30T11:26:00+00:00</STATUSDATE></DMPKGDEFSTATUS><DMPKGCFGGRPDEF><CFGOBJGROUP>BBC_QUERY</CFGOBJGROUP><CONTENTID>b780f84f-5e38-454d-942d-deb8bf52fcc4</CONTENTID><DMPKGCFGGRPDEFID>1209</DMPKGCFGGRPDEFID><DMPKGCFGOBJDEF><CFGOBJECT>DMQUERY</CFGOBJECT><CONTENTID>214fed32-fb6d-4a60-87c9-3e9b600d17aa</CONTENTID><DMPKGCFGOBJDEFID>1110</DMPKGCFGOBJDEFID><WHERECLAUSE>app = 'WORKMAN'</WHERECLAUSE></DMPKGCFGOBJDEF></DMPKGCFGGRPDEF><DMPKGDIST><CHANGEBY>TIMMINSA</CHANGEBY><CHANGEDATE>2014-10-30T11:26:12+00:00</CHANGEDATE><CONTENTID>d137bc6f-a844-4887-9189-de9a3a3a29e6</CONTENTID><DMPKGDISTID>1012</DMPKGDISTID><TARGETNAME>IRVMMFOLDER</TARGETNAME></DMPKGDIST><DMPKGDIST><CHANGEBY>TIMMINSA</CHANGEBY><CHANGEDATE>2014-10-30T11:26:12+00:00</CHANGEDATE><CONTENTID>debb0f11-7d1f-4925-9dcd-287033809bee</CONTENTID><DMPKGDISTID>1013</DMPKGDISTID><TARGETNAME>BBC_DEP</TARGETNAME></DMPKGDIST></DMPACKAGEDEF></DMPACKAGEDEFSet></SyncDMPACKAGEDEF>