<?xml version="1.0" encoding="UTF-8"?><SyncDMACTION xmlns="http://www.ibm.com/maximo" xmlns:xsi="http://www.w3.org/2001/XMLSchema-instance" creationDateTime="2014-09-18T11:13:35+01:00" transLanguage="EN" baseLanguage="EN" messageID="141103521585722981" maximoVersion="7 5 20130829-1209 V7510--1"><DMACTIONSet><ACTION action="AddChange"><ACTION>IRV_CANREQ</ACTION><ACTIONID>5978</ACTIONID><DESCRIPTION>Invoice - Invoice Cancel Request</DESCRIPTION><DESCRIPTION_LONGDESCRIPTION></DESCRIPTION_LONGDESCRIPTION><DISPVALUE>"CANREQ"</DISPVALUE><HASLD>0</HASLD><LANGCODE>EN</LANGCODE><MEMO></MEMO><OBJECTNAME>INVOICE</OBJECTNAME><PARAMETER>irv_reasoncode</PARAMETER><SENDERSYSID>MX</SENDERSYSID><TYPE maxvalue="SETVALUE">SETVALUE</TYPE><USEWITH maxvalue="ALL">ALL</USEWITH><VALUE></VALUE><VALUE2>"CANREQ"</VALUE2></ACTION><ACTION action="AddChange"><ACTION>IRV_CREDWAIT</ACTION><ACTIONID>5983</ACTIONID><DESCRIPTION>Invoice - Waiting for credit note.</DESCRIPTION><DESCRIPTION_LONGDESCRIPTION></DESCRIPTION_LONGDESCRIPTION><DISPVALUE>"CREDWAIT"</DISPVALUE><HASLD>0</HASLD><LANGCODE>EN</LANGCODE><MEMO></MEMO><OBJECTNAME>INVOICE</OBJECTNAME><PARAMETER>irv_reasoncode</PARAMETER><SENDERSYSID>MX</SENDERSYSID><TYPE maxvalue="SETVALUE">SETVALUE</TYPE><USEWITH maxvalue="ALL">ALL</USEWITH><VALUE></VALUE><VALUE2>"CREDWAIT"</VALUE2></ACTION><ACTION action="AddChange"><ACTION>IRV_INVVAL</ACTION><ACTIONID>5778</ACTIONID><DESCRIPTION>Invoice Validation</DESCRIPTION><DESCRIPTION_LONGDESCRIPTION></DESCRIPTION_LONGDESCRIPTION><DISPVALUE>com.ibm.tivoli.maximo.script.ScriptAction</DISPVALUE><HASLD>0</HASLD><LANGCODE>EN</LANGCODE><MEMO></MEMO><OBJECTNAME>INVOICE</OBJECTNAME><PARAMETER>IRV_INVVAL,IRV_INVVAL,IRV_INVVAL</PARAMETER><SENDERSYSID>MX</SENDERSYSID><TYPE maxvalue="CUSTOM">CUSTOM</TYPE><USEWITH maxvalue="ALL">ALL</USEWITH><VALUE>com.ibm.tivoli.maximo.script.ScriptAction</VALUE><VALUE2></VALUE2></ACTION><ACTION action="AddChange"><ACTION>IRV_ISS_CANREQ</ACTION><ACTIONID>5982</ACTIONID><DESCRIPTION>Invoice - Set Issue Type: Invoice - Set Reason: Cancel Requested</DESCRIPTION><DESCRIPTION_LONGDESCRIPTION></DESCRIPTION_LONGDESCRIPTION><DISPVALUE></DISPVALUE><HASLD>0</HASLD><LANGCODE>EN</LANGCODE><MEMO></MEMO><OBJECTNAME>INVOICE</OBJECTNAME><PARAMETER></PARAMETER><SENDERSYSID>MX</SENDERSYSID><TYPE maxvalue="GROUP">GROUP</TYPE><USEWITH maxvalue="ALL">ALL</USEWITH><VALUE></VALUE><VALUE2></VALUE2></ACTION><ACTION action="AddChange"><ACTION>IRV_ISS_CREDWAIT</ACTION><ACTIONID>5984</ACTIONID><DESCRIPTION>Invoice - Set Issue Type: Invoice - Set Reason: Waiting For Credit Note.</DESCRIPTION><DESCRIPTION_LONGDESCRIPTION></DESCRIPTION_LONGDESCRIPTION><DISPVALUE></DISPVALUE><HASLD>0</HASLD><LANGCODE>EN</LANGCODE><MEMO></MEMO><OBJECTNAME>INVOICE</OBJECTNAME><PARAMETER></PARAMETER><SENDERSYSID>MX</SENDERSYSID><TYPE maxvalue="GROUP">GROUP</TYPE><USEWITH maxvalue="ALL">ALL</USEWITH><VALUE></VALUE><VALUE2></VALUE2></ACTION><ACTION action="AddChange"><ACTION>IRV_ISS_TOLAPPRGRP</ACTION><ACTIONID>5986</ACTIONID><DESCRIPTION>Invoice - Set Issue Type: Invoice - Set Reason: Tolerance Approval Group Missing</DESCRIPTION><DESCRIPTION_LONGDESCRIPTION></DESCRIPTION_LONGDESCRIPTION><DISPVALUE></DISPVALUE><HASLD>0</HASLD><LANGCODE>EN</LANGCODE><MEMO></MEMO><OBJECTNAME>INVOICE</OBJECTNAME><PARAMETER></PARAMETER><SENDERSYSID>MX</SENDERSYSID><TYPE maxvalue="GROUP">GROUP</TYPE><USEWITH maxvalue="ALL">ALL</USEWITH><VALUE></VALUE><VALUE2></VALUE2></ACTION><ACTION action="AddChange"><ACTION>IRV_ISSTYPE_INV</ACTION><ACTIONID>5981</ACTIONID><DESCRIPTION>Set Invoice Issue Type Invoice</DESCRIPTION><DESCRIPTION_LONGDESCRIPTION></DESCRIPTION_LONGDESCRIPTION><DISPVALUE>"INVOICE"</DISPVALUE><HASLD>0</HASLD><LANGCODE>EN</LANGCODE><MEMO></MEMO><OBJECTNAME>INVOICE</OBJECTNAME><PARAMETER>irv_issuetype</PARAMETER><SENDERSYSID>MX</SENDERSYSID><TYPE maxvalue="SETVALUE">SETVALUE</TYPE><USEWITH maxvalue="ALL">ALL</USEWITH><VALUE></VALUE><VALUE2>"INVOICE"</VALUE2></ACTION><ACTION action="AddChange"><ACTION>IRV_POAGENCY</ACTION><ACTIONID>5486</ACTIONID><DESCRIPTION>Set irv_potype to AGENCY</DESCRIPTION><DESCRIPTION_LONGDESCRIPTION></DESCRIPTION_LONGDESCRIPTION><DISPVALUE>'AGENCY'</DISPVALUE><HASLD>0</HASLD><LANGCODE>EN</LANGCODE><MEMO></MEMO><OBJECTNAME>PO</OBJECTNAME><PARAMETER>irv_potype</PARAMETER><SENDERSYSID>MX</SENDERSYSID><TYPE maxvalue="SETVALUE">SETVALUE</TYPE><USEWITH maxvalue="ALL">ALL</USEWITH><VALUE></VALUE><VALUE2>'AGENCY'</VALUE2></ACTION><ACTION action="AddChange"><ACTION>IRV_POCATERING</ACTION><ACTIONID>5485</ACTIONID><DESCRIPTION>Set irv_potype to CATERING</DESCRIPTION><DESCRIPTION_LONGDESCRIPTION></DESCRIPTION_LONGDESCRIPTION><DISPVALUE>'CATERING'</DISPVALUE><HASLD>0</HASLD><LANGCODE>EN</LANGCODE><MEMO></MEMO><OBJECTNAME>PO</OBJECTNAME><PARAMETER>irv_potype</PARAMETER><SENDERSYSID>MX</SENDERSYSID><TYPE maxvalue="SETVALUE">SETVALUE</TYPE><USEWITH maxvalue="ALL">ALL</USEWITH><VALUE></VALUE><VALUE2>'CATERING'</VALUE2></ACTION><ACTION action="AddChange"><ACTION>IRV_POOTHER</ACTION><ACTIONID>5483</ACTIONID><DESCRIPTION>Set irv_potype to OTHER</DESCRIPTION><DESCRIPTION_LONGDESCRIPTION></DESCRIPTION_LONGDESCRIPTION><DISPVALUE>'OTHER'</DISPVALUE><HASLD>0</HASLD><LANGCODE>EN</LANGCODE><MEMO></MEMO><OBJECTNAME>PO</OBJECTNAME><PARAMETER>irv_potype</PARAMETER><SENDERSYSID>MX</SENDERSYSID><TYPE maxvalue="SETVALUE">SETVALUE</TYPE><USEWITH maxvalue="ALL">ALL</USEWITH><VALUE></VALUE><VALUE2>'OTHER'</VALUE2></ACTION><ACTION action="AddChange"><ACTION>IRV_POPPM</ACTION><ACTIONID>5487</ACTIONID><DESCRIPTION>Set irv_potype to PPM</DESCRIPTION><DESCRIPTION_LONGDESCRIPTION></DESCRIPTION_LONGDESCRIPTION><DISPVALUE>'PPM'</DISPVALUE><HASLD>0</HASLD><LANGCODE>EN</LANGCODE><MEMO></MEMO><OBJECTNAME>PO</OBJECTNAME><PARAMETER>irv_potype</PARAMETER><SENDERSYSID>MX</SENDERSYSID><TYPE maxvalue="SETVALUE">SETVALUE</TYPE><USEWITH maxvalue="ALL">ALL</USEWITH><VALUE></VALUE><VALUE2>'PPM'</VALUE2></ACTION><ACTION action="AddChange"><ACTION>IRV_POPROJECT</ACTION><ACTIONID>5482</ACTIONID><DESCRIPTION>Set irv_potype to PROJECT</DESCRIPTION><DESCRIPTION_LONGDESCRIPTION></DESCRIPTION_LONGDESCRIPTION><DISPVALUE>'PROJECT'</DISPVALUE><HASLD>0</HASLD><LANGCODE>EN</LANGCODE><MEMO></MEMO><OBJECTNAME>PO</OBJECTNAME><PARAMETER>irv_potype</PARAMETER><SENDERSYSID>MX</SENDERSYSID><TYPE maxvalue="SETVALUE">SETVALUE</TYPE><USEWITH maxvalue="ALL">ALL</USEWITH><VALUE></VALUE><VALUE2>'PROJECT'</VALUE2></ACTION><ACTION action="AddChange"><ACTION>IRV_POREACTIVE</ACTION><ACTIONID>5481</ACTIONID><DESCRIPTION>Set irv_potype to REACTIVE</DESCRIPTION><DESCRIPTION_LONGDESCRIPTION></DESCRIPTION_LONGDESCRIPTION><DISPVALUE>'REACTIVE'</DISPVALUE><HASLD>0</HASLD><LANGCODE>EN</LANGCODE><MEMO></MEMO><OBJECTNAME>PO</OBJECTNAME><PARAMETER>irv_potype</PARAMETER><SENDERSYSID>MX</SENDERSYSID><TYPE maxvalue="SETVALUE">SETVALUE</TYPE><USEWITH maxvalue="ALL">ALL</USEWITH><VALUE></VALUE><VALUE2>'REACTIVE'</VALUE2></ACTION><ACTION action="AddChange"><ACTION>IRV_POSCHEDULED</ACTION><ACTIONID>5488</ACTIONID><DESCRIPTION>Set irv_potype to SCHEDULED</DESCRIPTION><DESCRIPTION_LONGDESCRIPTION></DESCRIPTION_LONGDESCRIPTION><DISPVALUE>'SCHEDULED'</DISPVALUE><HASLD>0</HASLD><LANGCODE>EN</LANGCODE><MEMO></MEMO><OBJECTNAME>PO</OBJECTNAME><PARAMETER>irv_potype</PARAMETER><SENDERSYSID>MX</SENDERSYSID><TYPE maxvalue="SETVALUE">SETVALUE</TYPE><USEWITH maxvalue="ALL">ALL</USEWITH><VALUE></VALUE><VALUE2>'SCHEDULED'</VALUE2></ACTION><ACTION action="AddChange"><ACTION>IRV_SETAPPRGRP</ACTION><ACTIONID>5685</ACTIONID><DESCRIPTION>Set PO Approval group</DESCRIPTION><DESCRIPTION_LONGDESCRIPTION></DESCRIPTION_LONGDESCRIPTION><DISPVALUE>com.ibm.tivoli.maximo.script.ScriptAction</DISPVALUE><HASLD>0</HASLD><LANGCODE>EN</LANGCODE><MEMO></MEMO><OBJECTNAME>PO</OBJECTNAME><PARAMETER>IRV_SETAPPRGRP,IRV_SETAPPRGRP,IRV_SETAPPRGRP</PARAMETER><SENDERSYSID>MX</SENDERSYSID><TYPE maxvalue="CUSTOM">CUSTOM</TYPE><USEWITH maxvalue="ALL">ALL</USEWITH><VALUE>com.ibm.tivoli.maximo.script.ScriptAction</VALUE><VALUE2></VALUE2></ACTION><ACTION action="AddChange"><ACTION>IRV_SETINVAPPRGRP</ACTION><ACTIONID>5878</ACTIONID><DESCRIPTION>Set Invoice Tolerance approval group</DESCRIPTION><DESCRIPTION_LONGDESCRIPTION></DESCRIPTION_LONGDESCRIPTION><DISPVALUE>com.ibm.tivoli.maximo.script.ScriptAction</DISPVALUE><HASLD>0</HASLD><LANGCODE>EN</LANGCODE><MEMO></MEMO><OBJECTNAME>INVOICE</OBJECTNAME><PARAMETER>IRV_SETINVAPPRGRP,IRV_SETINVAPPRGRP,IRV_SETINVAPPRGRP</PARAMETER><SENDERSYSID>MX</SENDERSYSID><TYPE maxvalue="CUSTOM">CUSTOM</TYPE><USEWITH maxvalue="ALL">ALL</USEWITH><VALUE>com.ibm.tivoli.maximo.script.ScriptAction</VALUE><VALUE2></VALUE2></ACTION><ACTION action="AddChange"><ACTION>IRV_TOLAPPRGRP</ACTION><ACTIONID>5985</ACTIONID><DESCRIPTION>Invoice - Tolerance Approval Group Missing</DESCRIPTION><DESCRIPTION_LONGDESCRIPTION></DESCRIPTION_LONGDESCRIPTION><DISPVALUE>"TOLAPPRGRP"</DISPVALUE><HASLD>0</HASLD><LANGCODE>EN</LANGCODE><MEMO></MEMO><OBJECTNAME>INVOICE</OBJECTNAME><PARAMETER>irv_reasoncode</PARAMETER><SENDERSYSID>MX</SENDERSYSID><TYPE maxvalue="SETVALUE">SETVALUE</TYPE><USEWITH maxvalue="ALL">ALL</USEWITH><VALUE></VALUE><VALUE2>"TOLAPPRGRP"</VALUE2></ACTION></DMACTIONSet></SyncDMACTION>