<?xml version="1.0" encoding="UTF-8"?><SyncDMWFPROCESS xmlns="http://www.ibm.com/maximo" xmlns:xsi="http://www.w3.org/2001/XMLSchema-instance" creationDateTime="2014-10-09T18:00:15+01:00" transLanguage="EN" baseLanguage="EN" messageID="1412874015263172294" maximoVersion="7 5 20130829-1209 V7510--1"><DMWFPROCESSSet><WFPROCESS action="AddChange"><ACTIVE>0</ACTIVE><AUTOINITIATE>0</AUTOINITIATE><CHANGEBY>TIMMINSA</CHANGEBY><CHANGEDATE>2014-10-08T14:49:00+01:00</CHANGEDATE><DELETABLE>1</DELETABLE><DESCRIPTION>Main Credit Note Management Workflow L</DESCRIPTION><DESCRIPTION_LONGDESCRIPTION></DESCRIPTION_LONGDESCRIPTION><ENABLED>1</ENABLED><EXTERNALREFID></EXTERNALREFID><HASLD>0</HASLD><LANGCODE>EN</LANGCODE><MIGRATED>0</MIGRATED><OBJECTNAME>INVOICE</OBJECTNAME><OWNERSYSID></OWNERSYSID><PROCESSNAME>MAINCREWF</PROCESSNAME><PROCESSREV>13</PROCESSREV><SENDERSYSID>MX</SENDERSYSID><SOURCESYSID></SOURCESYSID><WFPROCESSID>6429</WFPROCESSID><WFNODE><DESCRIPTION>START 1</DESCRIPTION><DESCRIPTION_LONGDESCRIPTION></DESCRIPTION_LONGDESCRIPTION><HASLD>0</HASLD><IMAGEFILE></IMAGEFILE><LANGCODE>EN</LANGCODE><NODEID>1</NODEID><NODETYPE maxvalue="WFSTART">START</NODETYPE><TITLE>START 1</TITLE><WFNODEID>17082</WFNODEID><XCOORDINATE>1</XCOORDINATE><YCOORDINATE>1</YCOORDINATE><WFSTART><WFSTARTID>6440</WFSTARTID></WFSTART><WFACTION><ACTION></ACTION><ACTIONID>59</ACTIONID><CONDITION></CONDITION><CONDITIONCLASS></CONDITIONCLASS><INSTRUCTION>INPUT 20</INSTRUCTION><ISPOSITIVE>1</ISPOSITIVE><MEMBERNODEID>20</MEMBERNODEID><OWNERNODEID>1</OWNERNODEID><SEQUENCE xsi:nil="true"></SEQUENCE><WFACTIONID>19685</WFACTIONID></WFACTION></WFNODE><WFNODE><DESCRIPTION>STOP 2</DESCRIPTION><DESCRIPTION_LONGDESCRIPTION></DESCRIPTION_LONGDESCRIPTION><HASLD>0</HASLD><IMAGEFILE></IMAGEFILE><LANGCODE>EN</LANGCODE><NODEID>2</NODEID><NODETYPE maxvalue="WFSTOP">STOP</NODETYPE><TITLE>STOP 2</TITLE><WFNODEID>17083</WFNODEID><XCOORDINATE>8</XCOORDINATE><YCOORDINATE>1</YCOORDINATE><WFSTOP><WFSTOPID>7816</WFSTOPID></WFSTOP></WFNODE><WFNODE><DESCRIPTION>Credit Review team</DESCRIPTION><DESCRIPTION_LONGDESCRIPTION></DESCRIPTION_LONGDESCRIPTION><HASLD>0</HASLD><IMAGEFILE></IMAGEFILE><LANGCODE>EN</LANGCODE><NODEID>5</NODEID><NODETYPE maxvalue="WFTASK">TASK</NODETYPE><TITLE>CREDIT-REVIEW</TITLE><WFNODEID>17084</WFNODEID><XCOORDINATE>4</XCOORDINATE><YCOORDINATE>1</YCOORDINATE><WFTASK><APP>INVOICE</APP><CALENDARBASED>0</CALENDARBASED><DISPLAYONE>0</DISPLAYONE><FIRSTCOMPLETE>1</FIRSTCOMPLETE><READONLY>0</READONLY><TIMELIMIT>0.0</TIMELIMIT><WFTASKID>4943</WFTASKID><WFTASKTYPE></WFTASKTYPE></WFTASK><WFASSIGNMENT><ACCEPTEXPR></ACCEPTEXPR><APP>INVOICE</APP><ASSIGNCODE></ASSIGNCODE><ASSIGNID>1</ASSIGNID><ASSIGNSTATUS maxvalue="INACTIVE">INACTIVE</ASSIGNSTATUS><ASSIGN_01></ASSIGN_01><ASSIGN_02></ASSIGN_02><ASSIGN_03></ASSIGN_03><ASSIGN_04></ASSIGN_04><ASSIGN_05></ASSIGN_05><CALENDARBASED>0</CALENDARBASED><CONDITION></CONDITION><CONDITIONCLASS></CONDITIONCLASS><DESCRIPTION>Please review :invoicenum credit note.</DESCRIPTION><DESCRIPTION_LONGDESCRIPTION></DESCRIPTION_LONGDESCRIPTION><DUEDATE xsi:nil="true"></DUEDATE><EMAILNOTIFICATION>0</EMAILNOTIFICATION><ESCROLE></ESCROLE><GROUPNUM xsi:nil="true"></GROUPNUM><HASLD>0</HASLD><LANGCODE>EN</LANGCODE><NONACCEPTMSG></NONACCEPTMSG><ORIGPERSON></ORIGPERSON><OWNERID xsi:nil="true"></OWNERID><OWNERTABLE>INVOICE</OWNERTABLE><PRIORITY xsi:nil="true"></PRIORITY><RELATIONSHIP></RELATIONSHIP><ROLEID>IRV_INVISS</ROLEID><SEPARATEGROUPS>1</SEPARATEGROUPS><STARTDATE xsi:nil="true"></STARTDATE><TEMPLATEID>WFASSIGN</TEMPLATEID><TIMELIMIT>0.0</TIMELIMIT><WFASSIGNMENTID>278549</WFASSIGNMENTID><WFID>0</WFID></WFASSIGNMENT><WFACTION><ACTION></ACTION><ACTIONID>4</ACTIONID><CONDITION></CONDITION><CONDITIONCLASS></CONDITIONCLASS><INSTRUCTION>Credit Note is reviewed by Credit Review Team</INSTRUCTION><ISPOSITIVE>1</ISPOSITIVE><MEMBERNODEID>7</MEMBERNODEID><OWNERNODEID>5</OWNERNODEID><SEQUENCE xsi:nil="true"></SEQUENCE><WFACTIONID>19686</WFACTIONID></WFACTION></WFNODE><WFNODE><DESCRIPTION>Credit Note is reviewed by Credit Review Team</DESCRIPTION><DESCRIPTION_LONGDESCRIPTION></DESCRIPTION_LONGDESCRIPTION><HASLD>0</HASLD><IMAGEFILE></IMAGEFILE><LANGCODE>EN</LANGCODE><NODEID>7</NODEID><NODETYPE maxvalue="WFINPUT">INPUT</NODETYPE><TITLE>CRNOTREADY</TITLE><WFNODEID>17085</WFNODEID><XCOORDINATE>5</XCOORDINATE><YCOORDINATE>1</YCOORDINATE><WFINPUT><DISPLAYONE>0</DISPLAYONE><WFINPUTID>4944</WFINPUTID></WFINPUT><WFACTION><ACTION>IRV_CREDPRO1</ACTION><ACTIONID>5</ACTIONID><CONDITION></CONDITION><CONDITIONCLASS></CONDITIONCLASS><INSTRUCTION>Process Credit Note</INSTRUCTION><ISPOSITIVE>1</ISPOSITIVE><MEMBERNODEID>10</MEMBERNODEID><OWNERNODEID>7</OWNERNODEID><SEQUENCE>1</SEQUENCE><WFACTIONID>19687</WFACTIONID></WFACTION><WFACTION><ACTION>IRV_ISS_CANREQ</ACTION><ACTIONID>6</ACTIONID><CONDITION></CONDITION><CONDITIONCLASS></CONDITIONCLASS><INSTRUCTION>Request to Cancel Credit Note</INSTRUCTION><ISPOSITIVE>1</ISPOSITIVE><MEMBERNODEID>11</MEMBERNODEID><OWNERNODEID>7</OWNERNODEID><SEQUENCE>2</SEQUENCE><WFACTIONID>19688</WFACTIONID></WFACTION></WFNODE><WFNODE><DESCRIPTION>CREDIT-ERROR-DETECTED</DESCRIPTION><DESCRIPTION_LONGDESCRIPTION></DESCRIPTION_LONGDESCRIPTION><HASLD>0</HASLD><IMAGEFILE></IMAGEFILE><LANGCODE>EN</LANGCODE><NODEID>9</NODEID><NODETYPE maxvalue="WFINTERACTION">INTERACTION</NODETYPE><TITLE>CREDIT-ERROR-DETECTED</TITLE><WFNODEID>17086</WFNODEID><XCOORDINATE>5</XCOORDINATE><YCOORDINATE>3</YCOORDINATE><WFACTION><ACTION></ACTION><ACTIONID>47</ACTIONID><CONDITION></CONDITION><CONDITIONCLASS></CONDITIONCLASS><INSTRUCTION>TASK 18</INSTRUCTION><ISPOSITIVE>1</ISPOSITIVE><MEMBERNODEID>18</MEMBERNODEID><OWNERNODEID>9</OWNERNODEID><SEQUENCE xsi:nil="true"></SEQUENCE><WFACTIONID>19689</WFACTIONID></WFACTION><WFINTERACTION><ACTION>ROUTEWF</ACTION><APP>INVOICE</APP><DIRECTIONS>Credit Note Processing Error</DIRECTIONS><DIRECTIONS_LONGDESCRIPTION>Processing Issue Detected, please check the Type/Reason Code.</DIRECTIONS_LONGDESCRIPTION><HASLD>1</HASLD><LANGCODE>EN</LANGCODE><LAUNCHPROCESS></LAUNCHPROCESS><PAGE></PAGE><RELATION></RELATION><TABNAME></TABNAME><WFINTERACTIONID>6639</WFINTERACTIONID><LONGDESCRIPTION><CONTENTUID>554,547</CONTENTUID><LANGCODE>EN</LANGCODE><LDKEY>6639</LDKEY><LDOWNERCOL>DIRECTIONS</LDOWNERCOL><LDOWNERTABLE>WFINTERACTION</LDOWNERTABLE><LDTEXT>Processing Issue Detected, please check the Type/Reason Code.</LDTEXT><LONGDESCRIPTIONID>554547</LONGDESCRIPTIONID></LONGDESCRIPTION></WFINTERACTION></WFNODE><WFNODE><DESCRIPTION>AP Team</DESCRIPTION><DESCRIPTION_LONGDESCRIPTION></DESCRIPTION_LONGDESCRIPTION><HASLD>0</HASLD><IMAGEFILE></IMAGEFILE><LANGCODE>EN</LANGCODE><NODEID>10</NODEID><NODETYPE maxvalue="WFTASK">TASK</NODETYPE><TITLE>AP2</TITLE><WFNODEID>17087</WFNODEID><XCOORDINATE>6</XCOORDINATE><YCOORDINATE>1</YCOORDINATE><WFTASK><APP>INVOICE</APP><CALENDARBASED>0</CALENDARBASED><DISPLAYONE>0</DISPLAYONE><FIRSTCOMPLETE>1</FIRSTCOMPLETE><READONLY>0</READONLY><TIMELIMIT>0.0</TIMELIMIT><WFTASKID>4944</WFTASKID><WFTASKTYPE></WFTASKTYPE></WFTASK><WFASSIGNMENT><ACCEPTEXPR></ACCEPTEXPR><APP>INVOICE</APP><ASSIGNCODE></ASSIGNCODE><ASSIGNID>1</ASSIGNID><ASSIGNSTATUS maxvalue="INACTIVE">INACTIVE</ASSIGNSTATUS><ASSIGN_01></ASSIGN_01><ASSIGN_02></ASSIGN_02><ASSIGN_03></ASSIGN_03><ASSIGN_04></ASSIGN_04><ASSIGN_05></ASSIGN_05><CALENDARBASED>0</CALENDARBASED><CONDITION></CONDITION><CONDITIONCLASS></CONDITIONCLASS><DESCRIPTION>Please review :invoicenum credit note for processing.</DESCRIPTION><DESCRIPTION_LONGDESCRIPTION></DESCRIPTION_LONGDESCRIPTION><DUEDATE xsi:nil="true"></DUEDATE><EMAILNOTIFICATION>0</EMAILNOTIFICATION><ESCROLE></ESCROLE><GROUPNUM xsi:nil="true"></GROUPNUM><HASLD>0</HASLD><LANGCODE>EN</LANGCODE><NONACCEPTMSG></NONACCEPTMSG><ORIGPERSON></ORIGPERSON><OWNERID xsi:nil="true"></OWNERID><OWNERTABLE>INVOICE</OWNERTABLE><PRIORITY xsi:nil="true"></PRIORITY><RELATIONSHIP></RELATIONSHIP><ROLEID>IRV_INVISS</ROLEID><SEPARATEGROUPS>1</SEPARATEGROUPS><STARTDATE xsi:nil="true"></STARTDATE><TEMPLATEID>WFASSIGN</TEMPLATEID><TIMELIMIT>0.0</TIMELIMIT><WFASSIGNMENTID>278550</WFASSIGNMENTID><WFID>0</WFID></WFASSIGNMENT><WFACTION><ACTION></ACTION><ACTIONID>7</ACTIONID><CONDITION></CONDITION><CONDITIONCLASS></CONDITIONCLASS><INSTRUCTION>Credit Note is reviewed</INSTRUCTION><ISPOSITIVE>1</ISPOSITIVE><MEMBERNODEID>12</MEMBERNODEID><OWNERNODEID>10</OWNERNODEID><SEQUENCE xsi:nil="true"></SEQUENCE><WFACTIONID>19690</WFACTIONID></WFACTION></WFNODE><WFNODE><DESCRIPTION>AP Team</DESCRIPTION><DESCRIPTION_LONGDESCRIPTION></DESCRIPTION_LONGDESCRIPTION><HASLD>0</HASLD><IMAGEFILE></IMAGEFILE><LANGCODE>EN</LANGCODE><NODEID>11</NODEID><NODETYPE maxvalue="WFTASK">TASK</NODETYPE><TITLE>AP3</TITLE><WFNODEID>17088</WFNODEID><XCOORDINATE>6</XCOORDINATE><YCOORDINATE>2</YCOORDINATE><WFTASK><APP>INVOICE</APP><CALENDARBASED>0</CALENDARBASED><DISPLAYONE>0</DISPLAYONE><FIRSTCOMPLETE>1</FIRSTCOMPLETE><READONLY>0</READONLY><TIMELIMIT>0.0</TIMELIMIT><WFTASKID>4945</WFTASKID><WFTASKTYPE></WFTASKTYPE></WFTASK><WFASSIGNMENT><ACCEPTEXPR></ACCEPTEXPR><APP>INVOICE</APP><ASSIGNCODE></ASSIGNCODE><ASSIGNID>1</ASSIGNID><ASSIGNSTATUS maxvalue="INACTIVE">INACTIVE</ASSIGNSTATUS><ASSIGN_01></ASSIGN_01><ASSIGN_02></ASSIGN_02><ASSIGN_03></ASSIGN_03><ASSIGN_04></ASSIGN_04><ASSIGN_05></ASSIGN_05><CALENDARBASED>0</CALENDARBASED><CONDITION></CONDITION><CONDITIONCLASS></CONDITIONCLASS><DESCRIPTION>Please review :invoicenum credit note for cancelling.</DESCRIPTION><DESCRIPTION_LONGDESCRIPTION></DESCRIPTION_LONGDESCRIPTION><DUEDATE xsi:nil="true"></DUEDATE><EMAILNOTIFICATION>0</EMAILNOTIFICATION><ESCROLE></ESCROLE><GROUPNUM xsi:nil="true"></GROUPNUM><HASLD>0</HASLD><LANGCODE>EN</LANGCODE><NONACCEPTMSG></NONACCEPTMSG><ORIGPERSON></ORIGPERSON><OWNERID xsi:nil="true"></OWNERID><OWNERTABLE>INVOICE</OWNERTABLE><PRIORITY xsi:nil="true"></PRIORITY><RELATIONSHIP></RELATIONSHIP><ROLEID>IRV_INVISS</ROLEID><SEPARATEGROUPS>1</SEPARATEGROUPS><STARTDATE xsi:nil="true"></STARTDATE><TEMPLATEID>WFASSIGN</TEMPLATEID><TIMELIMIT>0.0</TIMELIMIT><WFASSIGNMENTID>278551</WFASSIGNMENTID><WFID>0</WFID></WFASSIGNMENT><WFACTION><ACTION></ACTION><ACTIONID>14</ACTIONID><CONDITION></CONDITION><CONDITIONCLASS></CONDITIONCLASS><INSTRUCTION>Cancel Process</INSTRUCTION><ISPOSITIVE>1</ISPOSITIVE><MEMBERNODEID>13</MEMBERNODEID><OWNERNODEID>11</OWNERNODEID><SEQUENCE xsi:nil="true"></SEQUENCE><WFACTIONID>19691</WFACTIONID></WFACTION></WFNODE><WFNODE><DESCRIPTION>Credit Note is reviewed</DESCRIPTION><DESCRIPTION_LONGDESCRIPTION></DESCRIPTION_LONGDESCRIPTION><HASLD>0</HASLD><IMAGEFILE></IMAGEFILE><LANGCODE>EN</LANGCODE><NODEID>12</NODEID><NODETYPE maxvalue="WFINPUT">INPUT</NODETYPE><TITLE>REVPROC</TITLE><WFNODEID>17290</WFNODEID><XCOORDINATE>7</XCOORDINATE><YCOORDINATE>1</YCOORDINATE><WFINPUT><DISPLAYONE>0</DISPLAYONE><WFINPUTID>4945</WFINPUTID></WFINPUT><WFACTION><ACTION>IRV_ISSUENULL</ACTION><ACTIONID>8</ACTIONID><CONDITION></CONDITION><CONDITIONCLASS></CONDITIONCLASS><INSTRUCTION>Process Credit Note</INSTRUCTION><ISPOSITIVE>1</ISPOSITIVE><MEMBERNODEID>2</MEMBERNODEID><OWNERNODEID>12</OWNERNODEID><SEQUENCE>1</SEQUENCE><WFACTIONID>19692</WFACTIONID></WFACTION><WFACTION><ACTION>INVCANNULL</ACTION><ACTIONID>9</ACTIONID><CONDITION></CONDITION><CONDITIONCLASS></CONDITIONCLASS><INSTRUCTION>Cancel Credit Note</INSTRUCTION><ISPOSITIVE>1</ISPOSITIVE><MEMBERNODEID>14</MEMBERNODEID><OWNERNODEID>12</OWNERNODEID><SEQUENCE>2</SEQUENCE><WFACTIONID>19693</WFACTIONID></WFACTION><WFACTION><ACTION>IRV_CREDREVG</ACTION><ACTIONID>10</ACTIONID><CONDITION></CONDITION><CONDITIONCLASS></CONDITIONCLASS><INSTRUCTION>Return Credit Note to Credit Review team</INSTRUCTION><ISPOSITIVE>1</ISPOSITIVE><MEMBERNODEID>5</MEMBERNODEID><OWNERNODEID>12</OWNERNODEID><SEQUENCE>3</SEQUENCE><WFACTIONID>19694</WFACTIONID></WFACTION></WFNODE><WFNODE><DESCRIPTION>Cancel Process</DESCRIPTION><DESCRIPTION_LONGDESCRIPTION></DESCRIPTION_LONGDESCRIPTION><HASLD>0</HASLD><IMAGEFILE></IMAGEFILE><LANGCODE>EN</LANGCODE><NODEID>13</NODEID><NODETYPE maxvalue="WFINPUT">INPUT</NODETYPE><TITLE>CANPROC</TITLE><WFNODEID>17291</WFNODEID><XCOORDINATE>7</XCOORDINATE><YCOORDINATE>2</YCOORDINATE><WFINPUT><DISPLAYONE>0</DISPLAYONE><WFINPUTID>4946</WFINPUTID></WFINPUT><WFACTION><ACTION>IRV_CREDREVG</ACTION><ACTIONID>15</ACTIONID><CONDITION></CONDITION><CONDITIONCLASS></CONDITIONCLASS><INSTRUCTION>Credit Review team</INSTRUCTION><ISPOSITIVE>1</ISPOSITIVE><MEMBERNODEID>5</MEMBERNODEID><OWNERNODEID>13</OWNERNODEID><SEQUENCE>1</SEQUENCE><WFACTIONID>19695</WFACTIONID></WFACTION><WFACTION><ACTION>INVCANNULL</ACTION><ACTIONID>16</ACTIONID><CONDITION></CONDITION><CONDITIONCLASS></CONDITIONCLASS><INSTRUCTION>Cancel Credit Note</INSTRUCTION><ISPOSITIVE>1</ISPOSITIVE><MEMBERNODEID>14</MEMBERNODEID><OWNERNODEID>13</OWNERNODEID><SEQUENCE>2</SEQUENCE><WFACTIONID>19696</WFACTIONID></WFACTION></WFNODE><WFNODE><DESCRIPTION>STOP 14</DESCRIPTION><DESCRIPTION_LONGDESCRIPTION></DESCRIPTION_LONGDESCRIPTION><HASLD>0</HASLD><IMAGEFILE></IMAGEFILE><LANGCODE>EN</LANGCODE><NODEID>14</NODEID><NODETYPE maxvalue="WFSTOP">STOP</NODETYPE><TITLE>STOP 14</TITLE><WFNODEID>17292</WFNODEID><XCOORDINATE>8</XCOORDINATE><YCOORDINATE>2</YCOORDINATE><WFSTOP><WFSTOPID>7817</WFSTOPID></WFSTOP></WFNODE><WFNODE><DESCRIPTION>STOP 15</DESCRIPTION><DESCRIPTION_LONGDESCRIPTION></DESCRIPTION_LONGDESCRIPTION><HASLD>0</HASLD><IMAGEFILE></IMAGEFILE><LANGCODE>EN</LANGCODE><NODEID>15</NODEID><NODETYPE maxvalue="WFSTOP">STOP</NODETYPE><TITLE>STOP 15</TITLE><WFNODEID>17293</WFNODEID><XCOORDINATE>8</XCOORDINATE><YCOORDINATE>3</YCOORDINATE><WFSTOP><WFSTOPID>7818</WFSTOPID></WFSTOP></WFNODE><WFNODE><DESCRIPTION>ISSUE-DETECTED?</DESCRIPTION><DESCRIPTION_LONGDESCRIPTION></DESCRIPTION_LONGDESCRIPTION><HASLD>0</HASLD><IMAGEFILE></IMAGEFILE><LANGCODE>EN</LANGCODE><NODEID>16</NODEID><NODETYPE maxvalue="WFCONDITION">CONDITION</NODETYPE><TITLE>ISSUE-DETECTED?</TITLE><WFNODEID>17294</WFNODEID><XCOORDINATE>3</XCOORDINATE><YCOORDINATE>2</YCOORDINATE><WFACTION><ACTION></ACTION><ACTIONID>33</ACTIONID><CONDITION></CONDITION><CONDITIONCLASS></CONDITIONCLASS><INSTRUCTION>Required Field is Missing</INSTRUCTION><ISPOSITIVE>1</ISPOSITIVE><MEMBERNODEID>9</MEMBERNODEID><OWNERNODEID>16</OWNERNODEID><SEQUENCE xsi:nil="true"></SEQUENCE><WFACTIONID>19697</WFACTIONID></WFACTION><WFACTION><ACTION>IRV_CREDREVG</ACTION><ACTIONID>35</ACTIONID><CONDITION></CONDITION><CONDITIONCLASS></CONDITIONCLASS><INSTRUCTION>INTERACTION 17</INSTRUCTION><ISPOSITIVE>0</ISPOSITIVE><MEMBERNODEID>17</MEMBERNODEID><OWNERNODEID>16</OWNERNODEID><SEQUENCE xsi:nil="true"></SEQUENCE><WFACTIONID>19698</WFACTIONID></WFACTION><WFCONDITION><CONDITION>IRV_ISSUETYPE is not  null and IRV_REASONCODE is not null</CONDITION><CUSTOMCLASS></CUSTOMCLASS><WFCONDITIONID>10300</WFCONDITIONID></WFCONDITION></WFNODE><WFNODE><DESCRIPTION>CREDIT-REVIEW</DESCRIPTION><DESCRIPTION_LONGDESCRIPTION></DESCRIPTION_LONGDESCRIPTION><HASLD>0</HASLD><IMAGEFILE></IMAGEFILE><LANGCODE>EN</LANGCODE><NODEID>17</NODEID><NODETYPE maxvalue="WFINTERACTION">INTERACTION</NODETYPE><TITLE>CREDIT-REVIEW</TITLE><WFNODEID>17295</WFNODEID><XCOORDINATE>3</XCOORDINATE><YCOORDINATE>1</YCOORDINATE><WFACTION><ACTION></ACTION><ACTIONID>36</ACTIONID><CONDITION></CONDITION><CONDITIONCLASS></CONDITIONCLASS><INSTRUCTION>Credit Review team</INSTRUCTION><ISPOSITIVE>1</ISPOSITIVE><MEMBERNODEID>5</MEMBERNODEID><OWNERNODEID>17</OWNERNODEID><SEQUENCE xsi:nil="true"></SEQUENCE><WFACTIONID>19699</WFACTIONID></WFACTION><WFINTERACTION><ACTION>ROUTEWF</ACTION><APP>INVOICE</APP><DIRECTIONS>Credit Review</DIRECTIONS><DIRECTIONS_LONGDESCRIPTION>Credit Note has been assigned to the Credit Note review team.</DIRECTIONS_LONGDESCRIPTION><HASLD>1</HASLD><LANGCODE>EN</LANGCODE><LAUNCHPROCESS></LAUNCHPROCESS><PAGE></PAGE><RELATION></RELATION><TABNAME></TABNAME><WFINTERACTIONID>6640</WFINTERACTIONID><LONGDESCRIPTION><CONTENTUID>554,548</CONTENTUID><LANGCODE>EN</LANGCODE><LDKEY>6640</LDKEY><LDOWNERCOL>DIRECTIONS</LDOWNERCOL><LDOWNERTABLE>WFINTERACTION</LDOWNERTABLE><LDTEXT>Credit Note has been assigned to the Credit Note review team.</LDTEXT><LONGDESCRIPTIONID>554548</LONGDESCRIPTIONID></LONGDESCRIPTION></WFINTERACTION></WFNODE><WFNODE><DESCRIPTION>ASSIGN-ISSUE</DESCRIPTION><DESCRIPTION_LONGDESCRIPTION></DESCRIPTION_LONGDESCRIPTION><HASLD>0</HASLD><IMAGEFILE></IMAGEFILE><LANGCODE>EN</LANGCODE><NODEID>18</NODEID><NODETYPE maxvalue="WFTASK">TASK</NODETYPE><TITLE>ASSIGN-ISSUE</TITLE><WFNODEID>17296</WFNODEID><XCOORDINATE>6</XCOORDINATE><YCOORDINATE>3</YCOORDINATE><WFTASK><APP>INVOICE</APP><CALENDARBASED>0</CALENDARBASED><DISPLAYONE>0</DISPLAYONE><FIRSTCOMPLETE>1</FIRSTCOMPLETE><READONLY>0</READONLY><TIMELIMIT>0.0</TIMELIMIT><WFTASKID>4946</WFTASKID><WFTASKTYPE></WFTASKTYPE></WFTASK><WFASSIGNMENT><ACCEPTEXPR></ACCEPTEXPR><APP>INVOICE</APP><ASSIGNCODE></ASSIGNCODE><ASSIGNID>1</ASSIGNID><ASSIGNSTATUS maxvalue="INACTIVE">INACTIVE</ASSIGNSTATUS><ASSIGN_01></ASSIGN_01><ASSIGN_02></ASSIGN_02><ASSIGN_03></ASSIGN_03><ASSIGN_04></ASSIGN_04><ASSIGN_05></ASSIGN_05><CALENDARBASED>0</CALENDARBASED><CONDITION></CONDITION><CONDITIONCLASS></CONDITIONCLASS><DESCRIPTION>Processing Issue Detected, please check the Type/Reason Code.</DESCRIPTION><DESCRIPTION_LONGDESCRIPTION></DESCRIPTION_LONGDESCRIPTION><DUEDATE xsi:nil="true"></DUEDATE><EMAILNOTIFICATION>0</EMAILNOTIFICATION><ESCROLE></ESCROLE><GROUPNUM xsi:nil="true"></GROUPNUM><HASLD>0</HASLD><LANGCODE>EN</LANGCODE><NONACCEPTMSG></NONACCEPTMSG><ORIGPERSON></ORIGPERSON><OWNERID xsi:nil="true"></OWNERID><OWNERTABLE>INVOICE</OWNERTABLE><PRIORITY xsi:nil="true"></PRIORITY><RELATIONSHIP></RELATIONSHIP><ROLEID>IRV_INVISS</ROLEID><SEPARATEGROUPS>1</SEPARATEGROUPS><STARTDATE xsi:nil="true"></STARTDATE><TEMPLATEID>WFASSIGN</TEMPLATEID><TIMELIMIT>0.0</TIMELIMIT><WFASSIGNMENTID>278552</WFASSIGNMENTID><WFID>0</WFID></WFASSIGNMENT><WFACTION><ACTION></ACTION><ACTIONID>48</ACTIONID><CONDITION></CONDITION><CONDITIONCLASS></CONDITIONCLASS><INSTRUCTION>STOP 15</INSTRUCTION><ISPOSITIVE>1</ISPOSITIVE><MEMBERNODEID>15</MEMBERNODEID><OWNERNODEID>18</OWNERNODEID><SEQUENCE xsi:nil="true"></SEQUENCE><WFACTIONID>19700</WFACTIONID></WFACTION></WFNODE><WFNODE><DESCRIPTION>INPUT 20</DESCRIPTION><DESCRIPTION_LONGDESCRIPTION></DESCRIPTION_LONGDESCRIPTION><HASLD>0</HASLD><IMAGEFILE></IMAGEFILE><LANGCODE>EN</LANGCODE><NODEID>20</NODEID><NODETYPE maxvalue="WFINPUT">INPUT</NODETYPE><TITLE>INPUT 20</TITLE><WFNODEID>17297</WFNODEID><XCOORDINATE>2</XCOORDINATE><YCOORDINATE>2</YCOORDINATE><WFINPUT><DISPLAYONE>0</DISPLAYONE><WFINPUTID>4947</WFINPUTID></WFINPUT><WFACTION><ACTION>IRV_CREDVAL</ACTION><ACTIONID>60</ACTIONID><CONDITION></CONDITION><CONDITIONCLASS></CONDITIONCLASS><INSTRUCTION>Process Credit Note</INSTRUCTION><ISPOSITIVE>1</ISPOSITIVE><MEMBERNODEID>16</MEMBERNODEID><OWNERNODEID>20</OWNERNODEID><SEQUENCE>1</SEQUENCE><WFACTIONID>19701</WFACTIONID></WFACTION><WFACTION><ACTION>INVCANNULL</ACTION><ACTIONID>61</ACTIONID><CONDITION></CONDITION><CONDITIONCLASS></CONDITIONCLASS><INSTRUCTION>Cancel Credit Note</INSTRUCTION><ISPOSITIVE>1</ISPOSITIVE><MEMBERNODEID>21</MEMBERNODEID><OWNERNODEID>20</OWNERNODEID><SEQUENCE>2</SEQUENCE><WFACTIONID>19702</WFACTIONID></WFACTION></WFNODE><WFNODE><DESCRIPTION>STOP 21</DESCRIPTION><DESCRIPTION_LONGDESCRIPTION></DESCRIPTION_LONGDESCRIPTION><HASLD>0</HASLD><IMAGEFILE></IMAGEFILE><LANGCODE>EN</LANGCODE><NODEID>21</NODEID><NODETYPE maxvalue="WFSTOP">STOP</NODETYPE><TITLE>STOP 21</TITLE><WFNODEID>17298</WFNODEID><XCOORDINATE>2</XCOORDINATE><YCOORDINATE>3</YCOORDINATE><WFSTOP><WFSTOPID>7819</WFSTOPID></WFSTOP></WFNODE></WFPROCESS><WFPROCESS action="AddChange"><ACTIVE>1</ACTIVE><AUTOINITIATE>0</AUTOINITIATE><CHANGEBY>TIMMINSA</CHANGEBY><CHANGEDATE>2014-09-30T12:56:09+01:00</CHANGEDATE><DELETABLE>0</DELETABLE><DESCRIPTION>P2P - PO</DESCRIPTION><DESCRIPTION_LONGDESCRIPTION></DESCRIPTION_LONGDESCRIPTION><ENABLED>1</ENABLED><EXTERNALREFID></EXTERNALREFID><HASLD>0</HASLD><LANGCODE>EN</LANGCODE><MIGRATED>0</MIGRATED><OBJECTNAME>PO</OBJECTNAME><OWNERSYSID></OWNERSYSID><PROCESSNAME>MAINPOWF</PROCESSNAME><PROCESSREV>11</PROCESSREV><SENDERSYSID>MX</SENDERSYSID><SOURCESYSID></SOURCESYSID><WFPROCESSID>6322</WFPROCESSID><WFNODE><DESCRIPTION>START 1</DESCRIPTION><DESCRIPTION_LONGDESCRIPTION></DESCRIPTION_LONGDESCRIPTION><HASLD>0</HASLD><IMAGEFILE></IMAGEFILE><LANGCODE>EN</LANGCODE><NODEID>1</NODEID><NODETYPE maxvalue="WFSTART">START</NODETYPE><TITLE>START 1</TITLE><WFNODEID>16673</WFNODEID><XCOORDINATE>1</XCOORDINATE><YCOORDINATE>1</YCOORDINATE><WFSTART><WFSTARTID>6326</WFSTARTID></WFSTART><WFACTION><ACTION></ACTION><ACTIONID>59</ACTIONID><CONDITION></CONDITION><CONDITIONCLASS></CONDITIONCLASS><INSTRUCTION>Status is Revised?</INSTRUCTION><ISPOSITIVE>1</ISPOSITIVE><MEMBERNODEID>23</MEMBERNODEID><OWNERNODEID>1</OWNERNODEID><SEQUENCE xsi:nil="true"></SEQUENCE><WFACTIONID>19269</WFACTIONID></WFACTION></WFNODE><WFNODE><DESCRIPTION>STOP 2</DESCRIPTION><DESCRIPTION_LONGDESCRIPTION></DESCRIPTION_LONGDESCRIPTION><HASLD>0</HASLD><IMAGEFILE></IMAGEFILE><LANGCODE>EN</LANGCODE><NODEID>2</NODEID><NODETYPE maxvalue="WFSTOP">STOP</NODETYPE><TITLE>STOP 2</TITLE><WFNODEID>16674</WFNODEID><XCOORDINATE>14</XCOORDINATE><YCOORDINATE>2</YCOORDINATE><WFSTOP><WFSTOPID>7688</WFSTOPID></WFSTOP></WFNODE><WFNODE><DESCRIPTION>Is Status CLOSE or CAN</DESCRIPTION><DESCRIPTION_LONGDESCRIPTION></DESCRIPTION_LONGDESCRIPTION><HASLD>0</HASLD><IMAGEFILE></IMAGEFILE><LANGCODE>EN</LANGCODE><NODEID>3</NODEID><NODETYPE maxvalue="WFCONDITION">CONDITION</NODETYPE><TITLE>STATUS - CLOSE/CAN?</TITLE><WFNODEID>16675</WFNODEID><XCOORDINATE>5</XCOORDINATE><YCOORDINATE>2</YCOORDINATE><WFACTION><ACTION></ACTION><ACTIONID>2</ACTIONID><CONDITION></CONDITION><CONDITIONCLASS></CONDITIONCLASS><INSTRUCTION>Cannot Process CLOSE/CAN PO</INSTRUCTION><ISPOSITIVE>1</ISPOSITIVE><MEMBERNODEID>4</MEMBERNODEID><OWNERNODEID>3</OWNERNODEID><SEQUENCE xsi:nil="true"></SEQUENCE><WFACTIONID>19270</WFACTIONID></WFACTION><WFACTION><ACTION></ACTION><ACTIONID>9</ACTIONID><CONDITION></CONDITION><CONDITIONCLASS></CONDITIONCLASS><INSTRUCTION>Check if Status is INPRG</INSTRUCTION><ISPOSITIVE>0</ISPOSITIVE><MEMBERNODEID>7</MEMBERNODEID><OWNERNODEID>3</OWNERNODEID><SEQUENCE xsi:nil="true"></SEQUENCE><WFACTIONID>19271</WFACTIONID></WFACTION><WFCONDITION><CONDITION>status in ('CLOSE','CAN')</CONDITION><CUSTOMCLASS></CUSTOMCLASS><WFCONDITIONID>10186</WFCONDITIONID></WFCONDITION></WFNODE><WFNODE><DESCRIPTION>Cannot Process CLOSE/CAN PO</DESCRIPTION><DESCRIPTION_LONGDESCRIPTION></DESCRIPTION_LONGDESCRIPTION><HASLD>0</HASLD><IMAGEFILE></IMAGEFILE><LANGCODE>EN</LANGCODE><NODEID>4</NODEID><NODETYPE maxvalue="WFINTERACTION">INTERACTION</NODETYPE><TITLE>CLOSE/CAN PO</TITLE><WFNODEID>16676</WFNODEID><XCOORDINATE>7</XCOORDINATE><YCOORDINATE>2</YCOORDINATE><WFACTION><ACTION></ACTION><ACTIONID>6</ACTIONID><CONDITION></CONDITION><CONDITIONCLASS></CONDITIONCLASS><INSTRUCTION>STOP 2</INSTRUCTION><ISPOSITIVE>1</ISPOSITIVE><MEMBERNODEID>2</MEMBERNODEID><OWNERNODEID>4</OWNERNODEID><SEQUENCE xsi:nil="true"></SEQUENCE><WFACTIONID>19272</WFACTIONID></WFACTION><WFINTERACTION><ACTION></ACTION><APP></APP><DIRECTIONS>Error - Status CLOSE/CAN</DIRECTIONS><DIRECTIONS_LONGDESCRIPTION>Cannot Process PO at Status CLOSE/CAN</DIRECTIONS_LONGDESCRIPTION><HASLD>1</HASLD><LANGCODE>EN</LANGCODE><LAUNCHPROCESS></LAUNCHPROCESS><PAGE></PAGE><RELATION></RELATION><TABNAME></TABNAME><WFINTERACTIONID>6525</WFINTERACTIONID><LONGDESCRIPTION><CONTENTUID>527,151</CONTENTUID><LANGCODE>EN</LANGCODE><LDKEY>6525</LDKEY><LDOWNERCOL>DIRECTIONS</LDOWNERCOL><LDOWNERTABLE>WFINTERACTION</LDOWNERTABLE><LDTEXT>Cannot Process PO at Status CLOSE/CAN</LDTEXT><LONGDESCRIPTIONID>527151</LONGDESCRIPTIONID></LONGDESCRIPTION></WFINTERACTION></WFNODE><WFNODE><DESCRIPTION>Check if Status is INPRG</DESCRIPTION><DESCRIPTION_LONGDESCRIPTION></DESCRIPTION_LONGDESCRIPTION><HASLD>0</HASLD><IMAGEFILE></IMAGEFILE><LANGCODE>EN</LANGCODE><NODEID>7</NODEID><NODETYPE maxvalue="WFCONDITION">CONDITION</NODETYPE><TITLE>STATUS - INPRG?</TITLE><WFNODEID>16677</WFNODEID><XCOORDINATE>5</XCOORDINATE><YCOORDINATE>3</YCOORDINATE><WFACTION><ACTION></ACTION><ACTIONID>8</ACTIONID><CONDITION></CONDITION><CONDITIONCLASS></CONDITIONCLASS><INSTRUCTION>INPUT 11</INSTRUCTION><ISPOSITIVE>1</ISPOSITIVE><MEMBERNODEID>11</MEMBERNODEID><OWNERNODEID>7</OWNERNODEID><SEQUENCE xsi:nil="true"></SEQUENCE><WFACTIONID>19474</WFACTIONID></WFACTION><WFACTION><ACTION></ACTION><ACTIONID>20</ACTIONID><CONDITION></CONDITION><CONDITIONCLASS></CONDITIONCLASS><INSTRUCTION>Is Status APPR/FINCOM</INSTRUCTION><ISPOSITIVE>0</ISPOSITIVE><MEMBERNODEID>13</MEMBERNODEID><OWNERNODEID>7</OWNERNODEID><SEQUENCE xsi:nil="true"></SEQUENCE><WFACTIONID>19475</WFACTIONID></WFACTION><WFCONDITION><CONDITION>status = 'INPRG'</CONDITION><CUSTOMCLASS></CUSTOMCLASS><WFCONDITIONID>10187</WFCONDITIONID></WFCONDITION></WFNODE><WFNODE><DESCRIPTION>Change Status to FINCOM or CLOSE status?</DESCRIPTION><DESCRIPTION_LONGDESCRIPTION></DESCRIPTION_LONGDESCRIPTION><HASLD>0</HASLD><IMAGEFILE></IMAGEFILE><LANGCODE>EN</LANGCODE><NODEID>11</NODEID><NODETYPE maxvalue="WFINPUT">INPUT</NODETYPE><TITLE>STATUSCHG - REVISE/CLOSE</TITLE><WFNODEID>16678</WFNODEID><XCOORDINATE>7</XCOORDINATE><YCOORDINATE>3</YCOORDINATE><WFINPUT><DISPLAYONE>1</DISPLAYONE><WFINPUTID>4828</WFINPUTID></WFINPUT><WFACTION><ACTION></ACTION><ACTIONID>14</ACTIONID><CONDITION>1=2</CONDITION><CONDITIONCLASS></CONDITIONCLASS><INSTRUCTION>Change Status to Closed.</INSTRUCTION><ISPOSITIVE>1</ISPOSITIVE><MEMBERNODEID>17</MEMBERNODEID><OWNERNODEID>11</OWNERNODEID><SEQUENCE>1</SEQUENCE><WFACTIONID>19476</WFACTIONID></WFACTION><WFACTION><ACTION></ACTION><ACTIONID>64</ACTIONID><CONDITION></CONDITION><CONDITIONCLASS></CONDITIONCLASS><INSTRUCTION>Revise PO.</INSTRUCTION><ISPOSITIVE>1</ISPOSITIVE><MEMBERNODEID>25</MEMBERNODEID><OWNERNODEID>11</OWNERNODEID><SEQUENCE>2</SEQUENCE><WFACTIONID>19477</WFACTIONID></WFACTION></WFNODE><WFNODE><DESCRIPTION>Is Status APPR?</DESCRIPTION><DESCRIPTION_LONGDESCRIPTION></DESCRIPTION_LONGDESCRIPTION><HASLD>0</HASLD><IMAGEFILE></IMAGEFILE><LANGCODE>EN</LANGCODE><NODEID>13</NODEID><NODETYPE maxvalue="WFCONDITION">CONDITION</NODETYPE><TITLE>STATUS - APPR?</TITLE><WFNODEID>16679</WFNODEID><XCOORDINATE>5</XCOORDINATE><YCOORDINATE>4</YCOORDINATE><WFACTION><ACTION></ACTION><ACTIONID>21</ACTIONID><CONDITION></CONDITION><CONDITIONCLASS></CONDITIONCLASS><INSTRUCTION>Is Status WAPPR</INSTRUCTION><ISPOSITIVE>0</ISPOSITIVE><MEMBERNODEID>18</MEMBERNODEID><OWNERNODEID>13</OWNERNODEID><SEQUENCE xsi:nil="true"></SEQUENCE><WFACTIONID>19478</WFACTIONID></WFACTION><WFACTION><ACTION></ACTION><ACTIONID>24</ACTIONID><CONDITION></CONDITION><CONDITIONCLASS></CONDITIONCLASS><INSTRUCTION>INPUT 19</INSTRUCTION><ISPOSITIVE>1</ISPOSITIVE><MEMBERNODEID>19</MEMBERNODEID><OWNERNODEID>13</OWNERNODEID><SEQUENCE xsi:nil="true"></SEQUENCE><WFACTIONID>19479</WFACTIONID></WFACTION><WFCONDITION><CONDITION>status in ('APPR')</CONDITION><CUSTOMCLASS></CUSTOMCLASS><WFCONDITIONID>10188</WFCONDITIONID></WFCONDITION></WFNODE><WFNODE><DESCRIPTION>STOP 16</DESCRIPTION><DESCRIPTION_LONGDESCRIPTION></DESCRIPTION_LONGDESCRIPTION><HASLD>0</HASLD><IMAGEFILE></IMAGEFILE><LANGCODE>EN</LANGCODE><NODEID>16</NODEID><NODETYPE maxvalue="WFSTOP">STOP</NODETYPE><TITLE>STOP 16</TITLE><WFNODEID>16680</WFNODEID><XCOORDINATE>14</XCOORDINATE><YCOORDINATE>5</YCOORDINATE><WFSTOP><WFSTOPID>7689</WFSTOPID></WFSTOP></WFNODE><WFNODE><DESCRIPTION>Are you Sure you want to CLOSE PO?</DESCRIPTION><DESCRIPTION_LONGDESCRIPTION></DESCRIPTION_LONGDESCRIPTION><HASLD>0</HASLD><IMAGEFILE></IMAGEFILE><LANGCODE>EN</LANGCODE><NODEID>17</NODEID><NODETYPE maxvalue="WFINPUT">INPUT</NODETYPE><TITLE>CHECK - CLOSE</TITLE><WFNODEID>16681</WFNODEID><XCOORDINATE>10</XCOORDINATE><YCOORDINATE>3</YCOORDINATE><WFINPUT><DISPLAYONE>0</DISPLAYONE><WFINPUTID>4829</WFINPUTID></WFINPUT><WFACTION><ACTION></ACTION><ACTIONID>19</ACTIONID><CONDITION></CONDITION><CONDITIONCLASS></CONDITIONCLASS><INSTRUCTION>No. Do not change status to Closed.</INSTRUCTION><ISPOSITIVE>1</ISPOSITIVE><MEMBERNODEID>16</MEMBERNODEID><OWNERNODEID>17</OWNERNODEID><SEQUENCE>1</SEQUENCE><WFACTIONID>19480</WFACTIONID></WFACTION><WFACTION><ACTION>PO CLOSE</ACTION><ACTIONID>15</ACTIONID><CONDITION></CONDITION><CONDITIONCLASS></CONDITIONCLASS><INSTRUCTION>Yes. Change Status to Closed.</INSTRUCTION><ISPOSITIVE>1</ISPOSITIVE><MEMBERNODEID>2</MEMBERNODEID><OWNERNODEID>17</OWNERNODEID><SEQUENCE>2</SEQUENCE><WFACTIONID>19481</WFACTIONID></WFACTION></WFNODE><WFNODE><DESCRIPTION>Is Status WAPPR/PNDREV</DESCRIPTION><DESCRIPTION_LONGDESCRIPTION></DESCRIPTION_LONGDESCRIPTION><HASLD>0</HASLD><IMAGEFILE></IMAGEFILE><LANGCODE>EN</LANGCODE><NODEID>18</NODEID><NODETYPE maxvalue="WFCONDITION">CONDITION</NODETYPE><TITLE>STATUS - WAPPR/PNDREV?</TITLE><WFNODEID>16682</WFNODEID><XCOORDINATE>5</XCOORDINATE><YCOORDINATE>5</YCOORDINATE><WFACTION><ACTION></ACTION><ACTIONID>32</ACTIONID><CONDITION></CONDITION><CONDITIONCLASS></CONDITIONCLASS><INSTRUCTION>STOP 2</INSTRUCTION><ISPOSITIVE>0</ISPOSITIVE><MEMBERNODEID>2</MEMBERNODEID><OWNERNODEID>18</OWNERNODEID><SEQUENCE xsi:nil="true"></SEQUENCE><WFACTIONID>19482</WFACTIONID></WFACTION><WFACTION><ACTION>IRVNULLQTY</ACTION><ACTIONID>57</ACTIONID><CONDITION></CONDITION><CONDITIONCLASS></CONDITIONCLASS><INSTRUCTION>Is work order to be Cancelled or sent for approval</INSTRUCTION><ISPOSITIVE>1</ISPOSITIVE><MEMBERNODEID>21</MEMBERNODEID><OWNERNODEID>18</OWNERNODEID><SEQUENCE xsi:nil="true"></SEQUENCE><WFACTIONID>19483</WFACTIONID></WFACTION><WFCONDITION><CONDITION>status in ('WAPPR','PNDREV')</CONDITION><CUSTOMCLASS></CUSTOMCLASS><WFCONDITIONID>10189</WFCONDITIONID></WFCONDITION></WFNODE><WFNODE><DESCRIPTION>Change Status of PO.</DESCRIPTION><DESCRIPTION_LONGDESCRIPTION></DESCRIPTION_LONGDESCRIPTION><HASLD>0</HASLD><IMAGEFILE></IMAGEFILE><LANGCODE>EN</LANGCODE><NODEID>19</NODEID><NODETYPE maxvalue="WFINPUT">INPUT</NODETYPE><TITLE>STATUSCHG - REVISE/CLOSE</TITLE><WFNODEID>16683</WFNODEID><XCOORDINATE>7</XCOORDINATE><YCOORDINATE>4</YCOORDINATE><WFINPUT><DISPLAYONE>0</DISPLAYONE><WFINPUTID>4830</WFINPUTID></WFINPUT><WFACTION><ACTION></ACTION><ACTIONID>28</ACTIONID><CONDITION></CONDITION><CONDITIONCLASS></CONDITIONCLASS><INSTRUCTION>Change Status to Closed.</INSTRUCTION><ISPOSITIVE>1</ISPOSITIVE><MEMBERNODEID>17</MEMBERNODEID><OWNERNODEID>19</OWNERNODEID><SEQUENCE>1</SEQUENCE><WFACTIONID>19484</WFACTIONID></WFACTION><WFACTION><ACTION></ACTION><ACTIONID>63</ACTIONID><CONDITION></CONDITION><CONDITIONCLASS></CONDITIONCLASS><INSTRUCTION>Revise PO.</INSTRUCTION><ISPOSITIVE>1</ISPOSITIVE><MEMBERNODEID>25</MEMBERNODEID><OWNERNODEID>19</OWNERNODEID><SEQUENCE>2</SEQUENCE><WFACTIONID>19485</WFACTIONID></WFACTION></WFNODE><WFNODE><DESCRIPTION>Are you sure you want to change status to CAN?</DESCRIPTION><DESCRIPTION_LONGDESCRIPTION></DESCRIPTION_LONGDESCRIPTION><HASLD>0</HASLD><IMAGEFILE></IMAGEFILE><LANGCODE>EN</LANGCODE><NODEID>20</NODEID><NODETYPE maxvalue="WFINPUT">INPUT</NODETYPE><TITLE>CHECK - CAN</TITLE><WFNODEID>16684</WFNODEID><XCOORDINATE>10</XCOORDINATE><YCOORDINATE>4</YCOORDINATE><WFINPUT><DISPLAYONE>0</DISPLAYONE><WFINPUTID>4831</WFINPUTID></WFINPUT><WFACTION><ACTION></ACTION><ACTIONID>31</ACTIONID><CONDITION></CONDITION><CONDITIONCLASS></CONDITIONCLASS><INSTRUCTION>No. Do not change status to Cancelled.</INSTRUCTION><ISPOSITIVE>1</ISPOSITIVE><MEMBERNODEID>16</MEMBERNODEID><OWNERNODEID>20</OWNERNODEID><SEQUENCE>1</SEQUENCE><WFACTIONID>19486</WFACTIONID></WFACTION><WFACTION><ACTION>PO CANCEL</ACTION><ACTIONID>30</ACTIONID><CONDITION></CONDITION><CONDITIONCLASS></CONDITIONCLASS><INSTRUCTION>Yes. Change Status to Cancelled.</INSTRUCTION><ISPOSITIVE>1</ISPOSITIVE><MEMBERNODEID>2</MEMBERNODEID><OWNERNODEID>20</OWNERNODEID><SEQUENCE>2</SEQUENCE><WFACTIONID>19487</WFACTIONID></WFACTION></WFNODE><WFNODE><DESCRIPTION>Is PO to be cancelled or sent for approval?</DESCRIPTION><DESCRIPTION_LONGDESCRIPTION></DESCRIPTION_LONGDESCRIPTION><HASLD>0</HASLD><IMAGEFILE></IMAGEFILE><LANGCODE>EN</LANGCODE><NODEID>21</NODEID><NODETYPE maxvalue="WFINPUT">INPUT</NODETYPE><TITLE>STATUSCHG - APPR/CAN</TITLE><WFNODEID>16685</WFNODEID><XCOORDINATE>7</XCOORDINATE><YCOORDINATE>5</YCOORDINATE><WFINPUT><DISPLAYONE>0</DISPLAYONE><WFINPUTID>4832</WFINPUTID></WFINPUT><WFACTION><ACTION></ACTION><ACTIONID>35</ACTIONID><CONDITION></CONDITION><CONDITIONCLASS></CONDITIONCLASS><INSTRUCTION>Submit for Approval.</INSTRUCTION><ISPOSITIVE>1</ISPOSITIVE><MEMBERNODEID>22</MEMBERNODEID><OWNERNODEID>21</OWNERNODEID><SEQUENCE>1</SEQUENCE><WFACTIONID>19488</WFACTIONID></WFACTION><WFACTION><ACTION></ACTION><ACTIONID>34</ACTIONID><CONDITION></CONDITION><CONDITIONCLASS></CONDITIONCLASS><INSTRUCTION>Cancel PO.</INSTRUCTION><ISPOSITIVE>1</ISPOSITIVE><MEMBERNODEID>20</MEMBERNODEID><OWNERNODEID>21</OWNERNODEID><SEQUENCE>2</SEQUENCE><WFACTIONID>19489</WFACTIONID></WFACTION></WFNODE><WFNODE><DESCRIPTION>HALA P2P PO Approval</DESCRIPTION><DESCRIPTION_LONGDESCRIPTION></DESCRIPTION_LONGDESCRIPTION><HASLD>0</HASLD><IMAGEFILE></IMAGEFILE><LANGCODE>EN</LANGCODE><NODEID>22</NODEID><NODETYPE maxvalue="WFSUBPROCESS">SUBPROCESS</NODETYPE><TITLE>POAPPR</TITLE><WFNODEID>16686</WFNODEID><XCOORDINATE>10</XCOORDINATE><YCOORDINATE>5</YCOORDINATE><WFACTION><ACTION></ACTION><ACTIONID>36</ACTIONID><CONDITION></CONDITION><CONDITIONCLASS></CONDITIONCLASS><INSTRUCTION>STOP 16</INSTRUCTION><ISPOSITIVE>1</ISPOSITIVE><MEMBERNODEID>16</MEMBERNODEID><OWNERNODEID>22</OWNERNODEID><SEQUENCE xsi:nil="true"></SEQUENCE><WFACTIONID>19490</WFACTIONID></WFACTION><WFACTION><ACTION></ACTION><ACTIONID>84</ACTIONID><CONDITION></CONDITION><CONDITIONCLASS></CONDITIONCLASS><INSTRUCTION>STOP 16</INSTRUCTION><ISPOSITIVE>0</ISPOSITIVE><MEMBERNODEID>16</MEMBERNODEID><OWNERNODEID>22</OWNERNODEID><SEQUENCE xsi:nil="true"></SEQUENCE><WFACTIONID>19491</WFACTIONID></WFACTION><WFSUBPROCESS><SUBPROCESSNAME>POAPPR</SUBPROCESSNAME><WFSUBPROCESSID>4219</WFSUBPROCESSID></WFSUBPROCESS></WFNODE><WFNODE><DESCRIPTION>Status is Revised?</DESCRIPTION><DESCRIPTION_LONGDESCRIPTION></DESCRIPTION_LONGDESCRIPTION><HASLD>0</HASLD><IMAGEFILE></IMAGEFILE><LANGCODE>EN</LANGCODE><NODEID>23</NODEID><NODETYPE maxvalue="WFCONDITION">CONDITION</NODETYPE><TITLE>STATUS - REVISED?</TITLE><WFNODEID>16687</WFNODEID><XCOORDINATE>5</XCOORDINATE><YCOORDINATE>1</YCOORDINATE><WFACTION><ACTION></ACTION><ACTIONID>60</ACTIONID><CONDITION></CONDITION><CONDITIONCLASS></CONDITIONCLASS><INSTRUCTION>Is Status CLOSE or CAN</INSTRUCTION><ISPOSITIVE>0</ISPOSITIVE><MEMBERNODEID>3</MEMBERNODEID><OWNERNODEID>23</OWNERNODEID><SEQUENCE xsi:nil="true"></SEQUENCE><WFACTIONID>19492</WFACTIONID></WFACTION><WFACTION><ACTION></ACTION><ACTIONID>61</ACTIONID><CONDITION></CONDITION><CONDITIONCLASS></CONDITIONCLASS><INSTRUCTION>MSG</INSTRUCTION><ISPOSITIVE>1</ISPOSITIVE><MEMBERNODEID>24</MEMBERNODEID><OWNERNODEID>23</OWNERNODEID><SEQUENCE xsi:nil="true"></SEQUENCE><WFACTIONID>19493</WFACTIONID></WFACTION><WFCONDITION><CONDITION>status = 'REVISD'</CONDITION><CUSTOMCLASS></CUSTOMCLASS><WFCONDITIONID>10190</WFCONDITIONID></WFCONDITION></WFNODE><WFNODE><DESCRIPTION>REVISED PO</DESCRIPTION><DESCRIPTION_LONGDESCRIPTION></DESCRIPTION_LONGDESCRIPTION><HASLD>0</HASLD><IMAGEFILE></IMAGEFILE><LANGCODE>EN</LANGCODE><NODEID>24</NODEID><NODETYPE maxvalue="WFINTERACTION">INTERACTION</NODETYPE><TITLE>REVISED PO</TITLE><WFNODEID>16688</WFNODEID><XCOORDINATE>7</XCOORDINATE><YCOORDINATE>1</YCOORDINATE><WFACTION><ACTION></ACTION><ACTIONID>62</ACTIONID><CONDITION></CONDITION><CONDITIONCLASS></CONDITIONCLASS><INSTRUCTION>STOP 2</INSTRUCTION><ISPOSITIVE>1</ISPOSITIVE><MEMBERNODEID>2</MEMBERNODEID><OWNERNODEID>24</OWNERNODEID><SEQUENCE xsi:nil="true"></SEQUENCE><WFACTIONID>19494</WFACTIONID></WFACTION><WFINTERACTION><ACTION></ACTION><APP></APP><DIRECTIONS>Error - Status REVISD.</DIRECTIONS><DIRECTIONS_LONGDESCRIPTION>The status is REVISD, please process the latest revision.</DIRECTIONS_LONGDESCRIPTION><HASLD>1</HASLD><LANGCODE>EN</LANGCODE><LAUNCHPROCESS></LAUNCHPROCESS><PAGE></PAGE><RELATION></RELATION><TABNAME></TABNAME><WFINTERACTIONID>6526</WFINTERACTIONID><LONGDESCRIPTION><CONTENTUID>527,152</CONTENTUID><LANGCODE>EN</LANGCODE><LDKEY>6526</LDKEY><LDOWNERCOL>DIRECTIONS</LDOWNERCOL><LDOWNERTABLE>WFINTERACTION</LDOWNERTABLE><LDTEXT>The status is REVISD, please process the latest revision.</LDTEXT><LONGDESCRIPTIONID>527152</LONGDESCRIPTIONID></LONGDESCRIPTION></WFINTERACTION></WFNODE><WFNODE><DESCRIPTION>Revise PO</DESCRIPTION><DESCRIPTION_LONGDESCRIPTION></DESCRIPTION_LONGDESCRIPTION><HASLD>0</HASLD><IMAGEFILE></IMAGEFILE><LANGCODE>EN</LANGCODE><NODEID>25</NODEID><NODETYPE maxvalue="WFINTERACTION">INTERACTION</NODETYPE><TITLE>REV PO</TITLE><WFNODEID>16890</WFNODEID><XCOORDINATE>15</XCOORDINATE><YCOORDINATE>4</YCOORDINATE><WFACTION><ACTION></ACTION><ACTIONID>66</ACTIONID><CONDITION></CONDITION><CONDITIONCLASS></CONDITIONCLASS><INSTRUCTION>STOP 26</INSTRUCTION><ISPOSITIVE>1</ISPOSITIVE><MEMBERNODEID>26</MEMBERNODEID><OWNERNODEID>25</OWNERNODEID><SEQUENCE xsi:nil="true"></SEQUENCE><WFACTIONID>19495</WFACTIONID></WFACTION><WFINTERACTION><ACTION></ACTION><APP></APP><DIRECTIONS>Revise PO</DIRECTIONS><DIRECTIONS_LONGDESCRIPTION>To revise the PO choose 'Revise PO' from the select action menu.</DIRECTIONS_LONGDESCRIPTION><HASLD>1</HASLD><LANGCODE>EN</LANGCODE><LAUNCHPROCESS></LAUNCHPROCESS><PAGE></PAGE><RELATION></RELATION><TABNAME></TABNAME><WFINTERACTIONID>6527</WFINTERACTIONID><LONGDESCRIPTION><CONTENTUID>527,153</CONTENTUID><LANGCODE>EN</LANGCODE><LDKEY>6527</LDKEY><LDOWNERCOL>DIRECTIONS</LDOWNERCOL><LDOWNERTABLE>WFINTERACTION</LDOWNERTABLE><LDTEXT>To revise the PO choose 'Revise PO' from the select action menu.</LDTEXT><LONGDESCRIPTIONID>527153</LONGDESCRIPTIONID></LONGDESCRIPTION></WFINTERACTION></WFNODE><WFNODE><DESCRIPTION>STOP 26</DESCRIPTION><DESCRIPTION_LONGDESCRIPTION></DESCRIPTION_LONGDESCRIPTION><HASLD>0</HASLD><IMAGEFILE></IMAGEFILE><LANGCODE>EN</LANGCODE><NODEID>26</NODEID><NODETYPE maxvalue="WFSTOP">STOP</NODETYPE><TITLE>STOP 26</TITLE><WFNODEID>16891</WFNODEID><XCOORDINATE>16</XCOORDINATE><YCOORDINATE>4</YCOORDINATE><WFSTOP><WFSTOPID>7690</WFSTOPID></WFSTOP></WFNODE></WFPROCESS><WFPROCESS action="AddChange"><ACTIVE>0</ACTIVE><AUTOINITIATE>0</AUTOINITIATE><CHANGEBY>TIMMINSA</CHANGEBY><CHANGEDATE>2014-10-06T14:59:57+01:00</CHANGEDATE><DELETABLE>1</DELETABLE><DESCRIPTION>P2P - Approval process</DESCRIPTION><DESCRIPTION_LONGDESCRIPTION></DESCRIPTION_LONGDESCRIPTION><ENABLED>1</ENABLED><EXTERNALREFID></EXTERNALREFID><HASLD>0</HASLD><LANGCODE>EN</LANGCODE><MIGRATED>0</MIGRATED><OBJECTNAME>PO</OBJECTNAME><OWNERSYSID></OWNERSYSID><PROCESSNAME>POAPPR</PROCESSNAME><PROCESSREV>19</PROCESSREV><SENDERSYSID>MX</SENDERSYSID><SOURCESYSID></SOURCESYSID><WFPROCESSID>6422</WFPROCESSID><WFNODE><DESCRIPTION>START 1</DESCRIPTION><DESCRIPTION_LONGDESCRIPTION></DESCRIPTION_LONGDESCRIPTION><HASLD>0</HASLD><IMAGEFILE></IMAGEFILE><LANGCODE>EN</LANGCODE><NODEID>1</NODEID><NODETYPE maxvalue="WFSTART">START</NODETYPE><TITLE>START 1</TITLE><WFNODEID>16866</WFNODEID><XCOORDINATE>1</XCOORDINATE><YCOORDINATE>1</YCOORDINATE><WFSTART><WFSTARTID>6426</WFSTARTID></WFSTART><WFACTION><ACTION></ACTION><ACTIONID>0</ACTIONID><CONDITION></CONDITION><CONDITIONCLASS></CONDITIONCLASS><INSTRUCTION>CONDITION 3</INSTRUCTION><ISPOSITIVE>1</ISPOSITIVE><MEMBERNODEID>3</MEMBERNODEID><OWNERNODEID>1</OWNERNODEID><SEQUENCE xsi:nil="true"></SEQUENCE><WFACTIONID>19460</WFACTIONID></WFACTION></WFNODE><WFNODE><DESCRIPTION>STOP 2</DESCRIPTION><DESCRIPTION_LONGDESCRIPTION></DESCRIPTION_LONGDESCRIPTION><HASLD>0</HASLD><IMAGEFILE></IMAGEFILE><LANGCODE>EN</LANGCODE><NODEID>2</NODEID><NODETYPE maxvalue="WFSTOP">STOP</NODETYPE><TITLE>STOP 2</TITLE><WFNODEID>16867</WFNODEID><XCOORDINATE>20</XCOORDINATE><YCOORDINATE>1</YCOORDINATE><WFSTOP><WFSTOPID>7788</WFSTOPID></WFSTOP></WFNODE><WFNODE><DESCRIPTION>Check PO is valid</DESCRIPTION><DESCRIPTION_LONGDESCRIPTION></DESCRIPTION_LONGDESCRIPTION><HASLD>0</HASLD><IMAGEFILE></IMAGEFILE><LANGCODE>EN</LANGCODE><NODEID>3</NODEID><NODETYPE maxvalue="WFCONDITION">CONDITION</NODETYPE><TITLE>POCHK1</TITLE><WFNODEID>16868</WFNODEID><XCOORDINATE>3</XCOORDINATE><YCOORDINATE>1</YCOORDINATE><WFACTION><ACTION></ACTION><ACTIONID>1</ACTIONID><CONDITION></CONDITION><CONDITIONCLASS></CONDITIONCLASS><INSTRUCTION>Check PO cost &gt; 0, poline delivery date and gl account</INSTRUCTION><ISPOSITIVE>0</ISPOSITIVE><MEMBERNODEID>6</MEMBERNODEID><OWNERNODEID>3</OWNERNODEID><SEQUENCE xsi:nil="true"></SEQUENCE><WFACTIONID>19461</WFACTIONID></WFACTION><WFACTION><ACTION></ACTION><ACTIONID>240</ACTIONID><CONDITION></CONDITION><CONDITIONCLASS></CONDITIONCLASS><INSTRUCTION>POTYPE?</INSTRUCTION><ISPOSITIVE>1</ISPOSITIVE><MEMBERNODEID>98</MEMBERNODEID><OWNERNODEID>3</OWNERNODEID><SEQUENCE xsi:nil="true"></SEQUENCE><WFACTIONID>19462</WFACTIONID></WFACTION><WFCONDITION><CONDITION>:totalcost &gt; 0 
and not exists (select 1 from poline where poline.ponum = po.ponum and poline.siteid = po.siteid and (gldebitacct is null OR gldebitacct  like '%?%' OR (len(gldebitacct) - len(replace(gldebitacct,'-',''))) &lt;&gt; 2 OR reqdeliverydate is  null or linecost = 0))
and not exists (select 1 from companies where companies.company = po.vendor and companies.orgid = po.orgid and irv_tobedisabled = 1)</CONDITION><CUSTOMCLASS></CUSTOMCLASS><WFCONDITIONID>10288</WFCONDITIONID></WFCONDITION></WFNODE><WFNODE><DESCRIPTION>Check PO cost &gt; 0, poline delivery date and gl account</DESCRIPTION><DESCRIPTION_LONGDESCRIPTION></DESCRIPTION_LONGDESCRIPTION><HASLD>0</HASLD><IMAGEFILE></IMAGEFILE><LANGCODE>EN</LANGCODE><NODEID>6</NODEID><NODETYPE maxvalue="WFINTERACTION">INTERACTION</NODETYPE><TITLE>CHK1</TITLE><WFNODEID>16869</WFNODEID><XCOORDINATE>5</XCOORDINATE><YCOORDINATE>1</YCOORDINATE><WFACTION><ACTION></ACTION><ACTIONID>2</ACTIONID><CONDITION></CONDITION><CONDITIONCLASS></CONDITIONCLASS><INSTRUCTION>STOP 2</INSTRUCTION><ISPOSITIVE>1</ISPOSITIVE><MEMBERNODEID>2</MEMBERNODEID><OWNERNODEID>6</OWNERNODEID><SEQUENCE xsi:nil="true"></SEQUENCE><WFACTIONID>19463</WFACTIONID></WFACTION><WFINTERACTION><ACTION></ACTION><APP></APP><DIRECTIONS>ERROR PO NOT COMPLETE</DIRECTIONS><DIRECTIONS_LONGDESCRIPTION>Please check GL Account, Delivery Date, Line Cost and Vendor.</DIRECTIONS_LONGDESCRIPTION><HASLD>1</HASLD><LANGCODE>EN</LANGCODE><LAUNCHPROCESS></LAUNCHPROCESS><PAGE></PAGE><RELATION></RELATION><TABNAME></TABNAME><WFINTERACTIONID>6624</WFINTERACTIONID><LONGDESCRIPTION><CONTENTUID>542,626</CONTENTUID><LANGCODE>EN</LANGCODE><LDKEY>6624</LDKEY><LDOWNERCOL>DIRECTIONS</LDOWNERCOL><LDOWNERTABLE>WFINTERACTION</LDOWNERTABLE><LDTEXT>Please check GL Account, Delivery Date, Line Cost and Vendor.</LDTEXT><LONGDESCRIPTIONID>542626</LONGDESCRIPTIONID></LONGDESCRIPTION></WFINTERACTION></WFNODE><WFNODE><DESCRIPTION>Approve or Query PO</DESCRIPTION><DESCRIPTION_LONGDESCRIPTION></DESCRIPTION_LONGDESCRIPTION><HASLD>0</HASLD><IMAGEFILE></IMAGEFILE><LANGCODE>EN</LANGCODE><NODEID>28</NODEID><NODETYPE maxvalue="WFINPUT">INPUT</NODETYPE><TITLE>POACT1</TITLE><WFNODEID>16870</WFNODEID><XCOORDINATE>16</XCOORDINATE><YCOORDINATE>3</YCOORDINATE><WFINPUT><DISPLAYONE>0</DISPLAYONE><WFINPUTID>4924</WFINPUTID></WFINPUT><WFACTION><ACTION></ACTION><ACTIONID>33</ACTIONID><CONDITION></CONDITION><CONDITIONCLASS></CONDITIONCLASS><INSTRUCTION>Query PO</INSTRUCTION><ISPOSITIVE>1</ISPOSITIVE><MEMBERNODEID>29</MEMBERNODEID><OWNERNODEID>28</OWNERNODEID><SEQUENCE>1</SEQUENCE><WFACTIONID>19464</WFACTIONID></WFACTION><WFACTION><ACTION></ACTION><ACTIONID>107</ACTIONID><CONDITION></CONDITION><CONDITIONCLASS></CONDITIONCLASS><INSTRUCTION>Approve PO</INSTRUCTION><ISPOSITIVE>1</ISPOSITIVE><MEMBERNODEID>71</MEMBERNODEID><OWNERNODEID>28</OWNERNODEID><SEQUENCE>2</SEQUENCE><WFACTIONID>19465</WFACTIONID></WFACTION><WFACTION><ACTION></ACTION><ACTIONID>235</ACTIONID><CONDITION></CONDITION><CONDITIONCLASS></CONDITIONCLASS><INSTRUCTION>Stop Workflow (PO will stay at WAPPR till workflow re-started)</INSTRUCTION><ISPOSITIVE>1</ISPOSITIVE><MEMBERNODEID>97</MEMBERNODEID><OWNERNODEID>28</OWNERNODEID><SEQUENCE>3</SEQUENCE><WFACTIONID>19466</WFACTIONID></WFACTION></WFNODE><WFNODE><DESCRIPTION>Query PO</DESCRIPTION><DESCRIPTION_LONGDESCRIPTION></DESCRIPTION_LONGDESCRIPTION><HASLD>0</HASLD><IMAGEFILE></IMAGEFILE><LANGCODE>EN</LANGCODE><NODEID>29</NODEID><NODETYPE maxvalue="WFTASK">TASK</NODETYPE><TITLE>QUERY1</TITLE><WFNODEID>16871</WFNODEID><XCOORDINATE>17</XCOORDINATE><YCOORDINATE>4</YCOORDINATE><WFTASK><APP>PO</APP><CALENDARBASED>0</CALENDARBASED><DISPLAYONE>0</DISPLAYONE><FIRSTCOMPLETE>1</FIRSTCOMPLETE><READONLY>0</READONLY><TIMELIMIT>0.0</TIMELIMIT><WFTASKID>4917</WFTASKID><WFTASKTYPE></WFTASKTYPE></WFTASK><WFASSIGNMENT><ACCEPTEXPR></ACCEPTEXPR><APP>PO</APP><ASSIGNCODE></ASSIGNCODE><ASSIGNID>1</ASSIGNID><ASSIGNSTATUS maxvalue="DEFAULT">DEFAULT</ASSIGNSTATUS><ASSIGN_01></ASSIGN_01><ASSIGN_02></ASSIGN_02><ASSIGN_03></ASSIGN_03><ASSIGN_04></ASSIGN_04><ASSIGN_05></ASSIGN_05><CALENDARBASED>0</CALENDARBASED><CONDITION></CONDITION><CONDITIONCLASS></CONDITIONCLASS><DESCRIPTION>Please Amend PO :ponum as per instructions</DESCRIPTION><DESCRIPTION_LONGDESCRIPTION></DESCRIPTION_LONGDESCRIPTION><DUEDATE xsi:nil="true"></DUEDATE><EMAILNOTIFICATION>0</EMAILNOTIFICATION><ESCROLE></ESCROLE><GROUPNUM xsi:nil="true"></GROUPNUM><HASLD>0</HASLD><LANGCODE>EN</LANGCODE><NONACCEPTMSG></NONACCEPTMSG><ORIGPERSON></ORIGPERSON><OWNERID xsi:nil="true"></OWNERID><OWNERTABLE>PO</OWNERTABLE><PRIORITY xsi:nil="true"></PRIORITY><RELATIONSHIP></RELATIONSHIP><ROLEID>ORIGINATOR</ROLEID><SEPARATEGROUPS>1</SEPARATEGROUPS><STARTDATE xsi:nil="true"></STARTDATE><TEMPLATEID>WFASSIGN</TEMPLATEID><TIMELIMIT>0.0</TIMELIMIT><WFASSIGNMENTID>275981</WFASSIGNMENTID><WFID>0</WFID></WFASSIGNMENT><WFACTION><ACTION></ACTION><ACTIONID>178</ACTIONID><CONDITION></CONDITION><CONDITIONCLASS></CONDITIONCLASS><INSTRUCTION>re-submit or stop workflow</INSTRUCTION><ISPOSITIVE>1</ISPOSITIVE><MEMBERNODEID>74</MEMBERNODEID><OWNERNODEID>29</OWNERNODEID><SEQUENCE xsi:nil="true"></SEQUENCE><WFACTIONID>19467</WFACTIONID></WFACTION></WFNODE><WFNODE><DESCRIPTION>Is Approver the PO originator</DESCRIPTION><DESCRIPTION_LONGDESCRIPTION></DESCRIPTION_LONGDESCRIPTION><HASLD>0</HASLD><IMAGEFILE></IMAGEFILE><LANGCODE>EN</LANGCODE><NODEID>71</NODEID><NODETYPE maxvalue="WFCONDITION">CONDITION</NODETYPE><TITLE>USERCHK1</TITLE><WFNODEID>16872</WFNODEID><XCOORDINATE>17</XCOORDINATE><YCOORDINATE>3</YCOORDINATE><WFACTION><ACTION></ACTION><ACTIONID>109</ACTIONID><CONDITION></CONDITION><CONDITIONCLASS></CONDITIONCLASS><INSTRUCTION>User is also PO originator</INSTRUCTION><ISPOSITIVE>1</ISPOSITIVE><MEMBERNODEID>72</MEMBERNODEID><OWNERNODEID>71</OWNERNODEID><SEQUENCE xsi:nil="true"></SEQUENCE><WFACTIONID>19468</WFACTIONID></WFACTION><WFACTION><ACTION>PO APPR</ACTION><ACTIONID>237</ACTIONID><CONDITION></CONDITION><CONDITIONCLASS></CONDITIONCLASS><INSTRUCTION>STOP 75</INSTRUCTION><ISPOSITIVE>0</ISPOSITIVE><MEMBERNODEID>75</MEMBERNODEID><OWNERNODEID>71</OWNERNODEID><SEQUENCE xsi:nil="true"></SEQUENCE><WFACTIONID>19469</WFACTIONID></WFACTION><WFCONDITION><CONDITION>:user = :changeby</CONDITION><CUSTOMCLASS></CUSTOMCLASS><WFCONDITIONID>10289</WFCONDITIONID></WFCONDITION></WFNODE><WFNODE><DESCRIPTION>User is also PO originator</DESCRIPTION><DESCRIPTION_LONGDESCRIPTION></DESCRIPTION_LONGDESCRIPTION><HASLD>0</HASLD><IMAGEFILE></IMAGEFILE><LANGCODE>EN</LANGCODE><NODEID>72</NODEID><NODETYPE maxvalue="WFINTERACTION">INTERACTION</NODETYPE><TITLE>OWNER PO</TITLE><WFNODEID>16873</WFNODEID><XCOORDINATE>18</XCOORDINATE><YCOORDINATE>2</YCOORDINATE><WFACTION><ACTION></ACTION><ACTIONID>233</ACTIONID><CONDITION></CONDITION><CONDITIONCLASS></CONDITIONCLASS><INSTRUCTION>Check PO is valid</INSTRUCTION><ISPOSITIVE>1</ISPOSITIVE><MEMBERNODEID>3</MEMBERNODEID><OWNERNODEID>72</OWNERNODEID><SEQUENCE xsi:nil="true"></SEQUENCE><WFACTIONID>19470</WFACTIONID></WFACTION><WFINTERACTION><ACTION></ACTION><APP></APP><DIRECTIONS>Error</DIRECTIONS><DIRECTIONS_LONGDESCRIPTION>You cannot approve a PO you have raised.</DIRECTIONS_LONGDESCRIPTION><HASLD>1</HASLD><LANGCODE>EN</LANGCODE><LAUNCHPROCESS></LAUNCHPROCESS><PAGE></PAGE><RELATION></RELATION><TABNAME></TABNAME><WFINTERACTIONID>6625</WFINTERACTIONID><LONGDESCRIPTION><CONTENTUID>542,627</CONTENTUID><LANGCODE>EN</LANGCODE><LDKEY>6625</LDKEY><LDOWNERCOL>DIRECTIONS</LDOWNERCOL><LDOWNERTABLE>WFINTERACTION</LDOWNERTABLE><LDTEXT>You cannot approve a PO you have raised.</LDTEXT><LONGDESCRIPTIONID>542627</LONGDESCRIPTIONID></LONGDESCRIPTION></WFINTERACTION></WFNODE><WFNODE><DESCRIPTION>re-submit or stop workflow</DESCRIPTION><DESCRIPTION_LONGDESCRIPTION></DESCRIPTION_LONGDESCRIPTION><HASLD>0</HASLD><IMAGEFILE></IMAGEFILE><LANGCODE>EN</LANGCODE><NODEID>74</NODEID><NODETYPE maxvalue="WFINPUT">INPUT</NODETYPE><TITLE>CHK1</TITLE><WFNODEID>16874</WFNODEID><XCOORDINATE>19</XCOORDINATE><YCOORDINATE>4</YCOORDINATE><WFINPUT><DISPLAYONE>0</DISPLAYONE><WFINPUTID>4925</WFINPUTID></WFINPUT><WFACTION><ACTION></ACTION><ACTIONID>180</ACTIONID><CONDITION></CONDITION><CONDITIONCLASS></CONDITIONCLASS><INSTRUCTION>Resubmit PO</INSTRUCTION><ISPOSITIVE>1</ISPOSITIVE><MEMBERNODEID>3</MEMBERNODEID><OWNERNODEID>74</OWNERNODEID><SEQUENCE>1</SEQUENCE><WFACTIONID>19471</WFACTIONID></WFACTION><WFACTION><ACTION></ACTION><ACTIONID>179</ACTIONID><CONDITION></CONDITION><CONDITIONCLASS></CONDITIONCLASS><INSTRUCTION>Stop Workflow (PO will stay at WAPPR till workflow re-started)</INSTRUCTION><ISPOSITIVE>1</ISPOSITIVE><MEMBERNODEID>2</MEMBERNODEID><OWNERNODEID>74</OWNERNODEID><SEQUENCE>2</SEQUENCE><WFACTIONID>19472</WFACTIONID></WFACTION><WFACTION><ACTION>PO CAN</ACTION><ACTIONID>182</ACTIONID><CONDITION></CONDITION><CONDITIONCLASS></CONDITIONCLASS><INSTRUCTION>Cancel PO</INSTRUCTION><ISPOSITIVE>1</ISPOSITIVE><MEMBERNODEID>75</MEMBERNODEID><OWNERNODEID>74</OWNERNODEID><SEQUENCE>3</SEQUENCE><WFACTIONID>19574</WFACTIONID></WFACTION></WFNODE><WFNODE><DESCRIPTION>STOP 75</DESCRIPTION><DESCRIPTION_LONGDESCRIPTION></DESCRIPTION_LONGDESCRIPTION><HASLD>0</HASLD><IMAGEFILE></IMAGEFILE><LANGCODE>EN</LANGCODE><NODEID>75</NODEID><NODETYPE maxvalue="WFSTOP">STOP</NODETYPE><TITLE>STOP 75</TITLE><WFNODEID>16875</WFNODEID><XCOORDINATE>20</XCOORDINATE><YCOORDINATE>3</YCOORDINATE><WFSTOP><WFSTOPID>7789</WFSTOPID></WFSTOP></WFNODE><WFNODE><DESCRIPTION>ASSIGNED?</DESCRIPTION><DESCRIPTION_LONGDESCRIPTION></DESCRIPTION_LONGDESCRIPTION><HASLD>0</HASLD><IMAGEFILE></IMAGEFILE><LANGCODE>EN</LANGCODE><NODEID>88</NODEID><NODETYPE maxvalue="WFCONDITION">CONDITION</NODETYPE><TITLE>ASSIGNED?</TITLE><WFNODEID>16876</WFNODEID><XCOORDINATE>8</XCOORDINATE><YCOORDINATE>3</YCOORDINATE><WFACTION><ACTION></ACTION><ACTIONID>206</ACTIONID><CONDITION></CONDITION><CONDITIONCLASS></CONDITIONCLASS><INSTRUCTION>TASK 95</INSTRUCTION><ISPOSITIVE>1</ISPOSITIVE><MEMBERNODEID>95</MEMBERNODEID><OWNERNODEID>88</OWNERNODEID><SEQUENCE xsi:nil="true"></SEQUENCE><WFACTIONID>19575</WFACTIONID></WFACTION><WFACTION><ACTION></ACTION><ACTIONID>215</ACTIONID><CONDITION></CONDITION><CONDITIONCLASS></CONDITIONCLASS><INSTRUCTION>TASK 96</INSTRUCTION><ISPOSITIVE>0</ISPOSITIVE><MEMBERNODEID>96</MEMBERNODEID><OWNERNODEID>88</OWNERNODEID><SEQUENCE xsi:nil="true"></SEQUENCE><WFACTIONID>19576</WFACTIONID></WFACTION><WFCONDITION><CONDITION>IRV_APPRGRP is not null</CONDITION><CUSTOMCLASS></CUSTOMCLASS><WFCONDITIONID>10290</WFCONDITIONID></WFCONDITION></WFNODE><WFNODE><DESCRIPTION>ASSIGN GROUP</DESCRIPTION><DESCRIPTION_LONGDESCRIPTION></DESCRIPTION_LONGDESCRIPTION><HASLD>0</HASLD><IMAGEFILE></IMAGEFILE><LANGCODE>EN</LANGCODE><NODEID>95</NODEID><NODETYPE maxvalue="WFTASK">TASK</NODETYPE><TITLE>ASSIGN GROUP</TITLE><WFNODEID>16877</WFNODEID><XCOORDINATE>13</XCOORDINATE><YCOORDINATE>3</YCOORDINATE><WFTASK><APP>PO</APP><CALENDARBASED>0</CALENDARBASED><DISPLAYONE>0</DISPLAYONE><FIRSTCOMPLETE>1</FIRSTCOMPLETE><READONLY>0</READONLY><TIMELIMIT>0.0</TIMELIMIT><WFTASKID>4918</WFTASKID><WFTASKTYPE></WFTASKTYPE></WFTASK><WFASSIGNMENT><ACCEPTEXPR></ACCEPTEXPR><APP>PO</APP><ASSIGNCODE></ASSIGNCODE><ASSIGNID>1</ASSIGNID><ASSIGNSTATUS maxvalue="DEFAULT">DEFAULT</ASSIGNSTATUS><ASSIGN_01></ASSIGN_01><ASSIGN_02></ASSIGN_02><ASSIGN_03></ASSIGN_03><ASSIGN_04></ASSIGN_04><ASSIGN_05></ASSIGN_05><CALENDARBASED>0</CALENDARBASED><CONDITION></CONDITION><CONDITIONCLASS></CONDITIONCLASS><DESCRIPTION>PO :ponum assigned for your approval.</DESCRIPTION><DESCRIPTION_LONGDESCRIPTION></DESCRIPTION_LONGDESCRIPTION><DUEDATE xsi:nil="true"></DUEDATE><EMAILNOTIFICATION>0</EMAILNOTIFICATION><ESCROLE>AUTOACCEPT</ESCROLE><GROUPNUM xsi:nil="true"></GROUPNUM><HASLD>0</HASLD><LANGCODE>EN</LANGCODE><NONACCEPTMSG></NONACCEPTMSG><ORIGPERSON></ORIGPERSON><OWNERID xsi:nil="true"></OWNERID><OWNERTABLE>PO</OWNERTABLE><PRIORITY xsi:nil="true"></PRIORITY><RELATIONSHIP></RELATIONSHIP><ROLEID>POAPPR</ROLEID><SEPARATEGROUPS>1</SEPARATEGROUPS><STARTDATE xsi:nil="true"></STARTDATE><TEMPLATEID>WFASSIGN</TEMPLATEID><TIMELIMIT>0.0</TIMELIMIT><WFASSIGNMENTID>275982</WFASSIGNMENTID><WFID>0</WFID></WFASSIGNMENT><WFACTION><ACTION></ACTION><ACTIONID>221</ACTIONID><CONDITION></CONDITION><CONDITIONCLASS></CONDITIONCLASS><INSTRUCTION>Continue processing PO.</INSTRUCTION><ISPOSITIVE>1</ISPOSITIVE><MEMBERNODEID>28</MEMBERNODEID><OWNERNODEID>95</OWNERNODEID><SEQUENCE xsi:nil="true"></SEQUENCE><WFACTIONID>19577</WFACTIONID></WFACTION></WFNODE><WFNODE><DESCRIPTION>ASSIGN DEFAULT</DESCRIPTION><DESCRIPTION_LONGDESCRIPTION></DESCRIPTION_LONGDESCRIPTION><HASLD>0</HASLD><IMAGEFILE></IMAGEFILE><LANGCODE>EN</LANGCODE><NODEID>96</NODEID><NODETYPE maxvalue="WFTASK">TASK</NODETYPE><TITLE>ASSIGN DEFAULT</TITLE><WFNODEID>16878</WFNODEID><XCOORDINATE>13</XCOORDINATE><YCOORDINATE>4</YCOORDINATE><WFTASK><APP>PO</APP><CALENDARBASED>0</CALENDARBASED><DISPLAYONE>0</DISPLAYONE><FIRSTCOMPLETE>1</FIRSTCOMPLETE><READONLY>0</READONLY><TIMELIMIT>0.0</TIMELIMIT><WFTASKID>4919</WFTASKID><WFTASKTYPE></WFTASKTYPE></WFTASK><WFASSIGNMENT><ACCEPTEXPR></ACCEPTEXPR><APP>PO</APP><ASSIGNCODE></ASSIGNCODE><ASSIGNID>1</ASSIGNID><ASSIGNSTATUS maxvalue="DEFAULT">DEFAULT</ASSIGNSTATUS><ASSIGN_01></ASSIGN_01><ASSIGN_02></ASSIGN_02><ASSIGN_03></ASSIGN_03><ASSIGN_04></ASSIGN_04><ASSIGN_05></ASSIGN_05><CALENDARBASED>0</CALENDARBASED><CONDITION></CONDITION><CONDITIONCLASS></CONDITIONCLASS><DESCRIPTION>ASSIGN DEFAULT</DESCRIPTION><DESCRIPTION_LONGDESCRIPTION></DESCRIPTION_LONGDESCRIPTION><DUEDATE xsi:nil="true"></DUEDATE><EMAILNOTIFICATION>0</EMAILNOTIFICATION><ESCROLE>AUTOACCEPT</ESCROLE><GROUPNUM xsi:nil="true"></GROUPNUM><HASLD>0</HASLD><LANGCODE>EN</LANGCODE><NONACCEPTMSG></NONACCEPTMSG><ORIGPERSON></ORIGPERSON><OWNERID xsi:nil="true"></OWNERID><OWNERTABLE>PO</OWNERTABLE><PRIORITY xsi:nil="true"></PRIORITY><RELATIONSHIP></RELATIONSHIP><ROLEID>HAAGY100</ROLEID><SEPARATEGROUPS>1</SEPARATEGROUPS><STARTDATE xsi:nil="true"></STARTDATE><TEMPLATEID>WFASSIGN</TEMPLATEID><TIMELIMIT>0.0</TIMELIMIT><WFASSIGNMENTID>275983</WFASSIGNMENTID><WFID>0</WFID></WFASSIGNMENT><WFACTION><ACTION></ACTION><ACTIONID>220</ACTIONID><CONDITION></CONDITION><CONDITIONCLASS></CONDITIONCLASS><INSTRUCTION>Continue processing PO.</INSTRUCTION><ISPOSITIVE>1</ISPOSITIVE><MEMBERNODEID>28</MEMBERNODEID><OWNERNODEID>96</OWNERNODEID><SEQUENCE xsi:nil="true"></SEQUENCE><WFACTIONID>19578</WFACTIONID></WFACTION></WFNODE><WFNODE><DESCRIPTION>STOP 97</DESCRIPTION><DESCRIPTION_LONGDESCRIPTION></DESCRIPTION_LONGDESCRIPTION><HASLD>0</HASLD><IMAGEFILE></IMAGEFILE><LANGCODE>EN</LANGCODE><NODEID>97</NODEID><NODETYPE maxvalue="WFSTOP">STOP</NODETYPE><TITLE>STOP 97</TITLE><WFNODEID>16879</WFNODEID><XCOORDINATE>16</XCOORDINATE><YCOORDINATE>2</YCOORDINATE><WFSTOP><WFSTOPID>7790</WFSTOPID></WFSTOP></WFNODE><WFNODE><DESCRIPTION>POTYPE?</DESCRIPTION><DESCRIPTION_LONGDESCRIPTION></DESCRIPTION_LONGDESCRIPTION><HASLD>0</HASLD><IMAGEFILE></IMAGEFILE><LANGCODE>EN</LANGCODE><NODEID>98</NODEID><NODETYPE maxvalue="WFCONDITION">CONDITION</NODETYPE><TITLE>POTYPE?</TITLE><WFNODEID>16880</WFNODEID><XCOORDINATE>4</XCOORDINATE><YCOORDINATE>3</YCOORDINATE><WFACTION><ACTION>IRV_SETAPPRGRP</ACTION><ACTIONID>238</ACTIONID><CONDITION></CONDITION><CONDITIONCLASS></CONDITIONCLASS><INSTRUCTION>ASSIGNED?</INSTRUCTION><ISPOSITIVE>1</ISPOSITIVE><MEMBERNODEID>88</MEMBERNODEID><OWNERNODEID>98</OWNERNODEID><SEQUENCE xsi:nil="true"></SEQUENCE><WFACTIONID>19579</WFACTIONID></WFACTION><WFACTION><ACTION></ACTION><ACTIONID>241</ACTIONID><CONDITION></CONDITION><CONDITIONCLASS></CONDITIONCLASS><INSTRUCTION>INTERACTION 99</INSTRUCTION><ISPOSITIVE>0</ISPOSITIVE><MEMBERNODEID>99</MEMBERNODEID><OWNERNODEID>98</OWNERNODEID><SEQUENCE xsi:nil="true"></SEQUENCE><WFACTIONID>19580</WFACTIONID></WFACTION><WFCONDITION><CONDITION>IRV_POTYPE  is not null</CONDITION><CUSTOMCLASS></CUSTOMCLASS><WFCONDITIONID>10291</WFCONDITIONID></WFCONDITION></WFNODE><WFNODE><DESCRIPTION>PO Type</DESCRIPTION><DESCRIPTION_LONGDESCRIPTION></DESCRIPTION_LONGDESCRIPTION><HASLD>0</HASLD><IMAGEFILE></IMAGEFILE><LANGCODE>EN</LANGCODE><NODEID>99</NODEID><NODETYPE maxvalue="WFINTERACTION">INTERACTION</NODETYPE><TITLE>POTYPE</TITLE><WFNODEID>16881</WFNODEID><XCOORDINATE>8</XCOORDINATE><YCOORDINATE>2</YCOORDINATE><WFACTION><ACTION></ACTION><ACTIONID>242</ACTIONID><CONDITION></CONDITION><CONDITIONCLASS></CONDITIONCLASS><INSTRUCTION>STOP 97</INSTRUCTION><ISPOSITIVE>1</ISPOSITIVE><MEMBERNODEID>97</MEMBERNODEID><OWNERNODEID>99</OWNERNODEID><SEQUENCE xsi:nil="true"></SEQUENCE><WFACTIONID>19581</WFACTIONID></WFACTION><WFINTERACTION><ACTION></ACTION><APP></APP><DIRECTIONS>PO Type</DIRECTIONS><DIRECTIONS_LONGDESCRIPTION>Please populate the PO type.</DIRECTIONS_LONGDESCRIPTION><HASLD>1</HASLD><LANGCODE>EN</LANGCODE><LAUNCHPROCESS></LAUNCHPROCESS><PAGE></PAGE><RELATION></RELATION><TABNAME></TABNAME><WFINTERACTIONID>6626</WFINTERACTIONID><LONGDESCRIPTION><CONTENTUID>542,628</CONTENTUID><LANGCODE>EN</LANGCODE><LDKEY>6626</LDKEY><LDOWNERCOL>DIRECTIONS</LDOWNERCOL><LDOWNERTABLE>WFINTERACTION</LDOWNERTABLE><LDTEXT>Please populate the PO type.</LDTEXT><LONGDESCRIPTIONID>542628</LONGDESCRIPTIONID></LONGDESCRIPTION></WFINTERACTION></WFNODE></WFPROCESS><WFPROCESS action="AddChange"><ACTIVE>0</ACTIVE><AUTOINITIATE>0</AUTOINITIATE><CHANGEBY>TIMMINSA</CHANGEBY><CHANGEDATE>2014-10-08T12:43:04+01:00</CHANGEDATE><DELETABLE>1</DELETABLE><DESCRIPTION>Sub Workflow for Purchase Invoices L</DESCRIPTION><DESCRIPTION_LONGDESCRIPTION></DESCRIPTION_LONGDESCRIPTION><ENABLED>1</ENABLED><EXTERNALREFID></EXTERNALREFID><HASLD>0</HASLD><LANGCODE>EN</LANGCODE><MIGRATED>0</MIGRATED><OBJECTNAME>INVOICE</OBJECTNAME><OWNERSYSID></OWNERSYSID><PROCESSNAME>SUBINVWF</PROCESSNAME><PROCESSREV>21</PROCESSREV><SENDERSYSID>MX</SENDERSYSID><SOURCESYSID></SOURCESYSID><WFPROCESSID>6524</WFPROCESSID><WFNODE><DESCRIPTION>START 1</DESCRIPTION><DESCRIPTION_LONGDESCRIPTION></DESCRIPTION_LONGDESCRIPTION><HASLD>0</HASLD><IMAGEFILE></IMAGEFILE><LANGCODE>EN</LANGCODE><NODEID>1</NODEID><NODETYPE maxvalue="WFSTART">START</NODETYPE><TITLE>START 1</TITLE><WFNODEID>17186</WFNODEID><XCOORDINATE>1</XCOORDINATE><YCOORDINATE>1</YCOORDINATE><WFSTART><WFSTARTID>6530</WFSTARTID></WFSTART><WFACTION><ACTION>IRV_INVVAL</ACTION><ACTIONID>225</ACTIONID><CONDITION></CONDITION><CONDITIONCLASS></CONDITIONCLASS><INSTRUCTION>CONDITION 53</INSTRUCTION><ISPOSITIVE>1</ISPOSITIVE><MEMBERNODEID>53</MEMBERNODEID><OWNERNODEID>1</OWNERNODEID><SEQUENCE xsi:nil="true"></SEQUENCE><WFACTIONID>19880</WFACTIONID></WFACTION></WFNODE><WFNODE><DESCRIPTION>ISSUE-DETECTED?</DESCRIPTION><DESCRIPTION_LONGDESCRIPTION></DESCRIPTION_LONGDESCRIPTION><HASLD>0</HASLD><IMAGEFILE></IMAGEFILE><LANGCODE>EN</LANGCODE><NODEID>53</NODEID><NODETYPE maxvalue="WFCONDITION">CONDITION</NODETYPE><TITLE>ISSUE-DETECTED?</TITLE><WFNODEID>17187</WFNODEID><XCOORDINATE>5</XCOORDINATE><YCOORDINATE>1</YCOORDINATE><WFACTION><ACTION>INV APPR</ACTION><ACTIONID>226</ACTIONID><CONDITION></CONDITION><CONDITIONCLASS></CONDITIONCLASS><INSTRUCTION>STOP 54</INSTRUCTION><ISPOSITIVE>0</ISPOSITIVE><MEMBERNODEID>54</MEMBERNODEID><OWNERNODEID>53</OWNERNODEID><SEQUENCE xsi:nil="true"></SEQUENCE><WFACTIONID>19881</WFACTIONID></WFACTION><WFACTION><ACTION></ACTION><ACTIONID>240</ACTIONID><CONDITION></CONDITION><CONDITIONCLASS></CONDITIONCLASS><INSTRUCTION>CONDITION 64</INSTRUCTION><ISPOSITIVE>1</ISPOSITIVE><MEMBERNODEID>64</MEMBERNODEID><OWNERNODEID>53</OWNERNODEID><SEQUENCE xsi:nil="true"></SEQUENCE><WFACTIONID>19882</WFACTIONID></WFACTION><WFCONDITION><CONDITION>IRV_ISSUETYPE is not  null and IRV_REASONCODE is not null</CONDITION><CUSTOMCLASS></CUSTOMCLASS><WFCONDITIONID>10387</WFCONDITIONID></WFCONDITION></WFNODE><WFNODE><DESCRIPTION>STOP 54</DESCRIPTION><DESCRIPTION_LONGDESCRIPTION></DESCRIPTION_LONGDESCRIPTION><HASLD>0</HASLD><IMAGEFILE></IMAGEFILE><LANGCODE>EN</LANGCODE><NODEID>54</NODEID><NODETYPE maxvalue="WFSTOP">STOP</NODETYPE><TITLE>STOP 54</TITLE><WFNODEID>17188</WFNODEID><XCOORDINATE>5</XCOORDINATE><YCOORDINATE>0</YCOORDINATE><WFSTOP><WFSTOPID>7892</WFSTOPID></WFSTOP></WFNODE><WFNODE><DESCRIPTION>Assign Issue</DESCRIPTION><DESCRIPTION_LONGDESCRIPTION></DESCRIPTION_LONGDESCRIPTION><HASLD>0</HASLD><IMAGEFILE></IMAGEFILE><LANGCODE>EN</LANGCODE><NODEID>55</NODEID><NODETYPE maxvalue="WFTASK">TASK</NODETYPE><TITLE>ASSIGN-ISSUE</TITLE><WFNODEID>17190</WFNODEID><XCOORDINATE>13</XCOORDINATE><YCOORDINATE>1</YCOORDINATE><WFTASK><APP>INVOICE</APP><CALENDARBASED>0</CALENDARBASED><DISPLAYONE>0</DISPLAYONE><FIRSTCOMPLETE>1</FIRSTCOMPLETE><READONLY>0</READONLY><TIMELIMIT>0.0</TIMELIMIT><WFTASKID>5021</WFTASKID><WFTASKTYPE></WFTASKTYPE></WFTASK><WFASSIGNMENT><ACCEPTEXPR></ACCEPTEXPR><APP>INVOICE</APP><ASSIGNCODE></ASSIGNCODE><ASSIGNID>1</ASSIGNID><ASSIGNSTATUS maxvalue="INACTIVE">INACTIVE</ASSIGNSTATUS><ASSIGN_01></ASSIGN_01><ASSIGN_02></ASSIGN_02><ASSIGN_03></ASSIGN_03><ASSIGN_04></ASSIGN_04><ASSIGN_05></ASSIGN_05><CALENDARBASED>0</CALENDARBASED><CONDITION></CONDITION><CONDITIONCLASS></CONDITIONCLASS><DESCRIPTION>Processing Issue Detected, please check issue status.</DESCRIPTION><DESCRIPTION_LONGDESCRIPTION></DESCRIPTION_LONGDESCRIPTION><DUEDATE xsi:nil="true"></DUEDATE><EMAILNOTIFICATION>0</EMAILNOTIFICATION><ESCROLE></ESCROLE><GROUPNUM xsi:nil="true"></GROUPNUM><HASLD>0</HASLD><LANGCODE>EN</LANGCODE><NONACCEPTMSG></NONACCEPTMSG><ORIGPERSON></ORIGPERSON><OWNERID xsi:nil="true"></OWNERID><OWNERTABLE>INVOICE</OWNERTABLE><PRIORITY xsi:nil="true"></PRIORITY><RELATIONSHIP></RELATIONSHIP><ROLEID>IRV_INVISS</ROLEID><SEPARATEGROUPS>1</SEPARATEGROUPS><STARTDATE xsi:nil="true"></STARTDATE><TEMPLATEID>WFASSIGN</TEMPLATEID><TIMELIMIT>0.0</TIMELIMIT><WFASSIGNMENTID>278023</WFASSIGNMENTID><WFID>0</WFID></WFASSIGNMENT><WFACTION><ACTION></ACTION><ACTIONID>233</ACTIONID><CONDITION></CONDITION><CONDITIONCLASS></CONDITIONCLASS><INSTRUCTION>Continue invoice processing.</INSTRUCTION><ISPOSITIVE>1</ISPOSITIVE><MEMBERNODEID>59</MEMBERNODEID><OWNERNODEID>55</OWNERNODEID><SEQUENCE xsi:nil="true"></SEQUENCE><WFACTIONID>19883</WFACTIONID></WFACTION></WFNODE><WFNODE><DESCRIPTION>INVOICE-ERROR-DETECTED</DESCRIPTION><DESCRIPTION_LONGDESCRIPTION></DESCRIPTION_LONGDESCRIPTION><HASLD>0</HASLD><IMAGEFILE></IMAGEFILE><LANGCODE>EN</LANGCODE><NODEID>56</NODEID><NODETYPE maxvalue="WFINTERACTION">INTERACTION</NODETYPE><TITLE>INVOICE-ERROR-DETECTED</TITLE><WFNODEID>17191</WFNODEID><XCOORDINATE>10</XCOORDINATE><YCOORDINATE>1</YCOORDINATE><WFACTION><ACTION></ACTION><ACTIONID>232</ACTIONID><CONDITION></CONDITION><CONDITIONCLASS></CONDITIONCLASS><INSTRUCTION>Assign Issue</INSTRUCTION><ISPOSITIVE>1</ISPOSITIVE><MEMBERNODEID>55</MEMBERNODEID><OWNERNODEID>56</OWNERNODEID><SEQUENCE xsi:nil="true"></SEQUENCE><WFACTIONID>19884</WFACTIONID></WFACTION><WFINTERACTION><ACTION>ROUTEWF</ACTION><APP>INVOICE</APP><DIRECTIONS>Invoice Processing Error</DIRECTIONS><DIRECTIONS_LONGDESCRIPTION>Processing Issue Detected, please check the Type/Reason Code.</DIRECTIONS_LONGDESCRIPTION><HASLD>1</HASLD><LANGCODE>EN</LANGCODE><LAUNCHPROCESS></LAUNCHPROCESS><PAGE></PAGE><RELATION></RELATION><TABNAME></TABNAME><WFINTERACTIONID>6725</WFINTERACTIONID><LONGDESCRIPTION><CONTENTUID>554,671</CONTENTUID><LANGCODE>EN</LANGCODE><LDKEY>6725</LDKEY><LDOWNERCOL>DIRECTIONS</LDOWNERCOL><LDOWNERTABLE>WFINTERACTION</LDOWNERTABLE><LDTEXT>Processing Issue Detected, please check the Type/Reason Code.</LDTEXT><LONGDESCRIPTIONID>554671</LONGDESCRIPTIONID></LONGDESCRIPTION></WFINTERACTION></WFNODE><WFNODE><DESCRIPTION>PROGRESS/CANCEL</DESCRIPTION><DESCRIPTION_LONGDESCRIPTION></DESCRIPTION_LONGDESCRIPTION><HASLD>0</HASLD><IMAGEFILE></IMAGEFILE><LANGCODE>EN</LANGCODE><NODEID>59</NODEID><NODETYPE maxvalue="WFINPUT">INPUT</NODETYPE><TITLE>PROGRESS/CANCEL</TITLE><WFNODEID>17192</WFNODEID><XCOORDINATE>15</XCOORDINATE><YCOORDINATE>1</YCOORDINATE><WFINPUT><DISPLAYONE>0</DISPLAYONE><WFINPUTID>5028</WFINPUTID></WFINPUT><WFACTION><ACTION>IRV_INVVAL</ACTION><ACTIONID>234</ACTIONID><CONDITION></CONDITION><CONDITIONCLASS></CONDITIONCLASS><INSTRUCTION>Continue Processing Invoice.</INSTRUCTION><ISPOSITIVE>1</ISPOSITIVE><MEMBERNODEID>53</MEMBERNODEID><OWNERNODEID>59</OWNERNODEID><SEQUENCE>1</SEQUENCE><WFACTIONID>19885</WFACTIONID></WFACTION><WFACTION><ACTION>IRV_ISS_CANREQ</ACTION><ACTIONID>235</ACTIONID><CONDITION></CONDITION><CONDITIONCLASS></CONDITIONCLASS><INSTRUCTION>Request Invoice Cancel.</INSTRUCTION><ISPOSITIVE>1</ISPOSITIVE><MEMBERNODEID>60</MEMBERNODEID><OWNERNODEID>59</OWNERNODEID><SEQUENCE>2</SEQUENCE><WFACTIONID>19886</WFACTIONID></WFACTION></WFNODE><WFNODE><DESCRIPTION>APCLERK-CANCEL</DESCRIPTION><DESCRIPTION_LONGDESCRIPTION></DESCRIPTION_LONGDESCRIPTION><HASLD>0</HASLD><IMAGEFILE></IMAGEFILE><LANGCODE>EN</LANGCODE><NODEID>60</NODEID><NODETYPE maxvalue="WFTASK">TASK</NODETYPE><TITLE>APCLERK-CANCEL</TITLE><WFNODEID>17193</WFNODEID><XCOORDINATE>18</XCOORDINATE><YCOORDINATE>1</YCOORDINATE><WFTASK><APP>INVOICE</APP><CALENDARBASED>0</CALENDARBASED><DISPLAYONE>0</DISPLAYONE><FIRSTCOMPLETE>1</FIRSTCOMPLETE><READONLY>0</READONLY><TIMELIMIT>0.0</TIMELIMIT><WFTASKID>5022</WFTASKID><WFTASKTYPE></WFTASKTYPE></WFTASK><WFASSIGNMENT><ACCEPTEXPR></ACCEPTEXPR><APP>INVOICE</APP><ASSIGNCODE></ASSIGNCODE><ASSIGNID>1</ASSIGNID><ASSIGNSTATUS maxvalue="INACTIVE">INACTIVE</ASSIGNSTATUS><ASSIGN_01></ASSIGN_01><ASSIGN_02></ASSIGN_02><ASSIGN_03></ASSIGN_03><ASSIGN_04></ASSIGN_04><ASSIGN_05></ASSIGN_05><CALENDARBASED>0</CALENDARBASED><CONDITION></CONDITION><CONDITIONCLASS></CONDITIONCLASS><DESCRIPTION>Please cancel invoice.</DESCRIPTION><DESCRIPTION_LONGDESCRIPTION></DESCRIPTION_LONGDESCRIPTION><DUEDATE xsi:nil="true"></DUEDATE><EMAILNOTIFICATION>0</EMAILNOTIFICATION><ESCROLE></ESCROLE><GROUPNUM xsi:nil="true"></GROUPNUM><HASLD>0</HASLD><LANGCODE>EN</LANGCODE><NONACCEPTMSG></NONACCEPTMSG><ORIGPERSON></ORIGPERSON><OWNERID xsi:nil="true"></OWNERID><OWNERTABLE>INVOICE</OWNERTABLE><PRIORITY xsi:nil="true"></PRIORITY><RELATIONSHIP></RELATIONSHIP><ROLEID>IRV_INVISS</ROLEID><SEPARATEGROUPS>1</SEPARATEGROUPS><STARTDATE xsi:nil="true"></STARTDATE><TEMPLATEID>WFASSIGN</TEMPLATEID><TIMELIMIT>0.0</TIMELIMIT><WFASSIGNMENTID>278024</WFASSIGNMENTID><WFID>0</WFID></WFASSIGNMENT><WFACTION><ACTION></ACTION><ACTIONID>237</ACTIONID><CONDITION></CONDITION><CONDITIONCLASS></CONDITIONCLASS><INSTRUCTION>Continue Processing Invoice</INSTRUCTION><ISPOSITIVE>1</ISPOSITIVE><MEMBERNODEID>63</MEMBERNODEID><OWNERNODEID>60</OWNERNODEID><SEQUENCE xsi:nil="true"></SEQUENCE><WFACTIONID>19887</WFACTIONID></WFACTION></WFNODE><WFNODE><DESCRIPTION>STOP 61</DESCRIPTION><DESCRIPTION_LONGDESCRIPTION></DESCRIPTION_LONGDESCRIPTION><HASLD>0</HASLD><IMAGEFILE></IMAGEFILE><LANGCODE>EN</LANGCODE><NODEID>61</NODEID><NODETYPE maxvalue="WFSTOP">STOP</NODETYPE><TITLE>STOP 61</TITLE><WFNODEID>17194</WFNODEID><XCOORDINATE>21</XCOORDINATE><YCOORDINATE>1</YCOORDINATE><WFSTOP><WFSTOPID>7893</WFSTOPID></WFSTOP></WFNODE><WFNODE><DESCRIPTION>PROGRESS/CANCEL-1</DESCRIPTION><DESCRIPTION_LONGDESCRIPTION></DESCRIPTION_LONGDESCRIPTION><HASLD>0</HASLD><IMAGEFILE></IMAGEFILE><LANGCODE>EN</LANGCODE><NODEID>63</NODEID><NODETYPE maxvalue="WFINPUT">INPUT</NODETYPE><TITLE>PROGRESS/CANCEL-1</TITLE><WFNODEID>17195</WFNODEID><XCOORDINATE>19</XCOORDINATE><YCOORDINATE>1</YCOORDINATE><WFINPUT><DISPLAYONE>0</DISPLAYONE><WFINPUTID>5029</WFINPUTID></WFINPUT><WFACTION><ACTION>INVCANNULL</ACTION><ACTIONID>238</ACTIONID><CONDITION></CONDITION><CONDITIONCLASS></CONDITIONCLASS><INSTRUCTION>Cancel Invoice.</INSTRUCTION><ISPOSITIVE>1</ISPOSITIVE><MEMBERNODEID>61</MEMBERNODEID><OWNERNODEID>63</OWNERNODEID><SEQUENCE>1</SEQUENCE><WFACTIONID>19888</WFACTIONID></WFACTION><WFACTION><ACTION></ACTION><ACTIONID>239</ACTIONID><CONDITION></CONDITION><CONDITIONCLASS></CONDITIONCLASS><INSTRUCTION>Return to issue owner.</INSTRUCTION><ISPOSITIVE>1</ISPOSITIVE><MEMBERNODEID>55</MEMBERNODEID><OWNERNODEID>63</OWNERNODEID><SEQUENCE>2</SEQUENCE><WFACTIONID>19889</WFACTIONID></WFACTION></WFNODE><WFNODE><DESCRIPTION>TOLLERANCE-ISSUE?</DESCRIPTION><DESCRIPTION_LONGDESCRIPTION></DESCRIPTION_LONGDESCRIPTION><HASLD>0</HASLD><IMAGEFILE></IMAGEFILE><LANGCODE>EN</LANGCODE><NODEID>64</NODEID><NODETYPE maxvalue="WFCONDITION">CONDITION</NODETYPE><TITLE>TOLLERANCE-ISSUE?</TITLE><WFNODEID>17196</WFNODEID><XCOORDINATE>8</XCOORDINATE><YCOORDINATE>1</YCOORDINATE><WFACTION><ACTION></ACTION><ACTIONID>242</ACTIONID><CONDITION></CONDITION><CONDITIONCLASS></CONDITIONCLASS><INSTRUCTION>INVOICE-ERROR-DETECTED</INSTRUCTION><ISPOSITIVE>0</ISPOSITIVE><MEMBERNODEID>56</MEMBERNODEID><OWNERNODEID>64</OWNERNODEID><SEQUENCE xsi:nil="true"></SEQUENCE><WFACTIONID>19890</WFACTIONID></WFACTION><WFACTION><ACTION></ACTION><ACTIONID>276</ACTIONID><CONDITION></CONDITION><CONDITIONCLASS></CONDITIONCLASS><INSTRUCTION>INTERACTION 75</INSTRUCTION><ISPOSITIVE>1</ISPOSITIVE><MEMBERNODEID>75</MEMBERNODEID><OWNERNODEID>64</OWNERNODEID><SEQUENCE xsi:nil="true"></SEQUENCE><WFACTIONID>19891</WFACTIONID></WFACTION><WFCONDITION><CONDITION>IRV_REASONCODE = 'OVERTOL'</CONDITION><CUSTOMCLASS></CUSTOMCLASS><WFCONDITIONID>10388</WFCONDITIONID></WFCONDITION></WFNODE><WFNODE><DESCRIPTION>ASSIGN-TOL-ISSUE</DESCRIPTION><DESCRIPTION_LONGDESCRIPTION></DESCRIPTION_LONGDESCRIPTION><HASLD>0</HASLD><IMAGEFILE></IMAGEFILE><LANGCODE>EN</LANGCODE><NODEID>65</NODEID><NODETYPE maxvalue="WFTASK">TASK</NODETYPE><TITLE>ASSIGN-TOL-ISSUE</TITLE><WFNODEID>17197</WFNODEID><XCOORDINATE>12</XCOORDINATE><YCOORDINATE>4</YCOORDINATE><WFTASK><APP>INVOICE</APP><CALENDARBASED>0</CALENDARBASED><DISPLAYONE>0</DISPLAYONE><FIRSTCOMPLETE>1</FIRSTCOMPLETE><READONLY>0</READONLY><TIMELIMIT>0.0</TIMELIMIT><WFTASKID>5023</WFTASKID><WFTASKTYPE></WFTASKTYPE></WFTASK><WFASSIGNMENT><ACCEPTEXPR></ACCEPTEXPR><APP>INVOICE</APP><ASSIGNCODE></ASSIGNCODE><ASSIGNID>1</ASSIGNID><ASSIGNSTATUS maxvalue="INACTIVE">INACTIVE</ASSIGNSTATUS><ASSIGN_01></ASSIGN_01><ASSIGN_02></ASSIGN_02><ASSIGN_03></ASSIGN_03><ASSIGN_04></ASSIGN_04><ASSIGN_05></ASSIGN_05><CALENDARBASED>0</CALENDARBASED><CONDITION></CONDITION><CONDITIONCLASS></CONDITIONCLASS><DESCRIPTION>Processing Issue Detected, please check issue status.</DESCRIPTION><DESCRIPTION_LONGDESCRIPTION></DESCRIPTION_LONGDESCRIPTION><DUEDATE xsi:nil="true"></DUEDATE><EMAILNOTIFICATION>0</EMAILNOTIFICATION><ESCROLE></ESCROLE><GROUPNUM xsi:nil="true"></GROUPNUM><HASLD>0</HASLD><LANGCODE>EN</LANGCODE><NONACCEPTMSG></NONACCEPTMSG><ORIGPERSON></ORIGPERSON><OWNERID xsi:nil="true"></OWNERID><OWNERTABLE>INVOICE</OWNERTABLE><PRIORITY xsi:nil="true"></PRIORITY><RELATIONSHIP></RELATIONSHIP><ROLEID>IRV_INVISS</ROLEID><SEPARATEGROUPS>1</SEPARATEGROUPS><STARTDATE xsi:nil="true"></STARTDATE><TEMPLATEID>WFASSIGN</TEMPLATEID><TIMELIMIT>0.0</TIMELIMIT><WFASSIGNMENTID>278025</WFASSIGNMENTID><WFID>0</WFID></WFASSIGNMENT><WFACTION><ACTION></ACTION><ACTIONID>244</ACTIONID><CONDITION></CONDITION><CONDITIONCLASS></CONDITIONCLASS><INSTRUCTION>ACCEPT-TOL?</INSTRUCTION><ISPOSITIVE>1</ISPOSITIVE><MEMBERNODEID>66</MEMBERNODEID><OWNERNODEID>65</OWNERNODEID><SEQUENCE xsi:nil="true"></SEQUENCE><WFACTIONID>19892</WFACTIONID></WFACTION></WFNODE><WFNODE><DESCRIPTION>ACCEPT-TOL?</DESCRIPTION><DESCRIPTION_LONGDESCRIPTION></DESCRIPTION_LONGDESCRIPTION><HASLD>0</HASLD><IMAGEFILE></IMAGEFILE><LANGCODE>EN</LANGCODE><NODEID>66</NODEID><NODETYPE maxvalue="WFINPUT">INPUT</NODETYPE><TITLE>ACCEPT-TOL?</TITLE><WFNODEID>17198</WFNODEID><XCOORDINATE>13</XCOORDINATE><YCOORDINATE>4</YCOORDINATE><WFINPUT><DISPLAYONE>0</DISPLAYONE><WFINPUTID>5030</WFINPUTID></WFINPUT><WFACTION><ACTION>IRV_SETINVAPPRGRP</ACTION><ACTIONID>247</ACTIONID><CONDITION></CONDITION><CONDITIONCLASS></CONDITIONCLASS><INSTRUCTION>Send for Approval.</INSTRUCTION><ISPOSITIVE>1</ISPOSITIVE><MEMBERNODEID>68</MEMBERNODEID><OWNERNODEID>66</OWNERNODEID><SEQUENCE>1</SEQUENCE><WFACTIONID>19893</WFACTIONID></WFACTION><WFACTION><ACTION>IRV_ISS_CANREQ</ACTION><ACTIONID>265</ACTIONID><CONDITION></CONDITION><CONDITIONCLASS></CONDITIONCLASS><INSTRUCTION>Request invoice cancel.</INSTRUCTION><ISPOSITIVE>1</ISPOSITIVE><MEMBERNODEID>60</MEMBERNODEID><OWNERNODEID>66</OWNERNODEID><SEQUENCE>2</SEQUENCE><WFACTIONID>19894</WFACTIONID></WFACTION></WFNODE><WFNODE><DESCRIPTION>TOL-APPR-GRP</DESCRIPTION><DESCRIPTION_LONGDESCRIPTION></DESCRIPTION_LONGDESCRIPTION><HASLD>0</HASLD><IMAGEFILE></IMAGEFILE><LANGCODE>EN</LANGCODE><NODEID>67</NODEID><NODETYPE maxvalue="WFTASK">TASK</NODETYPE><TITLE>TOL-APPR-GRP</TITLE><WFNODEID>17199</WFNODEID><XCOORDINATE>18</XCOORDINATE><YCOORDINATE>5</YCOORDINATE><WFTASK><APP>INVOICE</APP><CALENDARBASED>0</CALENDARBASED><DISPLAYONE>0</DISPLAYONE><FIRSTCOMPLETE>1</FIRSTCOMPLETE><READONLY>0</READONLY><TIMELIMIT>0.0</TIMELIMIT><WFTASKID>5024</WFTASKID><WFTASKTYPE></WFTASKTYPE></WFTASK><WFASSIGNMENT><ACCEPTEXPR></ACCEPTEXPR><APP>INVOICE</APP><ASSIGNCODE></ASSIGNCODE><ASSIGNID>1</ASSIGNID><ASSIGNSTATUS maxvalue="INACTIVE">INACTIVE</ASSIGNSTATUS><ASSIGN_01></ASSIGN_01><ASSIGN_02></ASSIGN_02><ASSIGN_03></ASSIGN_03><ASSIGN_04></ASSIGN_04><ASSIGN_05></ASSIGN_05><CALENDARBASED>0</CALENDARBASED><CONDITION></CONDITION><CONDITIONCLASS></CONDITIONCLASS><DESCRIPTION>Please approve tolerance on Invoice.</DESCRIPTION><DESCRIPTION_LONGDESCRIPTION></DESCRIPTION_LONGDESCRIPTION><DUEDATE xsi:nil="true"></DUEDATE><EMAILNOTIFICATION>0</EMAILNOTIFICATION><ESCROLE></ESCROLE><GROUPNUM xsi:nil="true"></GROUPNUM><HASLD>0</HASLD><LANGCODE>EN</LANGCODE><NONACCEPTMSG></NONACCEPTMSG><ORIGPERSON></ORIGPERSON><OWNERID xsi:nil="true"></OWNERID><OWNERTABLE>INVOICE</OWNERTABLE><PRIORITY xsi:nil="true"></PRIORITY><RELATIONSHIP></RELATIONSHIP><ROLEID>IRV_TOLAPP</ROLEID><SEPARATEGROUPS>1</SEPARATEGROUPS><STARTDATE xsi:nil="true"></STARTDATE><TEMPLATEID>WFASSIGN</TEMPLATEID><TIMELIMIT>0.0</TIMELIMIT><WFASSIGNMENTID>278026</WFASSIGNMENTID><WFID>0</WFID></WFASSIGNMENT><WFACTION><ACTION></ACTION><ACTIONID>252</ACTIONID><CONDITION></CONDITION><CONDITIONCLASS></CONDITIONCLASS><INSTRUCTION>Continue Processing Record</INSTRUCTION><ISPOSITIVE>1</ISPOSITIVE><MEMBERNODEID>71</MEMBERNODEID><OWNERNODEID>67</OWNERNODEID><SEQUENCE xsi:nil="true"></SEQUENCE><WFACTIONID>19895</WFACTIONID></WFACTION></WFNODE><WFNODE><DESCRIPTION>TOL-GRP-MISSING?</DESCRIPTION><DESCRIPTION_LONGDESCRIPTION></DESCRIPTION_LONGDESCRIPTION><HASLD>0</HASLD><IMAGEFILE></IMAGEFILE><LANGCODE>EN</LANGCODE><NODEID>68</NODEID><NODETYPE maxvalue="WFCONDITION">CONDITION</NODETYPE><TITLE>TOL-GRP-MISSING?</TITLE><WFNODEID>17200</WFNODEID><XCOORDINATE>15</XCOORDINATE><YCOORDINATE>5</YCOORDINATE><WFACTION><ACTION></ACTION><ACTIONID>251</ACTIONID><CONDITION></CONDITION><CONDITIONCLASS></CONDITIONCLASS><INSTRUCTION>TOL-GRP-MISSING</INSTRUCTION><ISPOSITIVE>1</ISPOSITIVE><MEMBERNODEID>70</MEMBERNODEID><OWNERNODEID>68</OWNERNODEID><SEQUENCE xsi:nil="true"></SEQUENCE><WFACTIONID>19896</WFACTIONID></WFACTION><WFACTION><ACTION></ACTION><ACTIONID>275</ACTIONID><CONDITION></CONDITION><CONDITIONCLASS></CONDITIONCLASS><INSTRUCTION>TOL-APPR-GRP</INSTRUCTION><ISPOSITIVE>0</ISPOSITIVE><MEMBERNODEID>67</MEMBERNODEID><OWNERNODEID>68</OWNERNODEID><SEQUENCE xsi:nil="true"></SEQUENCE><WFACTIONID>19897</WFACTIONID></WFACTION><WFCONDITION><CONDITION>:irv_potype is null or :irv_tolapprgrp  is null</CONDITION><CUSTOMCLASS></CUSTOMCLASS><WFCONDITIONID>10389</WFCONDITIONID></WFCONDITION></WFNODE><WFNODE><DESCRIPTION>TOL-GRP-MISSING</DESCRIPTION><DESCRIPTION_LONGDESCRIPTION></DESCRIPTION_LONGDESCRIPTION><HASLD>0</HASLD><IMAGEFILE></IMAGEFILE><LANGCODE>EN</LANGCODE><NODEID>70</NODEID><NODETYPE maxvalue="WFINTERACTION">INTERACTION</NODETYPE><TITLE>TOL-GRP-MISSING</TITLE><WFNODEID>17201</WFNODEID><XCOORDINATE>18</XCOORDINATE><YCOORDINATE>6</YCOORDINATE><WFACTION><ACTION>IRV_ISS_TOLAPPRGRP</ACTION><ACTIONID>253</ACTIONID><CONDITION></CONDITION><CONDITIONCLASS></CONDITIONCLASS><INSTRUCTION>TASK 72</INSTRUCTION><ISPOSITIVE>1</ISPOSITIVE><MEMBERNODEID>72</MEMBERNODEID><OWNERNODEID>70</OWNERNODEID><SEQUENCE xsi:nil="true"></SEQUENCE><WFACTIONID>19898</WFACTIONID></WFACTION><WFINTERACTION><ACTION></ACTION><APP></APP><DIRECTIONS>PO work type missing.</DIRECTIONS><DIRECTIONS_LONGDESCRIPTION>The PO Work Type is missing on the PO record. Please enter a value.</DIRECTIONS_LONGDESCRIPTION><HASLD>1</HASLD><LANGCODE>EN</LANGCODE><LAUNCHPROCESS></LAUNCHPROCESS><PAGE></PAGE><RELATION></RELATION><TABNAME></TABNAME><WFINTERACTIONID>6726</WFINTERACTIONID><LONGDESCRIPTION><CONTENTUID>554,672</CONTENTUID><LANGCODE>EN</LANGCODE><LDKEY>6726</LDKEY><LDOWNERCOL>DIRECTIONS</LDOWNERCOL><LDOWNERTABLE>WFINTERACTION</LDOWNERTABLE><LDTEXT>The PO Work Type is missing on the PO record. Please enter a value.</LDTEXT><LONGDESCRIPTIONID>554672</LONGDESCRIPTIONID></LONGDESCRIPTION></WFINTERACTION></WFNODE><WFNODE><DESCRIPTION>INPUT 71</DESCRIPTION><DESCRIPTION_LONGDESCRIPTION></DESCRIPTION_LONGDESCRIPTION><HASLD>0</HASLD><IMAGEFILE></IMAGEFILE><LANGCODE>EN</LANGCODE><NODEID>71</NODEID><NODETYPE maxvalue="WFINPUT">INPUT</NODETYPE><TITLE>TOL-APPR?</TITLE><WFNODEID>17202</WFNODEID><XCOORDINATE>19</XCOORDINATE><YCOORDINATE>5</YCOORDINATE><WFINPUT><DISPLAYONE>0</DISPLAYONE><WFINPUTID>5031</WFINPUTID></WFINPUT><WFACTION><ACTION>INV APPR</ACTION><ACTIONID>255</ACTIONID><CONDITION></CONDITION><CONDITIONCLASS></CONDITIONCLASS><INSTRUCTION>Approve Invoice</INSTRUCTION><ISPOSITIVE>1</ISPOSITIVE><MEMBERNODEID>73</MEMBERNODEID><OWNERNODEID>71</OWNERNODEID><SEQUENCE>1</SEQUENCE><WFACTIONID>19899</WFACTIONID></WFACTION><WFACTION><ACTION>IRV_ISS_CANREQ</ACTION><ACTIONID>262</ACTIONID><CONDITION></CONDITION><CONDITIONCLASS></CONDITIONCLASS><INSTRUCTION>Request Invoice Cancel.</INSTRUCTION><ISPOSITIVE>1</ISPOSITIVE><MEMBERNODEID>60</MEMBERNODEID><OWNERNODEID>71</OWNERNODEID><SEQUENCE>2</SEQUENCE><WFACTIONID>19900</WFACTIONID></WFACTION><WFACTION><ACTION>IRV_ISS_CREDWAIT</ACTION><ACTIONID>263</ACTIONID><CONDITION></CONDITION><CONDITIONCLASS></CONDITIONCLASS><INSTRUCTION>Invoice waiting Credit Note.</INSTRUCTION><ISPOSITIVE>1</ISPOSITIVE><MEMBERNODEID>55</MEMBERNODEID><OWNERNODEID>71</OWNERNODEID><SEQUENCE>3</SEQUENCE><WFACTIONID>19901</WFACTIONID></WFACTION></WFNODE><WFNODE><DESCRIPTION>ASSIGN-PO</DESCRIPTION><DESCRIPTION_LONGDESCRIPTION></DESCRIPTION_LONGDESCRIPTION><HASLD>0</HASLD><IMAGEFILE></IMAGEFILE><LANGCODE>EN</LANGCODE><NODEID>72</NODEID><NODETYPE maxvalue="WFTASK">TASK</NODETYPE><TITLE>ASSIGN-PO</TITLE><WFNODEID>17203</WFNODEID><XCOORDINATE>19</XCOORDINATE><YCOORDINATE>6</YCOORDINATE><WFTASK><APP>INVOICE</APP><CALENDARBASED>0</CALENDARBASED><DISPLAYONE>0</DISPLAYONE><FIRSTCOMPLETE>1</FIRSTCOMPLETE><READONLY>0</READONLY><TIMELIMIT>0.0</TIMELIMIT><WFTASKID>5025</WFTASKID><WFTASKTYPE></WFTASKTYPE></WFTASK><WFASSIGNMENT><ACCEPTEXPR></ACCEPTEXPR><APP>INVOICE</APP><ASSIGNCODE></ASSIGNCODE><ASSIGNID>1</ASSIGNID><ASSIGNSTATUS maxvalue="INACTIVE">INACTIVE</ASSIGNSTATUS><ASSIGN_01></ASSIGN_01><ASSIGN_02></ASSIGN_02><ASSIGN_03></ASSIGN_03><ASSIGN_04></ASSIGN_04><ASSIGN_05></ASSIGN_05><CALENDARBASED>0</CALENDARBASED><CONDITION></CONDITION><CONDITIONCLASS></CONDITIONCLASS><DESCRIPTION>Processing Issue Detected, please check issue status.</DESCRIPTION><DESCRIPTION_LONGDESCRIPTION></DESCRIPTION_LONGDESCRIPTION><DUEDATE xsi:nil="true"></DUEDATE><EMAILNOTIFICATION>0</EMAILNOTIFICATION><ESCROLE></ESCROLE><GROUPNUM xsi:nil="true"></GROUPNUM><HASLD>0</HASLD><LANGCODE>EN</LANGCODE><NONACCEPTMSG></NONACCEPTMSG><ORIGPERSON></ORIGPERSON><OWNERID xsi:nil="true"></OWNERID><OWNERTABLE>INVOICE</OWNERTABLE><PRIORITY xsi:nil="true"></PRIORITY><RELATIONSHIP></RELATIONSHIP><ROLEID>IRV_INVISS</ROLEID><SEPARATEGROUPS>1</SEPARATEGROUPS><STARTDATE xsi:nil="true"></STARTDATE><TEMPLATEID>WFASSIGN</TEMPLATEID><TIMELIMIT>0.0</TIMELIMIT><WFASSIGNMENTID>278027</WFASSIGNMENTID><WFID>0</WFID></WFASSIGNMENT><WFACTION><ACTION>IRV_SETINVAPPRGRP</ACTION><ACTIONID>258</ACTIONID><CONDITION></CONDITION><CONDITIONCLASS></CONDITIONCLASS><INSTRUCTION>Continue Processing Record</INSTRUCTION><ISPOSITIVE>1</ISPOSITIVE><MEMBERNODEID>68</MEMBERNODEID><OWNERNODEID>72</OWNERNODEID><SEQUENCE xsi:nil="true"></SEQUENCE><WFACTIONID>19902</WFACTIONID></WFACTION></WFNODE><WFNODE><DESCRIPTION>STOP 73</DESCRIPTION><DESCRIPTION_LONGDESCRIPTION></DESCRIPTION_LONGDESCRIPTION><HASLD>0</HASLD><IMAGEFILE></IMAGEFILE><LANGCODE>EN</LANGCODE><NODEID>73</NODEID><NODETYPE maxvalue="WFSTOP">STOP</NODETYPE><TITLE>STOP 73</TITLE><WFNODEID>17204</WFNODEID><XCOORDINATE>21</XCOORDINATE><YCOORDINATE>5</YCOORDINATE><WFSTOP><WFSTOPID>7894</WFSTOPID></WFSTOP></WFNODE><WFNODE><DESCRIPTION>INVOICE-TOL-ISSUE</DESCRIPTION><DESCRIPTION_LONGDESCRIPTION></DESCRIPTION_LONGDESCRIPTION><HASLD>0</HASLD><IMAGEFILE></IMAGEFILE><LANGCODE>EN</LANGCODE><NODEID>75</NODEID><NODETYPE maxvalue="WFINTERACTION">INTERACTION</NODETYPE><TITLE>INVOICE-TOL-ISSUE</TITLE><WFNODEID>17205</WFNODEID><XCOORDINATE>10</XCOORDINATE><YCOORDINATE>4</YCOORDINATE><WFACTION><ACTION></ACTION><ACTIONID>277</ACTIONID><CONDITION></CONDITION><CONDITIONCLASS></CONDITIONCLASS><INSTRUCTION>ASSIGN-TOL-ISSUE</INSTRUCTION><ISPOSITIVE>1</ISPOSITIVE><MEMBERNODEID>65</MEMBERNODEID><OWNERNODEID>75</OWNERNODEID><SEQUENCE xsi:nil="true"></SEQUENCE><WFACTIONID>19903</WFACTIONID></WFACTION><WFINTERACTION><ACTION>ROUTEWF</ACTION><APP>INVOICE</APP><DIRECTIONS>Invoice Processing Error</DIRECTIONS><DIRECTIONS_LONGDESCRIPTION>Processing Issue Detected, please check the Type/Reason Code.</DIRECTIONS_LONGDESCRIPTION><HASLD>1</HASLD><LANGCODE>EN</LANGCODE><LAUNCHPROCESS></LAUNCHPROCESS><PAGE></PAGE><RELATION></RELATION><TABNAME></TABNAME><WFINTERACTIONID>6727</WFINTERACTIONID><LONGDESCRIPTION><CONTENTUID>554,673</CONTENTUID><LANGCODE>EN</LANGCODE><LDKEY>6727</LDKEY><LDOWNERCOL>DIRECTIONS</LDOWNERCOL><LDOWNERTABLE>WFINTERACTION</LDOWNERTABLE><LDTEXT>Processing Issue Detected, please check the Type/Reason Code.</LDTEXT><LONGDESCRIPTIONID>554673</LONGDESCRIPTIONID></LONGDESCRIPTION></WFINTERACTION></WFNODE></WFPROCESS><WFPROCESS action="AddChange"><ACTIVE>1</ACTIVE><AUTOINITIATE>0</AUTOINITIATE><CHANGEBY>TIMMINSA</CHANGEBY><CHANGEDATE>2014-10-08T14:49:12+01:00</CHANGEDATE><DELETABLE>1</DELETABLE><DESCRIPTION>Top Level for Invoice and credit Workflow L</DESCRIPTION><DESCRIPTION_LONGDESCRIPTION></DESCRIPTION_LONGDESCRIPTION><ENABLED>1</ENABLED><EXTERNALREFID></EXTERNALREFID><HASLD>0</HASLD><LANGCODE>EN</LANGCODE><MIGRATED>0</MIGRATED><OBJECTNAME>INVOICE</OBJECTNAME><OWNERSYSID></OWNERSYSID><PROCESSNAME>TOPICWF</PROCESSNAME><PROCESSREV>6</PROCESSREV><SENDERSYSID>MX</SENDERSYSID><SOURCESYSID></SOURCESYSID><WFPROCESSID>6520</WFPROCESSID><WFNODE><DESCRIPTION>START 1</DESCRIPTION><DESCRIPTION_LONGDESCRIPTION></DESCRIPTION_LONGDESCRIPTION><HASLD>0</HASLD><IMAGEFILE></IMAGEFILE><LANGCODE>EN</LANGCODE><NODEID>1</NODEID><NODETYPE maxvalue="WFSTART">START</NODETYPE><TITLE>START 1</TITLE><WFNODEID>17118</WFNODEID><XCOORDINATE>1</XCOORDINATE><YCOORDINATE>1</YCOORDINATE><WFSTART><WFSTARTID>6522</WFSTARTID></WFSTART><WFACTION><ACTION></ACTION><ACTIONID>1</ACTIONID><CONDITION></CONDITION><CONDITIONCLASS></CONDITIONCLASS><INSTRUCTION>Checking Document Type</INSTRUCTION><ISPOSITIVE>1</ISPOSITIVE><MEMBERNODEID>3</MEMBERNODEID><OWNERNODEID>1</OWNERNODEID><SEQUENCE xsi:nil="true"></SEQUENCE><WFACTIONID>19803</WFACTIONID></WFACTION></WFNODE><WFNODE><DESCRIPTION>STOP 2</DESCRIPTION><DESCRIPTION_LONGDESCRIPTION></DESCRIPTION_LONGDESCRIPTION><HASLD>0</HASLD><IMAGEFILE></IMAGEFILE><LANGCODE>EN</LANGCODE><NODEID>2</NODEID><NODETYPE maxvalue="WFSTOP">STOP</NODETYPE><TITLE>STOP 2</TITLE><WFNODEID>17119</WFNODEID><XCOORDINATE>5</XCOORDINATE><YCOORDINATE>1</YCOORDINATE><WFSTOP><WFSTOPID>7878</WFSTOPID></WFSTOP></WFNODE><WFNODE><DESCRIPTION>Checking Document Type</DESCRIPTION><DESCRIPTION_LONGDESCRIPTION></DESCRIPTION_LONGDESCRIPTION><HASLD>0</HASLD><IMAGEFILE></IMAGEFILE><LANGCODE>EN</LANGCODE><NODEID>3</NODEID><NODETYPE maxvalue="WFCONDITION">CONDITION</NODETYPE><TITLE>DOCCHK1</TITLE><WFNODEID>17120</WFNODEID><XCOORDINATE>2</XCOORDINATE><YCOORDINATE>1</YCOORDINATE><WFACTION><ACTION></ACTION><ACTIONID>7</ACTIONID><CONDITION></CONDITION><CONDITIONCLASS></CONDITIONCLASS><INSTRUCTION>Checking Document Type</INSTRUCTION><ISPOSITIVE>0</ISPOSITIVE><MEMBERNODEID>4</MEMBERNODEID><OWNERNODEID>3</OWNERNODEID><SEQUENCE xsi:nil="true"></SEQUENCE><WFACTIONID>19804</WFACTIONID></WFACTION><WFACTION><ACTION></ACTION><ACTIONID>12</ACTIONID><CONDITION></CONDITION><CONDITIONCLASS></CONDITIONCLASS><INSTRUCTION>Checking Invoice status</INSTRUCTION><ISPOSITIVE>1</ISPOSITIVE><MEMBERNODEID>8</MEMBERNODEID><OWNERNODEID>3</OWNERNODEID><SEQUENCE xsi:nil="true"></SEQUENCE><WFACTIONID>19805</WFACTIONID></WFACTION><WFCONDITION><CONDITION>:documenttype in ('INVOICE','DEBIT')</CONDITION><CUSTOMCLASS></CUSTOMCLASS><WFCONDITIONID>10377</WFCONDITIONID></WFCONDITION></WFNODE><WFNODE><DESCRIPTION>Checking Document Type</DESCRIPTION><DESCRIPTION_LONGDESCRIPTION></DESCRIPTION_LONGDESCRIPTION><HASLD>0</HASLD><IMAGEFILE></IMAGEFILE><LANGCODE>EN</LANGCODE><NODEID>4</NODEID><NODETYPE maxvalue="WFCONDITION">CONDITION</NODETYPE><TITLE>DOCCHK2</TITLE><WFNODEID>17121</WFNODEID><XCOORDINATE>2</XCOORDINATE><YCOORDINATE>3</YCOORDINATE><WFACTION><ACTION>IRV_INVISSNULL</ACTION><ACTIONID>8</ACTIONID><CONDITION></CONDITION><CONDITIONCLASS></CONDITIONCLASS><INSTRUCTION>STOP 2</INSTRUCTION><ISPOSITIVE>0</ISPOSITIVE><MEMBERNODEID>2</MEMBERNODEID><OWNERNODEID>4</OWNERNODEID><SEQUENCE xsi:nil="true"></SEQUENCE><WFACTIONID>19806</WFACTIONID></WFACTION><WFACTION><ACTION></ACTION><ACTIONID>27</ACTIONID><CONDITION></CONDITION><CONDITIONCLASS></CONDITIONCLASS><INSTRUCTION>Main Credit Note Management Workflow</INSTRUCTION><ISPOSITIVE>1</ISPOSITIVE><MEMBERNODEID>7</MEMBERNODEID><OWNERNODEID>4</OWNERNODEID><SEQUENCE xsi:nil="true"></SEQUENCE><WFACTIONID>19807</WFACTIONID></WFACTION><WFCONDITION><CONDITION>:DOCUMENTTYPE = 'CREDIT' and status not in ('CANCEL','APPR','EXPORTED')</CONDITION><CUSTOMCLASS></CUSTOMCLASS><WFCONDITIONID>10378</WFCONDITIONID></WFCONDITION></WFNODE><WFNODE><DESCRIPTION>Main Credit Note Management Workflow</DESCRIPTION><DESCRIPTION_LONGDESCRIPTION></DESCRIPTION_LONGDESCRIPTION><HASLD>0</HASLD><IMAGEFILE></IMAGEFILE><LANGCODE>EN</LANGCODE><NODEID>7</NODEID><NODETYPE maxvalue="WFSUBPROCESS">SUBPROCESS</NODETYPE><TITLE>MAINCREWF</TITLE><WFNODEID>17122</WFNODEID><XCOORDINATE>4</XCOORDINATE><YCOORDINATE>3</YCOORDINATE><WFACTION><ACTION></ACTION><ACTIONID>6</ACTIONID><CONDITION></CONDITION><CONDITIONCLASS></CONDITIONCLASS><INSTRUCTION>STOP 2</INSTRUCTION><ISPOSITIVE>1</ISPOSITIVE><MEMBERNODEID>2</MEMBERNODEID><OWNERNODEID>7</OWNERNODEID><SEQUENCE xsi:nil="true"></SEQUENCE><WFACTIONID>19808</WFACTIONID></WFACTION><WFACTION><ACTION></ACTION><ACTIONID>11</ACTIONID><CONDITION></CONDITION><CONDITIONCLASS></CONDITIONCLASS><INSTRUCTION>STOP 2</INSTRUCTION><ISPOSITIVE>0</ISPOSITIVE><MEMBERNODEID>2</MEMBERNODEID><OWNERNODEID>7</OWNERNODEID><SEQUENCE xsi:nil="true"></SEQUENCE><WFACTIONID>19809</WFACTIONID></WFACTION><WFSUBPROCESS><SUBPROCESSNAME>MAINCREWF</SUBPROCESSNAME><WFSUBPROCESSID>4321</WFSUBPROCESSID></WFSUBPROCESS></WFNODE><WFNODE><DESCRIPTION>Checking Invoice status</DESCRIPTION><DESCRIPTION_LONGDESCRIPTION></DESCRIPTION_LONGDESCRIPTION><HASLD>0</HASLD><IMAGEFILE></IMAGEFILE><LANGCODE>EN</LANGCODE><NODEID>8</NODEID><NODETYPE maxvalue="WFCONDITION">CONDITION</NODETYPE><TITLE>STATUSCHK</TITLE><WFNODEID>17123</WFNODEID><XCOORDINATE>3</XCOORDINATE><YCOORDINATE>1</YCOORDINATE><WFACTION><ACTION></ACTION><ACTIONID>15</ACTIONID><CONDITION></CONDITION><CONDITIONCLASS></CONDITIONCLASS><INSTRUCTION>No more actions</INSTRUCTION><ISPOSITIVE>0</ISPOSITIVE><MEMBERNODEID>9</MEMBERNODEID><OWNERNODEID>8</OWNERNODEID><SEQUENCE xsi:nil="true"></SEQUENCE><WFACTIONID>19810</WFACTIONID></WFACTION><WFACTION><ACTION></ACTION><ACTIONID>17</ACTIONID><CONDITION></CONDITION><CONDITIONCLASS></CONDITIONCLASS><INSTRUCTION>Main Purchase Invoice Workflow</INSTRUCTION><ISPOSITIVE>1</ISPOSITIVE><MEMBERNODEID>10</MEMBERNODEID><OWNERNODEID>8</OWNERNODEID><SEQUENCE xsi:nil="true"></SEQUENCE><WFACTIONID>19811</WFACTIONID></WFACTION><WFCONDITION><CONDITION>:status not in('APPR','CANCEL')</CONDITION><CUSTOMCLASS></CUSTOMCLASS><WFCONDITIONID>10379</WFCONDITIONID></WFCONDITION></WFNODE><WFNODE><DESCRIPTION>No more actions</DESCRIPTION><DESCRIPTION_LONGDESCRIPTION></DESCRIPTION_LONGDESCRIPTION><HASLD>0</HASLD><IMAGEFILE></IMAGEFILE><LANGCODE>EN</LANGCODE><NODEID>9</NODEID><NODETYPE maxvalue="WFINTERACTION">INTERACTION</NODETYPE><TITLE>MESSAGE1</TITLE><WFNODEID>17124</WFNODEID><XCOORDINATE>3</XCOORDINATE><YCOORDINATE>2</YCOORDINATE><WFACTION><ACTION></ACTION><ACTIONID>24</ACTIONID><CONDITION></CONDITION><CONDITIONCLASS></CONDITIONCLASS><INSTRUCTION>STOP 2</INSTRUCTION><ISPOSITIVE>1</ISPOSITIVE><MEMBERNODEID>2</MEMBERNODEID><OWNERNODEID>9</OWNERNODEID><SEQUENCE xsi:nil="true"></SEQUENCE><WFACTIONID>19812</WFACTIONID></WFACTION><WFINTERACTION><ACTION></ACTION><APP></APP><DIRECTIONS>NO MORE ACTIONS</DIRECTIONS><DIRECTIONS_LONGDESCRIPTION>No more Actions available.</DIRECTIONS_LONGDESCRIPTION><HASLD>1</HASLD><LANGCODE>EN</LANGCODE><LAUNCHPROCESS></LAUNCHPROCESS><PAGE></PAGE><RELATION></RELATION><TABNAME></TABNAME><WFINTERACTIONID>6716</WFINTERACTIONID><LONGDESCRIPTION><CONTENTUID>554,452</CONTENTUID><LANGCODE>EN</LANGCODE><LDKEY>6716</LDKEY><LDOWNERCOL>DIRECTIONS</LDOWNERCOL><LDOWNERTABLE>WFINTERACTION</LDOWNERTABLE><LDTEXT>No more Actions available.</LDTEXT><LONGDESCRIPTIONID>554452</LONGDESCRIPTIONID></LONGDESCRIPTION></WFINTERACTION></WFNODE><WFNODE><DESCRIPTION>SUBINVWF</DESCRIPTION><DESCRIPTION_LONGDESCRIPTION></DESCRIPTION_LONGDESCRIPTION><HASLD>0</HASLD><IMAGEFILE></IMAGEFILE><LANGCODE>EN</LANGCODE><NODEID>10</NODEID><NODETYPE maxvalue="WFSUBPROCESS">SUBPROCESS</NODETYPE><TITLE>SUBINVWF</TITLE><WFNODEID>17125</WFNODEID><XCOORDINATE>4</XCOORDINATE><YCOORDINATE>1</YCOORDINATE><WFACTION><ACTION></ACTION><ACTIONID>18</ACTIONID><CONDITION></CONDITION><CONDITIONCLASS></CONDITIONCLASS><INSTRUCTION>STOP 2</INSTRUCTION><ISPOSITIVE>1</ISPOSITIVE><MEMBERNODEID>2</MEMBERNODEID><OWNERNODEID>10</OWNERNODEID><SEQUENCE xsi:nil="true"></SEQUENCE><WFACTIONID>19813</WFACTIONID></WFACTION><WFACTION><ACTION></ACTION><ACTIONID>19</ACTIONID><CONDITION></CONDITION><CONDITIONCLASS></CONDITIONCLASS><INSTRUCTION>STOP 2</INSTRUCTION><ISPOSITIVE>0</ISPOSITIVE><MEMBERNODEID>2</MEMBERNODEID><OWNERNODEID>10</OWNERNODEID><SEQUENCE xsi:nil="true"></SEQUENCE><WFACTIONID>19814</WFACTIONID></WFACTION><WFSUBPROCESS><SUBPROCESSNAME>SUBINVWF</SUBPROCESSNAME><WFSUBPROCESSID>4322</WFSUBPROCESSID></WFSUBPROCESS></WFNODE></WFPROCESS></DMWFPROCESSSet></SyncDMWFPROCESS>