<?xml version="1.0" encoding="UTF-8"?><SyncDMCFGGROUP xmlns="http://www.ibm.com/maximo" xmlns:xsi="http://www.w3.org/2001/XMLSchema-instance" creationDateTime="2014-10-09T17:20:25+01:00" transLanguage="EN" baseLanguage="EN" messageID="1412871625356516727" maximoVersion="7 5 20130829-1209 V7510--1"><DMCFGGROUPSet><DMCFGGROUP><CFGGROUPORDER>26</CFGGROUPORDER><CFGOBJGROUP>BBC_ACTIONS_ESCALATIONS</CFGOBJGROUP><CHANGEBY>MCEVETTN</CHANGEBY><CHANGEDATE>2014-07-02T16:04:44+01:00</CHANGEDATE><DESCRIPTION>Action Groups, Actions and Escalations</DESCRIPTION><DMCFGGROUPID>92531</DMCFGGROUPID><GROUPTYPE maxvalue="CFGDATA">CFGDATA</GROUPTYPE><INTERNAL>0</INTERNAL><DMCFGOBJECT><CFGOBJECT>DMESCALATION</CFGOBJECT><CFGOBJORDER>3</CFGOBJORDER><CHANGEBY>MCEVETTN</CHANGEBY><CHANGEDATE>2014-07-02T16:05:46+01:00</CHANGEDATE><DESCRIPTION>Escalation migration object for Migration Manager</DESCRIPTION><DMCFGOBJECTID>1999</DMCFGOBJECTID><INTERNAL>0</INTERNAL></DMCFGOBJECT><DMCFGOBJECT><CFGOBJECT>DMACTION</CFGOBJECT><CFGOBJORDER>1</CFGOBJORDER><CHANGEBY>MCEVETTN</CHANGEBY><CHANGEDATE>2014-07-02T16:05:32+01:00</CHANGEDATE><DESCRIPTION>Action migration object for Migration Manager</DESCRIPTION><DMCFGOBJECTID>1998</DMCFGOBJECTID><INTERNAL>0</INTERNAL></DMCFGOBJECT><DMCFGOBJECT><CFGOBJECT>DMACTIONGROUP</CFGOBJECT><CFGOBJORDER>2</CFGOBJORDER><CHANGEBY>MCEVETTN</CHANGEBY><CHANGEDATE>2014-07-02T16:05:23+01:00</CHANGEDATE><DESCRIPTION>Config object for actiongroup</DESCRIPTION><DMCFGOBJECTID>1997</DMCFGOBJECTID><INTERNAL>0</INTERNAL></DMCFGOBJECT></DMCFGGROUP></DMCFGGROUPSet></SyncDMCFGGROUP>