<?xml version="1.0" encoding="UTF-8"?><SyncDMLAUNCHPOINT xmlns="http://www.ibm.com/maximo" xmlns:xsi="http://www.w3.org/2001/XMLSchema-instance" creationDateTime="2015-01-26T14:00:48+00:00" transLanguage="EN" baseLanguage="EN" messageID="1422280848907226723" maximoVersion="7 5 20130829-1209 V7510--1"><DMLAUNCHPOINTSet><SCRIPTLAUNCHPOINT action="AddChange"><ACTIONNAME></ACTIONNAME><ACTIVE>1</ACTIVE><ADD>1</ADD><ATTRIBUTENAME></ATTRIBUTENAME><AUTOSCRIPT>IRVCONTRACTRPO</AUTOSCRIPT><CONDITION></CONDITION><DELETE>1</DELETE><DESCRIPTION>Contract Requisite Percentage Launch Point</DESCRIPTION><INIT>1</INIT><LAUNCHPOINTNAME>IRVCONTRACTRPO</LAUNCHPOINTNAME><LAUNCHPOINTTYPE>OBJECT</LAUNCHPOINTTYPE><OBJECTEVENT>15</OBJECTEVENT><OBJECTNAME>IRVAGREERP</OBJECTNAME><SCRIPTLAUNCHPOINTID>2</SCRIPTLAUNCHPOINTID><UPDATE>1</UPDATE><LAUNCHPOINTVARS><LAUNCHPOINTVARSID>6</LAUNCHPOINTVARSID><OVERRIDDEN>1</OVERRIDDEN><VARBINDINGVALUE>START_DATE</VARBINDINGVALUE><VARNAME>start</VARNAME></LAUNCHPOINTVARS><LAUNCHPOINTVARS><LAUNCHPOINTVARSID>217</LAUNCHPOINTVARSID><OVERRIDDEN>1</OVERRIDDEN><VARBINDINGVALUE>END_DATE</VARBINDINGVALUE><VARNAME>end</VARNAME></LAUNCHPOINTVARS></SCRIPTLAUNCHPOINT><SCRIPTLAUNCHPOINT action="AddChange"><ACTIONNAME></ACTIONNAME><ACTIVE>1</ACTIVE><ADD>0</ADD><ATTRIBUTENAME></ATTRIBUTENAME><AUTOSCRIPT>IRVCREATEPO</AUTOSCRIPT><CONDITION></CONDITION><DELETE>0</DELETE><DESCRIPTION>Create new po</DESCRIPTION><INIT>0</INIT><LAUNCHPOINTNAME>IRVCREATEPO</LAUNCHPOINTNAME><LAUNCHPOINTTYPE>ACTION</LAUNCHPOINTTYPE><OBJECTEVENT xsi:nil="true"></OBJECTEVENT><OBJECTNAME>PO</OBJECTNAME><SCRIPTLAUNCHPOINTID>744</SCRIPTLAUNCHPOINTID><UPDATE>0</UPDATE></SCRIPTLAUNCHPOINT><SCRIPTLAUNCHPOINT action="AddChange"><ACTIONNAME></ACTIONNAME><ACTIVE>1</ACTIVE><ADD>0</ADD><ATTRIBUTENAME></ATTRIBUTENAME><AUTOSCRIPT>IRVWOATUOPO</AUTOSCRIPT><CONDITION></CONDITION><DELETE>0</DELETE><DESCRIPTION>Auto PO creation for WO WF - Change WO Status to Dispatch</DESCRIPTION><INIT>0</INIT><LAUNCHPOINTNAME>IRVWOATUOPO</LAUNCHPOINTNAME><LAUNCHPOINTTYPE>ACTION</LAUNCHPOINTTYPE><OBJECTEVENT xsi:nil="true"></OBJECTEVENT><OBJECTNAME>WORKORDER</OBJECTNAME><SCRIPTLAUNCHPOINTID>944</SCRIPTLAUNCHPOINTID><UPDATE>0</UPDATE><LAUNCHPOINTVARS><LAUNCHPOINTVARSID>521</LAUNCHPOINTVARSID><OVERRIDDEN>1</OVERRIDDEN><VARBINDINGVALUE>IRVCOMPANY.PRIMARYCONTACT.EMAIL</VARBINDINGVALUE><VARNAME>V_EMAIL</VARNAME></LAUNCHPOINTVARS><LAUNCHPOINTVARS><LAUNCHPOINTVARSID>522</LAUNCHPOINTVARSID><OVERRIDDEN>1</OVERRIDDEN><VARBINDINGVALUE>POLINE.PONUM</VARBINDINGVALUE><VARNAME>V_PO</VARNAME></LAUNCHPOINTVARS></SCRIPTLAUNCHPOINT><SCRIPTLAUNCHPOINT action="AddChange"><ACTIONNAME></ACTIONNAME><ACTIVE>1</ACTIVE><ADD>0</ADD><ATTRIBUTENAME></ATTRIBUTENAME><AUTOSCRIPT>IRVCREATEPO</AUTOSCRIPT><CONDITION></CONDITION><DELETE>0</DELETE><DESCRIPTION>Create PO for Activity</DESCRIPTION><INIT>0</INIT><LAUNCHPOINTNAME>IRVCREATPOACT</LAUNCHPOINTNAME><LAUNCHPOINTTYPE>ACTION</LAUNCHPOINTTYPE><OBJECTEVENT xsi:nil="true"></OBJECTEVENT><OBJECTNAME>WOACTIVITY</OBJECTNAME><SCRIPTLAUNCHPOINTID>1444</SCRIPTLAUNCHPOINTID><UPDATE>0</UPDATE></SCRIPTLAUNCHPOINT><SCRIPTLAUNCHPOINT action="AddChange"><ACTIONNAME></ACTIONNAME><ACTIVE>1</ACTIVE><ADD>0</ADD><ATTRIBUTENAME></ATTRIBUTENAME><AUTOSCRIPT>IRVSENDPOPDF</AUTOSCRIPT><CONDITION></CONDITION><DELETE>0</DELETE><DESCRIPTION>Send Work Order PO Via PDF</DESCRIPTION><INIT>0</INIT><LAUNCHPOINTNAME>IRVSENDPOPDF</LAUNCHPOINTNAME><LAUNCHPOINTTYPE>ACTION</LAUNCHPOINTTYPE><OBJECTEVENT xsi:nil="true"></OBJECTEVENT><OBJECTNAME>WORKORDER</OBJECTNAME><SCRIPTLAUNCHPOINTID>1944</SCRIPTLAUNCHPOINTID><UPDATE>0</UPDATE><LAUNCHPOINTVARS><LAUNCHPOINTVARSID>421</LAUNCHPOINTVARSID><OVERRIDDEN>1</OVERRIDDEN><VARBINDINGVALUE>POLINE.PONUM</VARBINDINGVALUE><VARNAME>V_PO</VARNAME></LAUNCHPOINTVARS><LAUNCHPOINTVARS><LAUNCHPOINTVARSID>422</LAUNCHPOINTVARSID><OVERRIDDEN>1</OVERRIDDEN><VARBINDINGVALUE>POLINE.PO.VENDOR.PRIMARYCONTACT.EMAIL</VARBINDINGVALUE><VARNAME>V_EMAIL</VARNAME></LAUNCHPOINTVARS></SCRIPTLAUNCHPOINT><SCRIPTLAUNCHPOINT action="AddChange"><ACTIONNAME></ACTIONNAME><ACTIVE>1</ACTIVE><ADD>0</ADD><ATTRIBUTENAME></ATTRIBUTENAME><AUTOSCRIPT>IRV_INVVAL</AUTOSCRIPT><CONDITION></CONDITION><DELETE>0</DELETE><DESCRIPTION>Invoice Validation</DESCRIPTION><INIT>0</INIT><LAUNCHPOINTNAME>IRV_INVVAL</LAUNCHPOINTNAME><LAUNCHPOINTTYPE>ACTION</LAUNCHPOINTTYPE><OBJECTEVENT xsi:nil="true"></OBJECTEVENT><OBJECTNAME>INVOICE</OBJECTNAME><SCRIPTLAUNCHPOINTID>2545</SCRIPTLAUNCHPOINTID><UPDATE>0</UPDATE></SCRIPTLAUNCHPOINT><SCRIPTLAUNCHPOINT action="AddChange"><ACTIONNAME></ACTIONNAME><ACTIVE>1</ACTIVE><ADD>0</ADD><ATTRIBUTENAME></ATTRIBUTENAME><AUTOSCRIPT>IRV_CREDVAL</AUTOSCRIPT><CONDITION></CONDITION><DELETE>0</DELETE><DESCRIPTION>Credit Note Validation</DESCRIPTION><INIT>0</INIT><LAUNCHPOINTNAME>IRV_CREDVAL</LAUNCHPOINTNAME><LAUNCHPOINTTYPE>ACTION</LAUNCHPOINTTYPE><OBJECTEVENT xsi:nil="true"></OBJECTEVENT><OBJECTNAME></OBJECTNAME><SCRIPTLAUNCHPOINTID>2548</SCRIPTLAUNCHPOINTID><UPDATE>0</UPDATE></SCRIPTLAUNCHPOINT><SCRIPTLAUNCHPOINT action="AddChange"><ACTIONNAME></ACTIONNAME><ACTIVE>1</ACTIVE><ADD>0</ADD><ATTRIBUTENAME></ATTRIBUTENAME><AUTOSCRIPT>IRVAUTOPOHEAD</AUTOSCRIPT><CONDITION></CONDITION><DELETE>0</DELETE><DESCRIPTION>creates PO header from WO WF</DESCRIPTION><INIT>0</INIT><LAUNCHPOINTNAME>IRVAUTOPOHEAD</LAUNCHPOINTNAME><LAUNCHPOINTTYPE>ACTION</LAUNCHPOINTTYPE><OBJECTEVENT xsi:nil="true"></OBJECTEVENT><OBJECTNAME>WORKORDER</OBJECTNAME><SCRIPTLAUNCHPOINTID>945</SCRIPTLAUNCHPOINTID><UPDATE>0</UPDATE></SCRIPTLAUNCHPOINT><SCRIPTLAUNCHPOINT action="AddChange"><ACTIONNAME></ACTIONNAME><ACTIVE>1</ACTIVE><ADD>0</ADD><ATTRIBUTENAME></ATTRIBUTENAME><AUTOSCRIPT>IRVPOHEADVENDORQUOTE</AUTOSCRIPT><CONDITION></CONDITION><DELETE>0</DELETE><DESCRIPTION>Create PO Header from Vendor Quote WO WF</DESCRIPTION><INIT>0</INIT><LAUNCHPOINTNAME>IRVPOHEADVENDORQUOTE</LAUNCHPOINTNAME><LAUNCHPOINTTYPE>ACTION</LAUNCHPOINTTYPE><OBJECTEVENT xsi:nil="true"></OBJECTEVENT><OBJECTNAME>WORKORDER</OBJECTNAME><SCRIPTLAUNCHPOINTID>1844</SCRIPTLAUNCHPOINTID><UPDATE>0</UPDATE></SCRIPTLAUNCHPOINT></DMLAUNCHPOINTSet></SyncDMLAUNCHPOINT>