<?xml version="1.0" encoding="UTF-8"?><SyncDMPACKAGE xmlns="http://www.ibm.com/maximo" xmlns:xsi="http://www.w3.org/2001/XMLSchema-instance" creationDateTime="2015-01-26T13:10:50+00:00" transLanguage="EN" baseLanguage="EN" messageID="1422277850524246981" maximoVersion="7 5 20130829-1209 V7510--1"><DMPACKAGESet><DMPACKAGE><CHANGEBY>TIMMINSA</CHANGEBY><CONTENTID>6e725970-35ad-4c91-870b-ecfb3e7e55df</CONTENTID><CREATEBY>TIMMINSA</CREATEBY><CREATEDATE>2015-01-26T13:10:05+00:00</CREATEDATE><DMPACKAGEID>1802</DMPACKAGEID><FILENAME></FILENAME><PACKAGE>BBC_DOMAINS_BBC-SQL-D01_BBCMAXSIT_dbo_20150126131005</PACKAGE><PKGDEFNAME>BBC_DOMAINS</PKGDEFNAME><PROGRESSSTATUS maxvalue="CREATED">CREATED</PROGRESSSTATUS><README></README><REDISTRIBUTESRC></REDISTRIBUTESRC><SOURCE>BBC-SQL-D01_BBCMAXSIT_dbo</SOURCE><STATUS maxvalue="CREATED">CREATED</STATUS><STATUSDATE>2015-01-26T13:10:50+00:00</STATUSDATE><DMPKGSTATUS><CHANGEBY>TIMMINSA</CHANGEBY><CHANGEDATE>2015-01-26T13:10:49+00:00</CHANGEDATE><CONTENTID>fb4ca4cb-e326-4d53-b748-92c078c718ce</CONTENTID><DMPKGSTATUSID>1903</DMPKGSTATUSID><MEMO>Progress status changed in product environment BBC-SQL-D01_BBCMAXSIT_dbo from CREATE_NEW while creating package</MEMO><PROGRESSSTATUS maxvalue="CREATED_CFGDATA">CREATED_CFGDATA</PROGRESSSTATUS><REDISTRIBUTESRC></REDISTRIBUTESRC><STATUS maxvalue="CREATE_INPROGRESS">CREATE_INPROGRESS</STATUS></DMPKGSTATUS><DMPKGSTATUS><CHANGEBY>TIMMINSA</CHANGEBY><CHANGEDATE>2015-01-26T13:10:50+00:00</CHANGEDATE><CONTENTID>9bc74518-b3d4-4b2f-ad94-8bf9a4eb037e</CONTENTID><DMPKGSTATUSID>1905</DMPKGSTATUSID><MEMO>Progress status changed in product environment BBC-SQL-D01_BBCMAXSIT_dbo from CREATED_PKGMETADATA while creating package</MEMO><PROGRESSSTATUS maxvalue="CREATED_MANIFEST">CREATED_MANIFEST</PROGRESSSTATUS><REDISTRIBUTESRC></REDISTRIBUTESRC><STATUS maxvalue="CREATE_INPROGRESS">CREATE_INPROGRESS</STATUS></DMPKGSTATUS><DMPKGSTATUS><CHANGEBY>TIMMINSA</CHANGEBY><CHANGEDATE>2015-01-26T13:10:50+00:00</CHANGEDATE><CONTENTID>9940fb00-1626-4d56-952b-cf01e73d0459</CONTENTID><DMPKGSTATUSID>1904</DMPKGSTATUSID><MEMO>Progress status changed in product environment BBC-SQL-D01_BBCMAXSIT_dbo from CREATED_CFGDATA while creating package</MEMO><PROGRESSSTATUS maxvalue="CREATED_PKGMETADATA">CREATED_PKGMETADATA</PROGRESSSTATUS><REDISTRIBUTESRC></REDISTRIBUTESRC><STATUS maxvalue="CREATE_INPROGRESS">CREATE_INPROGRESS</STATUS></DMPKGSTATUS><DMPKGSTATUS><CHANGEBY>TIMMINSA</CHANGEBY><CHANGEDATE>2015-01-26T13:10:05+00:00</CHANGEDATE><CONTENTID>5b61cfbe-8634-4d91-9496-1752e13061a3</CONTENTID><DMPKGSTATUSID>1902</DMPKGSTATUSID><MEMO>Progress status changed in product environment BBC-SQL-D01_BBCMAXSIT_dbo while creating package.</MEMO><PROGRESSSTATUS maxvalue="CREATE_NEW">CREATE_NEW</PROGRESSSTATUS><REDISTRIBUTESRC></REDISTRIBUTESRC><STATUS maxvalue="CREATE_NEW">CREATE_NEW</STATUS></DMPKGSTATUS><DMPKGSTATUS><CHANGEBY>TIMMINSA</CHANGEBY><CHANGEDATE>2015-01-26T13:10:50+00:00</CHANGEDATE><CONTENTID>c78f9aed-fd9f-46f7-a079-08c096aff88a</CONTENTID><DMPKGSTATUSID>1906</DMPKGSTATUSID><MEMO>Progress status changed in product environment BBC-SQL-D01_BBCMAXSIT_dbo from CREATED_MANIFEST while creating package</MEMO><PROGRESSSTATUS maxvalue="CREATED">CREATED</PROGRESSSTATUS><REDISTRIBUTESRC></REDISTRIBUTESRC><STATUS maxvalue="CREATED">CREATED</STATUS></DMPKGSTATUS></DMPACKAGE></DMPACKAGESet></SyncDMPACKAGE>