<?xml version="1.0" encoding="UTF-8"?><SyncDMACTION xmlns="http://www.ibm.com/maximo" xmlns:xsi="http://www.w3.org/2001/XMLSchema-instance" creationDateTime="2014-07-28T15:59:05+01:00" transLanguage="EN" baseLanguage="EN" messageID="1406559545152444999" maximoVersion="7 5 20130829-1209 V7510--1"><DMACTIONSet><ACTION action="AddChange"><ACTION>IRV WO DISPATCH</ACTION><ACTIONID>1023</ACTIONID><DESCRIPTION>Work Order Dispatch Action</DESCRIPTION><DESCRIPTION_LONGDESCRIPTION></DESCRIPTION_LONGDESCRIPTION><DISPVALUE>DISPATCH</DISPVALUE><HASLD>0</HASLD><LANGCODE>EN</LANGCODE><MEMO></MEMO><OBJECTNAME>WORKORDER</OBJECTNAME><PARAMETER></PARAMETER><SENDERSYSID>MX</SENDERSYSID><TYPE maxvalue="CHANGESTATUS">CHANGESTATUS</TYPE><USEWITH maxvalue="ALL">ALL</USEWITH><VALUE></VALUE><VALUE2>DISPATCH</VALUE2></ACTION><ACTION action="AddChange"><ACTION>IRV_CREATEPOSENA</ACTION><ACTIONID>4979</ACTIONID><DESCRIPTION>Auto Create PO + Send as PDF to vendor WO WF</DESCRIPTION><DESCRIPTION_LONGDESCRIPTION></DESCRIPTION_LONGDESCRIPTION><DISPVALUE></DISPVALUE><HASLD>0</HASLD><LANGCODE>EN</LANGCODE><MEMO></MEMO><OBJECTNAME>WORKORDER</OBJECTNAME><PARAMETER></PARAMETER><SENDERSYSID>MX</SENDERSYSID><TYPE maxvalue="GROUP">GROUP</TYPE><USEWITH maxvalue="ALL">ALL</USEWITH><VALUE></VALUE><VALUE2></VALUE2></ACTION><ACTION action="AddChange"><ACTION>IRVAUTOPOAPPR</ACTION><ACTIONID>2579</ACTIONID><DESCRIPTION>Set status to APPR, creates PO, sets stauts to DISPATCH</DESCRIPTION><DESCRIPTION_LONGDESCRIPTION></DESCRIPTION_LONGDESCRIPTION><DISPVALUE></DISPVALUE><HASLD>0</HASLD><LANGCODE>EN</LANGCODE><MEMO></MEMO><OBJECTNAME>WORKORDER</OBJECTNAME><PARAMETER></PARAMETER><SENDERSYSID>MX</SENDERSYSID><TYPE maxvalue="GROUP">GROUP</TYPE><USEWITH maxvalue="ALL">ALL</USEWITH><VALUE></VALUE><VALUE2></VALUE2></ACTION><ACTION action="AddChange"><ACTION>IRVAUTOPOHEAD</ACTION><ACTIONID>2580</ACTIONID><DESCRIPTION>creates PO header from WO WF</DESCRIPTION><DESCRIPTION_LONGDESCRIPTION></DESCRIPTION_LONGDESCRIPTION><DISPVALUE>com.ibm.tivoli.maximo.script.ScriptAction</DISPVALUE><HASLD>0</HASLD><LANGCODE>EN</LANGCODE><MEMO></MEMO><OBJECTNAME>WORKORDER</OBJECTNAME><PARAMETER>IRVAUTOPOHEAD</PARAMETER><SENDERSYSID>MX</SENDERSYSID><TYPE maxvalue="CUSTOM">CUSTOM</TYPE><USEWITH maxvalue="ALL">ALL</USEWITH><VALUE>com.ibm.tivoli.maximo.script.ScriptAction</VALUE><VALUE2></VALUE2></ACTION><ACTION action="AddChange"><ACTION>IRVESTBBCFLOPOHEAD</ACTION><ACTIONID>4679</ACTIONID><DESCRIPTION>Creates PO header, sets ownergroup to BBCFLO and status to ESTREQ</DESCRIPTION><DESCRIPTION_LONGDESCRIPTION></DESCRIPTION_LONGDESCRIPTION><DISPVALUE></DISPVALUE><HASLD>0</HASLD><LANGCODE>EN</LANGCODE><MEMO></MEMO><OBJECTNAME>WORKORDER</OBJECTNAME><PARAMETER></PARAMETER><SENDERSYSID>MX</SENDERSYSID><TYPE maxvalue="GROUP">GROUP</TYPE><USEWITH maxvalue="ALL">ALL</USEWITH><VALUE></VALUE><VALUE2></VALUE2></ACTION><ACTION action="AddChange"><ACTION>IRVESTBBCPROCPOHEAD</ACTION><ACTIONID>4179</ACTIONID><DESCRIPTION>Creates PO header, sets ownergroup to BBCPROC and status to ESTREQ</DESCRIPTION><DESCRIPTION_LONGDESCRIPTION></DESCRIPTION_LONGDESCRIPTION><DISPVALUE></DISPVALUE><HASLD>0</HASLD><LANGCODE>EN</LANGCODE><MEMO></MEMO><OBJECTNAME>WORKORDER</OBJECTNAME><PARAMETER></PARAMETER><SENDERSYSID>MX</SENDERSYSID><TYPE maxvalue="GROUP">GROUP</TYPE><USEWITH maxvalue="ALL">ALL</USEWITH><VALUE></VALUE><VALUE2></VALUE2></ACTION><ACTION action="AddChange"><ACTION>IRVESTREQGROUP</ACTION><ACTIONID>1785</ACTIONID><DESCRIPTION>Sets wo status to ESTREQ and sets owner group to BBCFLO</DESCRIPTION><DESCRIPTION_LONGDESCRIPTION></DESCRIPTION_LONGDESCRIPTION><DISPVALUE></DISPVALUE><HASLD>0</HASLD><LANGCODE>EN</LANGCODE><MEMO></MEMO><OBJECTNAME>WORKORDER</OBJECTNAME><PARAMETER></PARAMETER><SENDERSYSID>MX</SENDERSYSID><TYPE maxvalue="GROUP">GROUP</TYPE><USEWITH maxvalue="ALL">ALL</USEWITH><VALUE></VALUE><VALUE2></VALUE2></ACTION><ACTION action="AddChange"><ACTION>IRVESTREQOGBBCPROC</ACTION><ACTIONID>1788</ACTIONID><DESCRIPTION>Sets wo status to ESTREQ and sets owner group to BBCPROC</DESCRIPTION><DESCRIPTION_LONGDESCRIPTION></DESCRIPTION_LONGDESCRIPTION><DISPVALUE></DISPVALUE><HASLD>0</HASLD><LANGCODE>EN</LANGCODE><MEMO></MEMO><OBJECTNAME>WORKORDER</OBJECTNAME><PARAMETER></PARAMETER><SENDERSYSID>MX</SENDERSYSID><TYPE maxvalue="GROUP">GROUP</TYPE><USEWITH maxvalue="ALL">ALL</USEWITH><VALUE></VALUE><VALUE2></VALUE2></ACTION><ACTION action="AddChange"><ACTION>IRVPOHEADVENDORQUOTE</ACTION><ACTIONID>4781</ACTIONID><DESCRIPTION>Create PO Header from Vendor Quote WO WF</DESCRIPTION><DESCRIPTION_LONGDESCRIPTION></DESCRIPTION_LONGDESCRIPTION><DISPVALUE>com.ibm.tivoli.maximo.script.ScriptAction</DISPVALUE><HASLD>0</HASLD><LANGCODE>EN</LANGCODE><MEMO></MEMO><OBJECTNAME>WORKORDER</OBJECTNAME><PARAMETER>IRVPOHEADVENDORQUOTE,IRVPOHEADVENDORQUOTE,IRVPOHEADVENDORQUOTE</PARAMETER><SENDERSYSID>MX</SENDERSYSID><TYPE maxvalue="CUSTOM">CUSTOM</TYPE><USEWITH maxvalue="ALL">ALL</USEWITH><VALUE>com.ibm.tivoli.maximo.script.ScriptAction</VALUE><VALUE2></VALUE2></ACTION><ACTION action="AddChange"><ACTION>IRVPOVENDORQUOTE</ACTION><ACTIONID>5281</ACTIONID><DESCRIPTION>Create PO Header from Vendor Quote + Set ownergroup to BBCPROC +  status to APPR</DESCRIPTION><DESCRIPTION_LONGDESCRIPTION></DESCRIPTION_LONGDESCRIPTION><DISPVALUE></DISPVALUE><HASLD>0</HASLD><LANGCODE>EN</LANGCODE><MEMO></MEMO><OBJECTNAME>WORKORDER</OBJECTNAME><PARAMETER></PARAMETER><SENDERSYSID>MX</SENDERSYSID><TYPE maxvalue="GROUP">GROUP</TYPE><USEWITH maxvalue="ALL">ALL</USEWITH><VALUE></VALUE><VALUE2></VALUE2></ACTION><ACTION action="AddChange"><ACTION>IRVSETOGBBCFLOESTREQ</ACTION><ACTIONID>4780</ACTIONID><DESCRIPTION>Sets work order ownergroup to BBCFLO + Set Status to ESTREQ</DESCRIPTION><DESCRIPTION_LONGDESCRIPTION></DESCRIPTION_LONGDESCRIPTION><DISPVALUE></DISPVALUE><HASLD>0</HASLD><LANGCODE>EN</LANGCODE><MEMO></MEMO><OBJECTNAME>WORKORDER</OBJECTNAME><PARAMETER></PARAMETER><SENDERSYSID>MX</SENDERSYSID><TYPE maxvalue="GROUP">GROUP</TYPE><USEWITH maxvalue="ALL">ALL</USEWITH><VALUE></VALUE><VALUE2></VALUE2></ACTION><ACTION action="AddChange"><ACTION>IRVSETOGBBCPROCESTREQ</ACTION><ACTIONID>4779</ACTIONID><DESCRIPTION>Sets wo status to ESTREQ and sets owner group to BBCPROC</DESCRIPTION><DESCRIPTION_LONGDESCRIPTION></DESCRIPTION_LONGDESCRIPTION><DISPVALUE></DISPVALUE><HASLD>0</HASLD><LANGCODE>EN</LANGCODE><MEMO></MEMO><OBJECTNAME>WORKORDER</OBJECTNAME><PARAMETER></PARAMETER><SENDERSYSID>MX</SENDERSYSID><TYPE maxvalue="GROUP">GROUP</TYPE><USEWITH maxvalue="ALL">ALL</USEWITH><VALUE></VALUE><VALUE2></VALUE2></ACTION><ACTION action="AddChange"><ACTION>IRVSETOGBBCPROCESTREQPO</ACTION><ACTIONID>5279</ACTIONID><DESCRIPTION>Creates PO header, sets ownergroup to BBCPROC and status to ESTREQ</DESCRIPTION><DESCRIPTION_LONGDESCRIPTION></DESCRIPTION_LONGDESCRIPTION><DISPVALUE></DISPVALUE><HASLD>0</HASLD><LANGCODE>EN</LANGCODE><MEMO></MEMO><OBJECTNAME>WORKORDER</OBJECTNAME><PARAMETER></PARAMETER><SENDERSYSID>MX</SENDERSYSID><TYPE maxvalue="GROUP">GROUP</TYPE><USEWITH maxvalue="ALL">ALL</USEWITH><VALUE></VALUE><VALUE2></VALUE2></ACTION><ACTION action="AddChange"><ACTION>IRVSETOGBBCPROCPO</ACTION><ACTIONID>5278</ACTIONID><DESCRIPTION>Creates PO header, sets ownergroup to BBCPROC and status to ESTAPPR</DESCRIPTION><DESCRIPTION_LONGDESCRIPTION></DESCRIPTION_LONGDESCRIPTION><DISPVALUE></DISPVALUE><HASLD>0</HASLD><LANGCODE>EN</LANGCODE><MEMO></MEMO><OBJECTNAME>WORKORDER</OBJECTNAME><PARAMETER></PARAMETER><SENDERSYSID>MX</SENDERSYSID><TYPE maxvalue="GROUP">GROUP</TYPE><USEWITH maxvalue="ALL">ALL</USEWITH><VALUE></VALUE><VALUE2></VALUE2></ACTION><ACTION action="AddChange"><ACTION>IRVWOATUOPO</ACTION><ACTIONID>2578</ACTIONID><DESCRIPTION>Auto PO creation for WO WF</DESCRIPTION><DESCRIPTION_LONGDESCRIPTION></DESCRIPTION_LONGDESCRIPTION><DISPVALUE>com.ibm.tivoli.maximo.script.ScriptAction</DISPVALUE><HASLD>0</HASLD><LANGCODE>EN</LANGCODE><MEMO></MEMO><OBJECTNAME>WORKORDER</OBJECTNAME><PARAMETER>IRVWOATUOPO,IRVWOATUOPO,IRVWOATUOPO</PARAMETER><SENDERSYSID>MX</SENDERSYSID><TYPE maxvalue="CUSTOM">CUSTOM</TYPE><USEWITH maxvalue="ALL">ALL</USEWITH><VALUE>com.ibm.tivoli.maximo.script.ScriptAction</VALUE><VALUE2></VALUE2></ACTION><ACTION action="AddChange"><ACTION>IRVWOESTREQ</ACTION><ACTIONID>1784</ACTIONID><DESCRIPTION>Sets WO status to ESTREQ</DESCRIPTION><DESCRIPTION_LONGDESCRIPTION></DESCRIPTION_LONGDESCRIPTION><DISPVALUE>ESTREQ</DISPVALUE><HASLD>0</HASLD><LANGCODE>EN</LANGCODE><MEMO></MEMO><OBJECTNAME>WORKORDER</OBJECTNAME><PARAMETER></PARAMETER><SENDERSYSID>MX</SENDERSYSID><TYPE maxvalue="CHANGESTATUS">CHANGESTATUS</TYPE><USEWITH maxvalue="ALL">ALL</USEWITH><VALUE></VALUE><VALUE2>ESTREQ</VALUE2></ACTION><ACTION action="AddChange"><ACTION>WO APPR</ACTION><ACTIONID>66</ACTIONID><DESCRIPTION>Work order set status to APPR</DESCRIPTION><DESCRIPTION_LONGDESCRIPTION></DESCRIPTION_LONGDESCRIPTION><DISPVALUE>APPR</DISPVALUE><HASLD>0</HASLD><LANGCODE>EN</LANGCODE><MEMO></MEMO><OBJECTNAME>WORKORDER</OBJECTNAME><PARAMETER></PARAMETER><SENDERSYSID>MX</SENDERSYSID><TYPE maxvalue="CHANGESTATUS">CHANGESTATUS</TYPE><USEWITH maxvalue="ALL">ALL</USEWITH><VALUE></VALUE><VALUE2>APPR</VALUE2></ACTION></DMACTIONSet></SyncDMACTION>