<?xml version="1.0" encoding="UTF-8"?><SyncDMCFGGROUP xmlns="http://www.ibm.com/maximo" xmlns:xsi="http://www.w3.org/2001/XMLSchema-instance" creationDateTime="2014-12-02T12:56:05+00:00" transLanguage="EN" baseLanguage="EN" messageID="1417524963583847151" maximoVersion="7 5 20130829-1209 V7510--1"><DMCFGGROUPSet><DMCFGGROUP><CFGGROUPORDER>33</CFGGROUPORDER><CFGOBJGROUP>BBC_INTOBJ</CFGOBJGROUP><CHANGEBY>TIMMINSA</CHANGEBY><CHANGEDATE>2014-09-03T09:11:05+01:00</CHANGEDATE><DESCRIPTION>BBC Integration Objects</DESCRIPTION><DMCFGGROUPID>93030</DMCFGGROUPID><GROUPTYPE maxvalue="CFGDATA">CFGDATA</GROUPTYPE><INTERNAL>0</INTERNAL><DMCFGOBJECT><CFGOBJECT>DMMAXEXTSYSTEM</CFGOBJECT><CFGOBJORDER>3</CFGOBJORDER><CHANGEBY>TIMMINSA</CHANGEBY><CHANGEDATE>2014-09-03T09:11:26+01:00</CHANGEDATE><DESCRIPTION>External system migration object for Migration Manager</DESCRIPTION><DMCFGOBJECTID>2497</DMCFGOBJECTID><INTERNAL>0</INTERNAL></DMCFGOBJECT><DMCFGOBJECT><CFGOBJECT>DMMAXINTOBJECT</CFGOBJECT><CFGOBJORDER>1</CFGOBJORDER><CHANGEBY>TIMMINSA</CHANGEBY><CHANGEDATE>2014-09-03T09:11:21+01:00</CHANGEDATE><DESCRIPTION>Object structure migration object for Migration Manager</DESCRIPTION><DMCFGOBJECTID>2496</DMCFGOBJECTID><INTERNAL>0</INTERNAL></DMCFGOBJECT><DMCFGOBJECT><CFGOBJECT>DMMAXIFACEIN</CFGOBJECT><CFGOBJORDER>2</CFGOBJORDER><CHANGEBY>TIMMINSA</CHANGEBY><CHANGEDATE>2014-10-18T13:08:10+01:00</CHANGEDATE><DESCRIPTION>Enterprise service migration object for Migration Manager</DESCRIPTION><DMCFGOBJECTID>2696</DMCFGOBJECTID><INTERNAL>0</INTERNAL></DMCFGOBJECT></DMCFGGROUP></DMCFGGROUPSet></SyncDMCFGGROUP>