<?xml version="1.0" encoding="UTF-8"?><SyncDMMAXINTOBJECT xmlns="http://www.ibm.com/maximo" xmlns:xsi="http://www.w3.org/2001/XMLSchema-instance" creationDateTime="2014-12-02T12:56:04+00:00" transLanguage="EN" baseLanguage="EN" messageID="1417524963161992496" maximoVersion="7 5 20130829-1209 V7510--1"><DMMAXINTOBJECTSet><MAXINTOBJECT action="AddChange"><ALIASCONFLICT>0</ALIASCONFLICT><APP></APP><AUTHAPP></AUTHAPP><CHANGEBY>TIMMINSA</CHANGEBY><CHANGEDATE>2014-12-02T12:34:42+00:00</CHANGEDATE><CONFIGURABLE>1</CONFIGURABLE><DEFCLASS></DEFCLASS><DESCRIPTION>Unit of Measure</DESCRIPTION><DESCRIPTION_LONGDESCRIPTION></DESCRIPTION_LONGDESCRIPTION><FLATSUPPORTED>0</FLATSUPPORTED><HASLD>0</HASLD><INTOBJECTNAME>IDS_UOM</INTOBJECTNAME><LANGCODE>EN</LANGCODE><MAXINTOBJECTID>6374</MAXINTOBJECTID><PROCCLASS></PROCCLASS><QUERYONLY>0</QUERYONLY><SELFREFERENCING>0</SELFREFERENCING><USERDEFINED>1</USERDEFINED><USEWITH>MIGRATIONMGR</USEWITH><MAXINTOBJDETAIL><ALTKEY></ALTKEY><CHANGEBY>TIMMINSA</CHANGEBY><CHANGEDATE>2014-12-02T12:35:00+00:00</CHANGEDATE><DELETEONCREATE>0</DELETEONCREATE><DESCRIPTION></DESCRIPTION><EXCLUDEPARENTKEY>0</EXCLUDEPARENTKEY><HIERARCHYPATH>MEASUREUNIT</HIERARCHYPATH><MAXINTOBJDETAILID>11313</MAXINTOBJDETAILID><OBJECTID>1</OBJECTID><OBJECTNAME>MEASUREUNIT</OBJECTNAME><OBJECTORDER>1</OBJECTORDER><PARENTOBJID xsi:nil="true"></PARENTOBJID><PARENTOBJNAME></PARENTOBJNAME><PROCESSORDER>1</PROCESSORDER><PROPAGATEEVENT>0</PROPAGATEEVENT><RELATION></RELATION><RELATIONCARDINALITY></RELATIONCARDINALITY><RELATIONJOINREQUIRED>0</RELATIONJOINREQUIRED><USERDEFINED>1</USERDEFINED></MAXINTOBJDETAIL></MAXINTOBJECT></DMMAXINTOBJECTSet></SyncDMMAXINTOBJECT>