<?xml version="1.0" encoding="UTF-8"?><SyncDMSCRIPT xmlns="http://www.ibm.com/maximo" xmlns:xsi="http://www.w3.org/2001/XMLSchema-instance" creationDateTime="2014-08-28T09:44:52+01:00" transLanguage="EN" baseLanguage="EN" messageID="1409215492484119870" maximoVersion="7 5 20130829-1209 V7510--1"><DMSCRIPTSet><AUTOSCRIPT action="AddChange"><ACTION></ACTION><AUTOSCRIPT>IRVGENLABTRANS</AUTOSCRIPT><AUTOSCRIPTID>361</AUTOSCRIPTID><BINARYSCRIPTSOURCE></BINARYSCRIPTSOURCE><CATEGORY></CATEGORY><CHANGEBY>TIMMINSA</CHANGEBY><CHANGEDATE>2014-08-27T10:19:31+01:00</CHANGEDATE><COMMENTS></COMMENTS><CREATEDBY>MAXADMIN</CREATEDBY><CREATEDBYEMAIL></CREATEDBYEMAIL><CREATEDBYID></CREATEDBYID><CREATEDBYNAME></CREATEDBYNAME><CREATEDBYPHONE></CREATEDBYPHONE><CREATEDDATE>2014-02-03T11:37:40+00:00</CREATEDDATE><DESCRIPTION>On work completion generate the labour transaction records</DESCRIPTION><LOGLEVEL>INFO</LOGLEVEL><ORGID></ORGID><OWNER>MAXADMIN</OWNER><OWNEREMAIL></OWNEREMAIL><OWNERID></OWNERID><OWNERNAME></OWNERNAME><OWNERPHONE></OWNERPHONE><SCHEDULEDSTATUS></SCHEDULEDSTATUS><SCRIPTLANGUAGE>jython</SCRIPTLANGUAGE><SITEID></SITEID><SOURCE>from psdi.mbo import MboConstants
from psdi.server import MXServer
from psdi.mbo import SqlFormat
from java.util import Calendar
from java.util import Date
from java.text import SimpleDateFormat

df = SimpleDateFormat("yyyy-MM-dd'T'HH:mm:ss")

# Function to create a labtrans record
def createLabTrans(woMbo, mboCdate, mboNdate, transType) :
    
    cal=Calendar.getInstance()
    cal.setTime(mboNdate)
    mboNdateDF = df.format(cal.getTime())
	
    assignmentSet = mbo.getMboSet("IRVASSIGNMENT")
    assignmentSet.setWhere("STATUS in('COMPLETE','ASSIGNED') and laborcode is not null and finishdate &lt;= '"+ mboNdateDF +"'")
    assignmentSet.reset()
    assignmentSet.setOrderBy("finishdate asc")
    assignmentSet.reset()
			
    if assignmentSet.count() &gt; 0 :
        assignmentMbo = assignmentSet.getMbo(0)

        labTransSet = mbo.getMboSet("LABTRANS")
	labTrans =  labTransSet.add()

	labTrans.setValue("laborcode", assignmentMbo.getString("laborcode"),MboConstants.NOACCESSCHECK); 
	if assignmentMbo.isNull("taskid")==False :
		labTrans.setValue("taskid", assignmentMbo.getString("taskid"),MboConstants.NOACCESSCHECK); 
	labTrans.setValue("craft", assignmentMbo.getString("craft"),MboConstants.NOACCESSCHECK); 
	labTrans.setValue("skilllevel", assignmentMbo.getString("skilllevel"),MboConstants.NOACCESSCHECK); 
	labTrans.setValue("vendor", assignmentMbo.getString("vendor"),MboConstants.NOACCESSCHECK); 
	labTrans.setValue("contractnum", assignmentMbo.getString("contractnum"),MboConstants.NOACCESSCHECK); 
	labTrans.setValue("startdate", mboCdate,MboConstants.NOACCESSCHECK); 
	labTrans.setValue("starttime", mboCdate,MboConstants.NOACCESSCHECK); 
	labTrans.setValue("finishdate", mboNdate,MboConstants.NOACCESSCHECK); 
	labTrans.setValue("finishtime",mboNdate,MboConstants.NOACCESSCHECK); 
	labTrans.setValue("transtype", transType,MboConstants.NOACCESSCHECK); 

    else :
        print '#### No Assignment found for work order ' +mbo.getString("wonum")


#3. Retrieve the WOSTATUS history for the work order, sorted by changedate in ascending order

wostatusSet = mbo.getMboSet("IRVLABTRANSWOSTATUS")
wostatusSet.setOrderBy("changedate asc");
wostatusSet.reset();
wostatusCount = wostatusSet.count()

#2. Loop through each status history record and create the labtrans

for i in range(wostatusCount-1) :
	
	mboC=wostatusSet.getMbo(i)
	mboN=wostatusSet.getMbo(i+1)
	
	mboCstatus = mboC.getString("status")
	mboNstatus = mboN.getString("status")
	
	mboCdate = mboC.getDate("changedate")
	mboNdate = mboN.getDate("changedate")
	
	#Travel Time 
	
	if mboCstatus =="TRAVEL" and (mboNstatus =="ONSITE" or mboNstatus =="RETURN"):
	
		createLabTrans(mbo, mboCdate, mboNdate, "TRAV")
		
	#On Site Time 
	
	if mboCstatus =="ONSITE" and (mboNstatus =="RETURN" or mboNstatus =="START"):
	
		createLabTrans(mbo, mboCdate, mboNdate, "ONSITE")	
	
	#Work Time 
	
	if mboCstatus =="START" and mboNstatus == "WOCOMP":
	
		createLabTrans(mbo, mboCdate, mboNdate, "WORK")</SOURCE><STATUS maxvalue="Draft">Draft</STATUS><STATUSDATE>2014-02-03T11:37:40+00:00</STATUSDATE><USERDEFINED>1</USERDEFINED><VERSION></VERSION></AUTOSCRIPT><AUTOSCRIPT action="AddChange"><ACTION></ACTION><AUTOSCRIPT>IRVWODELASSIGN2</AUTOSCRIPT><AUTOSCRIPTID>365</AUTOSCRIPTID><BINARYSCRIPTSOURCE></BINARYSCRIPTSOURCE><CATEGORY></CATEGORY><CHANGEBY>TIMMINSA</CHANGEBY><CHANGEDATE>2014-08-26T11:31:09+01:00</CHANGEDATE><COMMENTS></COMMENTS><CREATEDBY>REISH</CREATEDBY><CREATEDBYEMAIL>helio.reis@interservefm.com</CREATEDBYEMAIL><CREATEDBYID>REISH</CREATEDBYID><CREATEDBYNAME>Helio Reis</CREATEDBYNAME><CREATEDBYPHONE></CREATEDBYPHONE><CREATEDDATE>2014-02-03T15:33:55+00:00</CREATEDDATE><DESCRIPTION>Work Order delete Assignment,add log note, NSCSD group, Remove Risk Assesment</DESCRIPTION><LOGLEVEL>ERROR</LOGLEVEL><ORGID></ORGID><OWNER>REISH</OWNER><OWNEREMAIL>helio.reis@interservefm.com</OWNEREMAIL><OWNERID></OWNERID><OWNERNAME></OWNERNAME><OWNERPHONE></OWNERPHONE><SCHEDULEDSTATUS></SCHEDULEDSTATUS><SCRIPTLANGUAGE>jython</SCRIPTLANGUAGE><SITEID></SITEID><SOURCE>from psdi.mbo import MboConstants 
from java.lang import Integer 

print '### TEST - SCRIPT RUNNING' 

assignmentSet = mbo.getMboSet("ASSIGNMENT"); #This gets the set of all the assignments for this work order 

assignmentCount=assignmentSet.count() 

print'### assignment count is ' + Integer(assignmentCount).toString() 

#Loop through all the assignments and delete them 
for i in range(assignmentCount): 

  #Get the next Assignment 
  taskMbo=assignmentSet.getMbo(i) 

  taskMbo.delete()
  print ### 'Changed assignment ' + Integer(i).toString() 

#Add Assignment To Set



# Set owner group to be NSCSD 

mbo.setValue("OWNERGROUP", "NSCSD" ,MboConstants.NOACCESSCHECK); 
print '### Owner Group set to be NSCSD' 

worklogset = mbo.getMboSet ("WORKLOG") 
worklogentry = worklogset.add() 
worklogentry.setValue("clientviewable",1) 
worklogentry.setValue("logtype","WORK") 
worklogentry.setValue("description","Work Order awaiting reassignment") 


# Change the status to WAPPR 
mbo.setValueNull("IRVRISKASSESSMENT");
mbo.setValue("Status", "WAPPR" ,MboConstants.NOACCESSCHECK);</SOURCE><STATUS maxvalue="Production">Active</STATUS><STATUSDATE>2014-02-03T15:58:21+00:00</STATUSDATE><USERDEFINED>1</USERDEFINED><VERSION></VERSION></AUTOSCRIPT><AUTOSCRIPT action="AddChange"><ACTION></ACTION><AUTOSCRIPT>IRVWODELASSIGNNSCSD</AUTOSCRIPT><AUTOSCRIPTID>663</AUTOSCRIPTID><BINARYSCRIPTSOURCE></BINARYSCRIPTSOURCE><CATEGORY></CATEGORY><CHANGEBY>TIMMINSA</CHANGEBY><CHANGEDATE>2014-08-26T13:04:27+01:00</CHANGEDATE><COMMENTS></COMMENTS><CREATEDBY>TYLERP</CREATEDBY><CREATEDBYEMAIL>Paul.Tyler@interservefm.com</CREATEDBYEMAIL><CREATEDBYID>TYLERP</CREATEDBYID><CREATEDBYNAME>Paul Tyler</CREATEDBYNAME><CREATEDBYPHONE></CREATEDBYPHONE><CREATEDDATE>2014-02-06T11:56:37+00:00</CREATEDDATE><DESCRIPTION>Work Order Complete Assignment,add log note, NSCSD group, Remove Risk Assesment</DESCRIPTION><LOGLEVEL>ERROR</LOGLEVEL><ORGID></ORGID><OWNER>REISH</OWNER><OWNEREMAIL>helio.reis@interservefm.com</OWNEREMAIL><OWNERID></OWNERID><OWNERNAME></OWNERNAME><OWNERPHONE></OWNERPHONE><SCHEDULEDSTATUS></SCHEDULEDSTATUS><SCRIPTLANGUAGE>jython</SCRIPTLANGUAGE><SITEID></SITEID><SOURCE>from psdi.mbo import MboConstants 
from java.lang import Integer 
from psdi.server import MXServer
from psdi.mbo import SqlFormat

mxserver = MXServer.getMXServer()

print '### TEST - SCRIPT RUNNING' 

mbo.setValueNull("SNECONSTRAINT" ,MboConstants.NOACCESSCHECK);
mbo.setValueNull("FNLCONSTRAINT" ,MboConstants.NOACCESSCHECK);

assignmentSet = mbo.getMboSet("ASSIGNMENT"); #This gets the set of all the assignments for this work order 
assignmentSet.setWhere("STATUS = 'ASSIGNED'")
assignmentSet.reset()
assignmentSet.add()
assignmentCount=assignmentSet.count() 
print'### assignment count is ' + Integer(assignmentCount).toString() 


#Loop through all the assignments and delete them 
for i in range(assignmentCount): 

  #Get the next Assignment 
  taskMbo=assignmentSet.getMbo(i) 
  taskMbo.setValue("LABORHRS",'0:00',MboConstants.NOACCESSCHECK);
  taskStatus = taskMbo.getString("STATUS")
  if taskStatus == "ASSIGNED":
      
    taskMbo.setValue("STATUS","COMPLETE" ,MboConstants.NOACCESSCHECK)


# Set owner group to be NSCSD 

mbo.setValue("OWNERGROUP", "NSCSD" ,MboConstants.NOACCESSCHECK); 
print '### Owner Group set to be NSCSD' 

worklogset = mbo.getMboSet ("WORKLOG") 
worklogentry = worklogset.add() 
worklogentry.setValue("clientviewable",1) 
worklogentry.setValue("logtype","WORK") 
worklogentry.setValue("description","Work Order awaiting reassignment") 


# Change the status to WAPPR 
mbo.setValueNull("IRVRISKASSESSMENT");
mbo.setValue("Status", "WAPPR" ,MboConstants.NOACCESSCHECK);</SOURCE><STATUS maxvalue="Production">Active</STATUS><STATUSDATE>2014-08-26T12:20:44+01:00</STATUSDATE><USERDEFINED>1</USERDEFINED><VERSION></VERSION></AUTOSCRIPT><AUTOSCRIPT action="AddChange"><ACTION></ACTION><AUTOSCRIPT>IRVSRS</AUTOSCRIPT><AUTOSCRIPTID>963</AUTOSCRIPTID><BINARYSCRIPTSOURCE></BINARYSCRIPTSOURCE><CATEGORY></CATEGORY><CHANGEBY>TIMMINSA</CHANGEBY><CHANGEDATE>2014-08-19T15:59:34+01:00</CHANGEDATE><COMMENTS></COMMENTS><CREATEDBY>MCEVETTN</CREATEDBY><CREATEDBYEMAIL>nick.mcevett@uk.ibm.com</CREATEDBYEMAIL><CREATEDBYID></CREATEDBYID><CREATEDBYNAME></CREATEDBYNAME><CREATEDBYPHONE>1234567890</CREATEDBYPHONE><CREATEDDATE>2014-02-26T10:00:46+00:00</CREATEDDATE><DESCRIPTION>Service Request Launch Point</DESCRIPTION><LOGLEVEL>INFO</LOGLEVEL><ORGID></ORGID><OWNER>MCEVETTN</OWNER><OWNEREMAIL>nick.mcevett@uk.ibm.com</OWNEREMAIL><OWNERID></OWNERID><OWNERNAME></OWNERNAME><OWNERPHONE>1234567890</OWNERPHONE><SCHEDULEDSTATUS></SCHEDULEDSTATUS><SCRIPTLANGUAGE>jython</SCRIPTLANGUAGE><SITEID></SITEID><SOURCE>from java.lang import String
from java.lang import Integer
from psdi.mbo import MboConstants

# Add the gl account code components from the response plan and location gl codes

if mbo.isModified("status") and mbo.getString("STATUS") == "INPROG":
   mbo.setValueNull("ACTUALSTART", MboConstants.NOACCESSCHECK)
   


if mbo.isModified("status") and mbo.getString("STATUS") == "RESOLVED":
   mbo.setValueNull("ACTUALFINISH", MboConstants.NOACCESSCHECK)

   woSet = mbo.getMboSet("IRVWORKORDERAS")
   woSet.setWhere("actfinish is not null")
   woSet.reset()
   woSet.setOrderBy("actfinish desc")
   woSet.reset()
   woCount =  woSet.count()

   if woCount &gt;0:
      mbo.setValue("ACTUALFINISH",woSet.getMbo(0).getDate("ACTFINISH"), MboConstants.NOACCESSCHECK)
	  
   woSet = mbo.getMboSet("IRVWORKORDERAS")
   woSet.setWhere("actstart is not null")
   woSet.reset()
   woSet.setOrderBy("actstart asc")
   woSet.reset()
   woCount =  woSet.count()

   if woCount &gt;0:
      mbo.setValue("ACTUALSTART",woSet.getMbo(0).getDate("ACTSTART"), MboConstants.NOACCESSCHECK)


if onupdate:
    if (mbo.isModified("glaccount")) and (mbo.isModified("pluspresponseplan")) and mbo.getMboValue("glaccount").getPreviousValue().toString() != "" :
        glpart1 = mbo.getMboValue("glaccount").getPreviousValue().toString()
        glpart2 = mbo.getMboValue("glaccount").toString()
        print 'glpart1: ' + glpart1
        print 'glpart2: ' + glpart2  
        pos1 = glpart1.index('-',0)
        pos2 = glpart2.index('-',0)
        print 'pos1: ' + Integer(pos1).toString()
        print 'pos2: ' + Integer(pos2).toString()
        mbo.setValue("glaccount",glpart1[:pos1] + glpart2[pos2:])
    elif (mbo.isModified("glaccount")) and (mbo.isModified("location")) and mbo.getMboValue("glaccount").getPreviousValue().toString() != "" :
        glpart1 = mbo.getMboValue("glaccount").toString()
        glpart2 = mbo.getMboValue("glaccount").getPreviousValue().toString()
        print 'glpart1: ' + glpart1
        print 'glpart2: ' + glpart2  
        pos1 = glpart1.index('-',0)
        pos2 = glpart2.index('-',0)
        print 'pos1: ' + Integer(pos1).toString()
        print 'pos2: ' + Integer(pos2).toString()
        mbo.setValue("glaccount",glpart1[:pos1] + glpart2[pos2:])</SOURCE><STATUS maxvalue="Production">Active</STATUS><STATUSDATE>2014-02-26T10:09:39+00:00</STATUSDATE><USERDEFINED>1</USERDEFINED><VERSION></VERSION></AUTOSCRIPT><AUTOSCRIPT action="AddChange"><ACTION></ACTION><AUTOSCRIPT>IRVWOOBJ</AUTOSCRIPT><AUTOSCRIPTID>2563</AUTOSCRIPTID><BINARYSCRIPTSOURCE></BINARYSCRIPTSOURCE><CATEGORY></CATEGORY><CHANGEBY>TIMMINSA</CHANGEBY><CHANGEDATE>2014-08-21T14:17:39+01:00</CHANGEDATE><COMMENTS></COMMENTS><CREATEDBY>TIMMINSA</CREATEDBY><CREATEDBYEMAIL>Andrew.Timmins@interservefm.com</CREATEDBYEMAIL><CREATEDBYID></CREATEDBYID><CREATEDBYNAME></CREATEDBYNAME><CREATEDBYPHONE></CREATEDBYPHONE><CREATEDDATE>2014-08-19T16:06:32+01:00</CREATEDDATE><DESCRIPTION>Work Order Object Launch Point</DESCRIPTION><LOGLEVEL>ERROR</LOGLEVEL><ORGID></ORGID><OWNER>TIMMINSA</OWNER><OWNEREMAIL>Andrew.Timmins@interservefm.com</OWNEREMAIL><OWNERID></OWNERID><OWNERNAME></OWNERNAME><OWNERPHONE></OWNERPHONE><SCHEDULEDSTATUS></SCHEDULEDSTATUS><SCRIPTLANGUAGE>jython</SCRIPTLANGUAGE><SITEID></SITEID><SOURCE>from java.lang import String
from java.lang import Integer
from psdi.mbo import MboConstants

# Set the ACTFINISH to WOCOMP ACTFINISH When changing the status to COMP

if mbo.isModified("status") and mbo.getString("STATUS") == "DISPATCH":
   mbo.setValueNull("ACTSTART", MboConstants.NOACCESSCHECK)

if mbo.isModified("status") and mbo.getString("STATUS") == "COMP":
   mbo.setValueNull("ACTFINISH", MboConstants.NOACCESSCHECK)
   woStatusSet = mbo.getMboSet("WOSTATUS")
   woStatusSet.setWhere("status = 'WOCOMP'")
   woStatusSet.reset()
   woStatusSet.setOrderBy("changedate desc")
   woStatusSet.reset()
   woCount =  woStatusSet.count()
   
   if woCount &gt;0:
     mbo.setValue("ACTFINISH",woStatusSet.getMbo(0).getDate("CHANGEDATE"), MboConstants.NOACCESSCHECK)</SOURCE><STATUS maxvalue="Draft">Draft</STATUS><STATUSDATE>2014-08-19T16:06:32+01:00</STATUSDATE><USERDEFINED>1</USERDEFINED><VERSION></VERSION></AUTOSCRIPT></DMSCRIPTSet></SyncDMSCRIPT>