<?xml version="1.0" encoding="UTF-8"?><SyncDMLAUNCHPOINT xmlns="http://www.ibm.com/maximo" xmlns:xsi="http://www.w3.org/2001/XMLSchema-instance" creationDateTime="2014-08-28T09:44:52+01:00" transLanguage="EN" baseLanguage="EN" messageID="1409215492547574680" maximoVersion="7 5 20130829-1209 V7510--1"><DMLAUNCHPOINTSet><SCRIPTLAUNCHPOINT action="AddChange"><ACTIONNAME></ACTIONNAME><ACTIVE>1</ACTIVE><ADD>0</ADD><ATTRIBUTENAME></ATTRIBUTENAME><AUTOSCRIPT>IRVWODELASSIGN2</AUTOSCRIPT><CONDITION></CONDITION><DELETE>0</DELETE><DESCRIPTION>Workorder Delete Assignment and add log note</DESCRIPTION><INIT>0</INIT><LAUNCHPOINTNAME>IRVWODELASSIGN2</LAUNCHPOINTNAME><LAUNCHPOINTTYPE>ACTION</LAUNCHPOINTTYPE><OBJECTEVENT xsi:nil="true"></OBJECTEVENT><OBJECTNAME>WORKORDER</OBJECTNAME><SCRIPTLAUNCHPOINTID>446</SCRIPTLAUNCHPOINTID><UPDATE>0</UPDATE></SCRIPTLAUNCHPOINT><SCRIPTLAUNCHPOINT action="AddChange"><ACTIONNAME></ACTIONNAME><ACTIVE>1</ACTIVE><ADD>0</ADD><ATTRIBUTENAME></ATTRIBUTENAME><AUTOSCRIPT>IRVWOOBJ</AUTOSCRIPT><CONDITION></CONDITION><DELETE>0</DELETE><DESCRIPTION>Work Order Object Launch Point</DESCRIPTION><INIT>1</INIT><LAUNCHPOINTNAME>IRVWOOBJ</LAUNCHPOINTNAME><LAUNCHPOINTTYPE>OBJECT</LAUNCHPOINTTYPE><OBJECTEVENT>1</OBJECTEVENT><OBJECTNAME>WORKORDER</OBJECTNAME><SCRIPTLAUNCHPOINTID>2644</SCRIPTLAUNCHPOINTID><UPDATE>0</UPDATE></SCRIPTLAUNCHPOINT><SCRIPTLAUNCHPOINT action="AddChange"><ACTIONNAME></ACTIONNAME><ACTIVE>1</ACTIVE><ADD>0</ADD><ATTRIBUTENAME></ATTRIBUTENAME><AUTOSCRIPT>IRVGENLABTRANS</AUTOSCRIPT><CONDITION></CONDITION><DELETE>0</DELETE><DESCRIPTION>On work completion generate the labour transaction records</DESCRIPTION><INIT>0</INIT><LAUNCHPOINTNAME>IRVGENLABTRANS</LAUNCHPOINTNAME><LAUNCHPOINTTYPE>ACTION</LAUNCHPOINTTYPE><OBJECTEVENT xsi:nil="true"></OBJECTEVENT><OBJECTNAME>SR</OBJECTNAME><SCRIPTLAUNCHPOINTID>442</SCRIPTLAUNCHPOINTID><UPDATE>0</UPDATE></SCRIPTLAUNCHPOINT><SCRIPTLAUNCHPOINT action="AddChange"><ACTIONNAME></ACTIONNAME><ACTIVE>1</ACTIVE><ADD>1</ADD><ATTRIBUTENAME></ATTRIBUTENAME><AUTOSCRIPT>IRVSRS</AUTOSCRIPT><CONDITION></CONDITION><DELETE>0</DELETE><DESCRIPTION>Service Request Launch Point</DESCRIPTION><INIT>1</INIT><LAUNCHPOINTNAME>IRVSRS</LAUNCHPOINTNAME><LAUNCHPOINTTYPE>OBJECT</LAUNCHPOINTTYPE><OBJECTEVENT>7</OBJECTEVENT><OBJECTNAME>SR</OBJECTNAME><SCRIPTLAUNCHPOINTID>1044</SCRIPTLAUNCHPOINTID><UPDATE>1</UPDATE></SCRIPTLAUNCHPOINT></DMLAUNCHPOINTSet></SyncDMLAUNCHPOINT>