<?xml version="1.0" encoding="UTF-8"?><SyncDMPACKAGEDEF xmlns="http://www.ibm.com/maximo" xmlns:xsi="http://www.w3.org/2001/XMLSchema-instance" creationDateTime="2014-10-20T12:00:33+01:00" transLanguage="EN" baseLanguage="EN" messageID="1413802833305685140" maximoVersion="7 5 20130829-1209 V7510--1"><DMPACKAGEDEFSet><DMPACKAGEDEF><ACTIVE>0</ACTIVE><BATCHSIZE>100</BATCHSIZE><CHANGEBY>TIMMINSA</CHANGEBY><CHANGEDATE>2014-07-07T13:57:54+01:00</CHANGEDATE><CONTENTID>0ea16c9d-3f37-47b7-90d8-e193d0c01c93</CONTENTID><DESCRIPTION>Workflow</DESCRIPTION><DESCRIPTION_LONGDESCRIPTION></DESCRIPTION_LONGDESCRIPTION><DMPACKAGEDEFID>311</DMPACKAGEDEFID><DMROLE></DMROLE><HASLD>0</HASLD><LANGCODE>EN</LANGCODE><PKGDEFNAME>BBC_WF</PKGDEFNAME><SOURCE>BBC-SQL-D01_BBCMAXSIT_dbo</SOURCE><STATUS maxvalue="APPR">APPR</STATUS><STATUSDATE>2014-07-07T14:01:05+01:00</STATUSDATE><TYPE maxvalue="SNAPSHOT">SNAPSHOT</TYPE><XMLACTION maxvalue="ADDCHANGE">AddChange</XMLACTION><DMPKGDEFSTATUS><CHANGEBY>TIMMINSA</CHANGEBY><CONTENTID>47d83493-6866-4e35-8bae-66a728f7109d</CONTENTID><DMPKGDEFSTATUSID>319</DMPKGDEFSTATUSID><MEMO></MEMO><STATUS maxvalue="APPR">APPR</STATUS><STATUSDATE>2014-07-07T14:01:00+01:00</STATUSDATE></DMPKGDEFSTATUS><DMPKGDEFSTATUS><CHANGEBY>TIMMINSA</CHANGEBY><CONTENTID>7a174332-345c-4ddd-9f59-f48ff82a781f</CONTENTID><DMPKGDEFSTATUSID>318</DMPKGDEFSTATUSID><MEMO></MEMO><STATUS maxvalue="WAPPR">WAPPR</STATUS><STATUSDATE>2014-07-07T14:00:00+01:00</STATUSDATE></DMPKGDEFSTATUS><DMPKGDEFSTATUS><CHANGEBY>TIMMINSA</CHANGEBY><CONTENTID>2b7d7227-73ed-4a69-9aa7-6200b77bf2c5</CONTENTID><DMPKGDEFSTATUSID>317</DMPKGDEFSTATUSID><MEMO></MEMO><STATUS maxvalue="APPR">APPR</STATUS><STATUSDATE>2014-07-07T14:00:00+01:00</STATUSDATE></DMPKGDEFSTATUS><DMPKGDEFSTATUS><CHANGEBY>TIMMINSA</CHANGEBY><CONTENTID>d835e1dc-9b09-46a9-ba4a-fc483e830028</CONTENTID><DMPKGDEFSTATUSID>316</DMPKGDEFSTATUSID><MEMO></MEMO><STATUS maxvalue="WAPPR">WAPPR</STATUS><STATUSDATE>2014-03-13T19:24:00+00:00</STATUSDATE></DMPKGDEFSTATUS><DMPKGCFGGRPDEF><CFGOBJGROUP>WORKFLOW</CFGOBJGROUP><CONTENTID>98b87c9d-52ff-4d94-adf5-c8623d040dcb</CONTENTID><DMPKGCFGGRPDEFID>410</DMPKGCFGGRPDEFID><DMPKGCFGOBJDEF><CFGOBJECT>DMWFPROCESS</CFGOBJECT><CONTENTID>ba680deb-34cf-4f85-b6c0-c47693049f7a</CONTENTID><DMPKGCFGOBJDEFID>309</DMPKGCFGOBJDEFID><WHERECLAUSE>processname in ('SUBWORETUR') and processrev = (select max(processrev) from wfprocess wfp1 where wfprocess.processname = wfp1.processname)</WHERECLAUSE></DMPKGCFGOBJDEF></DMPKGCFGGRPDEF><DMPKGDIST><CHANGEBY>TIMMINSA</CHANGEBY><CHANGEDATE>2014-07-07T13:57:54+01:00</CHANGEDATE><CONTENTID>0c39c661-18aa-4672-b22d-d2174481b9f7</CONTENTID><DMPKGDISTID>304</DMPKGDISTID><TARGETNAME>IRVMMFOLDER</TARGETNAME></DMPKGDIST><DMPKGDIST><CHANGEBY>TIMMINSA</CHANGEBY><CHANGEDATE>2014-10-09T18:00:36+01:00</CHANGEDATE><CONTENTID>981efe3c-409d-4925-a651-1489860c7f14</CONTENTID><DMPKGDISTID>1312</DMPKGDISTID><TARGETNAME>BBC_DEP</TARGETNAME></DMPKGDIST></DMPACKAGEDEF></DMPACKAGEDEFSet></SyncDMPACKAGEDEF>