<?xml version="1.0" encoding="UTF-8"?><SyncDMWFPROCESS xmlns="http://www.ibm.com/maximo" xmlns:xsi="http://www.w3.org/2001/XMLSchema-instance" creationDateTime="2014-10-20T12:00:30+01:00" transLanguage="EN" baseLanguage="EN" messageID="1413802829961765877" maximoVersion="7 5 20130829-1209 V7510--1"><DMWFPROCESSSet><WFPROCESS action="AddChange"><ACTIVE>0</ACTIVE><AUTOINITIATE>0</AUTOINITIATE><CHANGEBY>TIMMINSA</CHANGEBY><CHANGEDATE>2014-10-06T14:59:57+01:00</CHANGEDATE><DELETABLE>1</DELETABLE><DESCRIPTION>Sub Workflow for Workorder - Return</DESCRIPTION><DESCRIPTION_LONGDESCRIPTION></DESCRIPTION_LONGDESCRIPTION><ENABLED>1</ENABLED><EXTERNALREFID></EXTERNALREFID><HASLD>0</HASLD><LANGCODE>EN</LANGCODE><MIGRATED>0</MIGRATED><OBJECTNAME>WORKORDER</OBJECTNAME><OWNERSYSID></OWNERSYSID><PROCESSNAME>SUBWORETUR</PROCESSNAME><PROCESSREV>19</PROCESSREV><SENDERSYSID>MX</SENDERSYSID><SOURCESYSID></SOURCESYSID><WFPROCESSID>6025</WFPROCESSID><WFNODE><DESCRIPTION>START 1</DESCRIPTION><DESCRIPTION_LONGDESCRIPTION></DESCRIPTION_LONGDESCRIPTION><HASLD>0</HASLD><IMAGEFILE></IMAGEFILE><LANGCODE>EN</LANGCODE><NODEID>1</NODEID><NODETYPE maxvalue="WFSTART">START</NODETYPE><TITLE>START 1</TITLE><WFNODEID>15675</WFNODEID><XCOORDINATE>1</XCOORDINATE><YCOORDINATE>1</YCOORDINATE><WFSTART><WFSTARTID>6032</WFSTARTID></WFSTART><WFACTION><ACTION></ACTION><ACTIONID>3</ACTIONID><CONDITION></CONDITION><CONDITIONCLASS></CONDITIONCLASS><INSTRUCTION>Work Order assigned to mobile engineer?</INSTRUCTION><ISPOSITIVE>1</ISPOSITIVE><MEMBERNODEID>3</MEMBERNODEID><OWNERNODEID>1</OWNERNODEID><SEQUENCE xsi:nil="true"></SEQUENCE><WFACTIONID>18595</WFACTIONID></WFACTION></WFNODE><WFNODE><DESCRIPTION>Work Order assigned to mobile engineer?</DESCRIPTION><DESCRIPTION_LONGDESCRIPTION></DESCRIPTION_LONGDESCRIPTION><HASLD>0</HASLD><IMAGEFILE></IMAGEFILE><LANGCODE>EN</LANGCODE><NODEID>3</NODEID><NODETYPE maxvalue="WFCONDITION">CONDITION</NODETYPE><TITLE>ASSMOBILE</TITLE><WFNODEID>15676</WFNODEID><XCOORDINATE>4</XCOORDINATE><YCOORDINATE>1</YCOORDINATE><WFACTION><ACTION></ACTION><ACTIONID>31</ACTIONID><CONDITION></CONDITION><CONDITIONCLASS></CONDITIONCLASS><INSTRUCTION>Assigned to mobile engineer message</INSTRUCTION><ISPOSITIVE>1</ISPOSITIVE><MEMBERNODEID>4</MEMBERNODEID><OWNERNODEID>3</OWNERNODEID><SEQUENCE xsi:nil="true"></SEQUENCE><WFACTIONID>18596</WFACTIONID></WFACTION><WFACTION><ACTION></ACTION><ACTIONID>32</ACTIONID><CONDITION></CONDITION><CONDITIONCLASS></CONDITIONCLASS><INSTRUCTION>Return reason = ABANDON?</INSTRUCTION><ISPOSITIVE>0</ISPOSITIVE><MEMBERNODEID>7</MEMBERNODEID><OWNERNODEID>3</OWNERNODEID><SEQUENCE xsi:nil="true"></SEQUENCE><WFACTIONID>18597</WFACTIONID></WFACTION><WFCONDITION><CONDITION>ASSIGNMENT.LABOR.IRV_CONTMETHOD &lt;&gt; 'MOBILE'</CONDITION><CUSTOMCLASS></CUSTOMCLASS><WFCONDITIONID>9897</WFCONDITIONID></WFCONDITION></WFNODE><WFNODE><DESCRIPTION>Assigned to mobile engineer message</DESCRIPTION><DESCRIPTION_LONGDESCRIPTION></DESCRIPTION_LONGDESCRIPTION><HASLD>0</HASLD><IMAGEFILE></IMAGEFILE><LANGCODE>EN</LANGCODE><NODEID>4</NODEID><NODETYPE maxvalue="WFINTERACTION">INTERACTION</NODETYPE><TITLE>MOBILEMESSAGE</TITLE><WFNODEID>15677</WFNODEID><XCOORDINATE>7</XCOORDINATE><YCOORDINATE>1</YCOORDINATE><WFACTION><ACTION></ACTION><ACTIONID>92</ACTIONID><CONDITION></CONDITION><CONDITIONCLASS></CONDITIONCLASS><INSTRUCTION>INPUT 42</INSTRUCTION><ISPOSITIVE>1</ISPOSITIVE><MEMBERNODEID>42</MEMBERNODEID><OWNERNODEID>4</OWNERNODEID><SEQUENCE xsi:nil="true"></SEQUENCE><WFACTIONID>18598</WFACTIONID></WFACTION><WFINTERACTION><ACTION>ROUTEWF</ACTION><APP>PLUSPWO</APP><DIRECTIONS>Message</DIRECTIONS><DIRECTIONS_LONGDESCRIPTION>Warning -  This workorder is currently not assigned to a mobile engineer, continue will reset the status to WAPPR</DIRECTIONS_LONGDESCRIPTION><HASLD>1</HASLD><LANGCODE>EN</LANGCODE><LAUNCHPROCESS></LAUNCHPROCESS><PAGE></PAGE><RELATION></RELATION><TABNAME></TABNAME><WFINTERACTIONID>6264</WFINTERACTIONID><LONGDESCRIPTION><CONTENTUID>475,145</CONTENTUID><LANGCODE>EN</LANGCODE><LDKEY>6264</LDKEY><LDOWNERCOL>DIRECTIONS</LDOWNERCOL><LDOWNERTABLE>WFINTERACTION</LDOWNERTABLE><LDTEXT>Warning -  This workorder is currently not assigned to a mobile engineer, continue will reset the status to WAPPR</LDTEXT><LONGDESCRIPTIONID>475145</LONGDESCRIPTIONID></LONGDESCRIPTION></WFINTERACTION></WFNODE><WFNODE><DESCRIPTION>STOP 6</DESCRIPTION><DESCRIPTION_LONGDESCRIPTION></DESCRIPTION_LONGDESCRIPTION><HASLD>0</HASLD><IMAGEFILE></IMAGEFILE><LANGCODE>EN</LANGCODE><NODEID>6</NODEID><NODETYPE maxvalue="WFSTOP">STOP</NODETYPE><TITLE>STOP 6</TITLE><WFNODEID>15678</WFNODEID><XCOORDINATE>13</XCOORDINATE><YCOORDINATE>1</YCOORDINATE><WFSTOP><WFSTOPID>7358</WFSTOPID></WFSTOP></WFNODE><WFNODE><DESCRIPTION>Return reason = ABANDON?</DESCRIPTION><DESCRIPTION_LONGDESCRIPTION></DESCRIPTION_LONGDESCRIPTION><HASLD>0</HASLD><IMAGEFILE></IMAGEFILE><LANGCODE>EN</LANGCODE><NODEID>7</NODEID><NODETYPE maxvalue="WFCONDITION">CONDITION</NODETYPE><TITLE>RETURNABAND</TITLE><WFNODEID>15679</WFNODEID><XCOORDINATE>4</XCOORDINATE><YCOORDINATE>2</YCOORDINATE><WFACTION><ACTION></ACTION><ACTIONID>7</ACTIONID><CONDITION></CONDITION><CONDITIONCLASS></CONDITIONCLASS><INSTRUCTION>Return reason = LANDLORD?</INSTRUCTION><ISPOSITIVE>0</ISPOSITIVE><MEMBERNODEID>8</MEMBERNODEID><OWNERNODEID>7</OWNERNODEID><SEQUENCE xsi:nil="true"></SEQUENCE><WFACTIONID>18599</WFACTIONID></WFACTION><WFACTION><ACTION>IRVWODELASSIGNNSCSD</ACTION><ACTIONID>35</ACTIONID><CONDITION></CONDITION><CONDITIONCLASS></CONDITIONCLASS><INSTRUCTION>STOP 25</INSTRUCTION><ISPOSITIVE>1</ISPOSITIVE><MEMBERNODEID>25</MEMBERNODEID><OWNERNODEID>7</OWNERNODEID><SEQUENCE xsi:nil="true"></SEQUENCE><WFACTIONID>18600</WFACTIONID></WFACTION><WFCONDITION><CONDITION>:IRV_RETURNSTATUSCODE = 'Abandon'</CONDITION><CUSTOMCLASS></CUSTOMCLASS><WFCONDITIONID>9898</WFCONDITIONID></WFCONDITION></WFNODE><WFNODE><DESCRIPTION>Return reason = LANDLORD?</DESCRIPTION><DESCRIPTION_LONGDESCRIPTION></DESCRIPTION_LONGDESCRIPTION><HASLD>0</HASLD><IMAGEFILE></IMAGEFILE><LANGCODE>EN</LANGCODE><NODEID>8</NODEID><NODETYPE maxvalue="WFCONDITION">CONDITION</NODETYPE><TITLE>RETURNLANDLORD</TITLE><WFNODEID>15680</WFNODEID><XCOORDINATE>4</XCOORDINATE><YCOORDINATE>3</YCOORDINATE><WFACTION><ACTION></ACTION><ACTIONID>8</ACTIONID><CONDITION></CONDITION><CONDITIONCLASS></CONDITIONCLASS><INSTRUCTION>Return Reason = RECALL</INSTRUCTION><ISPOSITIVE>0</ISPOSITIVE><MEMBERNODEID>9</MEMBERNODEID><OWNERNODEID>8</OWNERNODEID><SEQUENCE xsi:nil="true"></SEQUENCE><WFACTIONID>18601</WFACTIONID></WFACTION><WFACTION><ACTION></ACTION><ACTIONID>13</ACTIONID><CONDITION></CONDITION><CONDITIONCLASS></CONDITIONCLASS><INSTRUCTION>Actual start populated?</INSTRUCTION><ISPOSITIVE>1</ISPOSITIVE><MEMBERNODEID>13</MEMBERNODEID><OWNERNODEID>8</OWNERNODEID><SEQUENCE xsi:nil="true"></SEQUENCE><WFACTIONID>18602</WFACTIONID></WFACTION><WFCONDITION><CONDITION>:IRV_RETURNSTATUSCODE = 'Landlord'</CONDITION><CUSTOMCLASS></CUSTOMCLASS><WFCONDITIONID>9899</WFCONDITIONID></WFCONDITION></WFNODE><WFNODE><DESCRIPTION>Return Reason = RECALL</DESCRIPTION><DESCRIPTION_LONGDESCRIPTION></DESCRIPTION_LONGDESCRIPTION><HASLD>0</HASLD><IMAGEFILE></IMAGEFILE><LANGCODE>EN</LANGCODE><NODEID>9</NODEID><NODETYPE maxvalue="WFCONDITION">CONDITION</NODETYPE><TITLE>RETURNRECALL</TITLE><WFNODEID>15681</WFNODEID><XCOORDINATE>4</XCOORDINATE><YCOORDINATE>5</YCOORDINATE><WFACTION><ACTION></ACTION><ACTIONID>9</ACTIONID><CONDITION></CONDITION><CONDITIONCLASS></CONDITIONCLASS><INSTRUCTION>Return Reason = SUBREQ</INSTRUCTION><ISPOSITIVE>0</ISPOSITIVE><MEMBERNODEID>10</MEMBERNODEID><OWNERNODEID>9</OWNERNODEID><SEQUENCE xsi:nil="true"></SEQUENCE><WFACTIONID>18603</WFACTIONID></WFACTION><WFACTION><ACTION></ACTION><ACTIONID>17</ACTIONID><CONDITION></CONDITION><CONDITIONCLASS></CONDITIONCLASS><INSTRUCTION>Actual start populated?</INSTRUCTION><ISPOSITIVE>1</ISPOSITIVE><MEMBERNODEID>17</MEMBERNODEID><OWNERNODEID>9</OWNERNODEID><SEQUENCE xsi:nil="true"></SEQUENCE><WFACTIONID>18604</WFACTIONID></WFACTION><WFCONDITION><CONDITION>:IRV_RETURNSTATUSCODE = 'Recall'</CONDITION><CUSTOMCLASS></CUSTOMCLASS><WFCONDITIONID>9900</WFCONDITIONID></WFCONDITION></WFNODE><WFNODE><DESCRIPTION>Return Reason = SUBREQ</DESCRIPTION><DESCRIPTION_LONGDESCRIPTION></DESCRIPTION_LONGDESCRIPTION><HASLD>0</HASLD><IMAGEFILE></IMAGEFILE><LANGCODE>EN</LANGCODE><NODEID>10</NODEID><NODETYPE maxvalue="WFCONDITION">CONDITION</NODETYPE><TITLE>RETURNSUBCREQ</TITLE><WFNODEID>15682</WFNODEID><XCOORDINATE>4</XCOORDINATE><YCOORDINATE>7</YCOORDINATE><WFACTION><ACTION></ACTION><ACTIONID>10</ACTIONID><CONDITION></CONDITION><CONDITIONCLASS></CONDITIONCLASS><INSTRUCTION>Return Reason = ASSMISS</INSTRUCTION><ISPOSITIVE>0</ISPOSITIVE><MEMBERNODEID>11</MEMBERNODEID><OWNERNODEID>10</OWNERNODEID><SEQUENCE xsi:nil="true"></SEQUENCE><WFACTIONID>18605</WFACTIONID></WFACTION><WFACTION><ACTION></ACTION><ACTIONID>20</ACTIONID><CONDITION></CONDITION><CONDITIONCLASS></CONDITIONCLASS><INSTRUCTION>Actual start populated?</INSTRUCTION><ISPOSITIVE>1</ISPOSITIVE><MEMBERNODEID>19</MEMBERNODEID><OWNERNODEID>10</OWNERNODEID><SEQUENCE xsi:nil="true"></SEQUENCE><WFACTIONID>18606</WFACTIONID></WFACTION><WFCONDITION><CONDITION>:IRV_RETURNSTATUSCODE = 'Subcontractor Required'</CONDITION><CUSTOMCLASS></CUSTOMCLASS><WFCONDITIONID>9901</WFCONDITIONID></WFCONDITION></WFNODE><WFNODE><DESCRIPTION>Return Reason = ASSMISS</DESCRIPTION><DESCRIPTION_LONGDESCRIPTION></DESCRIPTION_LONGDESCRIPTION><HASLD>0</HASLD><IMAGEFILE></IMAGEFILE><LANGCODE>EN</LANGCODE><NODEID>11</NODEID><NODETYPE maxvalue="WFCONDITION">CONDITION</NODETYPE><TITLE>RETURNASSMISS</TITLE><WFNODEID>15683</WFNODEID><XCOORDINATE>4</XCOORDINATE><YCOORDINATE>10</YCOORDINATE><WFACTION><ACTION></ACTION><ACTIONID>46</ACTIONID><CONDITION></CONDITION><CONDITIONCLASS></CONDITIONCLASS><INSTRUCTION>Actual start is populated?</INSTRUCTION><ISPOSITIVE>1</ISPOSITIVE><MEMBERNODEID>39</MEMBERNODEID><OWNERNODEID>11</OWNERNODEID><SEQUENCE xsi:nil="true"></SEQUENCE><WFACTIONID>18607</WFACTIONID></WFACTION><WFACTION><ACTION></ACTION><ACTIONID>138</ACTIONID><CONDITION></CONDITION><CONDITIONCLASS></CONDITIONCLASS><INSTRUCTION>Return Reason = SUBREQ</INSTRUCTION><ISPOSITIVE>0</ISPOSITIVE><MEMBERNODEID>44</MEMBERNODEID><OWNERNODEID>11</OWNERNODEID><SEQUENCE xsi:nil="true"></SEQUENCE><WFACTIONID>18608</WFACTIONID></WFACTION><WFCONDITION><CONDITION>:IRV_RETURNSTATUSCODE = 'Asset Missing'</CONDITION><CUSTOMCLASS></CUSTOMCLASS><WFCONDITIONID>9902</WFCONDITIONID></WFCONDITION></WFNODE><WFNODE><DESCRIPTION>Actual start populated?</DESCRIPTION><DESCRIPTION_LONGDESCRIPTION></DESCRIPTION_LONGDESCRIPTION><HASLD>0</HASLD><IMAGEFILE></IMAGEFILE><LANGCODE>EN</LANGCODE><NODEID>13</NODEID><NODETYPE maxvalue="WFCONDITION">CONDITION</NODETYPE><TITLE>ACTSTART IS NULL?</TITLE><WFNODEID>15684</WFNODEID><XCOORDINATE>5</XCOORDINATE><YCOORDINATE>3</YCOORDINATE><WFACTION><ACTION></ACTION><ACTIONID>130</ACTIONID><CONDITION></CONDITION><CONDITIONCLASS></CONDITIONCLASS><INSTRUCTION>Actual start is not populaed</INSTRUCTION><ISPOSITIVE>1</ISPOSITIVE><MEMBERNODEID>15</MEMBERNODEID><OWNERNODEID>13</OWNERNODEID><SEQUENCE xsi:nil="true"></SEQUENCE><WFACTIONID>18609</WFACTIONID></WFACTION><WFACTION><ACTION>IRVWODELASSIGN2</ACTION><ACTIONID>131</ACTIONID><CONDITION></CONDITION><CONDITIONCLASS></CONDITIONCLASS><INSTRUCTION>INTERACTION 31</INSTRUCTION><ISPOSITIVE>0</ISPOSITIVE><MEMBERNODEID>31</MEMBERNODEID><OWNERNODEID>13</OWNERNODEID><SEQUENCE xsi:nil="true"></SEQUENCE><WFACTIONID>18610</WFACTIONID></WFACTION><WFCONDITION><CONDITION>:actstart is null</CONDITION><CUSTOMCLASS></CUSTOMCLASS><WFCONDITIONID>9903</WFCONDITIONID></WFCONDITION></WFNODE><WFNODE><DESCRIPTION>Actual start is not populaed</DESCRIPTION><DESCRIPTION_LONGDESCRIPTION></DESCRIPTION_LONGDESCRIPTION><HASLD>0</HASLD><IMAGEFILE></IMAGEFILE><LANGCODE>EN</LANGCODE><NODEID>15</NODEID><NODETYPE maxvalue="WFINTERACTION">INTERACTION</NODETYPE><TITLE>ACTSTARTNULL</TITLE><WFNODEID>15685</WFNODEID><XCOORDINATE>5</XCOORDINATE><YCOORDINATE>4</YCOORDINATE><WFACTION><ACTION></ACTION><ACTIONID>14</ACTIONID><CONDITION></CONDITION><CONDITIONCLASS></CONDITIONCLASS><INSTRUCTION>Actual start populated?</INSTRUCTION><ISPOSITIVE>1</ISPOSITIVE><MEMBERNODEID>13</MEMBERNODEID><OWNERNODEID>15</OWNERNODEID><SEQUENCE xsi:nil="true"></SEQUENCE><WFACTIONID>18611</WFACTIONID></WFACTION><WFINTERACTION><ACTION>ROUTEWF</ACTION><APP>PLUSPWO</APP><DIRECTIONS>Actual start is not populated</DIRECTIONS><DIRECTIONS_LONGDESCRIPTION>Please ensure that the actual start date is populated.</DIRECTIONS_LONGDESCRIPTION><HASLD>1</HASLD><LANGCODE>EN</LANGCODE><LAUNCHPROCESS></LAUNCHPROCESS><PAGE></PAGE><RELATION></RELATION><TABNAME></TABNAME><WFINTERACTIONID>6265</WFINTERACTIONID><LONGDESCRIPTION><CONTENTUID>475,146</CONTENTUID><LANGCODE>EN</LANGCODE><LDKEY>6265</LDKEY><LDOWNERCOL>DIRECTIONS</LDOWNERCOL><LDOWNERTABLE>WFINTERACTION</LDOWNERTABLE><LDTEXT>Please ensure that the actual start date is populated.</LDTEXT><LONGDESCRIPTIONID>475146</LONGDESCRIPTIONID></LONGDESCRIPTION></WFINTERACTION></WFNODE><WFNODE><DESCRIPTION>Actual start populated?</DESCRIPTION><DESCRIPTION_LONGDESCRIPTION></DESCRIPTION_LONGDESCRIPTION><HASLD>0</HASLD><IMAGEFILE></IMAGEFILE><LANGCODE>EN</LANGCODE><NODEID>17</NODEID><NODETYPE maxvalue="WFCONDITION">CONDITION</NODETYPE><TITLE>ACTSTART IS NULL?</TITLE><WFNODEID>15686</WFNODEID><XCOORDINATE>5</XCOORDINATE><YCOORDINATE>5</YCOORDINATE><WFACTION><ACTION>IRVWODELASSIGNNSCSD</ACTION><ACTIONID>132</ACTIONID><CONDITION></CONDITION><CONDITIONCLASS></CONDITIONCLASS><INSTRUCTION>Workorder set to COMP</INSTRUCTION><ISPOSITIVE>0</ISPOSITIVE><MEMBERNODEID>28</MEMBERNODEID><OWNERNODEID>17</OWNERNODEID><SEQUENCE xsi:nil="true"></SEQUENCE><WFACTIONID>18612</WFACTIONID></WFACTION><WFACTION><ACTION></ACTION><ACTIONID>133</ACTIONID><CONDITION></CONDITION><CONDITIONCLASS></CONDITIONCLASS><INSTRUCTION>Actual start is not populated</INSTRUCTION><ISPOSITIVE>1</ISPOSITIVE><MEMBERNODEID>18</MEMBERNODEID><OWNERNODEID>17</OWNERNODEID><SEQUENCE xsi:nil="true"></SEQUENCE><WFACTIONID>18613</WFACTIONID></WFACTION><WFCONDITION><CONDITION>:actstart is null</CONDITION><CUSTOMCLASS></CUSTOMCLASS><WFCONDITIONID>9904</WFCONDITIONID></WFCONDITION></WFNODE><WFNODE><DESCRIPTION>Actual start is not populated</DESCRIPTION><DESCRIPTION_LONGDESCRIPTION></DESCRIPTION_LONGDESCRIPTION><HASLD>0</HASLD><IMAGEFILE></IMAGEFILE><LANGCODE>EN</LANGCODE><NODEID>18</NODEID><NODETYPE maxvalue="WFINTERACTION">INTERACTION</NODETYPE><TITLE>ACTSTARTNULL</TITLE><WFNODEID>15687</WFNODEID><XCOORDINATE>5</XCOORDINATE><YCOORDINATE>6</YCOORDINATE><WFACTION><ACTION></ACTION><ACTIONID>19</ACTIONID><CONDITION></CONDITION><CONDITIONCLASS></CONDITIONCLASS><INSTRUCTION>Actual start populated?</INSTRUCTION><ISPOSITIVE>1</ISPOSITIVE><MEMBERNODEID>17</MEMBERNODEID><OWNERNODEID>18</OWNERNODEID><SEQUENCE xsi:nil="true"></SEQUENCE><WFACTIONID>18614</WFACTIONID></WFACTION><WFINTERACTION><ACTION>ROUTEWF</ACTION><APP>PLUSPWO</APP><DIRECTIONS>Actual start is not populated</DIRECTIONS><DIRECTIONS_LONGDESCRIPTION>Please ensure that the actual start date is populated.</DIRECTIONS_LONGDESCRIPTION><HASLD>1</HASLD><LANGCODE>EN</LANGCODE><LAUNCHPROCESS></LAUNCHPROCESS><PAGE></PAGE><RELATION></RELATION><TABNAME></TABNAME><WFINTERACTIONID>6266</WFINTERACTIONID><LONGDESCRIPTION><CONTENTUID>475,147</CONTENTUID><LANGCODE>EN</LANGCODE><LDKEY>6266</LDKEY><LDOWNERCOL>DIRECTIONS</LDOWNERCOL><LDOWNERTABLE>WFINTERACTION</LDOWNERTABLE><LDTEXT>Please ensure that the actual start date is populated.</LDTEXT><LONGDESCRIPTIONID>475147</LONGDESCRIPTIONID></LONGDESCRIPTION></WFINTERACTION></WFNODE><WFNODE><DESCRIPTION>Actual start populated?</DESCRIPTION><DESCRIPTION_LONGDESCRIPTION></DESCRIPTION_LONGDESCRIPTION><HASLD>0</HASLD><IMAGEFILE></IMAGEFILE><LANGCODE>EN</LANGCODE><NODEID>19</NODEID><NODETYPE maxvalue="WFCONDITION">CONDITION</NODETYPE><TITLE>ACTSTART IS NULL?</TITLE><WFNODEID>15688</WFNODEID><XCOORDINATE>5</XCOORDINATE><YCOORDINATE>7</YCOORDINATE><WFACTION><ACTION></ACTION><ACTIONID>134</ACTIONID><CONDITION></CONDITION><CONDITIONCLASS></CONDITIONCLASS><INSTRUCTION>Actual Start is not populated</INSTRUCTION><ISPOSITIVE>1</ISPOSITIVE><MEMBERNODEID>20</MEMBERNODEID><OWNERNODEID>19</OWNERNODEID><SEQUENCE xsi:nil="true"></SEQUENCE><WFACTIONID>18615</WFACTIONID></WFACTION><WFACTION><ACTION>IRVWODELASSIGN2</ACTION><ACTIONID>135</ACTIONID><CONDITION></CONDITION><CONDITIONCLASS></CONDITIONCLASS><INSTRUCTION>INTERACTION 33</INSTRUCTION><ISPOSITIVE>0</ISPOSITIVE><MEMBERNODEID>33</MEMBERNODEID><OWNERNODEID>19</OWNERNODEID><SEQUENCE xsi:nil="true"></SEQUENCE><WFACTIONID>18616</WFACTIONID></WFACTION><WFCONDITION><CONDITION>:actstart is null</CONDITION><CUSTOMCLASS></CUSTOMCLASS><WFCONDITIONID>9905</WFCONDITIONID></WFCONDITION></WFNODE><WFNODE><DESCRIPTION>Actual Start is not populated</DESCRIPTION><DESCRIPTION_LONGDESCRIPTION></DESCRIPTION_LONGDESCRIPTION><HASLD>0</HASLD><IMAGEFILE></IMAGEFILE><LANGCODE>EN</LANGCODE><NODEID>20</NODEID><NODETYPE maxvalue="WFINTERACTION">INTERACTION</NODETYPE><TITLE>ACTSTARTNULL</TITLE><WFNODEID>15890</WFNODEID><XCOORDINATE>5</XCOORDINATE><YCOORDINATE>9</YCOORDINATE><WFACTION><ACTION></ACTION><ACTIONID>22</ACTIONID><CONDITION></CONDITION><CONDITIONCLASS></CONDITIONCLASS><INSTRUCTION>Actual start populated?</INSTRUCTION><ISPOSITIVE>1</ISPOSITIVE><MEMBERNODEID>19</MEMBERNODEID><OWNERNODEID>20</OWNERNODEID><SEQUENCE xsi:nil="true"></SEQUENCE><WFACTIONID>18617</WFACTIONID></WFACTION><WFINTERACTION><ACTION>ROUTEWF</ACTION><APP>PLUSPWO</APP><DIRECTIONS>Actual Start is not populated</DIRECTIONS><DIRECTIONS_LONGDESCRIPTION>Please ensure that the actual start date is populated.</DIRECTIONS_LONGDESCRIPTION><HASLD>1</HASLD><LANGCODE>EN</LANGCODE><LAUNCHPROCESS></LAUNCHPROCESS><PAGE></PAGE><RELATION></RELATION><TABNAME></TABNAME><WFINTERACTIONID>6267</WFINTERACTIONID><LONGDESCRIPTION><CONTENTUID>475,148</CONTENTUID><LANGCODE>EN</LANGCODE><LDKEY>6267</LDKEY><LDOWNERCOL>DIRECTIONS</LDOWNERCOL><LDOWNERTABLE>WFINTERACTION</LDOWNERTABLE><LDTEXT>Please ensure that the actual start date is populated.</LDTEXT><LONGDESCRIPTIONID>475148</LONGDESCRIPTIONID></LONGDESCRIPTION></WFINTERACTION></WFNODE><WFNODE><DESCRIPTION>Actual start populated?</DESCRIPTION><DESCRIPTION_LONGDESCRIPTION></DESCRIPTION_LONGDESCRIPTION><HASLD>0</HASLD><IMAGEFILE></IMAGEFILE><LANGCODE>EN</LANGCODE><NODEID>21</NODEID><NODETYPE maxvalue="WFCONDITION">CONDITION</NODETYPE><TITLE>ACTSTART IS NULL?</TITLE><WFNODEID>15891</WFNODEID><XCOORDINATE>5</XCOORDINATE><YCOORDINATE>14</YCOORDINATE><WFACTION><ACTION></ACTION><ACTIONID>139</ACTIONID><CONDITION></CONDITION><CONDITIONCLASS></CONDITIONCLASS><INSTRUCTION>Actual start is not populated</INSTRUCTION><ISPOSITIVE>1</ISPOSITIVE><MEMBERNODEID>22</MEMBERNODEID><OWNERNODEID>21</OWNERNODEID><SEQUENCE xsi:nil="true"></SEQUENCE><WFACTIONID>18618</WFACTIONID></WFACTION><WFACTION><ACTION></ACTION><ACTIONID>140</ACTIONID><CONDITION></CONDITION><CONDITIONCLASS></CONDITIONCLASS><INSTRUCTION>INTERACTION 36</INSTRUCTION><ISPOSITIVE>0</ISPOSITIVE><MEMBERNODEID>36</MEMBERNODEID><OWNERNODEID>21</OWNERNODEID><SEQUENCE xsi:nil="true"></SEQUENCE><WFACTIONID>18619</WFACTIONID></WFACTION><WFCONDITION><CONDITION>:actstart is null</CONDITION><CUSTOMCLASS></CUSTOMCLASS><WFCONDITIONID>9906</WFCONDITIONID></WFCONDITION></WFNODE><WFNODE><DESCRIPTION>Actual start is not populated</DESCRIPTION><DESCRIPTION_LONGDESCRIPTION></DESCRIPTION_LONGDESCRIPTION><HASLD>0</HASLD><IMAGEFILE></IMAGEFILE><LANGCODE>EN</LANGCODE><NODEID>22</NODEID><NODETYPE maxvalue="WFINTERACTION">INTERACTION</NODETYPE><TITLE>ACTSTARTNULL</TITLE><WFNODEID>15892</WFNODEID><XCOORDINATE>5</XCOORDINATE><YCOORDINATE>15</YCOORDINATE><WFACTION><ACTION></ACTION><ACTIONID>26</ACTIONID><CONDITION></CONDITION><CONDITIONCLASS></CONDITIONCLASS><INSTRUCTION>Actual start populated?</INSTRUCTION><ISPOSITIVE>1</ISPOSITIVE><MEMBERNODEID>21</MEMBERNODEID><OWNERNODEID>22</OWNERNODEID><SEQUENCE xsi:nil="true"></SEQUENCE><WFACTIONID>18620</WFACTIONID></WFACTION><WFINTERACTION><ACTION>ROUTEWF</ACTION><APP>PLUSPWO</APP><DIRECTIONS>The actual start is not populated</DIRECTIONS><DIRECTIONS_LONGDESCRIPTION>Please ensure that the actual start date is populated.</DIRECTIONS_LONGDESCRIPTION><HASLD>1</HASLD><LANGCODE>EN</LANGCODE><LAUNCHPROCESS></LAUNCHPROCESS><PAGE></PAGE><RELATION></RELATION><TABNAME></TABNAME><WFINTERACTIONID>6268</WFINTERACTIONID><LONGDESCRIPTION><CONTENTUID>475,149</CONTENTUID><LANGCODE>EN</LANGCODE><LDKEY>6268</LDKEY><LDOWNERCOL>DIRECTIONS</LDOWNERCOL><LDOWNERTABLE>WFINTERACTION</LDOWNERTABLE><LDTEXT>Please ensure that the actual start date is populated.</LDTEXT><LONGDESCRIPTIONID>475149</LONGDESCRIPTIONID></LONGDESCRIPTION></WFINTERACTION></WFNODE><WFNODE><DESCRIPTION>Asset is missing</DESCRIPTION><DESCRIPTION_LONGDESCRIPTION></DESCRIPTION_LONGDESCRIPTION><HASLD>0</HASLD><IMAGEFILE></IMAGEFILE><LANGCODE>EN</LANGCODE><NODEID>23</NODEID><NODETYPE maxvalue="WFINTERACTION">INTERACTION</NODETYPE><TITLE>ASSMISSING</TITLE><WFNODEID>15893</WFNODEID><XCOORDINATE>7</XCOORDINATE><YCOORDINATE>10</YCOORDINATE><WFACTION><ACTION></ACTION><ACTIONID>28</ACTIONID><CONDITION></CONDITION><CONDITIONCLASS></CONDITIONCLASS><INSTRUCTION>STOP 24</INSTRUCTION><ISPOSITIVE>1</ISPOSITIVE><MEMBERNODEID>24</MEMBERNODEID><OWNERNODEID>23</OWNERNODEID><SEQUENCE xsi:nil="true"></SEQUENCE><WFACTIONID>18621</WFACTIONID></WFACTION><WFINTERACTION><ACTION>ROUTEWF</ACTION><APP>PLUSPWO</APP><DIRECTIONS>Missing Asset</DIRECTIONS><DIRECTIONS_LONGDESCRIPTION>This wo was returned for a reason of asset missing, the work order status will remain as RETURN and the asset manager will be informed.</DIRECTIONS_LONGDESCRIPTION><HASLD>1</HASLD><LANGCODE>EN</LANGCODE><LAUNCHPROCESS></LAUNCHPROCESS><PAGE></PAGE><RELATION></RELATION><TABNAME></TABNAME><WFINTERACTIONID>6269</WFINTERACTIONID><LONGDESCRIPTION><CONTENTUID>475,150</CONTENTUID><LANGCODE>EN</LANGCODE><LDKEY>6269</LDKEY><LDOWNERCOL>DIRECTIONS</LDOWNERCOL><LDOWNERTABLE>WFINTERACTION</LDOWNERTABLE><LDTEXT>This wo was returned for a reason of asset missing, the work order status will remain as RETURN and the asset manager will be informed.</LDTEXT><LONGDESCRIPTIONID>475150</LONGDESCRIPTIONID></LONGDESCRIPTION></WFINTERACTION></WFNODE><WFNODE><DESCRIPTION>STOP 24</DESCRIPTION><DESCRIPTION_LONGDESCRIPTION></DESCRIPTION_LONGDESCRIPTION><HASLD>0</HASLD><IMAGEFILE></IMAGEFILE><LANGCODE>EN</LANGCODE><NODEID>24</NODEID><NODETYPE maxvalue="WFSTOP">STOP</NODETYPE><TITLE>STOP 24</TITLE><WFNODEID>15894</WFNODEID><XCOORDINATE>8</XCOORDINATE><YCOORDINATE>10</YCOORDINATE><WFSTOP><WFSTOPID>7359</WFSTOPID></WFSTOP></WFNODE><WFNODE><DESCRIPTION>STOP 25</DESCRIPTION><DESCRIPTION_LONGDESCRIPTION></DESCRIPTION_LONGDESCRIPTION><HASLD>0</HASLD><IMAGEFILE></IMAGEFILE><LANGCODE>EN</LANGCODE><NODEID>25</NODEID><NODETYPE maxvalue="WFSTOP">STOP</NODETYPE><TITLE>STOP 25</TITLE><WFNODEID>15895</WFNODEID><XCOORDINATE>5</XCOORDINATE><YCOORDINATE>2</YCOORDINATE><WFSTOP><WFSTOPID>7360</WFSTOPID></WFSTOP></WFNODE><WFNODE><DESCRIPTION>Workorder set to COMP</DESCRIPTION><DESCRIPTION_LONGDESCRIPTION></DESCRIPTION_LONGDESCRIPTION><HASLD>0</HASLD><IMAGEFILE></IMAGEFILE><LANGCODE>EN</LANGCODE><NODEID>28</NODEID><NODETYPE maxvalue="WFINTERACTION">INTERACTION</NODETYPE><TITLE>WORKCOMP</TITLE><WFNODEID>15896</WFNODEID><XCOORDINATE>7</XCOORDINATE><YCOORDINATE>5</YCOORDINATE><WFACTION><ACTION></ACTION><ACTIONID>38</ACTIONID><CONDITION></CONDITION><CONDITIONCLASS></CONDITIONCLASS><INSTRUCTION>STOP 29</INSTRUCTION><ISPOSITIVE>1</ISPOSITIVE><MEMBERNODEID>29</MEMBERNODEID><OWNERNODEID>28</OWNERNODEID><SEQUENCE xsi:nil="true"></SEQUENCE><WFACTIONID>18622</WFACTIONID></WFACTION><WFINTERACTION><ACTION>ROUTEWF</ACTION><APP>PLUSPWO</APP><DIRECTIONS>The work order has been set to WAPPR</DIRECTIONS><DIRECTIONS_LONGDESCRIPTION>This work order has been set to WAPPR, please reassign as appropriate.</DIRECTIONS_LONGDESCRIPTION><HASLD>1</HASLD><LANGCODE>EN</LANGCODE><LAUNCHPROCESS></LAUNCHPROCESS><PAGE></PAGE><RELATION></RELATION><TABNAME></TABNAME><WFINTERACTIONID>6270</WFINTERACTIONID><LONGDESCRIPTION><CONTENTUID>475,151</CONTENTUID><LANGCODE>EN</LANGCODE><LDKEY>6270</LDKEY><LDOWNERCOL>DIRECTIONS</LDOWNERCOL><LDOWNERTABLE>WFINTERACTION</LDOWNERTABLE><LDTEXT>This work order has been set to WAPPR, please reassign as appropriate.</LDTEXT><LONGDESCRIPTIONID>475151</LONGDESCRIPTIONID></LONGDESCRIPTION></WFINTERACTION></WFNODE><WFNODE><DESCRIPTION>STOP 29</DESCRIPTION><DESCRIPTION_LONGDESCRIPTION></DESCRIPTION_LONGDESCRIPTION><HASLD>0</HASLD><IMAGEFILE></IMAGEFILE><LANGCODE>EN</LANGCODE><NODEID>29</NODEID><NODETYPE maxvalue="WFSTOP">STOP</NODETYPE><TITLE>STOP 29</TITLE><WFNODEID>15897</WFNODEID><XCOORDINATE>8</XCOORDINATE><YCOORDINATE>5</YCOORDINATE><WFSTOP><WFSTOPID>7361</WFSTOPID></WFSTOP></WFNODE><WFNODE><DESCRIPTION>INTERACTION 31</DESCRIPTION><DESCRIPTION_LONGDESCRIPTION></DESCRIPTION_LONGDESCRIPTION><HASLD>0</HASLD><IMAGEFILE></IMAGEFILE><LANGCODE>EN</LANGCODE><NODEID>31</NODEID><NODETYPE maxvalue="WFINTERACTION">INTERACTION</NODETYPE><TITLE>WORKCOMP</TITLE><WFNODEID>15898</WFNODEID><XCOORDINATE>7</XCOORDINATE><YCOORDINATE>3</YCOORDINATE><WFACTION><ACTION></ACTION><ACTIONID>40</ACTIONID><CONDITION></CONDITION><CONDITIONCLASS></CONDITIONCLASS><INSTRUCTION>STOP 32</INSTRUCTION><ISPOSITIVE>1</ISPOSITIVE><MEMBERNODEID>32</MEMBERNODEID><OWNERNODEID>31</OWNERNODEID><SEQUENCE xsi:nil="true"></SEQUENCE><WFACTIONID>18623</WFACTIONID></WFACTION><WFINTERACTION><ACTION>ROUTEWF</ACTION><APP>PLUSPWO</APP><DIRECTIONS>The work order has been set to WAPPR</DIRECTIONS><DIRECTIONS_LONGDESCRIPTION>This work order has been set to WAPPR, please reassign to the Landlord.</DIRECTIONS_LONGDESCRIPTION><HASLD>1</HASLD><LANGCODE>EN</LANGCODE><LAUNCHPROCESS></LAUNCHPROCESS><PAGE></PAGE><RELATION></RELATION><TABNAME></TABNAME><WFINTERACTIONID>6271</WFINTERACTIONID><LONGDESCRIPTION><CONTENTUID>475,152</CONTENTUID><LANGCODE>EN</LANGCODE><LDKEY>6271</LDKEY><LDOWNERCOL>DIRECTIONS</LDOWNERCOL><LDOWNERTABLE>WFINTERACTION</LDOWNERTABLE><LDTEXT>This work order has been set to WAPPR, please reassign to the Landlord.</LDTEXT><LONGDESCRIPTIONID>475152</LONGDESCRIPTIONID></LONGDESCRIPTION></WFINTERACTION></WFNODE><WFNODE><DESCRIPTION>STOP 32</DESCRIPTION><DESCRIPTION_LONGDESCRIPTION></DESCRIPTION_LONGDESCRIPTION><HASLD>0</HASLD><IMAGEFILE></IMAGEFILE><LANGCODE>EN</LANGCODE><NODEID>32</NODEID><NODETYPE maxvalue="WFSTOP">STOP</NODETYPE><TITLE>STOP 32</TITLE><WFNODEID>15899</WFNODEID><XCOORDINATE>8</XCOORDINATE><YCOORDINATE>3</YCOORDINATE><WFSTOP><WFSTOPID>7362</WFSTOPID></WFSTOP></WFNODE><WFNODE><DESCRIPTION>INTERACTION 33</DESCRIPTION><DESCRIPTION_LONGDESCRIPTION></DESCRIPTION_LONGDESCRIPTION><HASLD>0</HASLD><IMAGEFILE></IMAGEFILE><LANGCODE>EN</LANGCODE><NODEID>33</NODEID><NODETYPE maxvalue="WFINTERACTION">INTERACTION</NODETYPE><TITLE>WORKCOMP</TITLE><WFNODEID>15900</WFNODEID><XCOORDINATE>7</XCOORDINATE><YCOORDINATE>7</YCOORDINATE><WFACTION><ACTION></ACTION><ACTIONID>42</ACTIONID><CONDITION></CONDITION><CONDITIONCLASS></CONDITIONCLASS><INSTRUCTION>STOP 34</INSTRUCTION><ISPOSITIVE>1</ISPOSITIVE><MEMBERNODEID>34</MEMBERNODEID><OWNERNODEID>33</OWNERNODEID><SEQUENCE xsi:nil="true"></SEQUENCE><WFACTIONID>18624</WFACTIONID></WFACTION><WFINTERACTION><ACTION>ROUTEWF</ACTION><APP>PLUSPWO</APP><DIRECTIONS>The work order has been set to WAPPR</DIRECTIONS><DIRECTIONS_LONGDESCRIPTION>This work order has been set to WAPPR, please reassign to the relevant subcontractor..</DIRECTIONS_LONGDESCRIPTION><HASLD>1</HASLD><LANGCODE>EN</LANGCODE><LAUNCHPROCESS></LAUNCHPROCESS><PAGE></PAGE><RELATION></RELATION><TABNAME></TABNAME><WFINTERACTIONID>6272</WFINTERACTIONID><LONGDESCRIPTION><CONTENTUID>475,153</CONTENTUID><LANGCODE>EN</LANGCODE><LDKEY>6272</LDKEY><LDOWNERCOL>DIRECTIONS</LDOWNERCOL><LDOWNERTABLE>WFINTERACTION</LDOWNERTABLE><LDTEXT>This work order has been set to WAPPR, please reassign to the relevant subcontractor..</LDTEXT><LONGDESCRIPTIONID>475153</LONGDESCRIPTIONID></LONGDESCRIPTION></WFINTERACTION></WFNODE><WFNODE><DESCRIPTION>STOP 34</DESCRIPTION><DESCRIPTION_LONGDESCRIPTION></DESCRIPTION_LONGDESCRIPTION><HASLD>0</HASLD><IMAGEFILE></IMAGEFILE><LANGCODE>EN</LANGCODE><NODEID>34</NODEID><NODETYPE maxvalue="WFSTOP">STOP</NODETYPE><TITLE>STOP 34</TITLE><WFNODEID>15901</WFNODEID><XCOORDINATE>8</XCOORDINATE><YCOORDINATE>7</YCOORDINATE><WFSTOP><WFSTOPID>7363</WFSTOPID></WFSTOP></WFNODE><WFNODE><DESCRIPTION>INTERACTION 36</DESCRIPTION><DESCRIPTION_LONGDESCRIPTION></DESCRIPTION_LONGDESCRIPTION><HASLD>0</HASLD><IMAGEFILE></IMAGEFILE><LANGCODE>EN</LANGCODE><NODEID>36</NODEID><NODETYPE maxvalue="WFINTERACTION">INTERACTION</NODETYPE><TITLE>WORKCOMP</TITLE><WFNODEID>15902</WFNODEID><XCOORDINATE>7</XCOORDINATE><YCOORDINATE>14</YCOORDINATE><WFACTION><ACTION>IRVWODELASSIGNNSCSD</ACTION><ACTIONID>44</ACTIONID><CONDITION></CONDITION><CONDITIONCLASS></CONDITIONCLASS><INSTRUCTION>STOP 37</INSTRUCTION><ISPOSITIVE>1</ISPOSITIVE><MEMBERNODEID>37</MEMBERNODEID><OWNERNODEID>36</OWNERNODEID><SEQUENCE xsi:nil="true"></SEQUENCE><WFACTIONID>18625</WFACTIONID></WFACTION><WFINTERACTION><ACTION>ROUTEWF</ACTION><APP>PLUSPWO</APP><DIRECTIONS>The work order has been set to WAPPR</DIRECTIONS><DIRECTIONS_LONGDESCRIPTION>This work order has been set to WAPPR, please reassign as appropriate.</DIRECTIONS_LONGDESCRIPTION><HASLD>1</HASLD><LANGCODE>EN</LANGCODE><LAUNCHPROCESS></LAUNCHPROCESS><PAGE></PAGE><RELATION></RELATION><TABNAME></TABNAME><WFINTERACTIONID>6273</WFINTERACTIONID><LONGDESCRIPTION><CONTENTUID>475,154</CONTENTUID><LANGCODE>EN</LANGCODE><LDKEY>6273</LDKEY><LDOWNERCOL>DIRECTIONS</LDOWNERCOL><LDOWNERTABLE>WFINTERACTION</LDOWNERTABLE><LDTEXT>This work order has been set to WAPPR, please reassign as appropriate.</LDTEXT><LONGDESCRIPTIONID>475154</LONGDESCRIPTIONID></LONGDESCRIPTION></WFINTERACTION></WFNODE><WFNODE><DESCRIPTION>STOP 37</DESCRIPTION><DESCRIPTION_LONGDESCRIPTION></DESCRIPTION_LONGDESCRIPTION><HASLD>0</HASLD><IMAGEFILE></IMAGEFILE><LANGCODE>EN</LANGCODE><NODEID>37</NODEID><NODETYPE maxvalue="WFSTOP">STOP</NODETYPE><TITLE>STOP 37</TITLE><WFNODEID>15903</WFNODEID><XCOORDINATE>8</XCOORDINATE><YCOORDINATE>14</YCOORDINATE><WFSTOP><WFSTOPID>7364</WFSTOPID></WFSTOP></WFNODE><WFNODE><DESCRIPTION>Actual start is populated?</DESCRIPTION><DESCRIPTION_LONGDESCRIPTION></DESCRIPTION_LONGDESCRIPTION><HASLD>0</HASLD><IMAGEFILE></IMAGEFILE><LANGCODE>EN</LANGCODE><NODEID>39</NODEID><NODETYPE maxvalue="WFCONDITION">CONDITION</NODETYPE><TITLE>ACTSTART IS NULL?</TITLE><WFNODEID>15904</WFNODEID><XCOORDINATE>5</XCOORDINATE><YCOORDINATE>10</YCOORDINATE><WFACTION><ACTION></ACTION><ACTIONID>136</ACTIONID><CONDITION></CONDITION><CONDITIONCLASS></CONDITIONCLASS><INSTRUCTION>INTERACTION 40</INSTRUCTION><ISPOSITIVE>1</ISPOSITIVE><MEMBERNODEID>40</MEMBERNODEID><OWNERNODEID>39</OWNERNODEID><SEQUENCE xsi:nil="true"></SEQUENCE><WFACTIONID>18626</WFACTIONID></WFACTION><WFACTION><ACTION></ACTION><ACTIONID>137</ACTIONID><CONDITION></CONDITION><CONDITIONCLASS></CONDITIONCLASS><INSTRUCTION>Asset is missing</INSTRUCTION><ISPOSITIVE>0</ISPOSITIVE><MEMBERNODEID>23</MEMBERNODEID><OWNERNODEID>39</OWNERNODEID><SEQUENCE xsi:nil="true"></SEQUENCE><WFACTIONID>18627</WFACTIONID></WFACTION><WFCONDITION><CONDITION>:actstart is null</CONDITION><CUSTOMCLASS></CUSTOMCLASS><WFCONDITIONID>9907</WFCONDITIONID></WFCONDITION></WFNODE><WFNODE><DESCRIPTION>INTERACTION 40</DESCRIPTION><DESCRIPTION_LONGDESCRIPTION></DESCRIPTION_LONGDESCRIPTION><HASLD>0</HASLD><IMAGEFILE></IMAGEFILE><LANGCODE>EN</LANGCODE><NODEID>40</NODEID><NODETYPE maxvalue="WFINTERACTION">INTERACTION</NODETYPE><TITLE>ACTSTARTNULL</TITLE><WFNODEID>15905</WFNODEID><XCOORDINATE>5</XCOORDINATE><YCOORDINATE>11</YCOORDINATE><WFACTION><ACTION></ACTION><ACTIONID>49</ACTIONID><CONDITION></CONDITION><CONDITIONCLASS></CONDITIONCLASS><INSTRUCTION>Actual start is populated?</INSTRUCTION><ISPOSITIVE>1</ISPOSITIVE><MEMBERNODEID>39</MEMBERNODEID><OWNERNODEID>40</OWNERNODEID><SEQUENCE xsi:nil="true"></SEQUENCE><WFACTIONID>18628</WFACTIONID></WFACTION><WFINTERACTION><ACTION>ROUTEWF</ACTION><APP>PLUSPWO</APP><DIRECTIONS>Actual start is not populated</DIRECTIONS><DIRECTIONS_LONGDESCRIPTION>Please ensure that the actual start date is populated.</DIRECTIONS_LONGDESCRIPTION><HASLD>1</HASLD><LANGCODE>EN</LANGCODE><LAUNCHPROCESS></LAUNCHPROCESS><PAGE></PAGE><RELATION></RELATION><TABNAME></TABNAME><WFINTERACTIONID>6274</WFINTERACTIONID><LONGDESCRIPTION><CONTENTUID>475,155</CONTENTUID><LANGCODE>EN</LANGCODE><LDKEY>6274</LDKEY><LDOWNERCOL>DIRECTIONS</LDOWNERCOL><LDOWNERTABLE>WFINTERACTION</LDOWNERTABLE><LDTEXT>Please ensure that the actual start date is populated.</LDTEXT><LONGDESCRIPTIONID>475155</LONGDESCRIPTIONID></LONGDESCRIPTION></WFINTERACTION></WFNODE><WFNODE><DESCRIPTION>INPUT 42</DESCRIPTION><DESCRIPTION_LONGDESCRIPTION></DESCRIPTION_LONGDESCRIPTION><HASLD>0</HASLD><IMAGEFILE></IMAGEFILE><LANGCODE>EN</LANGCODE><NODEID>42</NODEID><NODETYPE maxvalue="WFINPUT">INPUT</NODETYPE><TITLE>CONTEXIT</TITLE><WFNODEID>15906</WFNODEID><XCOORDINATE>9</XCOORDINATE><YCOORDINATE>1</YCOORDINATE><WFINPUT><DISPLAYONE>0</DISPLAYONE><WFINPUTID>4517</WFINPUTID></WFINPUT><WFACTION><ACTION>IRVWODELASSIGN2</ACTION><ACTIONID>93</ACTIONID><CONDITION></CONDITION><CONDITIONCLASS></CONDITIONCLASS><INSTRUCTION>Continue</INSTRUCTION><ISPOSITIVE>1</ISPOSITIVE><MEMBERNODEID>6</MEMBERNODEID><OWNERNODEID>42</OWNERNODEID><SEQUENCE>1</SEQUENCE><WFACTIONID>18629</WFACTIONID></WFACTION><WFACTION><ACTION></ACTION><ACTIONID>94</ACTIONID><CONDITION></CONDITION><CONDITIONCLASS></CONDITIONCLASS><INSTRUCTION>Exit</INSTRUCTION><ISPOSITIVE>1</ISPOSITIVE><MEMBERNODEID>43</MEMBERNODEID><OWNERNODEID>42</OWNERNODEID><SEQUENCE>2</SEQUENCE><WFACTIONID>18630</WFACTIONID></WFACTION></WFNODE><WFNODE><DESCRIPTION>STOP 43</DESCRIPTION><DESCRIPTION_LONGDESCRIPTION></DESCRIPTION_LONGDESCRIPTION><HASLD>0</HASLD><IMAGEFILE></IMAGEFILE><LANGCODE>EN</LANGCODE><NODEID>43</NODEID><NODETYPE maxvalue="WFSTOP">STOP</NODETYPE><TITLE>STOP 43</TITLE><WFNODEID>15907</WFNODEID><XCOORDINATE>13</XCOORDINATE><YCOORDINATE>2</YCOORDINATE><WFSTOP><WFSTOPID>7365</WFSTOPID></WFSTOP></WFNODE><WFNODE><DESCRIPTION>Return Reason = SUBREQ</DESCRIPTION><DESCRIPTION_LONGDESCRIPTION></DESCRIPTION_LONGDESCRIPTION><HASLD>0</HASLD><IMAGEFILE></IMAGEFILE><LANGCODE>EN</LANGCODE><NODEID>44</NODEID><NODETYPE maxvalue="WFCONDITION">CONDITION</NODETYPE><TITLE>QUOTE REQUIRED</TITLE><WFNODEID>15908</WFNODEID><XCOORDINATE>4</XCOORDINATE><YCOORDINATE>12</YCOORDINATE><WFACTION><ACTION></ACTION><ACTIONID>141</ACTIONID><CONDITION></CONDITION><CONDITIONCLASS></CONDITIONCLASS><INSTRUCTION>Actual start is populated?</INSTRUCTION><ISPOSITIVE>1</ISPOSITIVE><MEMBERNODEID>45</MEMBERNODEID><OWNERNODEID>44</OWNERNODEID><SEQUENCE xsi:nil="true"></SEQUENCE><WFACTIONID>18631</WFACTIONID></WFACTION><WFACTION><ACTION></ACTION><ACTIONID>146</ACTIONID><CONDITION></CONDITION><CONDITIONCLASS></CONDITIONCLASS><INSTRUCTION>Actual start populated?</INSTRUCTION><ISPOSITIVE>0</ISPOSITIVE><MEMBERNODEID>21</MEMBERNODEID><OWNERNODEID>44</OWNERNODEID><SEQUENCE xsi:nil="true"></SEQUENCE><WFACTIONID>18632</WFACTIONID></WFACTION><WFCONDITION><CONDITION>:IRV_RETURNSTATUSCODE = 'Quote Required'</CONDITION><CUSTOMCLASS></CUSTOMCLASS><WFCONDITIONID>9908</WFCONDITIONID></WFCONDITION></WFNODE><WFNODE><DESCRIPTION>Actual start is populated?</DESCRIPTION><DESCRIPTION_LONGDESCRIPTION></DESCRIPTION_LONGDESCRIPTION><HASLD>0</HASLD><IMAGEFILE></IMAGEFILE><LANGCODE>EN</LANGCODE><NODEID>45</NODEID><NODETYPE maxvalue="WFCONDITION">CONDITION</NODETYPE><TITLE>ACTSTART IS NULL?</TITLE><WFNODEID>15909</WFNODEID><XCOORDINATE>5</XCOORDINATE><YCOORDINATE>12</YCOORDINATE><WFACTION><ACTION></ACTION><ACTIONID>142</ACTIONID><CONDITION></CONDITION><CONDITIONCLASS></CONDITIONCLASS><INSTRUCTION>INTERACTION 46</INSTRUCTION><ISPOSITIVE>1</ISPOSITIVE><MEMBERNODEID>46</MEMBERNODEID><OWNERNODEID>45</OWNERNODEID><SEQUENCE xsi:nil="true"></SEQUENCE><WFACTIONID>18633</WFACTIONID></WFACTION><WFACTION><ACTION></ACTION><ACTIONID>144</ACTIONID><CONDITION></CONDITION><CONDITIONCLASS></CONDITIONCLASS><INSTRUCTION>INTERACTION 47</INSTRUCTION><ISPOSITIVE>0</ISPOSITIVE><MEMBERNODEID>47</MEMBERNODEID><OWNERNODEID>45</OWNERNODEID><SEQUENCE xsi:nil="true"></SEQUENCE><WFACTIONID>18634</WFACTIONID></WFACTION><WFCONDITION><CONDITION>:actstart is null</CONDITION><CUSTOMCLASS></CUSTOMCLASS><WFCONDITIONID>9909</WFCONDITIONID></WFCONDITION></WFNODE><WFNODE><DESCRIPTION>INTERACTION 46</DESCRIPTION><DESCRIPTION_LONGDESCRIPTION></DESCRIPTION_LONGDESCRIPTION><HASLD>0</HASLD><IMAGEFILE></IMAGEFILE><LANGCODE>EN</LANGCODE><NODEID>46</NODEID><NODETYPE maxvalue="WFINTERACTION">INTERACTION</NODETYPE><TITLE>ACTSTARTNULL</TITLE><WFNODEID>15910</WFNODEID><XCOORDINATE>5</XCOORDINATE><YCOORDINATE>13</YCOORDINATE><WFACTION><ACTION></ACTION><ACTIONID>143</ACTIONID><CONDITION></CONDITION><CONDITIONCLASS></CONDITIONCLASS><INSTRUCTION>Actual start is populated?</INSTRUCTION><ISPOSITIVE>1</ISPOSITIVE><MEMBERNODEID>45</MEMBERNODEID><OWNERNODEID>46</OWNERNODEID><SEQUENCE xsi:nil="true"></SEQUENCE><WFACTIONID>18635</WFACTIONID></WFACTION><WFINTERACTION><ACTION>ROUTEWF</ACTION><APP>PLUSPWO</APP><DIRECTIONS>Actual start is not populated</DIRECTIONS><DIRECTIONS_LONGDESCRIPTION>Please ensure that the actual start date is populated.</DIRECTIONS_LONGDESCRIPTION><HASLD>1</HASLD><LANGCODE>EN</LANGCODE><LAUNCHPROCESS></LAUNCHPROCESS><PAGE></PAGE><RELATION></RELATION><TABNAME></TABNAME><WFINTERACTIONID>6275</WFINTERACTIONID><LONGDESCRIPTION><CONTENTUID>475,156</CONTENTUID><LANGCODE>EN</LANGCODE><LDKEY>6275</LDKEY><LDOWNERCOL>DIRECTIONS</LDOWNERCOL><LDOWNERTABLE>WFINTERACTION</LDOWNERTABLE><LDTEXT>Please ensure that the actual start date is populated.</LDTEXT><LONGDESCRIPTIONID>475156</LONGDESCRIPTIONID></LONGDESCRIPTION></WFINTERACTION></WFNODE><WFNODE><DESCRIPTION>Quote Required</DESCRIPTION><DESCRIPTION_LONGDESCRIPTION></DESCRIPTION_LONGDESCRIPTION><HASLD>0</HASLD><IMAGEFILE></IMAGEFILE><LANGCODE>EN</LANGCODE><NODEID>47</NODEID><NODETYPE maxvalue="WFINTERACTION">INTERACTION</NODETYPE><TITLE>QUOTE REQUIRED</TITLE><WFNODEID>15911</WFNODEID><XCOORDINATE>7</XCOORDINATE><YCOORDINATE>12</YCOORDINATE><WFACTION><ACTION>IRVESTREQOGBBCPROC</ACTION><ACTIONID>145</ACTIONID><CONDITION></CONDITION><CONDITIONCLASS></CONDITIONCLASS><INSTRUCTION>STOP 48</INSTRUCTION><ISPOSITIVE>1</ISPOSITIVE><MEMBERNODEID>48</MEMBERNODEID><OWNERNODEID>47</OWNERNODEID><SEQUENCE xsi:nil="true"></SEQUENCE><WFACTIONID>18636</WFACTIONID></WFACTION><WFINTERACTION><ACTION>ROUTEWF</ACTION><APP>PLUSPWO</APP><DIRECTIONS>Quote Required</DIRECTIONS><DIRECTIONS_LONGDESCRIPTION>This wo was returned for a reason of quote required, the work order status will be changed to ESTREQ and the commercial team notified.</DIRECTIONS_LONGDESCRIPTION><HASLD>1</HASLD><LANGCODE>EN</LANGCODE><LAUNCHPROCESS></LAUNCHPROCESS><PAGE></PAGE><RELATION></RELATION><TABNAME></TABNAME><WFINTERACTIONID>6276</WFINTERACTIONID><LONGDESCRIPTION><CONTENTUID>475,157</CONTENTUID><LANGCODE>EN</LANGCODE><LDKEY>6276</LDKEY><LDOWNERCOL>DIRECTIONS</LDOWNERCOL><LDOWNERTABLE>WFINTERACTION</LDOWNERTABLE><LDTEXT>This wo was returned for a reason of quote required, the work order status will be changed to ESTREQ and the commercial team notified.</LDTEXT><LONGDESCRIPTIONID>475157</LONGDESCRIPTIONID></LONGDESCRIPTION></WFINTERACTION></WFNODE><WFNODE><DESCRIPTION>STOP 48</DESCRIPTION><DESCRIPTION_LONGDESCRIPTION></DESCRIPTION_LONGDESCRIPTION><HASLD>0</HASLD><IMAGEFILE></IMAGEFILE><LANGCODE>EN</LANGCODE><NODEID>48</NODEID><NODETYPE maxvalue="WFSTOP">STOP</NODETYPE><TITLE>STOP 48</TITLE><WFNODEID>15912</WFNODEID><XCOORDINATE>8</XCOORDINATE><YCOORDINATE>12</YCOORDINATE><WFSTOP><WFSTOPID>7366</WFSTOPID></WFSTOP></WFNODE><WFNOTIFICATION><ACTIONID>28</ACTIONID><NODEID>23</NODEID><NOTIFICATIONID>5033</NOTIFICATIONID><TEMPLATEID>IRVASSMAN</TEMPLATEID><UNIQUEID>1</UNIQUEID></WFNOTIFICATION><WFNOTIFICATION><ACTIONID>145</ACTIONID><NODEID>47</NODEID><NOTIFICATIONID>5034</NOTIFICATIONID><TEMPLATEID>IRVBBCPROCQR</TEMPLATEID><UNIQUEID>5</UNIQUEID></WFNOTIFICATION></WFPROCESS></DMWFPROCESSSet></SyncDMWFPROCESS>