<?xml version="1.0" encoding="UTF-8"?><SyncDMMAXRELATIONSHIP xmlns="http://www.ibm.com/maximo" xmlns:xsi="http://www.w3.org/2001/XMLSchema-instance" creationDateTime="2014-09-18T13:52:49+01:00" transLanguage="EN" baseLanguage="EN" messageID="1411044768971965001" maximoVersion="7 5 20130829-1209 V7510--1"><DMMAXRELATIONSHIPSet><MAXRELATIONSHIP action="AddChange"><CARDINALITY></CARDINALITY><CHILD>ALNDOMAIN</CHILD><DBJOINREQUIRED>0</DBJOINREQUIRED><MAXRELATIONSHIPID>141789</MAXRELATIONSHIPID><NAME>IRV_REASONCODE</NAME><PARENT>INVOICE</PARENT><REMARKS></REMARKS><WHERECLAUSE>VALUE = :IRV_REASONCODE and DOMAINID = 'IRV_PIREASON'</WHERECLAUSE></MAXRELATIONSHIP></DMMAXRELATIONSHIPSet></SyncDMMAXRELATIONSHIP>