<?xml version="1.0" encoding="UTF-8"?><SyncDMPACKAGEDEF xmlns="http://www.ibm.com/maximo" xmlns:xsi="http://www.w3.org/2001/XMLSchema-instance" creationDateTime="2014-09-18T13:52:50+01:00" transLanguage="EN" baseLanguage="EN" messageID="1411044770252907959" maximoVersion="7 5 20130829-1209 V7510--1"><DMPACKAGEDEFSet><DMPACKAGEDEF><ACTIVE>0</ACTIVE><BATCHSIZE>100</BATCHSIZE><CHANGEBY>TIMMINSA</CHANGEBY><CHANGEDATE>2014-09-18T13:51:12+01:00</CHANGEDATE><CONTENTID>91e80c1c-323d-4c8f-a5e7-ebe1e73432d7</CONTENTID><DESCRIPTION>BBC Relationships</DESCRIPTION><DESCRIPTION_LONGDESCRIPTION></DESCRIPTION_LONGDESCRIPTION><DMPACKAGEDEFID>1113</DMPACKAGEDEFID><DMROLE></DMROLE><HASLD>0</HASLD><LANGCODE>EN</LANGCODE><PKGDEFNAME>BBC_RELATIONSHIP</PKGDEFNAME><SOURCE>BBC-SQL-D01_BBCMAXDEV_dbo</SOURCE><STATUS maxvalue="APPR">APPR</STATUS><STATUSDATE>2014-09-18T13:51:48+01:00</STATUSDATE><TYPE maxvalue="SNAPSHOT">SNAPSHOT</TYPE><XMLACTION maxvalue="ADDCHANGE">AddChange</XMLACTION><DMPKGDEFSTATUS><CHANGEBY>TIMMINSA</CHANGEBY><CONTENTID>71f6447a-da79-4ab9-8a8e-cd98caa5173a</CONTENTID><DMPKGDEFSTATUSID>1118</DMPKGDEFSTATUSID><MEMO></MEMO><STATUS maxvalue="WAPPR">WAPPR</STATUS><STATUSDATE>2014-07-08T13:21:00+01:00</STATUSDATE></DMPKGDEFSTATUS><DMPKGDEFSTATUS><CHANGEBY>TIMMINSA</CHANGEBY><CONTENTID>e4383b05-76c7-41af-bd4a-9ca73f22895f</CONTENTID><DMPKGDEFSTATUSID>1119</DMPKGDEFSTATUSID><MEMO></MEMO><STATUS maxvalue="APPR">APPR</STATUS><STATUSDATE>2014-09-18T13:51:00+01:00</STATUSDATE></DMPKGDEFSTATUS><DMPKGCFGGRPDEF><CFGOBJGROUP>DMRELATIONSHIP</CFGOBJGROUP><CONTENTID>d8c86069-9bdd-4c0a-b323-b01d28d6de87</CONTENTID><DMPKGCFGGRPDEFID>1213</DMPKGCFGGRPDEFID><DMPKGCFGOBJDEF><CFGOBJECT>DMMAXRELATIONSHIP</CFGOBJECT><CONTENTID>8f4cf14c-6cae-4e7f-bcf4-93bc8f7abe94</CONTENTID><DMPKGCFGOBJDEFID>1108</DMPKGCFGOBJDEFID><WHERECLAUSE>name = 'IRV_REASONCODE'</WHERECLAUSE></DMPKGCFGOBJDEF></DMPKGCFGGRPDEF></DMPACKAGEDEF></DMPACKAGEDEFSet></SyncDMPACKAGEDEF>