<?xml version="1.0" encoding="UTF-8"?><SyncDMACTIONGROUP xmlns="http://www.ibm.com/maximo" xmlns:xsi="http://www.w3.org/2001/XMLSchema-instance" creationDateTime="2015-02-10T14:28:09+00:00" transLanguage="EN" baseLanguage="EN" messageID="1423578489177645978" maximoVersion="7 5 20130829-1209 V7510--1"><DMACTIONGROUPSet><ACTIONGROUP action="AddChange"><ACTION>1130</ACTION><ACTIONGROUPID>3834</ACTIONGROUPID><MEMBER>IDS_INVOICEFIX</MEMBER><SEQUENCE>10</SEQUENCE></ACTIONGROUP></DMACTIONGROUPSet></SyncDMACTIONGROUP>