<?xml version="1.0" encoding="UTF-8"?><SyncDMESCALATION xmlns="http://www.ibm.com/maximo" xmlns:xsi="http://www.w3.org/2001/XMLSchema-instance" creationDateTime="2015-02-10T14:28:09+00:00" transLanguage="EN" baseLanguage="EN" messageID="1423578489146454889" maximoVersion="7 5 20130829-1209 V7510--1"><DMESCALATIONSet><ESCALATION action="AddChange"><ACTIVE>1</ACTIVE><CHANGEBY>TIMMINSA</CHANGEBY><CHANGEDATE>2015-02-03T14:29:57+00:00</CHANGEDATE><CONDITION></CONDITION><CRONTASKNAME>ESCALATION</CRONTASKNAME><DESCRIPTION>Identify and fix Missing GL Accounts</DESCRIPTION><DESCRIPTION_LONGDESCRIPTION></DESCRIPTION_LONGDESCRIPTION><ESCALATION>IDS_INVOICEFIX</ESCALATION><ESCALATIONID>4026</ESCALATIONID><ESCCALENDAR></ESCCALENDAR><ESCCALORGID></ESCCALORGID><ESCSHIFT></ESCSHIFT><ESCSTATUSFLAG>0</ESCSTATUSFLAG><HASLD>0</HASLD><INSTANCENAME>ESCIDS_INVOICEFIX</INSTANCENAME><LANGCODE>EN</LANGCODE><OBJECTNAME>INVOICE</OBJECTNAME><ORGID></ORGID><PLUSPONDEMAND>0</PLUSPONDEMAND><PLUSPSOURCEAPP>ESCALATION</PLUSPSOURCEAPP><SCHEDULE>1h,*,0,*,*,*,*,*,*,*</SCHEDULE><SITEID></SITEID><SLANUM></SLANUM><ESCREFPOINT><ACTION>1130</ACTION><CALCCALENDAR></CALCCALENDAR><CALCORGID></CALCORGID><CALCSHIFT></CALCSHIFT><ELAPSEDINTERVAL xsi:nil="true"></ELAPSEDINTERVAL><EVENTATTRIBUTE></EVENTATTRIBUTE><EVENTCONDITION></EVENTCONDITION><INTERVALUOM></INTERVALUOM><REFPOINTID>3823</REFPOINTID><REFPOINTNUM>1</REFPOINTNUM><REPEAT>1</REPEAT></ESCREFPOINT></ESCALATION></DMESCALATIONSet></SyncDMESCALATION>