<?xml version="1.0" encoding="UTF-8"?><SyncDMACTION xmlns="http://www.ibm.com/maximo" xmlns:xsi="http://www.w3.org/2001/XMLSchema-instance" creationDateTime="2015-02-10T14:28:09+00:00" transLanguage="EN" baseLanguage="EN" messageID="1423578489099649182" maximoVersion="7 5 20130829-1209 V7510--1"><DMACTIONSet><ACTION action="AddChange"><ACTION>1130</ACTION><ACTIONID>5679</ACTIONID><DESCRIPTION></DESCRIPTION><DESCRIPTION_LONGDESCRIPTION></DESCRIPTION_LONGDESCRIPTION><DISPVALUE></DISPVALUE><HASLD>0</HASLD><LANGCODE>EN</LANGCODE><MEMO></MEMO><OBJECTNAME>INVOICE</OBJECTNAME><PARAMETER></PARAMETER><SENDERSYSID>MX</SENDERSYSID><TYPE maxvalue="GROUP">GROUP</TYPE><USEWITH maxvalue="ESCALATION">ESCALATION</USEWITH><VALUE></VALUE><VALUE2></VALUE2></ACTION><ACTION action="AddChange"><ACTION>IDS_INVOICEFIX</ACTION><ACTIONID>5678</ACTIONID><DESCRIPTION>PO Line GL Account Missing Fix</DESCRIPTION><DESCRIPTION_LONGDESCRIPTION></DESCRIPTION_LONGDESCRIPTION><DISPVALUE>com.ibm.tivoli.maximo.script.ScriptAction</DISPVALUE><HASLD>0</HASLD><LANGCODE>EN</LANGCODE><MEMO></MEMO><OBJECTNAME>INVOICE</OBJECTNAME><PARAMETER>IDS_INVOICEFIX,IDS_INVOICEFIX,IDS_INVOICEFIX</PARAMETER><SENDERSYSID>MX</SENDERSYSID><TYPE maxvalue="CUSTOM">CUSTOM</TYPE><USEWITH maxvalue="ALL">ALL</USEWITH><VALUE>com.ibm.tivoli.maximo.script.ScriptAction</VALUE><VALUE2></VALUE2></ACTION></DMACTIONSet></SyncDMACTION>