<?xml version="1.0" encoding="UTF-8"?><SyncDMPACKAGEDEF xmlns="http://www.ibm.com/maximo" xmlns:xsi="http://www.w3.org/2001/XMLSchema-instance" creationDateTime="2015-02-10T14:28:09+00:00" transLanguage="EN" baseLanguage="EN" messageID="1423578489724746403" maximoVersion="7 5 20130829-1209 V7510--1"><DMPACKAGEDEFSet><DMPACKAGEDEF><ACTIVE>0</ACTIVE><BATCHSIZE>100</BATCHSIZE><CHANGEBY>TIMMINSA</CHANGEBY><CHANGEDATE>2014-11-06T13:18:59+00:00</CHANGEDATE><CONTENTID>6cb5e1cd-9e9d-44f2-b09d-eab0c8aa2862</CONTENTID><DESCRIPTION>Escalation</DESCRIPTION><DESCRIPTION_LONGDESCRIPTION></DESCRIPTION_LONGDESCRIPTION><DMPACKAGEDEFID>1109</DMPACKAGEDEFID><DMROLE></DMROLE><HASLD>0</HASLD><LANGCODE>EN</LANGCODE><PKGDEFNAME>BBC_ESC</PKGDEFNAME><SOURCE>BBC-SQL-D01_BBCMAXSIT_dbo</SOURCE><STATUS maxvalue="APPR">APPR</STATUS><STATUSDATE>2015-02-10T14:25:36+00:00</STATUSDATE><TYPE maxvalue="SNAPSHOT">SNAPSHOT</TYPE><XMLACTION maxvalue="ADDCHANGE">AddChange</XMLACTION><DMPKGDEFSTATUS><CHANGEBY>TIMMINSA</CHANGEBY><CONTENTID>b188a0eb-b8a1-4f67-8ff1-b07db69a1614</CONTENTID><DMPKGDEFSTATUSID>1113</DMPKGDEFSTATUSID><MEMO></MEMO><STATUS maxvalue="APPR">APPR</STATUS><STATUSDATE>2014-11-06T13:19:00+00:00</STATUSDATE></DMPKGDEFSTATUS><DMPKGDEFSTATUS><CHANGEBY>TIMMINSA</CHANGEBY><CONTENTID>9aef81bc-0ab1-4beb-b1ab-7344492ea67c</CONTENTID><DMPKGDEFSTATUSID>1112</DMPKGDEFSTATUSID><MEMO></MEMO><STATUS maxvalue="WAPPR">WAPPR</STATUS><STATUSDATE>2014-10-31T10:56:00+00:00</STATUSDATE></DMPKGDEFSTATUS><DMPKGDEFSTATUS><CHANGEBY>TIMMINSA</CHANGEBY><CONTENTID>54f56118-d518-4724-9719-9d4e4d3e26c0</CONTENTID><DMPKGDEFSTATUSID>1408</DMPKGDEFSTATUSID><MEMO></MEMO><STATUS maxvalue="LOCKED">LOCKED</STATUS><STATUSDATE>2015-02-10T14:25:00+00:00</STATUSDATE></DMPKGDEFSTATUS><DMPKGDEFSTATUS><CHANGEBY>TIMMINSA</CHANGEBY><CONTENTID>0357adc2-94e2-4d4a-a9e3-e944170652b9</CONTENTID><DMPKGDEFSTATUSID>1409</DMPKGDEFSTATUSID><MEMO></MEMO><STATUS maxvalue="APPR">APPR</STATUS><STATUSDATE>2015-02-10T14:25:00+00:00</STATUSDATE></DMPKGDEFSTATUS><DMPKGCFGGRPDEF><CFGOBJGROUP>DMESCALATION</CFGOBJGROUP><CONTENTID>30a7468a-8326-4ff9-97b4-40077fafc0d5</CONTENTID><DMPKGCFGGRPDEFID>1208</DMPKGCFGGRPDEFID><DMPKGCFGOBJDEF><CFGOBJECT>DMACTIONGROUP</CFGOBJECT><CONTENTID>72d13fb4-6e7b-4c6a-9f6b-0e9b5ac65c40</CONTENTID><DMPKGCFGOBJDEFID>1302</DMPKGCFGOBJDEFID><WHERECLAUSE>action in ('IDS_INVOICEFIX','1130')</WHERECLAUSE></DMPKGCFGOBJDEF><DMPKGCFGOBJDEF><CFGOBJECT>DMACTION</CFGOBJECT><CONTENTID>cbbaeb24-c596-4c57-bb76-e1b5a280cb04</CONTENTID><DMPKGCFGOBJDEFID>1108</DMPKGCFGOBJDEFID><WHERECLAUSE>action in ('IDS_INVOICEFIX','1130')</WHERECLAUSE></DMPKGCFGOBJDEF><DMPKGCFGOBJDEF><CFGOBJECT>DMCRONTASKDEF</CFGOBJECT><CONTENTID>43dc2e4a-bf37-4937-8a7a-156fcd71b965</CONTENTID><DMPKGCFGOBJDEFID>1107</DMPKGCFGOBJDEFID><WHERECLAUSE>1=2</WHERECLAUSE></DMPKGCFGOBJDEF><DMPKGCFGOBJDEF><CFGOBJECT>DMESCALATION</CFGOBJECT><CONTENTID>2fbb2f34-b08b-470f-b6e5-3a1a7d1a16eb</CONTENTID><DMPKGCFGOBJDEFID>1106</DMPKGCFGOBJDEFID><WHERECLAUSE>escalation = 'IDS_INVOICEFIX'</WHERECLAUSE></DMPKGCFGOBJDEF></DMPKGCFGGRPDEF><DMPKGDIST><CHANGEBY>TIMMINSA</CHANGEBY><CHANGEDATE>2014-11-06T13:18:59+00:00</CHANGEDATE><CONTENTID>330efb30-e625-466e-9c72-f6ce89acaac5</CONTENTID><DMPKGDISTID>1209</DMPKGDISTID><TARGETNAME>IRVMMFOLDER</TARGETNAME></DMPKGDIST><DMPKGDIST><CHANGEBY>TIMMINSA</CHANGEBY><CHANGEDATE>2014-11-06T13:18:59+00:00</CHANGEDATE><CONTENTID>87a191be-3ff6-43ec-94b5-c9f90572d25c</CONTENTID><DMPKGDISTID>1208</DMPKGDISTID><TARGETNAME>BBC_DEP</TARGETNAME></DMPKGDIST></DMPACKAGEDEF></DMPACKAGEDEFSet></SyncDMPACKAGEDEF>