<?xml version="1.0" encoding="UTF-8"?><SyncDMSCRIPT xmlns="http://www.ibm.com/maximo" xmlns:xsi="http://www.w3.org/2001/XMLSchema-instance" creationDateTime="2014-10-15T13:25:09+01:00" transLanguage="EN" baseLanguage="EN" messageID="1413375909416517815" maximoVersion="7 5 20130829-1209 V7510--1"><DMSCRIPTSet><AUTOSCRIPT action="AddChange"><ACTION></ACTION><AUTOSCRIPT>IRVWOATUOPO</AUTOSCRIPT><AUTOSCRIPTID>863</AUTOSCRIPTID><BINARYSCRIPTSOURCE></BINARYSCRIPTSOURCE><CATEGORY></CATEGORY><CHANGEBY>TIMMINSA</CHANGEBY><CHANGEDATE>2014-09-30T07:58:51+01:00</CHANGEDATE><COMMENTS></COMMENTS><CREATEDBY>TYLERP</CREATEDBY><CREATEDBYEMAIL>Paul.Tyler@interservefm.com</CREATEDBYEMAIL><CREATEDBYID></CREATEDBYID><CREATEDBYNAME></CREATEDBYNAME><CREATEDBYPHONE></CREATEDBYPHONE><CREATEDDATE>2014-02-18T10:22:51+00:00</CREATEDDATE><DESCRIPTION>Auto PO creation for WO WF - Change WO Status to Dispatch</DESCRIPTION><LOGLEVEL>ERROR</LOGLEVEL><ORGID></ORGID><OWNER>TYLERP</OWNER><OWNEREMAIL>Paul.Tyler@interservefm.com</OWNEREMAIL><OWNERID></OWNERID><OWNERNAME></OWNERNAME><OWNERPHONE></OWNERPHONE><SCHEDULEDSTATUS></SCHEDULEDSTATUS><SCRIPTLANGUAGE>jython</SCRIPTLANGUAGE><SITEID></SITEID><SOURCE>from psdi.app.po import POSetRemote 
from psdi.mbo import MboConstants 
from java.lang import Integer 
from psdi.server import MXServer
from java.util import Calendar
from java.util import Date
from psdi.app.report import ReportUtil
from psdi.mbo import SqlFormat


mxserver = MXServer.getMXServer()

mbo.changeStatus("DISPATCH",mxserver.getDate(),"",MboConstants.NOACCESSCHECK)

mbo.getThisMboSet().save()

finmandate = mbo.getString("IRV_FINMANDATE")
wonum = mbo.getString("WONUM")
newPOSet= mbo.getMboSet("$new","PO","1=2")
newPO = newPOSet.add()
descr = "To carry out works as described in work order " + wonum 
newPO.setValue("DESCRIPTION", descr ,MboConstants.NOACCESSCHECK)
newPO.setValue("VENDOR", mbo.getString("VENDOR") ,MboConstants.NOACCESSCHECK)
newPO.setValue("IRV_POTYPE", "REACTIVE" ,MboConstants.NOACCESSCHECK)

newPOLineSet = newPO.getMboSet(POSetRemote.POLINE) 
newPOLine = newPOLineSet.add() 
newPOLine.setValue("LINETYPE", "Service", MboConstants.NOACCESSCHECK);
newPOLine.setValue("LINECOST", finmandate , MboConstants.NOACCESSCHECK)
if (not mbo.isNull("description")) :
    newPOLine.setValue("DESCRIPTION", mbo.getString("description"), MboConstants.NOACCESSCHECK)
newPOLine.setValue("REQDELIVERYDATE", mxserver.getDate(), MboConstants.NOACCESSCHECK)
newPOLine.setValue("WONUM", mbo.getString("wonum"), MboConstants.NOACCESSCHECK)
newPOLine.setValue("TAX1CODE", "SR", MboConstants.NOACCESSCHECK)
gldebitacct1 = mbo.getString("glaccount")
gldebitacct1= gldebitacct1  +  "-22150"
newPOLine.setValue("gldebitacct", gldebitacct1 , MboConstants.NOACCESSCHECK)
newPOLine.setValueNull("ORDERQTY", MboConstants.NOACCESSCHECK)
mxserver = MXServer.getMXServer()
newPO.changeStatus("APPR",mxserver.getDate(),"",MboConstants.NOACCESSCHECK)

newPO.save()

######################### Email Code ####################################

V_PO = newPO.getString("PONUM")


#Set Email Subject 

emailsub = "Interserve Purchase Order: " + str(V_PO)

#Set Email Content

emailcont = "Please find attached Interserve Purchase Order: " + str(V_PO)

#Set Email Address

emailadd = V_EMAIL
	
print "################################################################Email Address: " + emailadd

#Set Report Name
v_reportname = "poprint.rptdesign"

c = Calendar.getInstance()
# add 60 seconds to current time to allow preparing REPORTSCHED cron task instance
c.add(Calendar.SECOND,60)
d = c.getTime()
thisposet = mbo.getThisMboSet()
if thisposet is not None:
		locale = thisposet.getClientLocale()
		userinfo = thisposet.getUserInfo()
		
schedule = ReportUtil.convertOnceToSchedule(d,locale,c.getTimeZone())
print "Schedule we have to set into REPORTSCHED Cron task is: " + str(schedule)
if schedule is not None:
		reportschedset = MXServer.getMXServer().getMboSet("REPORTSCHED",userinfo)
		if reportschedset is not None:
				print "Obtained REPORTSCHED set"
				reportsched = reportschedset.add()
				reportsched.setValue("REPORTNAME",v_reportname)
				reportsched.setValue ("appname","PO")
				reportsched.setValue ("USERID","MAXADMIN")
				reportsched.setValue ("TYPE","once")
				reportsched.setValue("EMAILTYPE","attach")
				reportsched.setValue("MAXIMOURL","http://ifs-bbc-max-d2/maximo")
				reportsched.setValue("EMAILUSERS",emailadd)
				reportsched.setValue("EMAILSUBJECT",emailsub)
				reportsched.setValue("EMAILCOMMENTS",emailcont)
				reportsched.setValue("EMAILFILETYPE","PDF")
				reportsched.setValue("COUNTRY",locale.getCountry())
				reportsched.setValue("LANGUAGE",locale.getLanguage())
				reportsched.setValue("VARIANT",locale.getVariant())
				reportsched.setValue("TIMEZONE",thisposet.getClientTimeZone().getID())
				reportsched.setValue("LANGCODE","EN")
				print "About to work with REPORTSCHEDULE cron task"
				crontaskdef = reportsched.getMboSet("$parent","crontaskdef","crontaskname='REPORTSCHEDULE'").getMbo(0)
				if crontaskdef is not None:
						crontaskinstset = crontaskdef.getMboSet("CRONTASKINSTANCE")
						if crontaskinstset is not None:
								 print "About to work with Cron task instance of REPORTSCHEDULE cron task"
								 crontaskinst = crontaskinstset.add(MboConstants.NOACCESSCHECK | MboConstants.NOVALIDATION_AND_NOACTION)
								 if crontaskinst is not None:
										  d = Date()
										  crontaskinstname = str(d.getTime())
										  crontaskinst.setValue("CRONTASKNAME","REPORTSCHEDULE",MboConstants.NOACCESSCHECK | MboConstants.NOVALIDATION_AND_NOACTION)
										  crontaskinst.setValue("INSTANCENAME",crontaskinstname,MboConstants.NOACCESSCHECK | MboConstants.NOVALIDATION_AND_NOACTION)
										  crontaskinst.setValue("SCHEDULE",schedule,MboConstants.NOACCESSCHECK | MboConstants.NOVALIDATION_AND_NOACTION)
										  crontaskinst.setValue("ACTIVE",1,MboConstants.NOACCESSCHECK | MboConstants.NOVALIDATION_AND_NOACTION)
										  crontaskinst.setValue("RUNASUSERID",userinfo.getUserName(),MboConstants.NOACCESSCHECK | MboConstants.NOVALIDATION_AND_NOACTION)
										  crontaskinst.setValue("HASLD",0,MboConstants.NOACCESSCHECK | MboConstants.NOVALIDATION_AND_NOACTION)
										  crontaskinst.setValue("AUTOREMOVAL",True,MboConstants.NOACCESSCHECK | MboConstants.NOVALIDATION_AND_NOACTION)
										  print "have set all cron task instance values for REPORTSCHEDULE cron task"
				reportsched.setValue("CRONTASKNAME",crontaskinst.getString("CRONTASKNAME"))
				reportsched.setValue("INSTANCENAME",crontaskinst.getString("INSTANCENAME"))
				print "Now going to work with Cron task PARAMETERS"
				cronparamset = crontaskinst.getMboSet("PARAMETER")
				if cronparamset is not None:
						 sqf = SqlFormat(cronparamset.getUserInfo(),"reportname=:1")
						 sqf.setObject(1,"REPORTPARAM","REPORTNAME",v_reportname)
						 reportparamset = MXServer.getMXServer().getMboSet("REPORTPARAM",cronparamset.getUserInfo())
						 if reportparamset is not None:
								  print "working with REPORTPARAM mbo set"
								  reportparamset.setWhere(sqf.format())
								  reportparamset.reset()
								  i=reportparamset.count()
								  reportparammbo = None
								  for j in range(i):
										   reportparam = reportparamset.getMbo(j)
										   cronparam = cronparamset.add(MboConstants.NOACCESSCHECK | MboConstants.NOVALIDATION_AND_NOACTION)
										   if cronparam is not None:
												   print "going to copy values from REPORTPARAM into CRONTASKPARAM"
												   cronparam.setValue("CRONTASKNAME","REPORTSCHEDULE",MboConstants.NOACCESSCHECK | MboConstants.NOVALIDATION_AND_NOACTION)
												   cronparam.setValue("INSTANCENAME",crontaskinstname,MboConstants.NOACCESSCHECK | MboConstants.NOVALIDATION_AND_NOACTION)
												   cronparam.setValue("CRONTASKNAME","REPORTSCHEDULE",MboConstants.NOACCESSCHECK | MboConstants.NOVALIDATION_AND_NOACTION)
												   paramname = reportparam.getString("PARAMNAME")
												   cronparam.setValue("PARAMETER",paramname,MboConstants.NOACCESSCHECK | MboConstants.NOVALIDATION_AND_NOACTION)
												   if paramname=="where":
															# prepare dynamic where clause for report params
															uniqueidname = "PONUM"
															uniqueidvalue = "'" + V_PO +"'"
															uniquewhere = uniqueidname + " = " + str(uniqueidvalue)
															cronparam.setValue("VALUE",uniquewhere,MboConstants.NOACCESSCHECK | MboConstants.NOVALIDATION_AND_NOACTION)
												   elif paramname=="paramstring":
															print 'If condition for v_paramstring'
															uniqueidname = "PONUM"
															uniqueidvalue = "'" + V_PO +"'"
															uniquewhere = uniqueidname + " = " + str(uniqueidvalue)
															cronparam.setValue("VALUE",uniquewhere,MboConstants.NOACCESSCHECK | MboConstants.NOVALIDATION_AND_NOACTION)
												   elif paramname=="paramdelimiter":
															print 'If condition for v_paramdelimiter'
															cronparam.setValue("VALUE","|",MboConstants.NOACCESSCHECK | MboConstants.NOVALIDATION_AND_NOACTION)
												   elif paramname=="appname":
															cronparam.setValue("VALUE","PO",MboConstants.NOACCESSCHECK | MboConstants.NOVALIDATION_AND_NOACTION)
												   else:
															continue
				reportschedset.save()</SOURCE><STATUS maxvalue="Production">Active</STATUS><STATUSDATE>2014-02-18T12:45:51+00:00</STATUSDATE><USERDEFINED>1</USERDEFINED><VERSION></VERSION><AUTOSCRIPTVARS><ACCESSFLAG>0</ACCESSFLAG><ALLOWOVERRIDE>1</ALLOWOVERRIDE><AUTOSCRIPTVARSID>431</AUTOSCRIPTVARSID><DESCRIPTION></DESCRIPTION><LITERALDATATYPE></LITERALDATATYPE><VARBINDINGTYPE>ATTRIBUTE</VARBINDINGTYPE><VARBINDINGVALUE></VARBINDINGVALUE><VARNAME>V_EMAIL</VARNAME><VARTYPE>IN</VARTYPE></AUTOSCRIPTVARS><AUTOSCRIPTVARS><ACCESSFLAG>0</ACCESSFLAG><ALLOWOVERRIDE>1</ALLOWOVERRIDE><AUTOSCRIPTVARSID>432</AUTOSCRIPTVARSID><DESCRIPTION></DESCRIPTION><LITERALDATATYPE></LITERALDATATYPE><VARBINDINGTYPE>ATTRIBUTE</VARBINDINGTYPE><VARBINDINGVALUE></VARBINDINGVALUE><VARNAME>V_PO</VARNAME><VARTYPE>IN</VARTYPE></AUTOSCRIPTVARS></AUTOSCRIPT><AUTOSCRIPT action="AddChange"><ACTION></ACTION><AUTOSCRIPT>IRV_SETAPPRGRP</AUTOSCRIPT><AUTOSCRIPTID>2663</AUTOSCRIPTID><BINARYSCRIPTSOURCE></BINARYSCRIPTSOURCE><CATEGORY></CATEGORY><CHANGEBY>TIMMINSA</CHANGEBY><CHANGEDATE>2014-10-06T12:52:49+01:00</CHANGEDATE><COMMENTS></COMMENTS><CREATEDBY>TIMMINSA</CREATEDBY><CREATEDBYEMAIL>Andrew.Timmins@interservefm.com</CREATEDBYEMAIL><CREATEDBYID></CREATEDBYID><CREATEDBYNAME></CREATEDBYNAME><CREATEDBYPHONE></CREATEDBYPHONE><CREATEDDATE>2014-09-04T16:08:04+01:00</CREATEDDATE><DESCRIPTION>Set PO Approval group</DESCRIPTION><LOGLEVEL>ERROR</LOGLEVEL><ORGID></ORGID><OWNER>TIMMINSA</OWNER><OWNEREMAIL>Andrew.Timmins@interservefm.com</OWNEREMAIL><OWNERID></OWNERID><OWNERNAME></OWNERNAME><OWNERPHONE></OWNERPHONE><SCHEDULEDSTATUS></SCHEDULEDSTATUS><SCRIPTLANGUAGE>jython</SCRIPTLANGUAGE><SITEID></SITEID><SOURCE>from psdi.server import MXServer
from psdi.mbo import MboConstants 
from psdi.mbo import SqlFormat


dTotalCost = mbo.getDouble("TOTALCOST") 
dTotalTax = mbo.getDouble("TOTALTAX1") 
dTotalPreTax = dTotalCost - dTotalTax
mbo.setValueNull("IRV_APPRGRP")

personGroupSet = MXServer.getMXServer().getMboSet("PERSONGROUP", mbo.getUserInfo());
sqf1 = "IRV_POTYPE = '" + mbo.getString("IRV_POTYPE") + "' and IRV_APPRLIMIT &gt;=" +str(dTotalPreTax)+ " and persongroup not like 'PI%'"


personGroupSet.setWhere(sqf1)

personGroupSet.reset()
personGroupSet.setOrderBy("IRV_APPRLIMIT asc")
personGroupSet.reset()

pGSCount = personGroupSet.count()

if pGSCount &gt; 0:

    personGroup = personGroupSet.getMbo(0)
    mbo.setValue("IRV_APPRGRP",personGroup.getString("PERSONGROUP"))</SOURCE><STATUS maxvalue="Draft">Draft</STATUS><STATUSDATE>2014-09-04T16:08:04+01:00</STATUSDATE><USERDEFINED>1</USERDEFINED><VERSION></VERSION></AUTOSCRIPT><AUTOSCRIPT action="AddChange"><ACTION></ACTION><AUTOSCRIPT>IRV_INVVAL</AUTOSCRIPT><AUTOSCRIPTID>2664</AUTOSCRIPTID><BINARYSCRIPTSOURCE></BINARYSCRIPTSOURCE><CATEGORY></CATEGORY><CHANGEBY>TIMMINSA</CHANGEBY><CHANGEDATE>2014-10-13T13:44:53+01:00</CHANGEDATE><COMMENTS></COMMENTS><CREATEDBY>TIMMINSA</CREATEDBY><CREATEDBYEMAIL>Andrew.Timmins@interservefm.com</CREATEDBYEMAIL><CREATEDBYID></CREATEDBYID><CREATEDBYNAME></CREATEDBYNAME><CREATEDBYPHONE></CREATEDBYPHONE><CREATEDDATE>2014-09-08T17:06:57+01:00</CREATEDDATE><DESCRIPTION>Invoice Validation</DESCRIPTION><LOGLEVEL>ERROR</LOGLEVEL><ORGID></ORGID><OWNER>TIMMINSA</OWNER><OWNEREMAIL>Andrew.Timmins@interservefm.com</OWNEREMAIL><OWNERID></OWNERID><OWNERNAME></OWNERNAME><OWNERPHONE></OWNERPHONE><SCHEDULEDSTATUS></SCHEDULEDSTATUS><SCRIPTLANGUAGE>jython</SCRIPTLANGUAGE><SITEID></SITEID><SOURCE>from psdi.server import MXServer
from psdi.mbo import MboConstants 
from psdi.mbo import SqlFormat
from java.text import DecimalFormat

df = DecimalFormat("#.00")


mxServer = MXServer.getMXServer()
userInfo = mbo.getUserInfo()

errorDetected = False
##Procurement Validation 1###

##Missing PO
if errorDetected == False:	
    if mbo.isNull("PONUM") == True:
        mbo.setValue("IRV_ISSUETYPE","PO")
        mbo.setValue("IRV_REASONCODE","NOPO")
        errorDetected = True

##PO Status	
if errorDetected == False:	
    poSet = mbo.getMboSet("PO")
    poSet.setWhere("status in ('APPR')")
    poSet.reset()
    if poSet.count() == 0:
        mbo.setValue("IRV_ISSUETYPE","PO")
        mbo.setValue("IRV_REASONCODE","POSTATUS")
	errorDetected = True


		
##AP Clerk Validation ###

##Validate invoice lines exist &amp; tax code is on all lines.


if errorDetected == False:  
    invoiceLineSet = mbo.getMboSet("INVOICELINE")
	
    if invoiceLineSet.count() == 0:
        mbo.setValue("IRV_ISSUETYPE","INVOICE")
        mbo.setValue("IRV_REASONCODE","NOINVLINES")
        errorDetected = True

		
if errorDetected == False: 
    invoiceLineSet.setWhere("TAX1CODE is null")
    invoiceLineSet.reset()

    if invoiceLineSet.count() &gt; 0:
        mbo.setValue("IRV_ISSUETYPE","INVOICE")
        mbo.setValue("IRV_REASONCODE","NOTAXCODE")
	errorDetected = True
    
    invoiceLineSet.setWhere("1=1")
    invoiceLineSet.reset()
		
		
##Procurement Validation 2###


##PO MATERIAL QTY	
if errorDetected == False:	
        poSet = mbo.getMboSet("PO")	
	poLineSet = poSet.getMbo(0).getMboSet("POLINE")
        poLineSet.setWhere("LINETYPE = 'MATERIAL' and ORDERQTY is not null")
	poLineSet.reset()
	poLineCount = poLineSet.count()
	
	##For each PO Line determine if the QTY has been breached.
        for i in range(poLineCount):
	    poLineMbo = poLineSet.getMbo(i)
	    poLineQTY = poLineSet.getMbo(i).getDouble("ORDERQTY")
		
	    invLineSet = poLineMbo.getMboSet("INVOICELINE");


	    sqf1 = SqlFormat("invoiceqty &gt; 0 and  exists(select 1 from invoice where status in ('ENTERED','EXPORTED','APPR') and invoice.invoicenum = invoiceline.invoicenum)")
            invLineSet.setWhere(sqf1.format())
            invLineSet.reset()
            invLineCount = invLineSet.count()
            
            invLineQTYCount = 0

            for h in range(invLineCount):            

                invLineQTYCount  +=  invLineSet.getMbo(h).getDouble("INVOICEQTY")
             

            if invLineQTYCount &gt; poLineQTY:
                mbo.setValue("IRV_ISSUETYPE","INVOICE")
                mbo.setValue("IRV_REASONCODE","OVERMATQTY")
	        errorDetected = True


##Receipts  Validation ###


##PO Material Receipts Exist
if errorDetected == False:	
        poSet = mbo.getMboSet("PO")	
	poLineSet = poSet.getMbo(0).getMboSet("POLINE")
        poLineSet.setWhere("LINETYPE = 'MATERIAL' and ORDERQTY is not null")
	poLineSet.reset()
	poLineCount = poLineSet.count()
	
	##For each PO Line determine if the QTY has been breached.
        for i in range(poLineCount):
	    poLineMbo = poLineSet.getMbo(i)		
	    matRecTransSet = poLineMbo.getMboSet("MATRECTRANS");

            invLineSet = poLineMbo.getMboSet("INVOICELINE")
            invLineCount = invLineSet.count()
            if invLineCount &gt; 0:
	        sqf1 = SqlFormat("issuetype = 'RECEIPT' and quantity &gt; 0 and quantity is not null")
                matRecTransSet.setWhere(sqf1.format())
                matRecTransSet.reset()
                matRecTransCount= matRecTransSet.count()             

                if matRecTransCount == 0:
                    mbo.setValue("IRV_ISSUETYPE","RECEIPT")
                    mbo.setValue("IRV_REASONCODE","NOMATREC")
	            errorDetected = True

##PO Service Receipts Exist
if errorDetected == False:	
        poSet = mbo.getMboSet("PO")	
	poLineSet = poSet.getMbo(0).getMboSet("POLINE")
        poLineSet.setWhere("LINETYPE = 'SERVICE' and linecost &gt; 0 and linecost is not null")
	poLineSet.reset()
	poLineCount = poLineSet.count()
	
	##For each PO Line determine if the QTY has been breached.\
        for i in range(poLineCount):
	    poLineMbo = poLineSet.getMbo(i)

            invLineSet = poLineMbo.getMboSet("INVOICELINE")
            invLineCount = invLineSet.count()
            if invLineCount &gt; 0:
                servRecTransSet = poLineMbo.getMboSet("SERVRECTRANS");


	        sqf1 = SqlFormat("issuetype = 'RECEIPT' and linecost &gt; 0 and linecost is not null")
                servRecTransSet.setWhere(sqf1.format())
                servRecTransSet.reset()
                servRecTransCount= servRecTransSet.count()             

                if servRecTransCount== 0:
                    mbo.setValue("IRV_ISSUETYPE","RECEIPT")
                    mbo.setValue("IRV_REASONCODE","NOSERVREC")
	            errorDetected = True


##SUFFICIENT PO MATERIAL RECIEPTS	
if errorDetected == False:	
        poSet = mbo.getMboSet("PO")	
	poLineSet = poSet.getMbo(0).getMboSet("POLINE")
        poLineSet.setWhere("LINETYPE = 'MATERIAL' and ORDERQTY is not null")
	poLineSet.reset()
	poLineCount = poLineSet.count()
	
	##For each PO Line determine if the QTY has been breached.
        for i in range(poLineCount):
	    poLineMbo = poLineSet.getMbo(i)
	    poLineRecQTY = poLineSet.getMbo(i).getDouble("RECEIVEDQTY")
		
	    invLineSet = poLineMbo.getMboSet("INVOICELINE");


	    sqf1 = SqlFormat("invoiceqty &gt; 0 and  exists(select 1 from invoice where status in ('EXPORTED','APPR') and invoice.invoicenum = invoiceline.invoicenum)")
            invLineSet.setWhere(sqf1.format())
            invLineSet.reset()
            invLineCount = invLineSet.count()
            
            invLineQTYCount = 0

            for h in range(invLineCount):            

                invLineQTYCount  +=  invLineSet.getMbo(h).getDouble("INVOICEQTY")
             

            if  df.format(invLineQTYCount) &gt; df.format(poLineRecQTY):
                mbo.setValue("IRV_ISSUETYPE","RECEIPT")
                mbo.setValue("IRV_REASONCODE","OVERMATRECQTY")
	        errorDetected = True

##SUFFICIENT PO SERVICE RECIEPTS	
if errorDetected == False:	
        poSet = mbo.getMboSet("PO")	
	poLineSet = poSet.getMbo(0).getMboSet("POLINE")
        poLineSet.setWhere("LINETYPE = 'SERVICE' and linecost &gt; 0 and linecost is not null")
	poLineSet.reset()
	poLineCount = poLineSet.count()
	
	##For each PO Line determine if the QTY has been breached.
        for i in range(poLineCount):
	    poLineMbo = poLineSet.getMbo(i)
	    poLineRecCost = poLineSet.getMbo(i).getDouble("RECEIVEDTOTALCOST")
		
	    invLineSet = poLineMbo.getMboSet("INVOICELINE");


	    sqf1 = SqlFormat("linecost&gt; 0 and  exists(select 1 from invoice where status in ('EXPORTED','APPR') and invoice.invoicenum = invoiceline.invoicenum)")
            invLineSet.setWhere(sqf1.format())
            invLineSet.reset()
            invLineCount = invLineSet.count()
            
            invLineCostCount = 0

            for h in range(invLineCount):            

                invLineCostCount  +=  invLineSet.getMbo(h).getDouble("LINECOST")
             

            if (invLineCostCount &gt; (poLineRecCost * 1.025)) or (invLineCostCount &gt; (poLineRecCost + 20)) :
                mbo.setValue("IRV_ISSUETYPE","RECEIPT")
                mbo.setValue("IRV_REASONCODE","OVERSERVRECQTY")
	        errorDetected = True

##Tolerance Checking	
if errorDetected == False:	
        poSet = mbo.getMboSet("PO")	
	poLineSet = poSet.getMbo(0).getMboSet("POLINE")
        poLineSet.setWhere("linecost &gt; 0 and linecost is not null")
	poLineSet.reset()
	poLineCount = poLineSet.count()
	
	##For each PO Line determine if the cost has been breached.
        for i in range(poLineCount):
	    poLineMbo = poLineSet.getMbo(i)
	    poLineCost = poLineSet.getMbo(i).getDouble("LINECOST")
		
	    invLineSet = poLineMbo.getMboSet("INVOICELINE");


	    sqf1 = SqlFormat("linecost&gt; 0 and  exists(select 1 from invoice where status in ('ENTERED','EXPORTED','APPR') and invoice.invoicenum = invoiceline.invoicenum)")
            invLineSet.setWhere(sqf1.format())
            invLineSet.reset()
            invLineCount = invLineSet.count()
            
            invLineCostCount = 0

            for h in range(invLineCount):            

                invLineCostCount  +=  invLineSet.getMbo(h).getDouble("LINECOST")
             

            if (invLineCostCount &gt; (poLineCost *1.025)) or (invLineCostCount &gt; (poLineCost + 20)) :
                mbo.setValue("IRV_ISSUETYPE","PO")
                mbo.setValue("IRV_REASONCODE","OVERTOL")
	        errorDetected = True

if errorDetected == False:	
        totalcost1 =  mbo.getFloat("TOTALCOST")
        invLineSet = mbo.getMboSet("INVOICELINE")	
	invLineCount = invLineSet.count()
           
        invLineCostCount1 = 0

        for h in range(invLineCount):            

                invLineCostCount1  += invLineSet.getMbo(h).getFloat("LINECOST")  +   invLineSet.getMbo(h).getFloat("TAX1") 



        if  df.format(invLineCostCount1) != df.format(totalcost1) :
                mbo.setValue("IRV_ISSUETYPE","INVOICE")
                mbo.setValue("IRV_REASONCODE","INVHEADER")
	        errorDetected = True

if errorDetected == False:
    mbo.setValueNull("IRV_ISSUETYPE")
    mbo.setValueNull("IRV_REASONCODE")</SOURCE><STATUS maxvalue="Draft">Draft</STATUS><STATUSDATE>2014-09-08T17:06:57+01:00</STATUSDATE><USERDEFINED>1</USERDEFINED><VERSION></VERSION></AUTOSCRIPT><AUTOSCRIPT action="AddChange"><ACTION></ACTION><AUTOSCRIPT>IRV_SETINVAPPRGRP</AUTOSCRIPT><AUTOSCRIPTID>2665</AUTOSCRIPTID><BINARYSCRIPTSOURCE></BINARYSCRIPTSOURCE><CATEGORY></CATEGORY><CHANGEBY>TIMMINSA</CHANGEBY><CHANGEDATE>2014-09-17T10:20:14+01:00</CHANGEDATE><COMMENTS></COMMENTS><CREATEDBY>TIMMINSA</CREATEDBY><CREATEDBYEMAIL>Andrew.Timmins@interservefm.com</CREATEDBYEMAIL><CREATEDBYID></CREATEDBYID><CREATEDBYNAME></CREATEDBYNAME><CREATEDBYPHONE></CREATEDBYPHONE><CREATEDDATE>2014-09-17T10:08:40+01:00</CREATEDDATE><DESCRIPTION>Set Invoice Tolerance approval group</DESCRIPTION><LOGLEVEL>ERROR</LOGLEVEL><ORGID></ORGID><OWNER>TIMMINSA</OWNER><OWNEREMAIL>Andrew.Timmins@interservefm.com</OWNEREMAIL><OWNERID></OWNERID><OWNERNAME></OWNERNAME><OWNERPHONE></OWNERPHONE><SCHEDULEDSTATUS></SCHEDULEDSTATUS><SCRIPTLANGUAGE>jython</SCRIPTLANGUAGE><SITEID></SITEID><SOURCE>from psdi.server import MXServer
from psdi.mbo import MboConstants 
from psdi.mbo import SqlFormat


poSet = mbo.getMboSet("PO");
poCount= poSet.count()
if poCount&gt; 0:
    poMbo = poSet.getMbo(0)


personGroupSet = MXServer.getMXServer().getMboSet("PERSONGROUP", mbo.getUserInfo());
sqf1 = SqlFormat("IRV_POTYPE = :1 and IRV_APPRLIMIT &gt;= :2")
sqf1.setObject(1, "PERSONGROUP", "IRV_POTYPE", poMbo.getString("IRV_POTYPE"))
sqf1.setObject(2, "PERSONGROUP", "IRV_APPRLIMIT", "100")

personGroupSet.setWhere(sqf1.format())

personGroupSet.reset()
personGroupSet.setOrderBy("IRV_APPRLIMIT asc")
personGroupSet.reset()

pGSCount = personGroupSet.count()

if pGSCount &gt; 0:

    personGroup = personGroupSet.getMbo(0)
    mbo.setValue("IRV_TOLAPPRGRP",personGroup.getString("PERSONGROUP"))</SOURCE><STATUS maxvalue="Draft">Draft</STATUS><STATUSDATE>2014-09-17T10:08:40+01:00</STATUSDATE><USERDEFINED>1</USERDEFINED><VERSION></VERSION></AUTOSCRIPT><AUTOSCRIPT action="AddChange"><ACTION></ACTION><AUTOSCRIPT>IRV_IRVMANASS</AUTOSCRIPT><AUTOSCRIPTID>2863</AUTOSCRIPTID><BINARYSCRIPTSOURCE></BINARYSCRIPTSOURCE><CATEGORY></CATEGORY><CHANGEBY>TIMMINSA</CHANGEBY><CHANGEDATE>2014-10-02T13:52:49+01:00</CHANGEDATE><COMMENTS></COMMENTS><CREATEDBY>TIMMINSA</CREATEDBY><CREATEDBYEMAIL>Andrew.Timmins@interservefm.com</CREATEDBYEMAIL><CREATEDBYID></CREATEDBYID><CREATEDBYNAME></CREATEDBYNAME><CREATEDBYPHONE></CREATEDBYPHONE><CREATEDDATE>2014-09-25T10:32:51+01:00</CREATEDDATE><DESCRIPTION>Manually Assign Invoice</DESCRIPTION><LOGLEVEL>ERROR</LOGLEVEL><ORGID></ORGID><OWNER>TIMMINSA</OWNER><OWNEREMAIL>Andrew.Timmins@interservefm.com</OWNEREMAIL><OWNERID></OWNERID><OWNERNAME></OWNERNAME><OWNERPHONE></OWNERPHONE><SCHEDULEDSTATUS></SCHEDULEDSTATUS><SCRIPTLANGUAGE>jython</SCRIPTLANGUAGE><SITEID></SITEID><SOURCE>from psdi.server import MXServer
from psdi.mbo import SqlFormat
from psdi.mbo import MboConstants

mxserver = MXServer.getMXServer()

##Set Assignments to INACTIVE
wfAssignmentSet= mbo.getMboSet("WFASSIGNMENT")
wfAssignmentCount= wfAssignmentSet.count()
if wfAssignmentCount &gt;0:
 
    for i in range(wfAssignmentCount):
        wfAssignmentMbo = wfAssignmentSet.getMbo(i)
        wfAssignmentMbo.setValue("ASSIGNSTATUS","INACTIVE",MboConstants.NOACCESSCHECK)

		
##Deactivate Workflow Instance/Call Stack
wfInstanceSet= mbo.getMboSet("WFINSTANCE")
wfInstanceCount= wfInstanceSet.count()

if wfInstanceCount&gt;0:
 
    for h in range(wfInstanceCount):
        wfInstanceMbo = wfInstanceSet.getMbo(h)
        wfInstanceMbo.setValue("ACTIVE",0,MboConstants.NOACCESSCHECK)

        wfCallStackSet= wfInstanceMbo.getMboSet("CALLSTACK")
        wfCallStackCount= wfCallStackSet.count()
        
        if wfCallStackCount&gt;0:
 
            for k in range(wfCallStackCount):
                wfCallStackMbo = wfCallStackSet.getMbo(k)
                wfCallStackMbo.setValue("ACTIVE",0,MboConstants.NOACCESSCHECK)

    
        wfTransSet = wfInstanceMbo.getMboSet("TRANSACTIONS")
        wfTransMbo = wfTransSet.add()
        wfTransMbo.setValue("WFID",wfInstanceMbo.getString("WFID"),MboConstants.NOACCESSCHECK)
        wfTransMbo.setValue("PROCESSNAME",wfInstanceMbo.getString("PROCESSNAME"),MboConstants.NOACCESSCHECK)
        wfTransMbo.setValue("PROCESSREV",wfInstanceMbo.getString("REVISION"),MboConstants.NOACCESSCHECK)
        wfTransMbo.setValue("OWNERTABLE",wfInstanceMbo.getString("OWNERTABLE"),MboConstants.NOACCESSCHECK)
        wfTransMbo.setValue("TRANSDATE",mxserver.getDate(),MboConstants.NOACCESSCHECK)
        wfTransMbo.setValue("PERSONID",wfInstanceMbo.getString("ORIGINATOR"),MboConstants.NOACCESSCHECK)
        wfTransMbo.setValue("OWNERID",wfInstanceMbo.getString("OWNERID"),MboConstants.NOACCESSCHECK)
        wfTransMbo.setValue("TRANSTYPE","WFUSERSTOPPED",MboConstants.NOACCESSCHECK)
        wfTransMbo.setValue("NODETYPE","TASK",MboConstants.NOACCESSCHECK)
        wfTransMbo.setValue("NODEID",14,MboConstants.NOACCESSCHECK)</SOURCE><STATUS maxvalue="Production">Active</STATUS><STATUSDATE>2014-09-25T11:00:16+01:00</STATUSDATE><USERDEFINED>1</USERDEFINED><VERSION></VERSION></AUTOSCRIPT><AUTOSCRIPT action="AddChange"><ACTION></ACTION><AUTOSCRIPT>IRV_CREDVAL</AUTOSCRIPT><AUTOSCRIPTID>2963</AUTOSCRIPTID><BINARYSCRIPTSOURCE></BINARYSCRIPTSOURCE><CATEGORY></CATEGORY><CHANGEBY>TIMMINSA</CHANGEBY><CHANGEDATE>2014-10-06T08:54:00+01:00</CHANGEDATE><COMMENTS></COMMENTS><CREATEDBY>TIMMINSA</CREATEDBY><CREATEDBYEMAIL>Andrew.Timmins@interservefm.com</CREATEDBYEMAIL><CREATEDBYID></CREATEDBYID><CREATEDBYNAME></CREATEDBYNAME><CREATEDBYPHONE></CREATEDBYPHONE><CREATEDDATE>2014-10-01T08:45:06+01:00</CREATEDDATE><DESCRIPTION>Credit Note Validation</DESCRIPTION><LOGLEVEL>ERROR</LOGLEVEL><ORGID></ORGID><OWNER>TIMMINSA</OWNER><OWNEREMAIL>Andrew.Timmins@interservefm.com</OWNEREMAIL><OWNERID></OWNERID><OWNERNAME></OWNERNAME><OWNERPHONE></OWNERPHONE><SCHEDULEDSTATUS></SCHEDULEDSTATUS><SCRIPTLANGUAGE>jython</SCRIPTLANGUAGE><SITEID></SITEID><SOURCE>from psdi.server import MXServer
from psdi.mbo import MboConstants 
from psdi.mbo import SqlFormat

mxServer = MXServer.getMXServer()
userInfo = mbo.getUserInfo()

errorDetected = False

##Missing PO
if errorDetected == False:	
    if mbo.isNull("PONUM") == True:
        mbo.setValue("IRV_ISSUETYPE","CREDIT")
        mbo.setValue("IRV_REASONCODE","NOPO")
        errorDetected = True

##PO Status	
if errorDetected == False:	
    poSet = mbo.getMboSet("PO")	
    if poSet.count() == 0:
        mbo.setValue("IRV_ISSUETYPE","PO")
        mbo.setValue("IRV_REASONCODE","POSTATUS")
	errorDetected = True

if errorDetected == False:  
    invoiceLineSet = mbo.getMboSet("INVOICELINE")
	
    if invoiceLineSet.count() == 0:
        mbo.setValue("IRV_ISSUETYPE","INVOICE")
        mbo.setValue("IRV_REASONCODE","NOCRELINES")
        errorDetected = True

if errorDetected == False:
    mbo.setValueNull("IRV_ISSUETYPE")
    mbo.setValueNull("IRV_REASONCODE")</SOURCE><STATUS maxvalue="Draft">Draft</STATUS><STATUSDATE>2014-10-01T08:45:06+01:00</STATUSDATE><USERDEFINED>1</USERDEFINED><VERSION></VERSION></AUTOSCRIPT></DMSCRIPTSet></SyncDMSCRIPT>