<?xml version="1.0" encoding="UTF-8"?><SyncDMLAUNCHPOINT xmlns="http://www.ibm.com/maximo" xmlns:xsi="http://www.w3.org/2001/XMLSchema-instance" creationDateTime="2014-10-15T13:25:09+01:00" transLanguage="EN" baseLanguage="EN" messageID="1413375909479896051" maximoVersion="7 5 20130829-1209 V7510--1"><DMLAUNCHPOINTSet><SCRIPTLAUNCHPOINT action="AddChange"><ACTIONNAME></ACTIONNAME><ACTIVE>1</ACTIVE><ADD>0</ADD><ATTRIBUTENAME></ATTRIBUTENAME><AUTOSCRIPT>IRVWOATUOPO</AUTOSCRIPT><CONDITION></CONDITION><DELETE>0</DELETE><DESCRIPTION>Auto PO creation for WO WF - Change WO Status to Dispatch</DESCRIPTION><INIT>0</INIT><LAUNCHPOINTNAME>IRVWOATUOPO</LAUNCHPOINTNAME><LAUNCHPOINTTYPE>ACTION</LAUNCHPOINTTYPE><OBJECTEVENT xsi:nil="true"></OBJECTEVENT><OBJECTNAME>WORKORDER</OBJECTNAME><SCRIPTLAUNCHPOINTID>944</SCRIPTLAUNCHPOINTID><UPDATE>0</UPDATE><LAUNCHPOINTVARS><LAUNCHPOINTVARSID>521</LAUNCHPOINTVARSID><OVERRIDDEN>1</OVERRIDDEN><VARBINDINGVALUE>IRVCOMPANY.PRIMARYCONTACT.EMAIL</VARBINDINGVALUE><VARNAME>V_EMAIL</VARNAME></LAUNCHPOINTVARS><LAUNCHPOINTVARS><LAUNCHPOINTVARSID>522</LAUNCHPOINTVARSID><OVERRIDDEN>1</OVERRIDDEN><VARBINDINGVALUE>POLINE.PONUM</VARBINDINGVALUE><VARNAME>V_PO</VARNAME></LAUNCHPOINTVARS></SCRIPTLAUNCHPOINT><SCRIPTLAUNCHPOINT action="AddChange"><ACTIONNAME></ACTIONNAME><ACTIVE>1</ACTIVE><ADD>0</ADD><ATTRIBUTENAME></ATTRIBUTENAME><AUTOSCRIPT>IRV_SETAPPRGRP</AUTOSCRIPT><CONDITION></CONDITION><DELETE>0</DELETE><DESCRIPTION>Set PO Approval group</DESCRIPTION><INIT>0</INIT><LAUNCHPOINTNAME>IRV_SETAPPRGRP</LAUNCHPOINTNAME><LAUNCHPOINTTYPE>ACTION</LAUNCHPOINTTYPE><OBJECTEVENT xsi:nil="true"></OBJECTEVENT><OBJECTNAME>PO</OBJECTNAME><SCRIPTLAUNCHPOINTID>2744</SCRIPTLAUNCHPOINTID><UPDATE>0</UPDATE></SCRIPTLAUNCHPOINT><SCRIPTLAUNCHPOINT action="AddChange"><ACTIONNAME></ACTIONNAME><ACTIVE>1</ACTIVE><ADD>0</ADD><ATTRIBUTENAME></ATTRIBUTENAME><AUTOSCRIPT>IRV_INVVAL</AUTOSCRIPT><CONDITION></CONDITION><DELETE>0</DELETE><DESCRIPTION>Invoice Validation</DESCRIPTION><INIT>0</INIT><LAUNCHPOINTNAME>IRV_INVVAL</LAUNCHPOINTNAME><LAUNCHPOINTTYPE>ACTION</LAUNCHPOINTTYPE><OBJECTEVENT xsi:nil="true"></OBJECTEVENT><OBJECTNAME>INVOICE</OBJECTNAME><SCRIPTLAUNCHPOINTID>2745</SCRIPTLAUNCHPOINTID><UPDATE>0</UPDATE></SCRIPTLAUNCHPOINT><SCRIPTLAUNCHPOINT action="AddChange"><ACTIONNAME></ACTIONNAME><ACTIVE>1</ACTIVE><ADD>0</ADD><ATTRIBUTENAME></ATTRIBUTENAME><AUTOSCRIPT>IRV_SETINVAPPRGRP</AUTOSCRIPT><CONDITION></CONDITION><DELETE>0</DELETE><DESCRIPTION>Set Invoice Tolerance approval group</DESCRIPTION><INIT>0</INIT><LAUNCHPOINTNAME>IRV_SETINVAPPRGRP</LAUNCHPOINTNAME><LAUNCHPOINTTYPE>ACTION</LAUNCHPOINTTYPE><OBJECTEVENT xsi:nil="true"></OBJECTEVENT><OBJECTNAME>INVOICE</OBJECTNAME><SCRIPTLAUNCHPOINTID>2746</SCRIPTLAUNCHPOINTID><UPDATE>0</UPDATE></SCRIPTLAUNCHPOINT><SCRIPTLAUNCHPOINT action="AddChange"><ACTIONNAME></ACTIONNAME><ACTIVE>1</ACTIVE><ADD>0</ADD><ATTRIBUTENAME></ATTRIBUTENAME><AUTOSCRIPT>IRV_IRVMANASS</AUTOSCRIPT><CONDITION></CONDITION><DELETE>0</DELETE><DESCRIPTION>Manually Assign Work Order</DESCRIPTION><INIT>0</INIT><LAUNCHPOINTNAME>IRV_IRVMANASS</LAUNCHPOINTNAME><LAUNCHPOINTTYPE>ACTION</LAUNCHPOINTTYPE><OBJECTEVENT xsi:nil="true"></OBJECTEVENT><OBJECTNAME>INVOICE</OBJECTNAME><SCRIPTLAUNCHPOINTID>2944</SCRIPTLAUNCHPOINTID><UPDATE>0</UPDATE></SCRIPTLAUNCHPOINT><SCRIPTLAUNCHPOINT action="AddChange"><ACTIONNAME></ACTIONNAME><ACTIVE>1</ACTIVE><ADD>0</ADD><ATTRIBUTENAME></ATTRIBUTENAME><AUTOSCRIPT>IRV_CREDVAL</AUTOSCRIPT><CONDITION></CONDITION><DELETE>0</DELETE><DESCRIPTION>Credit Note Validation</DESCRIPTION><INIT>0</INIT><LAUNCHPOINTNAME>IRV_CREDVAL</LAUNCHPOINTNAME><LAUNCHPOINTTYPE>ACTION</LAUNCHPOINTTYPE><OBJECTEVENT xsi:nil="true"></OBJECTEVENT><OBJECTNAME></OBJECTNAME><SCRIPTLAUNCHPOINTID>3044</SCRIPTLAUNCHPOINTID><UPDATE>0</UPDATE></SCRIPTLAUNCHPOINT></DMLAUNCHPOINTSet></SyncDMLAUNCHPOINT>